Category,Distribution,Algorithm,N,Time (ms),Comparisons,Moves,Cache Misses,Branch Misses
i64,Random,Timsort,1000,0.0163,10461,0,210,1269
i64,Random,PDQsort,1000,0.0110,10278,0,1480,12646
i64,Random,Mergesort,1000,0.0165,10461,0,1707,18595
i64,Random,Heapsort,1000,0.0420,10981,1000,3005,30944
i64,Random,Introsort,1000,0.0297,12868,0,3416,50057
i64,Random,Spreadsort / Radix Hybrid,1000,0.0191,0,0,4189,83705
i64,Random,IPS4o,1000,0.0225,11115,0,4359,86197
i64,Random,Fluxsort,1000,0.0222,10462,0,4612,107289
i64,Random,RadixLSD,1000,0.0131,0,0,4772,117640
i64,Random,RDST_Serial,1000,0.0189,0,0,4852,117869
i64,Random,RDST_Parallel,1000,0.0190,0,0,4872,118082
i64,Random,Voracious_MT,1000,0.0221,0,0,4884,120318
i64,Random,GPURadix,1000,0.0107,0,0,4911,139527
i64,Random,ARS Gen 5: Optimized Apex (MAIN),1000,0.0096,10278,0,4913,144904
i64,Random,ARS Gen 5: Optimized Apex (Stable),1000,0.0163,10461,0,4939,150703
i64,Random,ARS Gen 6: Aero Architecture,1000,0.0107,10278,0,4962,161691
i64,Random,ARS Gen 6: Aero (Stable),1000,0.0161,10461,0,4996,167556
i64,Random,Timsort,10000,0.1900,140049,0,5037,189470
i64,Random,PDQsort,10000,0.1263,137164,0,12029,298148
i64,Random,Mergesort,10000,0.1704,140049,0,17052,356480
i64,Random,Heapsort,10000,0.5681,142800,10000,17685,475192
i64,Random,Introsort,10000,0.3662,154370,0,31768,666895
i64,Random,Spreadsort / Radix Hybrid,10000,0.1648,0,0,34585,1136810
i64,Random,IPS4o,10000,0.1482,146781,0,34761,1137745
i64,Random,Fluxsort,10000,0.2005,140437,0,41429,1149418
i64,Random,RadixLSD,10000,0.1187,0,0,50073,1230577
i64,Random,RDST_Serial,10000,0.1624,0,0,50463,1231344
i64,Random,RDST_Parallel,10000,0.1633,0,0,50743,1231952
i64,Random,Voracious_MT,10000,0.1108,0,0,52304,1232855
i64,Random,GPURadix,10000,0.1237,0,0,53535,1240537
i64,Random,ARS Gen 5: Optimized Apex (MAIN),10000,0.1223,51795,0,53740,1285146
i64,Random,ARS Gen 5: Optimized Apex (Stable),10000,0.1320,57465,0,56673,1287028
i64,Random,ARS Gen 6: Aero Architecture,10000,0.1122,59044,0,59063,1290073
i64,Random,ARS Gen 6: Aero (Stable),10000,0.1355,61883,0,59172,1301148
i64,Random,Timsort,100000,1.9447,1747790,0,87294,1417452
i64,Random,PDQsort,100000,1.5042,1711866,0,277222,2417685
i64,Random,Mergesort,100000,1.9533,1747790,0,451449,2968472
i64,Random,Heapsort,100000,13.3329,1762004,100000,766413,4078644
i64,Random,Introsort,100000,4.7514,1952409,0,1332595,6166597
i64,Random,Spreadsort / Radix Hybrid,100000,1.8490,0,0,1611841,12139635
i64,Random,IPS4o,100000,0.6979,1820176,0,1670930,12143025
i64,Random,Fluxsort,100000,2.6140,1747773,0,1888330,12242832
i64,Random,RadixLSD,100000,1.6145,0,0,2100616,12962402
i64,Random,RDST_Serial,100000,2.1741,0,0,2205782,12963336
i64,Random,RDST_Parallel,100000,2.1861,0,0,2321266,12964593
i64,Random,Voracious_MT,100000,0.8296,0,0,2390928,12968059
i64,Random,GPURadix,100000,1.4598,0,0,2418557,13037020
i64,Random,ARS Gen 5: Optimized Apex (MAIN),100000,0.5407,880215,0,2467726,13477901
i64,Random,ARS Gen 5: Optimized Apex (Stable),100000,0.6304,919293,0,2481913,13480623
i64,Random,ARS Gen 6: Aero Architecture,100000,0.7286,940508,0,2497596,13484614
i64,Random,ARS Gen 6: Aero (Stable),100000,0.8503,979984,0,2526922,13499126
i64,Random,Timsort,1000000,30.1318,20813402,0,3816399,14554897
i64,Random,PDQsort,1000000,21.4806,20431786,0,16800455,24417159
i64,Random,Mergesort,1000000,30.2343,20813402,0,21942565,29844907
i64,Random,Heapsort,1000000,622.8067,20925598,1000000,62149928,40813157
i64,Random,Introsort,1000000,65.4372,23880277,0,300983993,63332808
i64,Random,Spreadsort / Radix Hybrid,1000000,10.5871,0,0,306358790,136360634
i64,Random,IPS4o,1000000,8.2134,21866548,0,306557165,136381062
i64,Random,Fluxsort,1000000,29.1750,20805699,0,309062864,137317620
i64,Random,RadixLSD,1000000,18.0566,0,0,320621990,144328832
i64,Random,RDST_Serial,1000000,21.8341,0,0,348057324,144341060
i64,Random,RDST_Parallel,1000000,8.9568,0,0,353284118,144448642
i64,Random,Voracious_MT,1000000,8.0955,0,0,353406800,144470071
i64,Random,GPURadix,1000000,23.0201,0,0,354850785,144647385
i64,Random,ARS Gen 5: Optimized Apex (MAIN),1000000,8.1735,10221292,0,360540243,144717061
i64,Random,ARS Gen 5: Optimized Apex (Stable),1000000,8.8224,10632078,0,360580789,144720606
i64,Random,ARS Gen 6: Aero Architecture,1000000,6.8319,12900074,0,360703219,144725363
i64,Random,ARS Gen 6: Aero (Stable),1000000,8.1712,13327806,0,361603453,144739636
i64,Gaussian,Timsort,1000,0.0193,10744,0,362415949,144753598
i64,Gaussian,PDQsort,1000,0.0123,10170,0,362416265,144764502
i64,Gaussian,Mergesort,1000,0.0180,10744,0,362416721,144770647
i64,Gaussian,Heapsort,1000,0.0467,10872,1000,362417053,144782587
i64,Gaussian,Introsort,1000,0.0334,12398,0,362417579,144801446
i64,Gaussian,Spreadsort / Radix Hybrid,1000,0.0237,0,0,362417773,144835175
i64,Gaussian,IPS4o,1000,0.0252,10996,0,362417824,144837678
i64,Gaussian,Fluxsort,1000,0.0251,10559,0,362417853,144859362
i64,Gaussian,RadixLSD,1000,0.0193,0,0,362417905,144869607
i64,Gaussian,RDST_Serial,1000,0.0236,0,0,362417961,144869830
i64,Gaussian,RDST_Parallel,1000,0.0236,0,0,362417986,144870076
i64,Gaussian,Voracious_MT,1000,0.0266,0,0,362418023,144872375
i64,Gaussian,GPURadix,1000,0.0128,0,0,362418058,144891599
i64,Gaussian,ARS Gen 5: Optimized Apex (MAIN),1000,0.0117,10170,0,362418145,144897073
i64,Gaussian,ARS Gen 5: Optimized Apex (Stable),1000,0.0188,10744,0,362418519,144903212
i64,Gaussian,ARS Gen 6: Aero Architecture,1000,0.0122,10170,0,362419141,144913991
i64,Gaussian,ARS Gen 6: Aero (Stable),1000,0.0187,10744,0,362419350,144920033
i64,Gaussian,Timsort,10000,0.2127,139876,0,362420046,144941967
i64,Gaussian,PDQsort,10000,0.1505,136139,0,362429842,145051496
i64,Gaussian,Mergesort,10000,0.2066,139876,0,362434876,145109992
i64,Gaussian,Heapsort,10000,0.6925,142652,10000,362437068,145228883
i64,Gaussian,Introsort,10000,0.4596,148889,0,362454555,145420752
i64,Gaussian,Spreadsort / Radix Hybrid,10000,0.2167,0,0,362464824,145892978
i64,Gaussian,IPS4o,10000,0.1434,140855,0,362465205,145894032
i64,Gaussian,Fluxsort,10000,0.2014,140312,0,362471126,145906426
i64,Gaussian,RadixLSD,10000,0.1499,0,0,362481829,145989150
i64,Gaussian,RDST_Serial,10000,0.1899,0,0,362481956,145989871
i64,Gaussian,RDST_Parallel,10000,0.2000,0,0,362482016,145990607
i64,Gaussian,Voracious_MT,10000,0.1192,0,0,362482048,145991507
i64,Gaussian,GPURadix,10000,0.1334,0,0,362482097,145999245
i64,Gaussian,ARS Gen 5: Optimized Apex (MAIN),10000,0.1362,60546,0,362482635,146043548
i64,Gaussian,ARS Gen 5: Optimized Apex (Stable),10000,0.1508,63490,0,362482834,146045528
i64,Gaussian,ARS Gen 6: Aero Architecture,10000,0.2483,58669,0,362486209,146048577
i64,Gaussian,ARS Gen 6: Aero (Stable),10000,0.2457,61194,0,362488523,146058037
i64,Gaussian,Timsort,100000,1.4119,1451201,0,362535612,146113578
i64,Gaussian,PDQsort,100000,1.3136,1453901,0,362662196,146549353
i64,Gaussian,Mergesort,100000,1.5460,1451201,0,362803672,146778307
i64,Gaussian,Heapsort,100000,13.3198,1762979,100000,362962480,147329747
i64,Gaussian,Introsort,100000,4.9722,1370954,0,363493928,149172255
i64,Gaussian,Spreadsort / Radix Hybrid,100000,2.3368,0,0,363666057,154145621
i64,Gaussian,IPS4o,100000,0.5212,1475655,0,363768826,154149214
i64,Gaussian,Fluxsort,100000,2.2713,1710758,0,363956624,154223971
i64,Gaussian,RadixLSD,100000,1.7935,0,0,364192973,154724142
i64,Gaussian,RDST_Serial,100000,2.2012,0,0,364341656,154725160
i64,Gaussian,RDST_Parallel,100000,2.2325,0,0,364686219,154726862
i64,Gaussian,Voracious_MT,100000,0.5844,0,0,364773211,154730391
i64,Gaussian,GPURadix,100000,1.3882,0,0,364817939,154769763
i64,Gaussian,ARS Gen 5: Optimized Apex (MAIN),100000,0.4895,739061,0,364861877,154947780
i64,Gaussian,ARS Gen 5: Optimized Apex (Stable),100000,0.5231,744566,0,364876556,154951097
i64,Gaussian,ARS Gen 6: Aero Architecture,100000,0.6326,709488,0,364894156,154955212
i64,Gaussian,ARS Gen 6: Aero (Stable),100000,0.6815,716490,0,364915024,154965604
i64,Gaussian,Timsort,1000000,15.5110,14671233,0,366465140,155055010
i64,Gaussian,PDQsort,1000000,12.2224,13523105,0,377883330,155802453
i64,Gaussian,Mergesort,1000000,15.6317,14671233,0,382453151,156138765
i64,Gaussian,Heapsort,1000000,589.9284,20925664,1000000,418820722,158280360
i64,Gaussian,Introsort,1000000,43.0514,13433970,0,654892012,176606462
i64,Gaussian,Spreadsort / Radix Hybrid,1000000,9.1958,0,0,659733628,223546357
i64,Gaussian,IPS4o,1000000,4.7582,13994799,0,660033132,223581108
i64,Gaussian,Fluxsort,1000000,21.5595,16120094,0,662529321,224070298
i64,Gaussian,RadixLSD,1000000,20.5041,0,0,673116182,226985543
i64,Gaussian,RDST_Serial,1000000,12.2714,0,0,700035896,226987926
i64,Gaussian,RDST_Parallel,1000000,9.5291,0,0,712688203,227002250
i64,Gaussian,Voracious_MT,1000000,4.9726,0,0,712939907,227037997
i64,Gaussian,GPURadix,1000000,22.5603,0,0,714553411,227214357
i64,Gaussian,ARS Gen 5: Optimized Apex (MAIN),1000000,6.6941,4743395,0,719973033,227286348
i64,Gaussian,ARS Gen 5: Optimized Apex (Stable),1000000,6.7049,4770129,0,720015444,227289903
i64,Gaussian,ARS Gen 6: Aero Architecture,1000000,5.2622,6242467,0,720149647,227294182
i64,Gaussian,ARS Gen 6: Aero (Stable),1000000,5.5415,6259678,0,721166841,227304973
i64,NearlySorted,Timsort,1000,0.0125,9931,0,722093574,227315526
i64,NearlySorted,PDQsort,1000,0.0098,9853,0,722093623,227323958
i64,NearlySorted,Mergesort,1000,0.0125,9931,0,722093650,227329258
i64,NearlySorted,Heapsort,1000,0.0333,13303,1000,722093744,227338143
i64,NearlySorted,Introsort,1000,0.0131,9354,0,722094080,227348365
i64,NearlySorted,Spreadsort / Radix Hybrid,1000,0.0725,0,0,722094135,227363000
i64,NearlySorted,IPS4o,1000,0.0142,8267,0,722094158,227364552
i64,NearlySorted,Fluxsort,1000,0.0198,10235,0,722094177,227377389
i64,NearlySorted,RadixLSD,1000,0.0057,0,0,722094438,227386072
i64,NearlySorted,RDST_Serial,1000,0.0176,0,0,722094532,227386224
i64,NearlySorted,RDST_Parallel,1000,0.0604,0,0,722094637,227386576
i64,NearlySorted,Voracious_MT,1000,0.0126,0,0,722094659,227388034
i64,NearlySorted,GPURadix,1000,0.0098,0,0,722094683,227399380
i64,NearlySorted,ARS Gen 5: Optimized Apex (MAIN),1000,0.0093,9853,0,722094730,227404322
i64,NearlySorted,ARS Gen 5: Optimized Apex (Stable),1000,0.0134,9931,0,722094901,227409611
i64,NearlySorted,ARS Gen 6: Aero Architecture,1000,0.0100,9853,0,722096003,227417987
i64,NearlySorted,ARS Gen 6: Aero (Stable),1000,0.0130,9931,0,722096277,227423189
i64,NearlySorted,Timsort,10000,0.1506,134179,0,722096506,227439210
i64,NearlySorted,PDQsort,10000,0.1354,133965,0,722100293,227518245
i64,NearlySorted,Mergesort,10000,0.1689,134179,0,722103650,227570561
i64,NearlySorted,Heapsort,10000,0.5149,166509,10000,722104103,227651734
i64,NearlySorted,Introsort,10000,0.2147,130582,0,722122913,227744749
i64,NearlySorted,Spreadsort / Radix Hybrid,10000,0.2613,0,0,722129959,227945217
i64,NearlySorted,IPS4o,10000,0.0820,119265,0,722130123,227945898
i64,NearlySorted,Fluxsort,10000,0.1934,137693,0,722137977,227956172
i64,NearlySorted,RadixLSD,10000,0.0979,0,0,722138806,228029114
i64,NearlySorted,RDST_Serial,10000,0.1464,0,0,722138951,228029466
i64,NearlySorted,RDST_Parallel,10000,0.2481,0,0,722142819,228030192
i64,NearlySorted,Voracious_MT,10000,0.0816,0,0,722142934,228030729
i64,NearlySorted,GPURadix,10000,0.1293,0,0,722144311,228037503
i64,NearlySorted,ARS Gen 5: Optimized Apex (MAIN),10000,0.1220,45289,0,722144391,228078722
i64,NearlySorted,ARS Gen 5: Optimized Apex (Stable),10000,0.1257,36540,0,722144497,228080441
i64,NearlySorted,ARS Gen 6: Aero Architecture,10000,0.2177,52391,0,722147942,228083706
i64,NearlySorted,ARS Gen 6: Aero (Stable),10000,0.2285,47397,0,722149807,228096581
i64,NearlySorted,Timsort,100000,1.8003,1659381,0,722199054,228179718
i64,NearlySorted,PDQsort,100000,1.5954,1713231,0,722491268,228864295
i64,NearlySorted,Mergesort,100000,1.8584,1659381,0,722653500,229351387
i64,NearlySorted,Heapsort,100000,6.9202,2001807,100000,722976245,230065506
i64,NearlySorted,Introsort,100000,2.4095,1672339,0,723382157,230980872
i64,NearlySorted,Spreadsort / Radix Hybrid,100000,2.1231,0,0,723495851,233369065
i64,NearlySorted,IPS4o,100000,0.5267,1541993,0,723519460,233372074
i64,NearlySorted,Fluxsort,100000,2.3675,1694128,0,723688413,233457437
i64,NearlySorted,RadixLSD,100000,1.4778,0,0,723985567,234061144
i64,NearlySorted,RDST_Serial,100000,2.0426,0,0,724088490,234061732
i64,NearlySorted,RDST_Parallel,100000,2.0189,0,0,724158386,234063331
i64,NearlySorted,Voracious_MT,100000,0.5279,0,0,724161558,234066132
i64,NearlySorted,GPURadix,100000,1.5182,0,0,724197613,234129522
i64,NearlySorted,ARS Gen 5: Optimized Apex (MAIN),100000,0.5148,826150,0,724227074,234538316
i64,NearlySorted,ARS Gen 5: Optimized Apex (Stable),100000,0.4270,410353,0,724243758,234541512
i64,NearlySorted,ARS Gen 6: Aero Architecture,100000,0.5822,906649,0,724258947,234544508
i64,NearlySorted,ARS Gen 6: Aero (Stable),100000,0.4948,447712,0,724310829,234554213
i64,NearlySorted,Timsort,1000000,26.3529,19766931,0,725824810,235239240
i64,NearlySorted,PDQsort,1000000,21.3570,20798688,0,738060146,241779369
i64,NearlySorted,Mergesort,1000000,26.0736,19766931,0,743725970,246529575
i64,NearlySorted,Heapsort,1000000,190.0672,23326601,1000000,762663682,253357829
i64,NearlySorted,Introsort,1000000,31.7674,20312191,0,820449208,262757385
i64,NearlySorted,Spreadsort / Radix Hybrid,1000000,9.3520,0,0,825326229,291197688
i64,NearlySorted,IPS4o,1000000,6.0986,18443534,0,825515202,291216524
i64,NearlySorted,Fluxsort,1000000,29.6699,20270526,0,828091060,291890992
i64,NearlySorted,RadixLSD,1000000,22.1809,0,0,838207513,296566878
i64,NearlySorted,RDST_Serial,1000000,26.4476,0,0,850612022,296568837
i64,NearlySorted,RDST_Parallel,1000000,8.9298,0,0,859291759,296579837
i64,NearlySorted,Voracious_MT,1000000,5.7741,0,0,859372936,296598232
i64,NearlySorted,GPURadix,1000000,22.5686,0,0,860661571,296757855
i64,NearlySorted,ARS Gen 5: Optimized Apex (MAIN),1000000,8.3223,9735714,0,866230941,296830129
i64,NearlySorted,ARS Gen 5: Optimized Apex (Stable),1000000,7.0267,4134621,0,866267675,296833626
i64,NearlySorted,ARS Gen 6: Aero Architecture,1000000,6.7157,12556783,0,866417270,296838255
i64,NearlySorted,ARS Gen 6: Aero (Stable),1000000,5.6792,5678822,0,867678174,296852919
i64,Duplicates,Timsort,1000,0.0043,3785,0,868709137,296866012
i64,Duplicates,PDQsort,1000,0.0036,3782,0,868709209,296867009
i64,Duplicates,Mergesort,1000,0.0043,3785,0,868709224,296867391
i64,Duplicates,Heapsort,1000,0.0381,10297,1000,868709355,296869378
i64,Duplicates,Introsort,1000,0.0130,2270,0,868709585,296879502
i64,Duplicates,Spreadsort / Radix Hybrid,1000,0.0777,0,0,868709648,296888575
i64,Duplicates,IPS4o,1000,0.0038,3719,0,868709734,296888889
i64,Duplicates,Fluxsort,1000,0.0124,4012,0,868709773,296892523
i64,Duplicates,RadixLSD,1000,0.0060,0,0,868709967,296897541
i64,Duplicates,RDST_Serial,1000,0.0224,0,0,868710245,296897651
i64,Duplicates,RDST_Parallel,1000,0.0908,0,0,868710516,296897950
i64,Duplicates,Voracious_MT,1000,0.0036,0,0,868710864,296898238
i64,Duplicates,GPURadix,1000,0.0035,0,0,868710920,296901178
i64,Duplicates,ARS Gen 5: Optimized Apex (MAIN),1000,0.0034,3782,0,868711052,296901474
i64,Duplicates,ARS Gen 5: Optimized Apex (Stable),1000,0.0044,3785,0,868711425,296901842
i64,Duplicates,ARS Gen 6: Aero Architecture,1000,0.0036,3782,0,868711684,296902800
i64,Duplicates,ARS Gen 6: Aero (Stable),1000,0.0045,3785,0,868711965,296903180
i64,Duplicates,Timsort,10000,0.0374,38741,0,868712322,296904423
i64,Duplicates,PDQsort,10000,0.0327,36527,0,868712389,296906931
i64,Duplicates,Mergesort,10000,0.0374,38741,0,868716121,296907567
i64,Duplicates,Heapsort,10000,0.5048,134950,10000,868716489,296919685
i64,Duplicates,Introsort,10000,0.1222,21988,0,868722277,297016768
i64,Duplicates,Spreadsort / Radix Hybrid,10000,0.2386,0,0,868723424,297103729
i64,Duplicates,IPS4o,10000,0.0555,32134,0,868724782,297104598
i64,Duplicates,Fluxsort,10000,0.0451,38861,0,868724854,297107830
i64,Duplicates,RadixLSD,10000,0.0554,0,0,868724967,297112597
i64,Duplicates,RDST_Serial,10000,0.1490,0,0,868725027,297112847
i64,Duplicates,RDST_Parallel,10000,0.2487,0,0,868725153,297113492
i64,Duplicates,Voracious_MT,10000,0.0446,0,0,868726006,297114195
i64,Duplicates,GPURadix,10000,0.0307,0,0,868727665,297116428
i64,Duplicates,ARS Gen 5: Optimized Apex (MAIN),10000,0.1181,10001,0,868727839,297116953
i64,Duplicates,ARS Gen 5: Optimized Apex (Stable),10000,0.1206,10001,0,868729970,297119148
i64,Duplicates,ARS Gen 6: Aero Architecture,10000,0.2276,10001,0,868730256,297121496
i64,Duplicates,ARS Gen 6: Aero (Stable),10000,0.2324,10001,0,868731498,297125936
i64,Duplicates,Timsort,100000,0.3969,382500,0,868754968,297130326
i64,Duplicates,PDQsort,100000,0.3170,382186,0,868856645,297136874
i64,Duplicates,Mergesort,100000,0.3720,382500,0,868978010,297138256
i64,Duplicates,Heapsort,100000,5.5436,1699155,100000,869212492,297233844
i64,Duplicates,Introsort,100000,1.2598,220084,0,869587890,298134092
i64,Duplicates,Spreadsort / Radix Hybrid,100000,1.4724,0,0,869673863,299016947
i64,Duplicates,IPS4o,100000,0.4043,379900,0,869700361,299019876
i64,Duplicates,Fluxsort,100000,0.4087,427981,0,869818114,299042693
i64,Duplicates,RadixLSD,100000,0.4947,0,0,869944755,299074281
i64,Duplicates,RDST_Serial,100000,1.3966,0,0,870102459,299074645
i64,Duplicates,RDST_Parallel,100000,1.4440,0,0,870174755,299075786
i64,Duplicates,Voracious_MT,100000,0.2898,0,0,870182314,299078970
i64,Duplicates,GPURadix,100000,0.2795,0,0,870226618,299098456
i64,Duplicates,ARS Gen 5: Optimized Apex (MAIN),100000,0.3281,100003,0,870236186,299099558
i64,Duplicates,ARS Gen 5: Optimized Apex (Stable),100000,0.3189,100003,0,870242394,299103214
i64,Duplicates,ARS Gen 6: Aero Architecture,100000,0.5055,100003,0,870252289,299106897
i64,Duplicates,ARS Gen 6: Aero (Stable),100000,0.5657,100003,0,870296257,299111843
i64,Duplicates,Timsort,1000000,6.5044,4609468,0,871490511,299118521
i64,Duplicates,PDQsort,1000000,3.2426,3807216,0,883009168,299134671
i64,Duplicates,Mergesort,1000000,6.4019,4609468,0,886869322,299137419
i64,Duplicates,Heapsort,1000000,99.9521,20262409,1000000,901955812,300049635
i64,Duplicates,Introsort,1000000,11.4116,2200910,0,935596986,309315242
i64,Duplicates,Spreadsort / Radix Hybrid,1000000,5.3647,0,0,939330332,318217548
i64,Duplicates,IPS4o,1000000,2.6411,3400641,0,939500265,318219239
i64,Duplicates,Fluxsort,1000000,6.6226,4864423,0,941899588,318418197
i64,Duplicates,RadixLSD,1000000,6.4300,0,0,950287267,318743167
i64,Duplicates,RDST_Serial,1000000,14.6777,0,0,957642276,318744107
i64,Duplicates,RDST_Parallel,1000000,5.1031,0,0,968810628,318747294
i64,Duplicates,Voracious_MT,1000000,2.6534,0,0,968953686,318749068
i64,Duplicates,GPURadix,1000000,22.1654,0,0,970731939,318925164
i64,Duplicates,ARS Gen 5: Optimized Apex (MAIN),1000000,6.4450,1000003,0,976236475,318996557
i64,Duplicates,ARS Gen 5: Optimized Apex (Stable),1000000,6.5811,1000003,0,976281468,319000340
i64,Duplicates,ARS Gen 6: Aero Architecture,1000000,4.4238,1000003,0,976455878,319004258
i64,Duplicates,ARS Gen 6: Aero (Stable),1000000,4.5061,1000003,0,977803619,319009804
i64,Zipfian,Timsort,1000,0.0077,5227,0,979059449,319015264
i64,Zipfian,PDQsort,1000,0.0059,5310,0,979059504,319018957
i64,Zipfian,Mergesort,1000,0.0078,5227,0,979059571,319020893
i64,Zipfian,Heapsort,1000,0.0390,10402,1000,979059724,319025670
i64,Zipfian,Introsort,1000,0.0172,3758,0,979060338,319038162
i64,Zipfian,Spreadsort / Radix Hybrid,1000,0.0579,0,0,979060417,319052937
i64,Zipfian,IPS4o,1000,0.0091,5515,0,979060634,319054274
i64,Zipfian,Fluxsort,1000,0.0168,5852,0,979060683,319063136
i64,Zipfian,RadixLSD,1000,0.0078,0,0,979061895,319070404
i64,Zipfian,RDST_Serial,1000,0.0225,0,0,979062064,319070565
i64,Zipfian,RDST_Parallel,1000,0.0771,0,0,979062244,319070940
i64,Zipfian,Voracious_MT,1000,0.0092,0,0,979062360,319072135
i64,Zipfian,GPURadix,1000,0.0057,0,0,979062485,319080114
i64,Zipfian,ARS Gen 5: Optimized Apex (MAIN),1000,0.0054,5310,0,979062591,319081865
i64,Zipfian,ARS Gen 5: Optimized Apex (Stable),1000,0.0079,5227,0,979062619,319083806
i64,Zipfian,ARS Gen 6: Aero Architecture,1000,0.0059,5310,0,979062655,319087536
i64,Zipfian,ARS Gen 6: Aero (Stable),1000,0.0078,5227,0,979062667,319089462
i64,Zipfian,Timsort,10000,0.0612,54923,0,979062836,319094404
i64,Zipfian,PDQsort,10000,0.0513,53567,0,979068232,319108836
i64,Zipfian,Mergesort,10000,0.0553,54923,0,979068461,319115875
i64,Zipfian,Heapsort,10000,0.4404,137397,10000,979072123,319140647
i64,Zipfian,Introsort,10000,0.1649,41224,0,979084066,319258017
i64,Zipfian,Spreadsort / Radix Hybrid,10000,0.2382,0,0,979088693,319405766
i64,Zipfian,IPS4o,10000,0.0836,54725,0,979088735,319406495
i64,Zipfian,Fluxsort,10000,0.0647,59236,0,979091820,319410918
i64,Zipfian,RadixLSD,10000,0.0600,0,0,979091891,319429458
i64,Zipfian,RDST_Serial,10000,0.1339,0,0,979096357,319429795
i64,Zipfian,RDST_Parallel,10000,0.2551,0,0,979097123,319430477
i64,Zipfian,Voracious_MT,10000,0.0795,0,0,979098647,319431143
i64,Zipfian,GPURadix,10000,0.0420,0,0,979100251,319434079
i64,Zipfian,ARS Gen 5: Optimized Apex (MAIN),10000,0.1723,48389,0,979100397,319439666
i64,Zipfian,ARS Gen 5: Optimized Apex (Stable),10000,0.1758,47622,0,979100549,319442499
i64,Zipfian,ARS Gen 6: Aero Architecture,10000,0.3401,43626,0,979105053,319445694
i64,Zipfian,ARS Gen 6: Aero (Stable),10000,0.3359,43445,0,979107688,319450132
i64,Zipfian,Timsort,100000,0.5020,545908,0,979147851,319460187
i64,Zipfian,PDQsort,100000,0.4131,531629,0,979373769,319512798
i64,Zipfian,Mergesort,100000,0.5021,545908,0,979489294,319538704
i64,Zipfian,Heapsort,100000,6.7845,1714059,100000,979814485,319697299
i64,Zipfian,Introsort,100000,1.6273,457104,0,980177456,320837789
i64,Zipfian,Spreadsort / Radix Hybrid,100000,1.6577,0,0,980231345,322320313
i64,Zipfian,IPS4o,100000,0.3369,559561,0,980276276,322323265
i64,Zipfian,Fluxsort,100000,0.6732,662930,0,980389280,322349951
i64,Zipfian,RadixLSD,100000,0.9712,0,0,980547256,322434742
i64,Zipfian,RDST_Serial,100000,1.7021,0,0,980665087,322435429
i64,Zipfian,RDST_Parallel,100000,1.6992,0,0,980748038,322437089
i64,Zipfian,Voracious_MT,100000,0.3852,0,0,980766794,322440145
i64,Zipfian,GPURadix,100000,0.4565,0,0,980830048,322459774
i64,Zipfian,ARS Gen 5: Optimized Apex (MAIN),100000,0.8375,577194,0,980892693,322479410
i64,Zipfian,ARS Gen 5: Optimized Apex (Stable),100000,0.8592,566163,0,980901944,322483260
i64,Zipfian,ARS Gen 6: Aero Architecture,100000,0.9449,505786,0,980918180,322487153
i64,Zipfian,ARS Gen 6: Aero (Stable),100000,1.0496,506197,0,980955537,322492559
i64,Zipfian,Timsort,1000000,8.4522,6305476,0,982156961,322516389
i64,Zipfian,PDQsort,1000000,4.9821,5252743,0,994166765,322696141
i64,Zipfian,Mergesort,1000000,9.0235,6305476,0,998735872,322784140
i64,Zipfian,Heapsort,1000000,244.0268,20428904,1000000,1022793857,324109957
i64,Zipfian,Introsort,1000000,18.4733,3843301,0,1128743736,336293124
i64,Zipfian,Spreadsort / Radix Hybrid,1000000,9.9419,0,0,1132817203,350932984
i64,Zipfian,IPS4o,1000000,3.0670,5185292,0,1133012724,350952930
i64,Zipfian,Fluxsort,1000000,9.0109,6971090,0,1135482129,351147157
i64,Zipfian,RadixLSD,1000000,10.6358,0,0,1144485954,351761521
i64,Zipfian,RDST_Serial,1000000,20.1734,0,0,1159381832,351765693
i64,Zipfian,RDST_Parallel,1000000,10.0432,0,0,1179522244,351793442
i64,Zipfian,Voracious_MT,1000000,3.2167,0,0,1179704405,351813757
i64,Zipfian,GPURadix,1000000,22.1438,0,0,1181815237,351954039
i64,Zipfian,ARS Gen 5: Optimized Apex (MAIN),1000000,10.9112,5217820,0,1188015709,352026210
i64,Zipfian,ARS Gen 5: Optimized Apex (Stable),1000000,14.4922,6020639,0,1188061770,352030005
i64,Zipfian,ARS Gen 6: Aero Architecture,1000000,8.4169,5238235,0,1188237050,352034031
i64,Zipfian,ARS Gen 6: Aero (Stable),1000000,12.2854,6039420,0,1189644881,352039548
i64,Skewed,Timsort,1000,0.0165,10583,0,1190898529,352045855
i64,Skewed,PDQsort,1000,0.0110,10107,0,1190898611,352057058
i64,Skewed,Mergesort,1000,0.0163,10583,0,1190898627,352063019
i64,Skewed,Heapsort,1000,0.0419,10887,1000,1190898691,352075182
i64,Skewed,Introsort,1000,0.0287,10984,0,1190899024,352094190
i64,Skewed,Spreadsort / Radix Hybrid,1000,0.0783,0,0,1190899112,352127796
i64,Skewed,IPS4o,1000,0.0218,11060,0,1190899216,352130325
i64,Skewed,Fluxsort,1000,0.0219,10568,0,1190899585,352151897
i64,Skewed,RadixLSD,1000,0.0063,0,0,1190900501,352162322
i64,Skewed,RDST_Serial,1000,0.0193,0,0,1190900703,352162494
i64,Skewed,RDST_Parallel,1000,0.0783,0,0,1190901035,352162835
i64,Skewed,Voracious_MT,1000,0.0223,0,0,1190901148,352165120
i64,Skewed,GPURadix,1000,0.0106,0,0,1190901180,352184289
i64,Skewed,ARS Gen 5: Optimized Apex (MAIN),1000,0.0096,10107,0,1190901377,352189505
i64,Skewed,ARS Gen 5: Optimized Apex (Stable),1000,0.0162,10583,0,1190901641,352195516
i64,Skewed,ARS Gen 6: Aero Architecture,1000,0.0107,10107,0,1190902803,352206605
i64,Skewed,ARS Gen 6: Aero (Stable),1000,0.0159,10583,0,1190903221,352212600
i64,Skewed,Timsort,10000,0.1808,139257,0,1190903527,352234423
i64,Skewed,PDQsort,10000,0.1236,134012,0,1190908237,352341372
i64,Skewed,Mergesort,10000,0.1678,139257,0,1190912685,352398172
i64,Skewed,Heapsort,10000,0.5651,142555,10000,1190919270,352514073
i64,Skewed,Introsort,10000,0.4208,141765,0,1190920322,352703500
i64,Skewed,Spreadsort / Radix Hybrid,10000,0.2305,0,0,1190928249,353165622
i64,Skewed,IPS4o,10000,0.1486,133353,0,1190928358,353166463
i64,Skewed,Fluxsort,10000,0.2026,140880,0,1190937726,353178656
i64,Skewed,RadixLSD,10000,0.0567,0,0,1190945168,353261126
i64,Skewed,RDST_Serial,10000,0.1353,0,0,1190945237,353261486
i64,Skewed,RDST_Parallel,10000,0.2284,0,0,1190945321,353262192
i64,Skewed,Voracious_MT,10000,0.1176,0,0,1190945471,353263027
i64,Skewed,GPURadix,10000,0.1127,0,0,1190947407,353270460
i64,Skewed,ARS Gen 5: Optimized Apex (MAIN),10000,0.1287,68934,0,1190949050,353313536
i64,Skewed,ARS Gen 5: Optimized Apex (Stable),10000,0.1364,72074,0,1190949297,353316268
i64,Skewed,ARS Gen 6: Aero Architecture,10000,0.2853,60279,0,1190955462,353319453
i64,Skewed,ARS Gen 6: Aero (Stable),10000,0.2988,63033,0,1190957173,353327435
i64,Skewed,Timsort,100000,1.4080,1359147,0,1191009285,353372809
i64,Skewed,PDQsort,100000,1.1764,1350492,0,1191273648,353728027
i64,Skewed,Mergesort,100000,1.3887,1359147,0,1191405506,353909069
i64,Skewed,Heapsort,100000,11.9729,1762231,100000,1191722480,354385411
i64,Skewed,Introsort,100000,4.4931,1298267,0,1192342481,356164948
i64,Skewed,Spreadsort / Radix Hybrid,100000,1.4858,0,0,1192498863,360801615
i64,Skewed,IPS4o,100000,0.4939,1388042,0,1192533269,360804605
i64,Skewed,Fluxsort,100000,2.0537,1652206,0,1192716961,360873400
i64,Skewed,RadixLSD,100000,0.7255,0,0,1192932535,361321854
i64,Skewed,RDST_Serial,100000,1.7137,0,0,1193236903,361322359
i64,Skewed,RDST_Parallel,100000,1.6126,0,0,1193452844,361323651
i64,Skewed,Voracious_MT,100000,0.5052,0,0,1193463815,361326746
i64,Skewed,GPURadix,100000,1.1091,0,0,1193518150,361361748
i64,Skewed,ARS Gen 5: Optimized Apex (MAIN),100000,0.5608,761845,0,1193590450,361500746
i64,Skewed,ARS Gen 5: Optimized Apex (Stable),100000,0.5067,769958,0,1193610089,361504429
i64,Skewed,ARS Gen 6: Aero Architecture,100000,0.6408,649907,0,1193626682,361508767
i64,Skewed,ARS Gen 6: Aero (Stable),100000,0.6649,652352,0,1193658016,361517761
i64,Skewed,Timsort,1000000,15.0442,14034149,0,1195033850,361598228
i64,Skewed,PDQsort,1000000,11.2012,12901024,0,1206674703,362269652
i64,Skewed,Mergesort,1000000,14.6414,14034149,0,1211239722,362578122
i64,Skewed,Heapsort,1000000,582.8732,20922674,1000000,1248415931,364638395
i64,Skewed,Introsort,1000000,41.3342,13275349,0,1495614493,382555276
i64,Skewed,Spreadsort / Radix Hybrid,1000000,7.7818,0,0,1500381593,427280666
i64,Skewed,IPS4o,1000000,4.6293,13327139,0,1500574437,427300649
i64,Skewed,Fluxsort,1000000,18.3864,15372611,0,1503109905,427705554
i64,Skewed,RadixLSD,1000000,6.9831,0,0,1512864350,429894895
i64,Skewed,RDST_Serial,1000000,16.2405,0,0,1521945956,429899188
i64,Skewed,RDST_Parallel,1000000,7.6059,0,0,1534176043,429932913
i64,Skewed,Voracious_MT,1000000,4.6548,0,0,1534365505,429953308
i64,Skewed,GPURadix,1000000,22.7658,0,0,1536004170,430129207
i64,Skewed,ARS Gen 5: Optimized Apex (MAIN),1000000,6.9973,5314832,0,1542102555,430199235
i64,Skewed,ARS Gen 5: Optimized Apex (Stable),1000000,7.2066,5337696,0,1542147215,430203090
i64,Skewed,ARS Gen 6: Aero Architecture,1000000,5.4109,6185334,0,1542292604,430207393
i64,Skewed,ARS Gen 6: Aero (Stable),1000000,5.7975,6211152,0,1543401493,430216414
i64,Clustered,Timsort,1000,0.0146,10451,0,1544478661,430225895
i64,Clustered,PDQsort,1000,0.0099,9960,0,1544478711,430236983
i64,Clustered,Mergesort,1000,0.0148,10451,0,1544478760,430242952
i64,Clustered,Heapsort,1000,0.0383,10889,1000,1544478871,430255313
i64,Clustered,Introsort,1000,0.0301,11022,0,1544479263,430273993
i64,Clustered,Spreadsort / Radix Hybrid,1000,0.0210,0,0,1544479401,430307604
i64,Clustered,IPS4o,1000,0.0216,10671,0,1544479606,430310092
i64,Clustered,Fluxsort,1000,0.0233,10390,0,1544479982,430331351
i64,Clustered,RadixLSD,1000,0.0192,0,0,1544480815,430341951
i64,Clustered,RDST_Serial,1000,0.0228,0,0,1544481031,430342210
i64,Clustered,RDST_Parallel,1000,0.0231,0,0,1544481612,430342590
i64,Clustered,Voracious_MT,1000,0.0239,0,0,1544481869,430345063
i64,Clustered,GPURadix,1000,0.0116,0,0,1544481944,430364166
i64,Clustered,ARS Gen 5: Optimized Apex (MAIN),1000,0.0109,9960,0,1544481990,430369625
i64,Clustered,ARS Gen 5: Optimized Apex (Stable),1000,0.0177,10451,0,1544482099,430375590
i64,Clustered,ARS Gen 6: Aero Architecture,1000,0.0121,9960,0,1544482335,430386696
i64,Clustered,ARS Gen 6: Aero (Stable),1000,0.0177,10451,0,1544483397,430392700
i64,Clustered,Timsort,10000,0.1403,107800,0,1544484233,430408746
i64,Clustered,PDQsort,10000,0.1159,107617,0,1544486212,430460137
i64,Clustered,Mergesort,10000,0.1345,107800,0,1544489660,430486653
i64,Clustered,Heapsort,10000,0.6435,142847,10000,1544496743,430548980
i64,Clustered,Introsort,10000,0.3827,94338,0,1544516499,430716140
i64,Clustered,Spreadsort / Radix Hybrid,10000,0.2258,0,0,1544519311,431073701
i64,Clustered,IPS4o,10000,0.0940,105040,0,1544522489,431075129
i64,Clustered,Fluxsort,10000,0.2066,127414,0,1544526214,431085157
i64,Clustered,RadixLSD,10000,0.1848,0,0,1544530416,431147424
i64,Clustered,RDST_Serial,10000,0.2265,0,0,1544534718,431148134
i64,Clustered,RDST_Parallel,10000,0.2339,0,0,1544536867,431149269
i64,Clustered,Voracious_MT,10000,0.1349,0,0,1544538716,431150597
i64,Clustered,GPURadix,10000,0.1008,0,0,1544540496,431155568
i64,Clustered,ARS Gen 5: Optimized Apex (MAIN),10000,0.1345,72981,0,1544540718,431175178
i64,Clustered,ARS Gen 5: Optimized Apex (Stable),10000,0.1437,74325,0,1544543481,431178013
i64,Clustered,ARS Gen 6: Aero Architecture,10000,0.2157,60200,0,1544550526,431181704
i64,Clustered,ARS Gen 6: Aero (Stable),10000,0.2390,60627,0,1544550647,431187463
i64,Clustered,Timsort,100000,0.9810,1018550,0,1544603777,431202082
i64,Clustered,PDQsort,100000,0.8613,1015999,0,1544922009,431289182
i64,Clustered,Mergesort,100000,0.9431,1018550,0,1545070618,431327441
i64,Clustered,Heapsort,100000,11.0401,1761044,100000,1545409360,431540607
i64,Clustered,Introsort,100000,3.7086,936472,0,1545868537,433094379
i64,Clustered,Spreadsort / Radix Hybrid,100000,2.3425,0,0,1546036775,436475811
i64,Clustered,IPS4o,100000,0.3906,1041515,0,1546190318,436479819
i64,Clustered,Fluxsort,100000,1.1469,1206631,0,1546368303,436518430
i64,Clustered,RadixLSD,100000,1.9001,0,0,1546557027,436688200
i64,Clustered,RDST_Serial,100000,2.2423,0,0,1546808088,436689524
i64,Clustered,RDST_Parallel,100000,2.2351,0,0,1546965457,436691792
i64,Clustered,Voracious_MT,100000,0.3959,0,0,1547113296,436695868
i64,Clustered,GPURadix,100000,0.8296,0,0,1547144896,436718561
i64,Clustered,ARS Gen 5: Optimized Apex (MAIN),100000,0.5049,645605,0,1547218488,436748139
i64,Clustered,ARS Gen 5: Optimized Apex (Stable),100000,0.4997,651706,0,1547232879,436751759
i64,Clustered,ARS Gen 6: Aero Architecture,100000,0.6212,562349,0,1547251499,436755575
i64,Clustered,ARS Gen 6: Aero (Stable),100000,0.6701,564044,0,1547287637,436762215
i64,Clustered,Timsort,1000000,12.1217,11010072,0,1548560118,436781424
i64,Clustered,PDQsort,1000000,8.9997,9979228,0,1560795338,436906338
i64,Clustered,Mergesort,1000000,12.2851,11010072,0,1566058164,436960671
i64,Clustered,Heapsort,1000000,540.6417,20905098,1000000,1604903999,438462519
i64,Clustered,Introsort,1000000,32.4908,9482805,0,1860142893,454719881
i64,Clustered,Spreadsort / Radix Hybrid,1000000,9.2024,0,0,1864683846,488147065
i64,Clustered,IPS4o,1000000,4.0090,10436040,0,1864963893,488184269
i64,Clustered,Fluxsort,1000000,13.0189,12176390,0,1867427942,488433250
i64,Clustered,RadixLSD,1000000,19.7149,0,0,1878403163,489208706
i64,Clustered,RDST_Serial,1000000,12.4441,0,0,1904547012,489211312
i64,Clustered,RDST_Parallel,1000000,9.3125,0,0,1916930070,489223967
i64,Clustered,Voracious_MT,1000000,4.1556,0,0,1917205562,489261123
i64,Clustered,GPURadix,1000000,22.4501,0,0,1919337127,489435778
i64,Clustered,ARS Gen 5: Optimized Apex (MAIN),1000000,7.1137,5124528,0,1925399642,489506892
i64,Clustered,ARS Gen 5: Optimized Apex (Stable),1000000,7.8766,5148178,0,1925445786,489510761
i64,Clustered,ARS Gen 6: Aero Architecture,1000000,5.2364,5221518,0,1925650457,489514925
i64,Clustered,ARS Gen 6: Aero (Stable),1000000,6.0569,5247206,0,1926986071,489523570
i64,BucketCollapse,Timsort,1000,0.0145,10756,0,1928178187,489532832
i64,BucketCollapse,PDQsort,1000,0.0098,10331,0,1928178285,489543977
i64,BucketCollapse,Mergesort,1000,0.0146,10756,0,1928178312,489549834
i64,BucketCollapse,Heapsort,1000,0.0383,10972,1000,1928178526,489562250
i64,BucketCollapse,Introsort,1000,0.0264,12004,0,1928178919,489581664
i64,BucketCollapse,Spreadsort / Radix Hybrid,1000,0.0524,0,0,1928179082,489615272
i64,BucketCollapse,IPS4o,1000,0.0230,10893,0,1928179157,489617765
i64,BucketCollapse,Fluxsort,1000,0.0217,10841,0,1928179889,489639300
i64,BucketCollapse,RadixLSD,1000,0.0081,0,0,1928179980,489649807
i64,BucketCollapse,RDST_Serial,1000,0.0191,0,0,1928180062,489650004
i64,BucketCollapse,RDST_Parallel,1000,0.0676,0,0,1928180485,489650331
i64,BucketCollapse,Voracious_MT,1000,0.0250,0,0,1928180904,489652692
i64,BucketCollapse,GPURadix,1000,0.0118,0,0,1928180992,489671682
i64,BucketCollapse,ARS Gen 5: Optimized Apex (MAIN),1000,0.0100,10331,0,1928181172,489677050
i64,BucketCollapse,ARS Gen 5: Optimized Apex (Stable),1000,0.0165,10756,0,1928181400,489682969
i64,BucketCollapse,ARS Gen 6: Aero Architecture,1000,0.0109,10331,0,1928181680,489694117
i64,BucketCollapse,ARS Gen 6: Aero (Stable),1000,0.0161,10756,0,1928181736,489700039
i64,BucketCollapse,Timsort,10000,0.1895,141014,0,1928181956,489722049
i64,BucketCollapse,PDQsort,10000,0.1387,137059,0,1928187872,489831143
i64,BucketCollapse,Mergesort,10000,0.2009,141014,0,1928192595,489889490
i64,BucketCollapse,Heapsort,10000,0.6612,143325,10000,1928198026,490008953
i64,BucketCollapse,Introsort,10000,0.4317,160898,0,1928206298,490201301
i64,BucketCollapse,Spreadsort / Radix Hybrid,10000,0.2681,0,0,1928210997,490672836
i64,BucketCollapse,IPS4o,10000,0.1506,147239,0,1928211542,490673702
i64,BucketCollapse,Fluxsort,10000,0.2050,141587,0,1928214568,490685608
i64,BucketCollapse,RadixLSD,10000,0.0756,0,0,1928225366,490766427
i64,BucketCollapse,RDST_Serial,10000,0.1394,0,0,1928225647,490766830
i64,BucketCollapse,RDST_Parallel,10000,0.2606,0,0,1928225869,490767573
i64,BucketCollapse,Voracious_MT,10000,0.1062,0,0,1928225938,490768542
i64,BucketCollapse,GPURadix,10000,0.1238,0,0,1928226031,490776191
i64,BucketCollapse,ARS Gen 5: Optimized Apex (MAIN),10000,0.1237,51668,0,1928226093,490821001
i64,BucketCollapse,ARS Gen 5: Optimized Apex (Stable),10000,0.1297,57358,0,1928228551,490823481
i64,BucketCollapse,ARS Gen 6: Aero Architecture,10000,0.2236,58993,0,1928231209,490827310
i64,BucketCollapse,ARS Gen 6: Aero (Stable),10000,0.2480,62236,0,1928235056,490841450
i64,BucketCollapse,Timsort,100000,2.1064,1751314,0,1928287213,490959953
i64,BucketCollapse,PDQsort,100000,1.6042,1709377,0,1928563955,491961307
i64,BucketCollapse,Mergesort,100000,2.1280,1751314,0,1928727941,492511337
i64,BucketCollapse,Heapsort,100000,12.0043,1761845,100000,1929121121,493620527
i64,BucketCollapse,Introsort,100000,5.1773,2078948,0,1929693047,495712407
i64,BucketCollapse,Spreadsort / Radix Hybrid,100000,1.7195,0,0,1929845918,501698604
i64,BucketCollapse,IPS4o,100000,0.7571,1809542,0,1929869189,501701582
i64,BucketCollapse,Fluxsort,100000,2.5061,1750667,0,1930086068,501799181
i64,BucketCollapse,RadixLSD,100000,0.9113,0,0,1930301013,502519249
i64,BucketCollapse,RDST_Serial,100000,1.6204,0,0,1930380558,502519811
i64,BucketCollapse,RDST_Parallel,100000,1.6800,0,0,1930485277,502521110
i64,BucketCollapse,Voracious_MT,100000,0.7844,0,0,1930489490,502524301
i64,BucketCollapse,GPURadix,100000,1.5486,0,0,1930543078,502592915
i64,BucketCollapse,ARS Gen 5: Optimized Apex (MAIN),100000,0.5624,882669,0,1930606327,503035791
i64,BucketCollapse,ARS Gen 5: Optimized Apex (Stable),100000,0.6304,921528,0,1930624419,503039303
i64,BucketCollapse,ARS Gen 6: Aero Architecture,100000,0.5196,951517,0,1930642562,503043859
i64,BucketCollapse,ARS Gen 6: Aero (Stable),100000,0.7300,987614,0,1930669788,503057293
i64,BucketCollapse,Timsort,1000000,29.1699,20837880,0,1932040299,504110803
i64,BucketCollapse,PDQsort,1000000,19.7855,20436239,0,1944235479,513973453
i64,BucketCollapse,Mergesort,1000000,28.7471,20837880,0,1949206107,519395095
i64,BucketCollapse,Heapsort,1000000,642.5378,20926752,1000000,1987545399,530378041
i64,BucketCollapse,Introsort,1000000,59.4248,23353544,0,2233376168,552931103
i64,BucketCollapse,Spreadsort / Radix Hybrid,1000000,7.7182,0,0,2238176354,626155887
i64,BucketCollapse,IPS4o,1000000,7.9966,21706337,0,2238361984,626175062
i64,BucketCollapse,Fluxsort,1000000,32.5133,20818629,0,2240989391,627089875
i64,BucketCollapse,RadixLSD,1000000,11.0631,0,0,2252186862,633830238
i64,BucketCollapse,RDST_Serial,1000000,19.1572,0,0,2267747673,633836088
i64,BucketCollapse,RDST_Parallel,1000000,7.7517,0,0,2277551888,633884140
i64,BucketCollapse,Voracious_MT,1000000,7.7942,0,0,2277628497,633904561
i64,BucketCollapse,GPURadix,1000000,23.2372,0,0,2279083771,634082435
i64,BucketCollapse,ARS Gen 5: Optimized Apex (MAIN),1000000,8.3208,10217761,0,2284581848,634153236
i64,BucketCollapse,ARS Gen 5: Optimized Apex (Stable),1000000,8.7947,10635353,0,2284624589,634156906
i64,BucketCollapse,ARS Gen 6: Aero Architecture,1000000,6.7409,13011640,0,2284754999,634161781
i64,BucketCollapse,ARS Gen 6: Aero (Stable),1000000,8.0864,13430316,0,2285746086,634175195
i64,LowCardinality,Timsort,1000,0.0074,5936,0,2286629855,634187169
i64,LowCardinality,PDQsort,1000,0.0058,5643,0,2286629916,634189345
i64,LowCardinality,Mergesort,1000,0.0068,5936,0,2286629937,634190384
i64,LowCardinality,Heapsort,1000,0.0393,10622,1000,2286630001,634193831
i64,LowCardinality,Introsort,1000,0.0184,4716,0,2286630371,634207600
i64,LowCardinality,Spreadsort / Radix Hybrid,1000,0.0222,0,0,2286630485,634223857
i64,LowCardinality,IPS4o,1000,0.0070,5708,0,2286630595,634224896
i64,LowCardinality,Fluxsort,1000,0.0212,6068,0,2286630620,634230391
i64,LowCardinality,RadixLSD,1000,0.0193,0,0,2286630716,634238181
i64,LowCardinality,RDST_Serial,1000,0.0229,0,0,2286630885,634238496
i64,LowCardinality,RDST_Parallel,1000,0.0223,0,0,2286631802,634239107
i64,LowCardinality,Voracious_MT,1000,0.0070,0,0,2286632323,634240023
i64,LowCardinality,GPURadix,1000,0.0049,0,0,2286632416,634244804
i64,LowCardinality,ARS Gen 5: Optimized Apex (MAIN),1000,0.0049,5643,0,2286632544,634245681
i64,LowCardinality,ARS Gen 5: Optimized Apex (Stable),1000,0.0067,5936,0,2286632659,634246760
i64,LowCardinality,ARS Gen 6: Aero Architecture,1000,0.0053,5643,0,2286632905,634249021
i64,LowCardinality,ARS Gen 6: Aero (Stable),1000,0.0065,5936,0,2286633009,634250070
i64,LowCardinality,Timsort,10000,0.0495,53890,0,2286633133,634252637
i64,LowCardinality,PDQsort,10000,0.0432,53681,0,2286633910,634256693
i64,LowCardinality,Mergesort,10000,0.0483,53890,0,2286637409,634257964
i64,LowCardinality,Heapsort,10000,0.4937,140097,10000,2286640354,634273493
i64,LowCardinality,Introsort,10000,0.1751,34964,0,2286653183,634391978
i64,LowCardinality,Spreadsort / Radix Hybrid,10000,0.2002,0,0,2286657975,634544051
i64,LowCardinality,IPS4o,10000,0.0645,54542,0,2286659351,634545565
i64,LowCardinality,Fluxsort,10000,0.0537,58014,0,2286661388,634549302
i64,LowCardinality,RadixLSD,10000,0.1715,0,0,2286662129,634557248
i64,LowCardinality,RDST_Serial,10000,0.2043,0,0,2286662528,634558031
i64,LowCardinality,RDST_Parallel,10000,0.2123,0,0,2286665448,634559122
i64,LowCardinality,Voracious_MT,10000,0.0753,0,0,2286666703,634560406
i64,LowCardinality,GPURadix,10000,0.0458,0,0,2286666887,634563057
i64,LowCardinality,ARS Gen 5: Optimized Apex (MAIN),10000,0.1244,9988,0,2286667027,634564205
i64,LowCardinality,ARS Gen 5: Optimized Apex (Stable),10000,0.1268,9988,0,2286667076,634565965
i64,LowCardinality,ARS Gen 6: Aero Architecture,10000,0.2351,9988,0,2286671520,634568383
i64,LowCardinality,ARS Gen 6: Aero (Stable),10000,0.2357,9988,0,2286672066,634573596
i64,LowCardinality,Timsort,100000,0.4444,529496,0,2286716308,634579531
i64,LowCardinality,PDQsort,100000,0.3957,523355,0,2286831019,634587705
i64,LowCardinality,Mergesort,100000,0.4720,529496,0,2286922283,634589893
i64,LowCardinality,Heapsort,100000,6.4173,1732923,100000,2287077027,634709164
i64,LowCardinality,Introsort,100000,1.8619,387656,0,2287428582,635885777
i64,LowCardinality,Spreadsort / Radix Hybrid,100000,2.1188,0,0,2287572060,637333665
i64,LowCardinality,IPS4o,100000,0.3808,500523,0,2287719039,637337494
i64,LowCardinality,Fluxsort,100000,0.6183,663089,0,2287828191,637360942
i64,LowCardinality,RadixLSD,100000,2.1619,0,0,2288036605,637396364
i64,LowCardinality,RDST_Serial,100000,2.3720,0,0,2288240556,637397555
i64,LowCardinality,RDST_Parallel,100000,2.3681,0,0,2288453399,637399444
i64,LowCardinality,Voracious_MT,100000,0.3274,0,0,2288663283,637403544
i64,LowCardinality,GPURadix,100000,0.4057,0,0,2288695058,637422859
i64,LowCardinality,ARS Gen 5: Optimized Apex (MAIN),100000,0.2892,99990,0,2288735737,637424688
i64,LowCardinality,ARS Gen 5: Optimized Apex (Stable),100000,0.2863,99990,0,2288742620,637427892
i64,LowCardinality,ARS Gen 6: Aero Architecture,100000,0.4649,99990,0,2288754622,637431484
i64,LowCardinality,ARS Gen 6: Aero (Stable),100000,0.4911,99990,0,2288767225,637437443
i64,LowCardinality,Timsort,1000000,8.0591,6174014,0,2289944630,637445207
i64,LowCardinality,PDQsort,1000000,4.8370,5138117,0,2301421243,637462989
i64,LowCardinality,Mergesort,1000000,7.9105,6174014,0,2305743965,637467158
i64,LowCardinality,Heapsort,1000000,160.3367,20602189,1000000,2323248575,638694994
i64,LowCardinality,Introsort,1000000,18.6465,3625019,0,2382021400,650730414
i64,LowCardinality,Spreadsort / Radix Hybrid,1000000,15.0243,0,0,2386183299,665611712
i64,LowCardinality,IPS4o,1000000,3.3772,4937756,0,2386577198,665668568
i64,LowCardinality,Fluxsort,1000000,9.4498,7158455,0,2389200945,665865778
i64,LowCardinality,RadixLSD,1000000,20.9401,0,0,2400175277,666196041
i64,LowCardinality,RDST_Serial,1000000,22.7632,0,0,2428727328,666199090
i64,LowCardinality,RDST_Parallel,1000000,14.8660,0,0,2454866718,666229574
i64,LowCardinality,Voracious_MT,1000000,3.6285,0,0,2455147304,666284775
i64,LowCardinality,GPURadix,1000000,21.9540,0,0,2457097740,666460309
i64,LowCardinality,ARS Gen 5: Optimized Apex (MAIN),1000000,6.4673,999990,0,2462958097,666529157
i64,LowCardinality,ARS Gen 5: Optimized Apex (Stable),1000000,6.4273,999990,0,2463004482,666532792
i64,LowCardinality,ARS Gen 6: Aero Architecture,1000000,4.1550,999990,0,2463161395,666536672
i64,LowCardinality,ARS Gen 6: Aero (Stable),1000000,4.2492,999990,0,2464377591,666544358
i64,PrefixCollision,Timsort,1000,0.0169,10756,0,2465553772,666552460
i64,PrefixCollision,PDQsort,1000,0.0115,10331,0,2465553854,666563596
i64,PrefixCollision,Mergesort,1000,0.0171,10756,0,2465553881,666569433
i64,PrefixCollision,Heapsort,1000,0.0444,10972,1000,2465554009,666581723
i64,PrefixCollision,Introsort,1000,0.0311,12004,0,2465554413,666601069
i64,PrefixCollision,Spreadsort / Radix Hybrid,1000,0.0654,0,0,2465554498,666634662
i64,PrefixCollision,IPS4o,1000,0.0217,10893,0,2465554630,666637288
i64,PrefixCollision,Fluxsort,1000,0.0206,10841,0,2465555160,666658805
i64,PrefixCollision,RadixLSD,1000,0.0076,0,0,2465556012,666669361
i64,PrefixCollision,RDST_Serial,1000,0.0179,0,0,2465556254,666669552
i64,PrefixCollision,RDST_Parallel,1000,0.0687,0,0,2465556780,666669870
i64,PrefixCollision,Voracious_MT,1000,0.0210,0,0,2465557019,666672255
i64,PrefixCollision,GPURadix,1000,0.0102,0,0,2465557043,666691353
i64,PrefixCollision,ARS Gen 5: Optimized Apex (MAIN),1000,0.0093,10331,0,2465557128,666696716
i64,PrefixCollision,ARS Gen 5: Optimized Apex (Stable),1000,0.0156,10756,0,2465557383,666702548
i64,PrefixCollision,ARS Gen 6: Aero Architecture,1000,0.0103,10331,0,2465558571,666713619
i64,PrefixCollision,ARS Gen 6: Aero (Stable),1000,0.0154,10756,0,2465558974,666719600
i64,PrefixCollision,Timsort,10000,0.1791,141014,0,2465559285,666741851
i64,PrefixCollision,PDQsort,10000,0.1311,137059,0,2465566306,666851199
i64,PrefixCollision,Mergesort,10000,0.1962,141014,0,2465569637,666909913
i64,PrefixCollision,Heapsort,10000,0.6552,143325,10000,2465578726,667028870
i64,PrefixCollision,Introsort,10000,0.4414,160898,0,2465588450,667220817
i64,PrefixCollision,Spreadsort / Radix Hybrid,10000,0.2765,0,0,2465591771,667689786
i64,PrefixCollision,IPS4o,10000,0.1483,147239,0,2465594401,667690700
i64,PrefixCollision,Fluxsort,10000,0.1991,141587,0,2465599690,667702283
i64,PrefixCollision,RadixLSD,10000,0.0833,0,0,2465600323,667782650
i64,PrefixCollision,RDST_Serial,10000,0.1618,0,0,2465601003,667783116
i64,PrefixCollision,RDST_Parallel,10000,0.2425,0,0,2465603142,667783757
i64,PrefixCollision,Voracious_MT,10000,0.1306,0,0,2465603250,667784475
i64,PrefixCollision,GPURadix,10000,0.1269,0,0,2465605003,667792288
i64,PrefixCollision,ARS Gen 5: Optimized Apex (MAIN),10000,0.1218,51668,0,2465605125,667837356
i64,PrefixCollision,ARS Gen 5: Optimized Apex (Stable),10000,0.1273,57358,0,2465607161,667839675
i64,PrefixCollision,ARS Gen 6: Aero Architecture,10000,0.2097,58993,0,2465610519,667843531
i64,PrefixCollision,ARS Gen 6: Aero (Stable),10000,0.2383,62236,0,2465614387,667857421
i64,PrefixCollision,Timsort,100000,2.0832,1751314,0,2465676688,667975958
i64,PrefixCollision,PDQsort,100000,1.5762,1709377,0,2465973680,668977242
i64,PrefixCollision,Mergesort,100000,2.1174,1751314,0,2466154276,669526949
i64,PrefixCollision,Heapsort,100000,11.8002,1761845,100000,2466475858,670640335
i64,PrefixCollision,Introsort,100000,5.1839,2078948,0,2467005676,672733244
i64,PrefixCollision,Spreadsort / Radix Hybrid,100000,1.7324,0,0,2467126745,678721707
i64,PrefixCollision,IPS4o,100000,0.7063,1809542,0,2467149976,678724624
i64,PrefixCollision,Fluxsort,100000,2.5978,1750667,0,2467367562,678823309
i64,PrefixCollision,RadixLSD,100000,0.9239,0,0,2467714292,679543971
i64,PrefixCollision,RDST_Serial,100000,1.6621,0,0,2467827575,679544577
i64,PrefixCollision,RDST_Parallel,100000,1.6992,0,0,2467895268,679545918
i64,PrefixCollision,Voracious_MT,100000,0.7539,0,0,2467900529,679549165
i64,PrefixCollision,GPURadix,100000,1.5892,0,0,2467926003,679617554
i64,PrefixCollision,ARS Gen 5: Optimized Apex (MAIN),100000,0.5272,882669,0,2467970681,680059841
i64,PrefixCollision,ARS Gen 5: Optimized Apex (Stable),100000,0.6247,921528,0,2467988765,680063441
i64,PrefixCollision,ARS Gen 6: Aero Architecture,100000,0.5930,951517,0,2468005127,680068000
i64,PrefixCollision,ARS Gen 6: Aero (Stable),100000,0.7677,987614,0,2468035026,680081452
i64,PrefixCollision,Timsort,1000000,30.9766,20837880,0,2469563112,681132554
i64,PrefixCollision,PDQsort,1000000,21.9278,20436239,0,2482292452,690998900
i64,PrefixCollision,Mergesort,1000000,30.5066,20837880,0,2487465372,696414369
i64,PrefixCollision,Heapsort,1000000,673.5244,20926752,1000000,2529146939,707411502
i64,PrefixCollision,Introsort,1000000,63.7334,23353544,0,2775943612,729977169
i64,PrefixCollision,Spreadsort / Radix Hybrid,1000000,7.6636,0,0,2780893515,803206664
i64,PrefixCollision,IPS4o,1000000,8.3409,21706337,0,2781082323,803225465
i64,PrefixCollision,Fluxsort,1000000,31.6679,20818629,0,2783782538,804133925
i64,PrefixCollision,RadixLSD,1000000,10.7307,0,0,2794852362,810870302
i64,PrefixCollision,RDST_Serial,1000000,17.9400,0,0,2810013190,810877070
i64,PrefixCollision,RDST_Parallel,1000000,7.4270,0,0,2819413262,810930908
i64,PrefixCollision,Voracious_MT,1000000,8.4130,0,0,2819600093,810950946
i64,PrefixCollision,GPURadix,1000000,24.1650,0,0,2821445021,811126041
i64,PrefixCollision,ARS Gen 5: Optimized Apex (MAIN),1000000,8.2370,10217761,0,2826958250,811197620
i64,PrefixCollision,ARS Gen 5: Optimized Apex (Stable),1000000,8.9749,10635353,0,2826999228,811201191
i64,PrefixCollision,ARS Gen 6: Aero Architecture,1000000,6.9217,13011640,0,2827126101,811205886
i64,PrefixCollision,ARS Gen 6: Aero (Stable),1000000,7.9541,13430316,0,2828136904,811219112
f64,Random,Timsort,1000,0.0268,10747,0,2828991936,811232073
f64,Random,PDQsort,1000,0.0160,10325,0,2828992013,811243152
f64,Random,Mergesort,1000,0.0239,10747,0,2828992191,811249593
f64,Random,Heapsort,1000,0.0464,10858,1000,2828992350,811261564
f64,Random,Introsort,1000,0.0362,11448,0,2828993108,811280546
f64,Random,Spreadsort / Radix Hybrid,1000,0.0748,0,0,2828994292,811313437
f64,Random,IPS4o,1000,0.0287,10958,0,2828994850,811315888
f64,Random,Fluxsort,1000,0.0238,10801,0,2828995232,811335590
f64,Random,RadixLSD,1000,0.0127,0,0,2828995669,811345869
f64,Random,RDST_Serial,1000,0.0211,0,0,2828995777,811346121
f64,Random,RDST_Parallel,1000,0.0463,0,0,2828995907,811346440
f64,Random,Voracious_MT,1000,0.0274,0,0,2828995920,811348606
f64,Random,ARS Gen 5: Optimized Apex (MAIN),1000,0.0160,10325,0,2828995938,811366535
f64,Random,ARS Gen 5: Optimized Apex (Stable),1000,0.0235,10747,0,2828996025,811372882
f64,Random,ARS Gen 6: Aero Architecture,1000,0.0165,10325,0,2828996065,811383841
f64,Random,ARS Gen 6: Aero (Stable),1000,0.0241,10747,0,2828996081,811390493
f64,Random,Timsort,10000,0.2921,140825,0,2828996200,811412226
f64,Random,PDQsort,10000,0.1975,136592,0,2829006090,811521692
f64,Random,Mergesort,10000,0.2851,140825,0,2829010091,811586139
f64,Random,Heapsort,10000,0.7577,142810,10000,2829019552,811704681
f64,Random,Introsort,10000,0.5128,158947,0,2829041673,811895954
f64,Random,Spreadsort / Radix Hybrid,10000,0.2489,0,0,2829051583,812356460
f64,Random,IPS4o,10000,0.1444,147483,0,2829055202,812357264
f64,Random,Fluxsort,10000,0.2233,140684,0,2829073130,812369562
f64,Random,RadixLSD,10000,0.1385,0,0,2829078539,812450139
f64,Random,RDST_Serial,10000,0.2502,0,0,2829078997,812450941
f64,Random,RDST_Parallel,10000,0.2534,0,0,2829080220,812452236
f64,Random,Voracious_MT,10000,0.1873,0,0,2829080507,812453236
f64,Random,ARS Gen 5: Optimized Apex (MAIN),10000,0.1593,69920,0,2829081089,812456256
f64,Random,ARS Gen 5: Optimized Apex (Stable),10000,0.1711,72839,0,2829084744,812459217
f64,Random,ARS Gen 6: Aero Architecture,10000,0.1904,61791,0,2829088267,812462540
f64,Random,ARS Gen 6: Aero (Stable),10000,0.2066,65063,0,2829096179,812470966
f64,Random,Timsort,100000,3.2136,1746474,0,2829146670,812584374
f64,Random,PDQsort,100000,2.2026,1707521,0,2829470078,813595255
f64,Random,Mergesort,100000,3.4995,1746474,0,2829663926,814194919
f64,Random,Heapsort,100000,13.1573,1763365,100000,2830060479,815310002
f64,Random,Introsort,100000,6.5339,1945447,0,2830722670,817382397
f64,Random,Spreadsort / Radix Hybrid,100000,2.5800,0,0,2831221930,823267172
f64,Random,IPS4o,100000,1.1774,1833218,0,2831352985,823270930
f64,Random,Fluxsort,100000,2.9969,1746013,0,2831916066,823371918
f64,Random,RadixLSD,100000,1.8643,0,0,2832392229,824089142
f64,Random,RDST_Serial,100000,2.9194,0,0,2832541485,824090138
f64,Random,RDST_Parallel,100000,2.8972,0,0,2832631609,824091816
f64,Random,Voracious_MT,100000,1.2040,0,0,2832831692,824095588
f64,Random,ARS Gen 5: Optimized Apex (MAIN),100000,0.8847,1082420,0,2832843607,824116327
f64,Random,ARS Gen 5: Optimized Apex (Stable),100000,0.9132,1123693,0,2832863023,824119785
f64,Random,ARS Gen 6: Aero Architecture,100000,0.7610,979797,0,2832883086,824123771
f64,Random,ARS Gen 6: Aero (Stable),100000,0.9271,1019246,0,2832915848,824132387
f64,Random,Timsort,1000000,43.3793,20819993,0,2834703952,825186770
f64,Random,PDQsort,1000000,28.3263,20416607,0,2849397679,835166205
f64,Random,Mergesort,1000000,43.0320,20819993,0,2855210504,841095144
f64,Random,Heapsort,1000000,666.5107,20925317,1000000,2895445564,852126132
f64,Random,Introsort,1000000,74.3732,23249445,0,3141165873,874375625
f64,Random,Spreadsort / Radix Hybrid,1000000,16.2898,0,0,3152155290,946073523
f64,Random,IPS4o,1000000,13.4596,21895973,0,3153153111,946133196
f64,Random,Fluxsort,1000000,36.5468,20818809,0,3161563300,947064532
f64,Random,RadixLSD,1000000,19.2884,0,0,3178144267,953766428
f64,Random,RDST_Serial,1000000,26.3590,0,0,3208611556,953768951
f64,Random,RDST_Parallel,1000000,16.7292,0,0,3238243535,953792396
f64,Random,Voracious_MT,1000000,8.5659,0,0,3238491299,953832708
f64,Random,ARS Gen 5: Optimized Apex (MAIN),1000000,9.8283,12690114,0,3238556086,953845403
f64,Random,ARS Gen 5: Optimized Apex (Stable),1000000,11.5695,13109952,0,3238599050,953848933
f64,Random,ARS Gen 6: Aero Architecture,1000000,9.0010,13504738,0,3238745214,953853080
f64,Random,ARS Gen 6: Aero (Stable),1000000,11.4703,13922361,0,3239901712,953862197
f64,Gaussian,Timsort,1000,0.0286,10598,0,3240942989,953871402
f64,Gaussian,PDQsort,1000,0.0187,10258,0,3240943025,953882251
f64,Gaussian,Mergesort,1000,0.0290,10598,0,3240943355,953888839
f64,Gaussian,Heapsort,1000,0.0555,10902,1000,3240943947,953900992
f64,Gaussian,Introsort,1000,0.0424,12139,0,3240944378,953919809
f64,Gaussian,Spreadsort / Radix Hybrid,1000,0.0269,0,0,3240944651,953953027
f64,Gaussian,IPS4o,1000,0.0340,11016,0,3240944814,953955345
f64,Gaussian,Fluxsort,1000,0.0293,10696,0,3240944851,953974941
f64,Gaussian,RadixLSD,1000,0.0178,0,0,3240944933,953985217
f64,Gaussian,RDST_Serial,1000,0.0269,0,0,3240944966,953985451
f64,Gaussian,RDST_Parallel,1000,0.0270,0,0,3240945089,953985709
f64,Gaussian,Voracious_MT,1000,0.0334,0,0,3240945288,953987943
f64,Gaussian,ARS Gen 5: Optimized Apex (MAIN),1000,0.0199,10258,0,3240945317,954005962
f64,Gaussian,ARS Gen 5: Optimized Apex (Stable),1000,0.0288,10598,0,3240945716,954012544
f64,Gaussian,ARS Gen 6: Aero Architecture,1000,0.0192,10258,0,3240946012,954023263
f64,Gaussian,ARS Gen 6: Aero (Stable),1000,0.0277,10598,0,3240946145,954030032
f64,Gaussian,Timsort,10000,0.3362,141495,0,3240946735,954051675
f64,Gaussian,PDQsort,10000,0.2227,137131,0,3240961101,954160153
f64,Gaussian,Mergesort,10000,0.3306,141495,0,3240965385,954224214
f64,Gaussian,Heapsort,10000,0.7715,142584,10000,3240976115,954342314
f64,Gaussian,Introsort,10000,0.5378,157890,0,3240989083,954535057
f64,Gaussian,Spreadsort / Radix Hybrid,10000,0.2430,0,0,3240995414,954996526
f64,Gaussian,IPS4o,10000,0.2115,146427,0,3241002034,954997846
f64,Gaussian,Fluxsort,10000,0.2612,140056,0,3241013928,955009855
f64,Gaussian,RadixLSD,10000,0.1605,0,0,3241028577,955092187
f64,Gaussian,RDST_Serial,10000,0.2432,0,0,3241033219,955092966
f64,Gaussian,RDST_Parallel,10000,0.2432,0,0,3241033368,955093880
f64,Gaussian,Voracious_MT,10000,0.1697,0,0,3241033511,955094944
f64,Gaussian,ARS Gen 5: Optimized Apex (MAIN),10000,0.2661,125222,0,3241033704,955097994
f64,Gaussian,ARS Gen 5: Optimized Apex (Stable),10000,0.3555,129193,0,3241036743,955101689
f64,Gaussian,ARS Gen 6: Aero Architecture,10000,0.3512,108729,0,3241043243,955105469
f64,Gaussian,ARS Gen 6: Aero (Stable),10000,0.3825,113329,0,3241050692,955113376
f64,Gaussian,Timsort,100000,3.5771,1750484,0,3241112121,955225881
f64,Gaussian,PDQsort,100000,2.3953,1704890,0,3241549439,956238380
f64,Gaussian,Mergesort,100000,3.7800,1750484,0,3241734885,956838409
f64,Gaussian,Heapsort,100000,14.3053,1762947,100000,3242178140,957955581
f64,Gaussian,Introsort,100000,7.0315,1927750,0,3242618709,960020388
f64,Gaussian,Spreadsort / Radix Hybrid,100000,2.8502,0,0,3243120094,965910073
f64,Gaussian,IPS4o,100000,1.1927,1844507,0,3243226695,965913727
f64,Gaussian,Fluxsort,100000,2.7738,1748775,0,3243816484,966015230
f64,Gaussian,RadixLSD,100000,1.7191,0,0,3244342204,966733718
f64,Gaussian,RDST_Serial,100000,2.6879,0,0,3244447115,966734800
f64,Gaussian,RDST_Parallel,100000,2.7019,0,0,3244533496,966736715
f64,Gaussian,Voracious_MT,100000,1.1357,0,0,3244622219,966740763
f64,Gaussian,ARS Gen 5: Optimized Apex (MAIN),100000,1.6412,1591562,0,3244632668,966761280
f64,Gaussian,ARS Gen 5: Optimized Apex (Stable),100000,2.0903,1630422,0,3244652524,966765217
f64,Gaussian,ARS Gen 6: Aero Architecture,100000,1.4067,1435518,0,3244674738,966769435
f64,Gaussian,ARS Gen 6: Aero (Stable),100000,1.7928,1481070,0,3244724980,966777777
f64,Gaussian,Timsort,1000000,42.6544,20804618,0,3246349116,967833648
f64,Gaussian,PDQsort,1000000,28.6738,20434315,0,3260290921,977799552
f64,Gaussian,Mergesort,1000000,43.5132,20804618,0,3265773378,983728307
f64,Gaussian,Heapsort,1000000,643.6664,20927292,1000000,3305649048,994750563
f64,Gaussian,Introsort,1000000,73.2606,23589683,0,3550957134,1016961040
f64,Gaussian,Spreadsort / Radix Hybrid,1000000,16.6019,0,0,3561960334,1088393737
f64,Gaussian,IPS4o,1000000,13.3148,22031904,0,3562985720,1088447104
f64,Gaussian,Fluxsort,1000000,34.4321,20833094,0,3571261000,1089375243
f64,Gaussian,RadixLSD,1000000,18.7160,0,0,3588463801,1096084670
f64,Gaussian,RDST_Serial,1000000,25.8476,0,0,3619787751,1096087905
f64,Gaussian,RDST_Parallel,1000000,16.4235,0,0,3649803009,1096109245
f64,Gaussian,Voracious_MT,1000000,7.1110,0,0,3650096417,1096140851
f64,Gaussian,ARS Gen 5: Optimized Apex (MAIN),1000000,18.6217,17721487,0,3650169074,1096155122
f64,Gaussian,ARS Gen 5: Optimized Apex (Stable),1000000,24.0537,18115607,0,3650215555,1096158781
f64,Gaussian,ARS Gen 6: Aero Architecture,1000000,13.5818,17772284,0,3650417152,1096162827
f64,Gaussian,ARS Gen 6: Aero (Stable),1000000,19.2526,18196097,0,3651702303,1096171471
f64,NearlySorted,Timsort,1000,0.0253,9931,0,3652899023,1096180298
f64,NearlySorted,PDQsort,1000,0.0177,9853,0,3652899121,1096188729
f64,NearlySorted,Mergesort,1000,0.0232,9931,0,3652899172,1096194456
f64,NearlySorted,Heapsort,1000,0.0451,13303,1000,3652899506,1096203277
f64,NearlySorted,Introsort,1000,0.0184,9354,0,3652900541,1096213190
f64,NearlySorted,Spreadsort / Radix Hybrid,1000,0.0230,0,0,3652901955,1096227775
f64,NearlySorted,IPS4o,1000,0.0173,8267,0,3652902198,1096229507
f64,NearlySorted,Fluxsort,1000,0.0241,10235,0,3652902328,1096240782
f64,NearlySorted,RadixLSD,1000,0.0089,0,0,3652902360,1096249558
f64,NearlySorted,RDST_Serial,1000,0.0178,0,0,3652902403,1096249746
f64,NearlySorted,RDST_Parallel,1000,0.0189,0,0,3652902485,1096250111
f64,NearlySorted,Voracious_MT,1000,0.0174,0,0,3652902607,1096251973
f64,NearlySorted,ARS Gen 5: Optimized Apex (MAIN),1000,0.0160,9853,0,3652902636,1096262568
f64,NearlySorted,ARS Gen 5: Optimized Apex (Stable),1000,0.0209,9931,0,3652902640,1096268105
f64,NearlySorted,ARS Gen 6: Aero Architecture,1000,0.0162,9853,0,3652902664,1096276456
f64,NearlySorted,ARS Gen 6: Aero (Stable),1000,0.0211,9931,0,3652902708,1096282339
f64,NearlySorted,Timsort,10000,0.2570,134179,0,3652902757,1096298562
f64,NearlySorted,PDQsort,10000,0.1941,133965,0,3652911106,1096378485
f64,NearlySorted,Mergesort,10000,0.2747,134179,0,3652914870,1096434408
f64,NearlySorted,Heapsort,10000,0.5226,166509,10000,3652921433,1096516521
f64,NearlySorted,Introsort,10000,0.2611,130582,0,3652925577,1096606129
f64,NearlySorted,Spreadsort / Radix Hybrid,10000,0.1931,0,0,3652932906,1096804073
f64,NearlySorted,IPS4o,10000,0.1162,119265,0,3652938787,1096805508
f64,NearlySorted,Fluxsort,10000,0.2080,137693,0,3652947105,1096816710
f64,NearlySorted,RadixLSD,10000,0.0962,0,0,3652954687,1096893605
f64,NearlySorted,RDST_Serial,10000,0.1575,0,0,3652955165,1096894138
f64,NearlySorted,RDST_Parallel,10000,0.1697,0,0,3652955585,1096895281
f64,NearlySorted,Voracious_MT,10000,0.1098,0,0,3652956700,1096897028
f64,NearlySorted,ARS Gen 5: Optimized Apex (MAIN),10000,0.3636,128781,0,3652957182,1096899938
f64,NearlySorted,ARS Gen 5: Optimized Apex (Stable),10000,0.4769,124499,0,3652959837,1096903710
f64,NearlySorted,ARS Gen 6: Aero Architecture,10000,0.2763,112270,0,3652966578,1096907760
f64,NearlySorted,ARS Gen 6: Aero (Stable),10000,0.2377,107027,0,3652969527,1096913340
f64,NearlySorted,Timsort,100000,3.3868,1659381,0,3653021437,1096991420
f64,NearlySorted,PDQsort,100000,2.3820,1713231,0,3653417185,1097690239
f64,NearlySorted,Mergesort,100000,3.2749,1659381,0,3653603132,1098203843
f64,NearlySorted,Heapsort,100000,8.3842,2001807,100000,3654041154,1098924340
f64,NearlySorted,Introsort,100000,3.3225,1672339,0,3654546833,1099797941
f64,NearlySorted,Spreadsort / Radix Hybrid,100000,2.1554,0,0,3654815431,1102172020
f64,NearlySorted,IPS4o,100000,0.8950,1541993,0,3654977108,1102175649
f64,NearlySorted,Fluxsort,100000,2.9148,1694128,0,3655544033,1102265066
f64,NearlySorted,RadixLSD,100000,1.6488,0,0,3656016683,1102889310
f64,NearlySorted,RDST_Serial,100000,2.3813,0,0,3656101596,1102890022
f64,NearlySorted,RDST_Parallel,100000,1.9884,0,0,3656195531,1102891590
f64,NearlySorted,Voracious_MT,100000,0.7314,0,0,3656273379,1102895344
f64,NearlySorted,ARS Gen 5: Optimized Apex (MAIN),100000,2.5739,1664260,0,3656277340,1102914864
f64,NearlySorted,ARS Gen 5: Optimized Apex (Stable),100000,3.0886,1601871,0,3656295896,1102918917
f64,NearlySorted,ARS Gen 6: Aero Architecture,100000,1.5488,1486548,0,3656321597,1102923103
f64,NearlySorted,ARS Gen 6: Aero (Stable),100000,1.8394,1387568,0,3656361050,1102929166
f64,NearlySorted,Timsort,1000000,39.8437,19766931,0,3657869612,1103632856
f64,NearlySorted,PDQsort,1000000,28.7439,20798688,0,3671585137,1110386012
f64,NearlySorted,Mergesort,1000000,39.5652,19766931,0,3678054764,1115392461
f64,NearlySorted,Heapsort,1000000,201.0039,23326601,1000000,3698017136,1122341290
f64,NearlySorted,Introsort,1000000,39.0382,20312191,0,3763068696,1131309810
f64,NearlySorted,Spreadsort / Radix Hybrid,1000000,10.2020,0,0,3773461554,1159408801
f64,NearlySorted,IPS4o,1000000,10.4577,18443534,0,3774349176,1159449121
f64,NearlySorted,Fluxsort,1000000,36.4606,20270526,0,3783107441,1160155872
f64,NearlySorted,RadixLSD,1000000,17.7715,0,0,3798658246,1164867880
f64,NearlySorted,RDST_Serial,1000000,18.8981,0,0,3813498267,1164870213
f64,NearlySorted,RDST_Parallel,1000000,10.3157,0,0,3828237907,1164883574
f64,NearlySorted,Voracious_MT,1000000,6.5525,0,0,3828401960,1164904536
f64,NearlySorted,ARS Gen 5: Optimized Apex (MAIN),1000000,17.8843,18404457,0,3828475956,1164917841
f64,NearlySorted,ARS Gen 5: Optimized Apex (Stable),1000000,23.6205,17478765,0,3828519308,1164921462
f64,NearlySorted,ARS Gen 6: Aero Architecture,1000000,16.8026,18475230,0,3828689148,1164925473
f64,NearlySorted,ARS Gen 6: Aero (Stable),1000000,21.7952,17573612,0,3830052481,1164931882
f64,Duplicates,Timsort,1000,0.0065,3785,0,3831244526,1164937736
f64,Duplicates,PDQsort,1000,0.0044,3782,0,3831244624,1164938877
f64,Duplicates,Mergesort,1000,0.0066,3785,0,3831244660,1164939401
f64,Duplicates,Heapsort,1000,0.0382,10297,1000,3831244688,1164941540
f64,Duplicates,Introsort,1000,0.0119,2270,0,3831244896,1164951767
f64,Duplicates,Spreadsort / Radix Hybrid,1000,0.0260,0,0,3831245011,1164961610
f64,Duplicates,IPS4o,1000,0.0054,3719,0,3831245197,1164962003
f64,Duplicates,Fluxsort,1000,0.0123,4012,0,3831245280,1164965609
f64,Duplicates,RadixLSD,1000,0.0227,0,0,3831245398,1164970825
f64,Duplicates,RDST_Serial,1000,0.0260,0,0,3831245495,1164971069
f64,Duplicates,RDST_Parallel,1000,0.0260,0,0,3831245705,1164971393
f64,Duplicates,Voracious_MT,1000,0.0052,0,0,3831245832,1164971748
f64,Duplicates,ARS Gen 5: Optimized Apex (MAIN),1000,0.0046,3782,0,3831245912,1164974713
f64,Duplicates,ARS Gen 5: Optimized Apex (Stable),1000,0.0065,3785,0,3831246113,1164975248
f64,Duplicates,ARS Gen 6: Aero Architecture,1000,0.0047,3782,0,3831246295,1164976363
f64,Duplicates,ARS Gen 6: Aero (Stable),1000,0.0065,3785,0,3831246636,1164976919
f64,Duplicates,Timsort,10000,0.0587,38741,0,3831246923,1164978350
f64,Duplicates,PDQsort,10000,0.0402,36527,0,3831248250,1164981583
f64,Duplicates,Mergesort,10000,0.0588,38741,0,3831248651,1164982745
f64,Duplicates,Heapsort,10000,0.4939,134950,10000,3831250537,1164995329
f64,Duplicates,Introsort,10000,0.1120,21988,0,3831251835,1165090481
f64,Duplicates,Spreadsort / Radix Hybrid,10000,0.2304,0,0,3831252145,1165186595
f64,Duplicates,IPS4o,10000,0.0713,32134,0,3831255864,1165187807
f64,Duplicates,Fluxsort,10000,0.0468,38861,0,3831263557,1165191245
f64,Duplicates,RadixLSD,10000,0.2070,0,0,3831263946,1165196336
f64,Duplicates,RDST_Serial,10000,0.2312,0,0,3831264086,1165197117
f64,Duplicates,RDST_Parallel,10000,0.2304,0,0,3831267889,1165198131
f64,Duplicates,Voracious_MT,10000,0.0675,0,0,3831269035,1165199396
f64,Duplicates,ARS Gen 5: Optimized Apex (MAIN),10000,0.1158,10001,0,3831269375,1165202146
f64,Duplicates,ARS Gen 5: Optimized Apex (Stable),10000,0.1129,10001,0,3831270141,1165204604
f64,Duplicates,ARS Gen 6: Aero Architecture,10000,0.2041,10001,0,3831270954,1165206869
f64,Duplicates,ARS Gen 6: Aero (Stable),10000,0.2130,10001,0,3831271124,1165211145
f64,Duplicates,Timsort,100000,0.6185,382500,0,3831303062,1165215839
f64,Duplicates,PDQsort,100000,0.4012,382186,0,3831547369,1165224702
f64,Duplicates,Mergesort,100000,0.6012,382500,0,3831644555,1165228315
f64,Duplicates,Heapsort,100000,6.5737,1699155,100000,3831826431,1165323835
f64,Duplicates,Introsort,100000,1.2737,220084,0,3832295205,1166205027
f64,Duplicates,Spreadsort / Radix Hybrid,100000,2.6717,0,0,3832452744,1167097486
f64,Duplicates,IPS4o,100000,0.4464,379900,0,3832711099,1167101314
f64,Duplicates,Fluxsort,100000,0.4429,427981,0,3832984957,1167125476
f64,Duplicates,RadixLSD,100000,2.1452,0,0,3833244423,1167156996
f64,Duplicates,RDST_Serial,100000,2.4663,0,0,3833434652,1167157997
f64,Duplicates,RDST_Parallel,100000,2.4493,0,0,3833635318,1167159773
f64,Duplicates,Voracious_MT,100000,0.4965,0,0,3833834720,1167163469
f64,Duplicates,ARS Gen 5: Optimized Apex (MAIN),100000,0.3185,100003,0,3833855260,1167184153
f64,Duplicates,ARS Gen 5: Optimized Apex (Stable),100000,0.3214,100003,0,3833866128,1167187856
f64,Duplicates,ARS Gen 6: Aero Architecture,100000,0.5612,100003,0,3833882470,1167191498
f64,Duplicates,ARS Gen 6: Aero (Stable),100000,0.5873,100003,0,3833933931,1167196801
f64,Duplicates,Timsort,1000000,8.1603,4609468,0,3835322237,1167204253
f64,Duplicates,PDQsort,1000000,4.4278,3807216,0,3847743907,1167227307
f64,Duplicates,Mergesort,1000000,8.1752,4609468,0,3852695335,1167236241
f64,Duplicates,Heapsort,1000000,105.4510,20262409,1000000,3868709566,1168234603
f64,Duplicates,Introsort,1000000,14.3151,2200910,0,3903669658,1177726846
f64,Duplicates,Spreadsort / Radix Hybrid,1000000,11.0062,0,0,3912640231,1186847161
f64,Duplicates,IPS4o,1000000,5.7546,3400641,0,3913606283,1186869736
f64,Duplicates,Fluxsort,1000000,9.7304,4864423,0,3921892554,1187092901
f64,Duplicates,RadixLSD,1000000,22.6906,0,0,3936661927,1187417694
f64,Duplicates,RDST_Serial,1000000,14.0394,0,0,3962481783,1187420238
f64,Duplicates,RDST_Parallel,1000000,9.5143,0,0,3974332289,1187436040
f64,Duplicates,Voracious_MT,1000000,7.6440,0,0,3974459372,1187455674
f64,Duplicates,ARS Gen 5: Optimized Apex (MAIN),1000000,6.3210,1000003,0,3974522637,1187469333
f64,Duplicates,ARS Gen 5: Optimized Apex (Stable),1000000,6.4893,1000003,0,3974568465,1187473016
f64,Duplicates,ARS Gen 6: Aero Architecture,1000000,4.6952,1000003,0,3974743177,1187476716
f64,Duplicates,ARS Gen 6: Aero (Stable),1000000,4.5879,1000003,0,3976085354,1187482017
f64,Zipfian,Timsort,1000,0.0104,5227,0,3977304254,1187487347
f64,Zipfian,PDQsort,1000,0.0071,5310,0,3977304293,1187491338
f64,Zipfian,Mergesort,1000,0.0103,5227,0,3977304410,1187493678
f64,Zipfian,Heapsort,1000,0.0366,10402,1000,3977304582,1187498692
f64,Zipfian,Introsort,1000,0.0166,3758,0,3977304983,1187511275
f64,Zipfian,Spreadsort / Radix Hybrid,1000,0.0202,0,0,3977305202,1187526803
f64,Zipfian,IPS4o,1000,0.0106,5515,0,3977305340,1187528032
f64,Zipfian,Fluxsort,1000,0.0161,5852,0,3977305388,1187536530
f64,Zipfian,RadixLSD,1000,0.0140,0,0,3977305416,1187543550
f64,Zipfian,RDST_Serial,1000,0.0192,0,0,3977305460,1187543698
f64,Zipfian,RDST_Parallel,1000,0.0197,0,0,3977305531,1187544005
f64,Zipfian,Voracious_MT,1000,0.0113,0,0,3977305575,1187545251
f64,Zipfian,ARS Gen 5: Optimized Apex (MAIN),1000,0.0079,5310,0,3977305605,1187552989
f64,Zipfian,ARS Gen 5: Optimized Apex (Stable),1000,0.0110,5227,0,3977305702,1187555401
f64,Zipfian,ARS Gen 6: Aero Architecture,1000,0.0079,5310,0,3977305904,1187559377
f64,Zipfian,ARS Gen 6: Aero (Stable),1000,0.0109,5227,0,3977306184,1187561739
f64,Zipfian,Timsort,10000,0.0922,54923,0,3977306432,1187567100
f64,Zipfian,PDQsort,10000,0.0631,53567,0,3977308491,1187583226
f64,Zipfian,Mergesort,10000,0.0932,54923,0,3977310895,1187592020
f64,Zipfian,Heapsort,10000,0.5340,137397,10000,3977314604,1187618128
f64,Zipfian,Introsort,10000,0.1732,41224,0,3977333536,1187735127
f64,Zipfian,Spreadsort / Radix Hybrid,10000,0.2012,0,0,3977333614,1187887775
f64,Zipfian,IPS4o,10000,0.1254,54725,0,3977339471,1187889028
f64,Zipfian,Fluxsort,10000,0.0703,59236,0,3977350177,1187893717
f64,Zipfian,RadixLSD,10000,0.0976,0,0,3977350263,1187912327
f64,Zipfian,RDST_Serial,10000,0.1802,0,0,3977353310,1187912908
f64,Zipfian,RDST_Parallel,10000,0.1901,0,0,3977354307,1187914019
f64,Zipfian,Voracious_MT,10000,0.1327,0,0,3977354406,1187915275
f64,Zipfian,ARS Gen 5: Optimized Apex (MAIN),10000,0.1154,10882,0,3977354522,1187917656
f64,Zipfian,ARS Gen 5: Optimized Apex (Stable),10000,0.1221,10934,0,3977357728,1187920456
f64,Zipfian,ARS Gen 6: Aero Architecture,10000,0.2797,14795,0,3977359944,1187923690
f64,Zipfian,ARS Gen 6: Aero (Stable),10000,0.3077,15100,0,3977360197,1187930592
f64,Zipfian,Timsort,100000,0.9386,545908,0,3977441627,1187942877
f64,Zipfian,PDQsort,100000,0.6076,531629,0,3977671733,1188001911
f64,Zipfian,Mergesort,100000,0.9150,545908,0,3977790321,1188034962
f64,Zipfian,Heapsort,100000,8.0498,1714059,100000,3978088620,1188198139
f64,Zipfian,Introsort,100000,1.9981,457104,0,3978489576,1189325819
f64,Zipfian,Spreadsort / Radix Hybrid,100000,2.2466,0,0,3978924961,1190848215
f64,Zipfian,IPS4o,100000,0.5137,559561,0,3979170929,1190851985
f64,Zipfian,Fluxsort,100000,0.7001,662930,0,3979436941,1190880247
f64,Zipfian,RadixLSD,100000,1.2089,0,0,3979673945,1190964914
f64,Zipfian,RDST_Serial,100000,1.9197,0,0,3979858597,1190965665
f64,Zipfian,RDST_Parallel,100000,1.9154,0,0,3980133162,1190967288
f64,Zipfian,Voracious_MT,100000,0.5382,0,0,3980220174,1190970955
f64,Zipfian,ARS Gen 5: Optimized Apex (MAIN),100000,0.3735,123248,0,3980239711,1190989444
f64,Zipfian,ARS Gen 5: Optimized Apex (Stable),100000,0.3375,123655,0,3980249216,1190993053
f64,Zipfian,ARS Gen 6: Aero Architecture,100000,0.6485,153271,0,3980270300,1190996617
f64,Zipfian,ARS Gen 6: Aero (Stable),100000,0.6373,153753,0,3980280827,1191003565
f64,Zipfian,Timsort,1000000,10.8657,6305476,0,3981580536,1191031746
f64,Zipfian,PDQsort,1000000,6.2950,5252743,0,3994548280,1191240947
f64,Zipfian,Mergesort,1000000,11.0285,6305476,0,3999395180,1191360455
f64,Zipfian,Heapsort,1000000,253.5572,20428904,1000000,4024433732,1192726428
f64,Zipfian,Introsort,1000000,19.2470,3843301,0,4134034108,1206374398
f64,Zipfian,Spreadsort / Radix Hybrid,1000000,9.5372,0,0,4143189755,1221452247
f64,Zipfian,IPS4o,1000000,6.8638,5185292,0,4144050355,1221504559
f64,Zipfian,Fluxsort,1000000,12.2772,6971090,0,4152187842,1221718839
f64,Zipfian,RadixLSD,1000000,13.7608,0,0,4166267946,1222334171
f64,Zipfian,RDST_Serial,1000000,15.4680,0,0,4182944721,1222336057
f64,Zipfian,RDST_Parallel,1000000,9.5411,0,0,4197356533,1222354960
f64,Zipfian,Voracious_MT,1000000,6.8211,0,0,4197493943,1222389063
f64,Zipfian,ARS Gen 5: Optimized Apex (MAIN),1000000,6.2500,1096836,0,4197566965,1222402978
f64,Zipfian,ARS Gen 5: Optimized Apex (Stable),1000000,6.0996,1097586,0,4197610573,1222406634
f64,Zipfian,ARS Gen 6: Aero Architecture,1000000,4.7171,1495242,0,4197771476,1222410762
f64,Zipfian,ARS Gen 6: Aero (Stable),1000000,4.7571,1499993,0,4199089258,1222418828
f64,Skewed,Timsort,1000,0.0231,10521,0,4200282544,1222427269
f64,Skewed,PDQsort,1000,0.0146,10233,0,4200282894,1222438192
f64,Skewed,Mergesort,1000,0.0223,10521,0,4200283059,1222444691
f64,Skewed,Heapsort,1000,0.0434,10885,1000,4200283219,1222456777
f64,Skewed,Introsort,1000,0.0334,11624,0,4200283636,1222475643
f64,Skewed,Spreadsort / Radix Hybrid,1000,0.0218,0,0,4200284008,1222508873
f64,Skewed,IPS4o,1000,0.0274,10983,0,4200284178,1222511188
f64,Skewed,Fluxsort,1000,0.0227,10681,0,4200284367,1222530844
f64,Skewed,RadixLSD,1000,0.0141,0,0,4200284395,1222541061
f64,Skewed,RDST_Serial,1000,0.0217,0,0,4200284513,1222541281
f64,Skewed,RDST_Parallel,1000,0.0223,0,0,4200284570,1222541559
f64,Skewed,Voracious_MT,1000,0.0277,0,0,4200284615,1222543822
f64,Skewed,ARS Gen 5: Optimized Apex (MAIN),1000,0.0163,10233,0,4200284635,1222561992
f64,Skewed,ARS Gen 5: Optimized Apex (Stable),1000,0.0242,10521,0,4200284764,1222568382
f64,Skewed,ARS Gen 6: Aero Architecture,1000,0.0164,10233,0,4200285169,1222579126
f64,Skewed,ARS Gen 6: Aero (Stable),1000,0.0239,10521,0,4200285383,1222585774
f64,Skewed,Timsort,10000,0.2800,141412,0,4200285979,1222607409
f64,Skewed,PDQsort,10000,0.1879,136858,0,4200295240,1222714909
f64,Skewed,Mergesort,10000,0.2898,141412,0,4200300814,1222779281
f64,Skewed,Heapsort,10000,0.6593,142540,10000,4200303514,1222897053
f64,Skewed,Introsort,10000,0.4955,154238,0,4200313858,1223089416
f64,Skewed,Spreadsort / Radix Hybrid,10000,0.2292,0,0,4200330872,1223549615
f64,Skewed,IPS4o,10000,0.2042,145675,0,4200331011,1223550867
f64,Skewed,Fluxsort,10000,0.2105,142765,0,4200336723,1223562908
f64,Skewed,RadixLSD,10000,0.1320,0,0,4200347489,1223644535
f64,Skewed,RDST_Serial,10000,0.2280,0,0,4200349832,1223645269
f64,Skewed,RDST_Parallel,10000,0.2415,0,0,4200350097,1223646203
f64,Skewed,Voracious_MT,10000,0.1868,0,0,4200350116,1223647324
f64,Skewed,ARS Gen 5: Optimized Apex (MAIN),10000,0.1373,64177,0,4200352017,1223650341
f64,Skewed,ARS Gen 5: Optimized Apex (Stable),10000,0.1449,67472,0,4200353018,1223652632
f64,Skewed,ARS Gen 6: Aero Architecture,10000,0.1894,60570,0,4200357239,1223655750
f64,Skewed,ARS Gen 6: Aero (Stable),10000,0.2172,63588,0,4200360896,1223664942
f64,Skewed,Timsort,100000,3.4304,1747830,0,4200421551,1223779266
f64,Skewed,PDQsort,100000,2.1468,1707318,0,4200819047,1224787962
f64,Skewed,Mergesort,100000,3.3514,1747830,0,4200973219,1225387490
f64,Skewed,Heapsort,100000,13.6911,1763078,100000,4201394850,1226502396
f64,Skewed,Introsort,100000,6.2676,1971463,0,4201840807,1228576568
f64,Skewed,Spreadsort / Radix Hybrid,100000,2.5155,0,0,4202392767,1234463184
f64,Skewed,IPS4o,100000,1.0987,1833849,0,4202551959,1234466885
f64,Skewed,Fluxsort,100000,2.7537,1749270,0,4203142658,1234567981
f64,Skewed,RadixLSD,100000,1.6433,0,0,4203733353,1235283900
f64,Skewed,RDST_Serial,100000,2.6620,0,0,4203839319,1235284940
f64,Skewed,RDST_Parallel,100000,2.6647,0,0,4204010568,1235286635
f64,Skewed,Voracious_MT,100000,1.0791,0,0,4204105741,1235290430
f64,Skewed,ARS Gen 5: Optimized Apex (MAIN),100000,0.7591,1044025,0,4204114411,1235311104
f64,Skewed,ARS Gen 5: Optimized Apex (Stable),100000,0.9070,1086475,0,4204133136,1235315076
f64,Skewed,ARS Gen 6: Aero Architecture,100000,0.7930,964341,0,4204153772,1235319473
f64,Skewed,ARS Gen 6: Aero (Stable),100000,0.9128,1006107,0,4204178810,1235329261
f64,Skewed,Timsort,1000000,43.7496,20814816,0,4206006113,1236388708
f64,Skewed,PDQsort,1000000,28.5693,20425638,0,4220904857,1246366406
f64,Skewed,Mergesort,1000000,43.3453,20814816,0,4226184521,1252297880
f64,Skewed,Heapsort,1000000,652.3064,20927603,1000000,4266955309,1263327814
f64,Skewed,Introsort,1000000,74.2449,23499926,0,4511835524,1285622725
f64,Skewed,Spreadsort / Radix Hybrid,1000000,16.3740,0,0,4522829411,1357019751
f64,Skewed,IPS4o,1000000,13.3667,21915922,0,4523800664,1357078500
f64,Skewed,Fluxsort,1000000,35.8189,20842433,0,4532155244,1358008926
f64,Skewed,RadixLSD,1000000,19.4352,0,0,4549026853,1364719093
f64,Skewed,RDST_Serial,1000000,25.3012,0,0,4580238158,1364721266
f64,Skewed,RDST_Parallel,1000000,16.7457,0,0,4609705946,1364743893
f64,Skewed,Voracious_MT,1000000,6.8724,0,0,4609948623,1364784642
f64,Skewed,ARS Gen 5: Optimized Apex (MAIN),1000000,9.6388,12074503,0,4610014413,1364798664
f64,Skewed,ARS Gen 5: Optimized Apex (Stable),1000000,11.5094,12502738,0,4610055228,1364802211
f64,Skewed,ARS Gen 6: Aero Architecture,1000000,8.9846,13297450,0,4610233416,1364806312
f64,Skewed,ARS Gen 6: Aero (Stable),1000000,10.8768,13708066,0,4611278456,1364816247
f64,Clustered,Timsort,1000,0.0289,10574,0,4612245048,1364826215
f64,Clustered,PDQsort,1000,0.0173,10366,0,4612245580,1364837331
f64,Clustered,Mergesort,1000,0.0261,10574,0,4612245674,1364843853
f64,Clustered,Heapsort,1000,0.0502,10892,1000,4612245815,1364856005
f64,Clustered,Introsort,1000,0.0372,11687,0,4612246212,1364874821
f64,Clustered,Spreadsort / Radix Hybrid,1000,0.0242,0,0,4612246369,1364907510
f64,Clustered,IPS4o,1000,0.0311,11165,0,4612246477,1364909884
f64,Clustered,Fluxsort,1000,0.0268,10452,0,4612246557,1364929624
f64,Clustered,RadixLSD,1000,0.0164,0,0,4612246632,1364939981
f64,Clustered,RDST_Serial,1000,0.0243,0,0,4612246733,1364940236
f64,Clustered,RDST_Parallel,1000,0.0251,0,0,4612246966,1364940621
f64,Clustered,Voracious_MT,1000,0.0310,0,0,4612247336,1364942800
f64,Clustered,ARS Gen 5: Optimized Apex (MAIN),1000,0.0180,10366,0,4612247482,1364960930
f64,Clustered,ARS Gen 5: Optimized Apex (Stable),1000,0.0265,10574,0,4612247632,1364967457
f64,Clustered,ARS Gen 6: Aero Architecture,1000,0.0181,10366,0,4612247793,1364978499
f64,Clustered,ARS Gen 6: Aero (Stable),1000,0.0264,10574,0,4612247818,1364985325
f64,Clustered,Timsort,10000,0.3068,141425,0,4612248869,1365007417
f64,Clustered,PDQsort,10000,0.2031,137350,0,4612254710,1365115713
f64,Clustered,Mergesort,10000,0.3054,141425,0,4612257947,1365179830
f64,Clustered,Heapsort,10000,0.7257,143034,10000,4612263759,1365297840
f64,Clustered,Introsort,10000,0.5123,154718,0,4612282998,1365489900
f64,Clustered,Spreadsort / Radix Hybrid,10000,0.2477,0,0,4612283456,1365951647
f64,Clustered,IPS4o,10000,0.1538,147606,0,4612290211,1365953003
f64,Clustered,Fluxsort,10000,0.2205,140666,0,4612297199,1365965813
f64,Clustered,RadixLSD,10000,0.1598,0,0,4612310790,1366049320
f64,Clustered,RDST_Serial,10000,0.2554,0,0,4612313648,1366050174
f64,Clustered,RDST_Parallel,10000,0.2704,0,0,4612313958,1366051487
f64,Clustered,Voracious_MT,10000,0.2424,0,0,4612314017,1366052899
f64,Clustered,ARS Gen 5: Optimized Apex (MAIN),10000,0.3230,128151,0,4612314755,1366056143
f64,Clustered,ARS Gen 5: Optimized Apex (Stable),10000,0.4062,132132,0,4612318574,1366059890
f64,Clustered,ARS Gen 6: Aero Architecture,10000,0.4717,118262,0,4612327304,1366065068
f64,Clustered,ARS Gen 6: Aero (Stable),10000,0.5077,121975,0,4612335077,1366073962
f64,Clustered,Timsort,100000,3.1609,1748170,0,4612392169,1366187235
f64,Clustered,PDQsort,100000,2.2139,1706447,0,4612759938,1367198440
f64,Clustered,Mergesort,100000,3.4666,1748170,0,4612950972,1367798808
f64,Clustered,Heapsort,100000,13.9261,1762498,100000,4613380802,1368913045
f64,Clustered,Introsort,100000,6.4268,1931176,0,4613994644,1370982026
f64,Clustered,Spreadsort / Radix Hybrid,100000,2.6530,0,0,4614431609,1376876674
f64,Clustered,IPS4o,100000,1.1320,1802340,0,4614564683,1376880877
f64,Clustered,Fluxsort,100000,2.7825,1747253,0,4615145646,1376980413
f64,Clustered,RadixLSD,100000,1.7868,0,0,4615604943,1377694630
f64,Clustered,RDST_Serial,100000,2.7480,0,0,4615765028,1377695699
f64,Clustered,RDST_Parallel,100000,2.6571,0,0,4615893931,1377697821
f64,Clustered,Voracious_MT,100000,1.1958,0,0,4616008571,1377701889
f64,Clustered,ARS Gen 5: Optimized Apex (MAIN),100000,1.6329,1616659,0,4616026350,1377722439
f64,Clustered,ARS Gen 5: Optimized Apex (Stable),100000,2.1226,1659930,0,4616047580,1377726347
f64,Clustered,ARS Gen 6: Aero Architecture,100000,1.7433,1580398,0,4616076992,1377730484
f64,Clustered,ARS Gen 6: Aero (Stable),100000,2.2962,1616246,0,4616127286,1377737822
f64,Clustered,Timsort,1000000,43.8332,20809582,0,4617689037,1378790710
f64,Clustered,PDQsort,1000000,28.5360,20443464,0,4632700976,1388770665
f64,Clustered,Mergesort,1000000,43.7837,20809582,0,4638059641,1394701116
f64,Clustered,Heapsort,1000000,663.5542,20923073,1000000,4680051130,1405718980
f64,Clustered,Introsort,1000000,74.9489,23322822,0,4923760624,1427825847
f64,Clustered,Spreadsort / Radix Hybrid,1000000,16.5077,0,0,4934639595,1499602046
f64,Clustered,IPS4o,1000000,13.7534,21998438,0,4935629408,1499660261
f64,Clustered,Fluxsort,1000000,36.3893,20868900,0,4944103598,1500595204
f64,Clustered,RadixLSD,1000000,19.7991,0,0,4960316105,1507292541
f64,Clustered,RDST_Serial,1000000,25.7191,0,0,4991911970,1507295612
f64,Clustered,RDST_Parallel,1000000,16.1221,0,0,5021144355,1507317707
f64,Clustered,Voracious_MT,1000000,9.1539,0,0,5021367691,1507359022
f64,Clustered,ARS Gen 5: Optimized Apex (MAIN),1000000,18.8602,18727604,0,5021440902,1507372887
f64,Clustered,ARS Gen 5: Optimized Apex (Stable),1000000,26.8023,19112360,0,5021487155,1507376429
f64,Clustered,ARS Gen 6: Aero Architecture,1000000,16.9452,18727604,0,5021656319,1507380298
f64,Clustered,ARS Gen 6: Aero (Stable),1000000,25.5664,19112360,0,5023038092,1507388781
f64,BucketCollapse,Timsort,1000,0.0263,10711,0,5024248454,1507397774
f64,BucketCollapse,PDQsort,1000,0.0154,10353,0,5024248507,1507409110
f64,BucketCollapse,Mergesort,1000,0.0230,10711,0,5024248567,1507415617
f64,BucketCollapse,Heapsort,1000,0.0434,10873,1000,5024248810,1507428058
f64,BucketCollapse,Introsort,1000,0.0321,11736,0,5024249156,1507447049
f64,BucketCollapse,Spreadsort / Radix Hybrid,1000,0.0654,0,0,5024249667,1507479799
f64,BucketCollapse,IPS4o,1000,0.0247,10835,0,5024250680,1507482238
f64,BucketCollapse,Fluxsort,1000,0.0219,10583,0,5024250780,1507501976
f64,BucketCollapse,RadixLSD,1000,0.0072,0,0,5024250817,1507512388
f64,BucketCollapse,RDST_Serial,1000,0.0199,0,0,5024250863,1507512541
f64,BucketCollapse,RDST_Parallel,1000,0.0650,0,0,5024250900,1507512922
f64,BucketCollapse,Voracious_MT,1000,0.0269,0,0,5024250934,1507515081
f64,BucketCollapse,ARS Gen 5: Optimized Apex (MAIN),1000,0.0158,10353,0,5024250941,1507533184
f64,BucketCollapse,ARS Gen 5: Optimized Apex (Stable),1000,0.0243,10711,0,5024250978,1507539589
f64,BucketCollapse,ARS Gen 6: Aero Architecture,1000,0.0162,10353,0,5024251007,1507550739
f64,BucketCollapse,ARS Gen 6: Aero (Stable),1000,0.0234,10711,0,5024251027,1507557431
f64,BucketCollapse,Timsort,10000,0.2810,141221,0,5024251039,1507579073
f64,BucketCollapse,PDQsort,10000,0.1873,136854,0,5024260644,1507687556
f64,BucketCollapse,Mergesort,10000,0.2900,141221,0,5024265540,1507751149
f64,BucketCollapse,Heapsort,10000,0.6895,142860,10000,5024270561,1507868988
f64,BucketCollapse,Introsort,10000,0.4931,155750,0,5024287548,1508060943
f64,BucketCollapse,Spreadsort / Radix Hybrid,10000,0.3279,0,0,5024290427,1508521712
f64,BucketCollapse,IPS4o,10000,0.1720,146130,0,5024294491,1508522689
f64,BucketCollapse,Fluxsort,10000,0.2094,142007,0,5024308554,1508535259
f64,BucketCollapse,RadixLSD,10000,0.0752,0,0,5024308699,1508616383
f64,BucketCollapse,RDST_Serial,10000,0.1743,0,0,5024308708,1508616816
f64,BucketCollapse,RDST_Parallel,10000,0.3083,0,0,5024309645,1508617895
f64,BucketCollapse,Voracious_MT,10000,0.1575,0,0,5024310150,1508618644
f64,BucketCollapse,ARS Gen 5: Optimized Apex (MAIN),10000,0.1317,51701,0,5024310275,1508621488
f64,BucketCollapse,ARS Gen 5: Optimized Apex (Stable),10000,0.1463,57502,0,5024313095,1508624166
f64,BucketCollapse,ARS Gen 6: Aero Architecture,10000,0.1755,58992,0,5024313581,1508627686
f64,BucketCollapse,ARS Gen 6: Aero (Stable),10000,0.1559,62134,0,5024322783,1508638911
f64,BucketCollapse,Timsort,100000,3.6819,1746843,0,5024387908,1508754791
f64,BucketCollapse,PDQsort,100000,2.3528,1706432,0,5024726761,1509768441
f64,BucketCollapse,Mergesort,100000,3.6371,1746843,0,5024905265,1510368780
f64,BucketCollapse,Heapsort,100000,14.7843,1762747,100000,5025331521,1511487011
f64,BucketCollapse,Introsort,100000,6.6975,1941417,0,5025932339,1513564747
f64,BucketCollapse,Spreadsort / Radix Hybrid,100000,1.9674,0,0,5026393779,1519457905
f64,BucketCollapse,IPS4o,100000,1.2057,1811585,0,5026454707,1519460929
f64,BucketCollapse,Fluxsort,100000,2.7844,1748674,0,5027002830,1519561573
f64,BucketCollapse,RadixLSD,100000,0.8207,0,0,5027458107,1520278293
f64,BucketCollapse,RDST_Serial,100000,1.9831,0,0,5027667540,1520278892
f64,BucketCollapse,RDST_Parallel,100000,1.9365,0,0,5027673701,1520280262
f64,BucketCollapse,Voracious_MT,100000,1.0538,0,0,5027687982,1520283528
f64,BucketCollapse,ARS Gen 5: Optimized Apex (MAIN),100000,0.5758,881682,0,5027700134,1520304041
f64,BucketCollapse,ARS Gen 5: Optimized Apex (Stable),100000,0.8190,917862,0,5027717094,1520307620
f64,BucketCollapse,ARS Gen 6: Aero Architecture,100000,0.8393,948246,0,5027738422,1520312412
f64,BucketCollapse,ARS Gen 6: Aero (Stable),100000,0.9310,985629,0,5027767505,1520326868
f64,BucketCollapse,Timsort,1000000,45.9041,20781163,0,5029472743,1521396622
f64,BucketCollapse,PDQsort,1000000,30.3365,20377490,0,5043747111,1531419640
f64,BucketCollapse,Mergesort,1000000,45.5047,20781163,0,5049156135,1537373205
f64,BucketCollapse,Heapsort,1000000,652.6854,20926054,1000000,5089783399,1548444459
f64,BucketCollapse,Introsort,1000000,73.8706,23275397,0,5333563447,1570767614
f64,BucketCollapse,Spreadsort / Radix Hybrid,1000000,7.0289,0,0,5344455127,1642411812
f64,BucketCollapse,IPS4o,1000000,13.2878,21566668,0,5345283647,1642434202
f64,BucketCollapse,Fluxsort,1000000,33.9625,20819419,0,5353805585,1643367189
f64,BucketCollapse,RadixLSD,1000000,9.7564,0,0,5368382654,1650075061
f64,BucketCollapse,RDST_Serial,1000000,18.3058,0,0,5383658342,1650077028
f64,BucketCollapse,RDST_Parallel,1000000,7.6533,0,0,5395068546,1650102771
f64,BucketCollapse,Voracious_MT,1000000,6.6138,0,0,5395088142,1650105708
f64,BucketCollapse,ARS Gen 5: Optimized Apex (MAIN),1000000,9.1614,10163710,0,5395149654,1650118724
f64,BucketCollapse,ARS Gen 5: Optimized Apex (Stable),1000000,10.8285,10567168,0,5395190308,1650122076
f64,BucketCollapse,ARS Gen 6: Aero Architecture,1000000,8.8966,12817222,0,5395314871,1650126497
f64,BucketCollapse,ARS Gen 6: Aero (Stable),1000000,10.5631,13234504,0,5396292254,1650141982
f64,LowCardinality,Timsort,1000,0.0121,5685,0,5397212746,1650156274
f64,LowCardinality,PDQsort,1000,0.0078,5642,0,5397212785,1650158876
f64,LowCardinality,Mergesort,1000,0.0113,5685,0,5397212785,1650160218
f64,LowCardinality,Heapsort,1000,0.0450,10630,1000,5397212856,1650163987
f64,LowCardinality,Introsort,1000,0.0206,4874,0,5397213333,1650177053
f64,LowCardinality,Spreadsort / Radix Hybrid,1000,0.0706,0,0,5397213527,1650194419
f64,LowCardinality,IPS4o,1000,0.0106,5389,0,5397213789,1650195127
f64,LowCardinality,Fluxsort,1000,0.0234,6318,0,5397214410,1650200126
f64,LowCardinality,RadixLSD,1000,0.0205,0,0,5397215494,1650208056
f64,LowCardinality,RDST_Serial,1000,0.0265,0,0,5397216160,1650208344
f64,LowCardinality,RDST_Parallel,1000,0.0728,0,0,5397216658,1650208979
f64,LowCardinality,Voracious_MT,1000,0.0104,0,0,5397216833,1650209660
f64,LowCardinality,ARS Gen 5: Optimized Apex (MAIN),1000,0.0076,5642,0,5397216862,1650213922
f64,LowCardinality,ARS Gen 5: Optimized Apex (Stable),1000,0.0109,5685,0,5397216911,1650215248
f64,LowCardinality,ARS Gen 6: Aero Architecture,1000,0.0076,5642,0,5397216956,1650217839
f64,LowCardinality,ARS Gen 6: Aero (Stable),1000,0.0112,5685,0,5397216974,1650219141
f64,LowCardinality,Timsort,10000,0.0922,54008,0,5397216982,1650222146
f64,LowCardinality,PDQsort,10000,0.0665,53901,0,5397220346,1650227554
f64,LowCardinality,Mergesort,10000,0.0957,54008,0,5397221388,1650229850
f64,LowCardinality,Heapsort,10000,0.6359,140099,10000,5397223945,1650246301
f64,LowCardinality,Introsort,10000,0.2141,36290,0,5397231936,1650363675
f64,LowCardinality,Spreadsort / Radix Hybrid,10000,0.3276,0,0,5397232321,1650526061
f64,LowCardinality,IPS4o,10000,0.0833,53251,0,5397235224,1650527091
f64,LowCardinality,Fluxsort,10000,0.0666,57912,0,5397243227,1650531267
f64,LowCardinality,RadixLSD,10000,0.1847,0,0,5397243302,1650539238
f64,LowCardinality,RDST_Serial,10000,0.2201,0,0,5397245444,1650540106
f64,LowCardinality,RDST_Parallel,10000,0.2993,0,0,5397247428,1650541589
f64,LowCardinality,Voracious_MT,10000,0.0851,0,0,5397247560,1650542416
f64,LowCardinality,ARS Gen 5: Optimized Apex (MAIN),10000,0.1128,9990,0,5397247719,1650545196
f64,LowCardinality,ARS Gen 5: Optimized Apex (Stable),10000,0.1141,9990,0,5397249341,1650547004
f64,LowCardinality,ARS Gen 6: Aero Architecture,10000,0.1717,9990,0,5397249771,1650549764
f64,LowCardinality,ARS Gen 6: Aero (Stable),10000,0.1743,9990,0,5397250211,1650554392
f64,LowCardinality,Timsort,100000,0.7433,529989,0,5397278078,1650559847
f64,LowCardinality,PDQsort,100000,0.5227,529563,0,5397479996,1650572235
f64,LowCardinality,Mergesort,100000,0.8090,529989,0,5397567520,1650578886
f64,LowCardinality,Heapsort,100000,7.0488,1733499,100000,5397927101,1650701623
f64,LowCardinality,Introsort,100000,1.8841,428763,0,5398379789,1651851851
f64,LowCardinality,Spreadsort / Radix Hybrid,100000,2.1038,0,0,5398596520,1653453402
f64,LowCardinality,IPS4o,100000,0.5963,550110,0,5398662733,1653456414
f64,LowCardinality,Fluxsort,100000,0.5941,670380,0,5399039723,1653481300
f64,LowCardinality,RadixLSD,100000,1.9685,0,0,5399252938,1653516267
f64,LowCardinality,RDST_Serial,100000,2.3715,0,0,5399402666,1653517276
f64,LowCardinality,RDST_Parallel,100000,2.1587,0,0,5399478798,1653519396
f64,LowCardinality,Voracious_MT,100000,0.5886,0,0,5399499990,1653522365
f64,LowCardinality,ARS Gen 5: Optimized Apex (MAIN),100000,0.3382,99994,0,5399516506,1653542573
f64,LowCardinality,ARS Gen 5: Optimized Apex (Stable),100000,0.3313,99994,0,5399525405,1653546197
f64,LowCardinality,ARS Gen 6: Aero Architecture,100000,0.4922,99994,0,5399535408,1653549905
f64,LowCardinality,ARS Gen 6: Aero (Stable),100000,0.4253,99994,0,5399556867,1653555816
f64,LowCardinality,Timsort,1000000,10.7601,6141662,0,5401195974,1653564924
f64,LowCardinality,PDQsort,1000000,6.3498,5201350,0,5413693189,1653595149
f64,LowCardinality,Mergesort,1000000,10.7459,6141662,0,5418507256,1653611396
f64,LowCardinality,Heapsort,1000000,167.0883,20604105,1000000,5436953121,1654993017
f64,LowCardinality,Introsort,1000000,21.3622,3749125,0,5497968536,1667996060
f64,LowCardinality,Spreadsort / Radix Hybrid,1000000,7.6278,0,0,5507283026,1683418367
f64,LowCardinality,IPS4o,1000000,6.5646,5062770,0,5508034537,1683441166
f64,LowCardinality,Fluxsort,1000000,12.0631,7116456,0,5515929743,1683665867
f64,LowCardinality,RadixLSD,1000000,21.8430,0,0,5531356566,1683998992
f64,LowCardinality,RDST_Serial,1000000,18.0263,0,0,5556953910,1684001991
f64,LowCardinality,RDST_Parallel,1000000,7.3243,0,0,5565450899,1684016302
f64,LowCardinality,Voracious_MT,1000000,5.0629,0,0,5565472164,1684019729
f64,LowCardinality,ARS Gen 5: Optimized Apex (MAIN),1000000,6.2885,999990,0,5565536311,1684032750
f64,LowCardinality,ARS Gen 5: Optimized Apex (Stable),1000000,6.2137,999990,0,5565578540,1684035985
f64,LowCardinality,ARS Gen 6: Aero Architecture,1000000,4.3537,999990,0,5565741282,1684039755
f64,LowCardinality,ARS Gen 6: Aero (Stable),1000000,4.4191,999990,0,5566924636,1684046716
f64,PrefixCollision,Timsort,1000,0.0230,10711,0,5568023647,1684053986
f64,PrefixCollision,PDQsort,1000,0.0153,10353,0,5568023715,1684065231
f64,PrefixCollision,Mergesort,1000,0.0236,10711,0,5568023765,1684071741
f64,PrefixCollision,Heapsort,1000,0.0447,10873,1000,5568023851,1684084271
f64,PrefixCollision,Introsort,1000,0.0303,11736,0,5568024118,1684103284
f64,PrefixCollision,Spreadsort / Radix Hybrid,1000,0.0805,0,0,5568024239,1684135792
f64,PrefixCollision,IPS4o,1000,0.0279,10835,0,5568024476,1684137992
f64,PrefixCollision,Fluxsort,1000,0.0239,10583,0,5568024767,1684157649
f64,PrefixCollision,RadixLSD,1000,0.0079,0,0,5568025147,1684168143
f64,PrefixCollision,RDST_Serial,1000,0.0217,0,0,5568025283,1684168287
f64,PrefixCollision,RDST_Parallel,1000,0.0704,0,0,5568025501,1684168703
f64,PrefixCollision,Voracious_MT,1000,0.0284,0,0,5568025731,1684171023
f64,PrefixCollision,ARS Gen 5: Optimized Apex (MAIN),1000,0.0162,10353,0,5568025737,1684189156
f64,PrefixCollision,ARS Gen 5: Optimized Apex (Stable),1000,0.0222,10711,0,5568025787,1684195588
f64,PrefixCollision,ARS Gen 6: Aero Architecture,1000,0.0155,10353,0,5568025885,1684206688
f64,PrefixCollision,ARS Gen 6: Aero (Stable),1000,0.0222,10711,0,5568025938,1684213417
f64,PrefixCollision,Timsort,10000,0.2657,141221,0,5568029797,1684234863
f64,PrefixCollision,PDQsort,10000,0.1869,136854,0,5568033099,1684343106
f64,PrefixCollision,Mergesort,10000,0.2891,141221,0,5568039416,1684406623
f64,PrefixCollision,Heapsort,10000,0.6998,142860,10000,5568045196,1684524382
f64,PrefixCollision,Introsort,10000,0.4948,155750,0,5568056457,1684716195
f64,PrefixCollision,Spreadsort / Radix Hybrid,10000,0.3325,0,0,5568068668,1685177772
f64,PrefixCollision,IPS4o,10000,0.1605,146130,0,5568070448,1685178592
f64,PrefixCollision,Fluxsort,10000,0.2110,142007,0,5568077611,1685191014
f64,PrefixCollision,RadixLSD,10000,0.0719,0,0,5568089284,1685272951
f64,PrefixCollision,RDST_Serial,10000,0.1741,0,0,5568091552,1685273473
f64,PrefixCollision,RDST_Parallel,10000,0.2813,0,0,5568091848,1685274491
f64,PrefixCollision,Voracious_MT,10000,0.1455,0,0,5568091897,1685275317
f64,PrefixCollision,ARS Gen 5: Optimized Apex (MAIN),10000,0.1298,51701,0,5568092030,1685278429
f64,PrefixCollision,ARS Gen 5: Optimized Apex (Stable),10000,0.1488,57502,0,5568092141,1685280720
f64,PrefixCollision,ARS Gen 6: Aero Architecture,10000,0.1429,58992,0,5568096620,1685284383
f64,PrefixCollision,ARS Gen 6: Aero (Stable),10000,0.1353,62134,0,5568098840,1685295400
f64,PrefixCollision,Timsort,100000,3.2121,1746843,0,5568155725,1685411270
f64,PrefixCollision,PDQsort,100000,2.1972,1706432,0,5568570971,1686422734
f64,PrefixCollision,Mergesort,100000,3.3855,1746843,0,5568734186,1687021743
f64,PrefixCollision,Heapsort,100000,13.6204,1762747,100000,5569222666,1688135566
f64,PrefixCollision,Introsort,100000,6.2489,1941417,0,5569677271,1690212181
f64,PrefixCollision,Spreadsort / Radix Hybrid,100000,2.0825,0,0,5570176241,1696104300
f64,PrefixCollision,IPS4o,100000,1.1013,1811585,0,5570234179,1696107436
f64,PrefixCollision,Fluxsort,100000,2.9300,1748674,0,5570823551,1696207819
f64,PrefixCollision,RadixLSD,100000,0.9012,0,0,5571352899,1696923899
f64,PrefixCollision,RDST_Serial,100000,2.0227,0,0,5571482499,1696924476
f64,PrefixCollision,RDST_Parallel,100000,1.9401,0,0,5571601631,1696925906
f64,PrefixCollision,Voracious_MT,100000,1.0674,0,0,5571606802,1696928926
f64,PrefixCollision,ARS Gen 5: Optimized Apex (MAIN),100000,0.6159,881682,0,5571623518,1696949768
f64,PrefixCollision,ARS Gen 5: Optimized Apex (Stable),100000,0.7757,917862,0,5571640733,1696953286
f64,PrefixCollision,ARS Gen 6: Aero Architecture,100000,0.8267,948246,0,5571669516,1696958116
f64,PrefixCollision,ARS Gen 6: Aero (Stable),100000,0.9911,985629,0,5571693275,1696972876
f64,PrefixCollision,Timsort,1000000,46.9140,20781163,0,5573546286,1698043440
f64,PrefixCollision,PDQsort,1000000,30.6042,20377490,0,5588093801,1708068824
f64,PrefixCollision,Mergesort,1000000,46.3968,20781163,0,5593547656,1714017443
f64,PrefixCollision,Heapsort,1000000,649.2947,20926054,1000000,5635514458,1725088267
f64,PrefixCollision,Introsort,1000000,79.6600,23275397,0,5880741124,1747435161
f64,PrefixCollision,Spreadsort / Radix Hybrid,1000000,7.8000,0,0,5891758358,1819072117
f64,PrefixCollision,IPS4o,1000000,13.0487,21566668,0,5892519926,1819094677
f64,PrefixCollision,Fluxsort,1000000,35.3316,20819419,0,5901000073,1820026854
f64,PrefixCollision,RadixLSD,1000000,10.0581,0,0,5915994464,1826729004
f64,PrefixCollision,RDST_Serial,1000000,18.6967,0,0,5930515876,1826730914
f64,PrefixCollision,RDST_Parallel,1000000,7.5968,0,0,5942132041,1826758090
f64,PrefixCollision,Voracious_MT,1000000,7.2284,0,0,5942152431,1826761204
f64,PrefixCollision,ARS Gen 5: Optimized Apex (MAIN),1000000,9.2328,10163710,0,5942213526,1826773969
f64,PrefixCollision,ARS Gen 5: Optimized Apex (Stable),1000000,10.8166,10567168,0,5942253555,1826777159
f64,PrefixCollision,ARS Gen 6: Aero Architecture,1000000,8.7650,12817222,0,5942387011,1826781531
f64,PrefixCollision,ARS Gen 6: Aero (Stable),1000000,10.7547,13234504,0,5943391705,1826797026
String,Random,Timsort,1000,0.0700,10844,0,5944209953,1826813330
String,Random,PDQsort,1000,0.0645,10207,0,5944210530,1826830572
String,Random,Mergesort,1000,0.0768,10844,0,5944213986,1826852044
String,Random,Heapsort,1000,0.2308,10925,1000,5944214048,1826876411
String,Random,Introsort,1000,0.1206,10783,0,5944218303,1826907886
String,Random,Spreadsort / Radix Hybrid,1000,0.0678,0,0,5944219457,1826957795
String,Random,IPS4o,1000,0.0846,11253,0,5944219548,1826975752
String,Random,Fluxsort,1000,0.1008,10694,0,5944222192,1827009178
String,Random,AFSort,1000,0.0560,0,0,5944223371,1827048271
String,Random,UniversalRadix,1000,0.2810,0,0,5944224639,1827063455
String,Random,ARS Gen 5: Optimized Apex (MAIN),1000,0.0737,10207,0,5944229042,1827072886
String,Random,ARS Gen 5: Optimized Apex (Stable),1000,0.0820,10844,0,5944230092,1827096093
String,Random,ARS Gen 6: Aero Architecture,1000,0.0734,10207,0,5944230505,1827122620
String,Random,ARS Gen 6: Aero (Stable),1000,0.0850,10844,0,5944232751,1827146061
String,Random,Timsort,10000,1.0976,141870,0,5944254194,1827187061
String,Random,PDQsort,10000,0.8864,137543,0,5944302712,1827465099
String,Random,Mergesort,10000,1.1023,141870,0,5944343335,1827686785
String,Random,Heapsort,10000,3.7397,143174,10000,5944368104,1827981306
String,Random,Introsort,10000,1.5264,147715,0,5944457327,1828348653
String,Random,Spreadsort / Radix Hybrid,10000,0.9213,0,0,5944516689,1828949748
String,Random,IPS4o,10000,0.3942,147362,0,5944539612,1829143580
String,Random,Fluxsort,10000,1.0132,141893,0,5944562001,1829182115
String,Random,AFSort,10000,0.6712,0,0,5944586101,1829522492
String,Random,UniversalRadix,10000,3.3153,0,0,5944612178,1829671672
String,Random,ARS Gen 5: Optimized Apex (MAIN),10000,0.2431,66871,0,5944638153,1829729564
String,Random,ARS Gen 5: Optimized Apex (Stable),10000,0.2306,70417,0,5944640821,1829731897
String,Random,ARS Gen 6: Aero Architecture,10000,0.3888,61941,0,5944645223,1829735605
String,Random,ARS Gen 6: Aero (Stable),10000,0.3684,65193,0,5944651598,1829746100
String,Random,Timsort,100000,12.8458,1757941,0,5945345409,1830007433
String,Random,PDQsort,100000,11.0907,1717013,0,5950641331,1832575871
String,Random,Mergesort,100000,12.7427,1757941,0,5954232447,1835011595
String,Random,Heapsort,100000,53.1898,1763370,100000,5960010077,1837920617
String,Random,Introsort,100000,20.2158,1890604,0,5974608814,1841961200
String,Random,Spreadsort / Radix Hybrid,100000,11.0769,0,0,5979868233,1849728462
String,Random,IPS4o,100000,3.6326,1823346,0,5981829359,1852163125
String,Random,Fluxsort,100000,14.1840,1749474,0,5983403713,1852577869
String,Random,AFSort,100000,8.5897,0,0,5986397960,1856285769
String,Random,UniversalRadix,100000,53.9321,0,0,5992143679,1857785556
String,Random,ARS Gen 5: Optimized Apex (MAIN),100000,2.8773,1031472,0,6027228446,1858326605
String,Random,ARS Gen 5: Optimized Apex (Stable),100000,3.1607,1071367,0,6027253640,1858329847
String,Random,ARS Gen 6: Aero Architecture,100000,3.1106,975822,0,6027302743,1858333921
String,Random,ARS Gen 6: Aero (Stable),100000,3.2939,1017712,0,6027644377,1858345054
String,Random,Timsort,1000000,351.8054,20898765,0,6065613047,1862130412
String,Random,PDQsort,1000000,245.3941,20530943,0,6437810453,1897766413
String,Random,Mergesort,1000000,349.6960,20898765,0,6758437709,1929730329
String,Random,Heapsort,1000000,2540.6758,20924442,1000000,7252883778,1962216184
String,Random,Introsort,1000000,318.1736,22500493,0,8789893067,2013772217
String,Random,Spreadsort / Radix Hybrid,1000000,241.9874,0,0,9085212439,2106834097
String,Random,IPS4o,1000000,127.4458,21882944,0,9367689932,2135902190
String,Random,Fluxsort,1000000,272.4603,20826175,0,9409858728,2140373198
String,Random,AFSort,1000000,177.1649,0,0,9701758907,2182530300
String,Random,UniversalRadix,1000000,1297.2717,0,0,9957037791,2196811147
String,Random,ARS Gen 5: Optimized Apex (MAIN),1000000,51.1364,12250452,0,11164709228,2202350177
String,Random,ARS Gen 5: Optimized Apex (Stable),1000000,55.4303,12671512,0,11164754428,2202353561
String,Random,ARS Gen 6: Aero Architecture,1000000,63.9834,13281837,0,11165222569,2202357902
String,Random,ARS Gen 6: Aero (Stable),1000000,72.3140,13690148,0,11169134770,2202370126
String,Gaussian,Timsort,1000,0.1079,10844,0,11172853251,2202384277
String,Gaussian,PDQsort,1000,0.0930,10207,0,11172854805,2202409497
String,Gaussian,Mergesort,1000,0.1033,10844,0,11172861153,2202431605
String,Gaussian,Heapsort,1000,0.2667,10925,1000,11172870693,2202457905
String,Gaussian,Introsort,1000,0.1226,10783,0,11172870921,2202494366
String,Gaussian,Spreadsort / Radix Hybrid,1000,0.0706,0,0,11172873721,2202543353
String,Gaussian,IPS4o,1000,0.0774,11253,0,11172874522,2202563337
String,Gaussian,Fluxsort,1000,0.0888,10694,0,11172874948,2202595271
String,Gaussian,AFSort,1000,0.0515,0,0,11172877994,2202634186
String,Gaussian,UniversalRadix,1000,0.2426,0,0,11172880160,2202649653
String,Gaussian,ARS Gen 5: Optimized Apex (MAIN),1000,0.0591,10207,0,11172882110,2202659236
String,Gaussian,ARS Gen 5: Optimized Apex (Stable),1000,0.0647,10844,0,11172882255,2202681728
String,Gaussian,ARS Gen 6: Aero Architecture,1000,0.0555,10207,0,11172885068,2202707077
String,Gaussian,ARS Gen 6: Aero (Stable),1000,0.0645,10844,0,11172885801,2202729176
String,Gaussian,Timsort,10000,0.7765,141870,0,11172911086,2202776602
String,Gaussian,PDQsort,10000,0.7172,137543,0,11172926528,2203016844
String,Gaussian,Mergesort,10000,0.8287,141870,0,11172968607,2203243238
String,Gaussian,Heapsort,10000,2.8884,143174,10000,11172994330,2203499650
String,Gaussian,Introsort,10000,1.3245,147715,0,11173074384,2203840564
String,Gaussian,Spreadsort / Radix Hybrid,10000,0.7631,0,0,11173115566,2204471017
String,Gaussian,IPS4o,10000,0.5572,147362,0,11173128399,2204677026
String,Gaussian,Fluxsort,10000,0.8943,141893,0,11173192007,2204716999
String,Gaussian,AFSort,10000,0.5437,0,0,11173257216,2205054099
String,Gaussian,UniversalRadix,10000,2.6865,0,0,11173276943,2205206142
String,Gaussian,ARS Gen 5: Optimized Apex (MAIN),10000,0.2176,66871,0,11173312904,2205264370
String,Gaussian,ARS Gen 5: Optimized Apex (Stable),10000,0.2326,70417,0,11173318214,2205267334
String,Gaussian,ARS Gen 6: Aero Architecture,10000,0.3476,61941,0,11173325361,2205271137
String,Gaussian,ARS Gen 6: Aero (Stable),10000,0.3673,65193,0,11173329489,2205281784
String,Gaussian,Timsort,100000,12.6671,1757941,0,11174003414,2205585695
String,Gaussian,PDQsort,100000,10.6040,1717013,0,11179374756,2208241345
String,Gaussian,Mergesort,100000,12.6433,1757941,0,11182365306,2210644494
String,Gaussian,Heapsort,100000,52.4823,1763370,100000,11189090070,2213448228
String,Gaussian,Introsort,100000,18.9785,1890604,0,11202851765,2217272628
String,Gaussian,Spreadsort / Radix Hybrid,100000,10.5264,0,0,11206420827,2225164435
String,Gaussian,IPS4o,100000,3.6982,1823346,0,11208620542,2227342837
String,Gaussian,Fluxsort,100000,14.1962,1749474,0,11210218871,2227758539
String,Gaussian,AFSort,100000,8.2643,0,0,11213846570,2231464741
String,Gaussian,UniversalRadix,100000,54.2358,0,0,11219402349,2233039655
String,Gaussian,ARS Gen 5: Optimized Apex (MAIN),100000,2.9688,1031472,0,11254106551,2233581041
String,Gaussian,ARS Gen 5: Optimized Apex (Stable),100000,3.1049,1071367,0,11254134087,2233584501
String,Gaussian,ARS Gen 6: Aero Architecture,100000,2.9707,975822,0,11254203631,2233588813
String,Gaussian,ARS Gen 6: Aero (Stable),100000,3.1595,1017712,0,11254522975,2233600349
String,Gaussian,Timsort,1000000,349.1743,20898765,0,11290917661,2236338004
String,Gaussian,PDQsort,1000000,274.4434,20530943,0,11654374131,2266976628
String,Gaussian,Mergesort,1000000,361.7966,20898765,0,11980503715,2295852614
String,Gaussian,Heapsort,1000000,2630.7706,20924442,1000000,12486153013,2326084118
String,Gaussian,Introsort,1000000,323.5407,22500493,0,14036812274,2372946256
String,Gaussian,Spreadsort / Radix Hybrid,1000000,277.3301,0,0,14335294873,2466773905
String,Gaussian,IPS4o,1000000,129.4932,21882944,0,14624455817,2493397932
String,Gaussian,Fluxsort,1000000,270.5126,20826175,0,14665357336,2497727788
String,Gaussian,AFSort,1000000,192.6826,0,0,14950564699,2534864022
String,Gaussian,UniversalRadix,1000000,1437.6514,0,0,15208683845,2548682025
String,Gaussian,ARS Gen 5: Optimized Apex (MAIN),1000000,51.2526,12250452,0,16432018822,2554222505
String,Gaussian,ARS Gen 5: Optimized Apex (Stable),1000000,56.5611,12671512,0,16432064403,2554226017
String,Gaussian,ARS Gen 6: Aero Architecture,1000000,64.8818,13281837,0,16432530921,2554230572
String,Gaussian,ARS Gen 6: Aero (Stable),1000000,76.4851,13690148,0,16436381015,2554242901
String,NearlySorted,Timsort,1000,0.0921,9467,0,16439994485,2554256089
String,NearlySorted,PDQsort,1000,0.0850,9624,0,16439997508,2554274126
String,NearlySorted,Mergesort,1000,0.0818,9467,0,16439998120,2554292201
String,NearlySorted,Heapsort,1000,0.2654,13303,1000,16439998361,2554312523
String,NearlySorted,Introsort,1000,0.0786,8979,0,16440005349,2554348074
String,NearlySorted,Spreadsort / Radix Hybrid,1000,0.0652,0,0,16440006448,2554376707
String,NearlySorted,IPS4o,1000,0.0529,8267,0,16440008255,2554393971
String,NearlySorted,Fluxsort,1000,0.0783,10235,0,16440010269,2554415857
String,NearlySorted,AFSort,1000,0.0589,0,0,16440010634,2554444507
String,NearlySorted,UniversalRadix,1000,0.2440,0,0,16440011640,2554451853
String,NearlySorted,ARS Gen 5: Optimized Apex (MAIN),1000,0.0535,9624,0,16440020109,2554461613
String,NearlySorted,ARS Gen 5: Optimized Apex (Stable),1000,0.0532,9467,0,16440020554,2554479579
String,NearlySorted,ARS Gen 6: Aero Architecture,1000,0.0517,9624,0,16440021675,2554497501
String,NearlySorted,ARS Gen 6: Aero (Stable),1000,0.0555,9467,0,16440022474,2554515796
String,NearlySorted,Timsort,10000,0.6778,130027,0,16440028872,2554548421
String,NearlySorted,PDQsort,10000,0.7074,131762,0,16440122836,2554702317
String,NearlySorted,Mergesort,10000,0.7523,130027,0,16440165489,2554865925
String,NearlySorted,Heapsort,10000,2.4707,166509,10000,16440228504,2555041287
String,NearlySorted,Introsort,10000,0.8678,125849,0,16440333176,2555335813
String,NearlySorted,Spreadsort / Radix Hybrid,10000,0.7350,0,0,16440367005,2555652186
String,NearlySorted,IPS4o,10000,0.4391,119265,0,16440378431,2555804364
String,NearlySorted,Fluxsort,10000,0.8456,137693,0,16440404655,2555836280
String,NearlySorted,AFSort,10000,0.7997,0,0,16440488199,2556076354
String,NearlySorted,UniversalRadix,10000,2.7102,0,0,16440546244,2556149248
String,NearlySorted,ARS Gen 5: Optimized Apex (MAIN),10000,0.2791,87883,0,16440612152,2556211590
String,NearlySorted,ARS Gen 5: Optimized Apex (Stable),10000,0.2473,68299,0,16440619226,2556214760
String,NearlySorted,ARS Gen 6: Aero Architecture,10000,0.3872,72526,0,16440627903,2556218466
String,NearlySorted,ARS Gen 6: Aero (Stable),10000,0.3697,47761,0,16440634061,2556224780
String,NearlySorted,Timsort,100000,9.8012,1615798,0,16441065401,2556408367
String,NearlySorted,PDQsort,100000,9.2108,1693035,0,16444983580,2558159032
String,NearlySorted,Mergesort,100000,9.8279,1615798,0,16447610450,2560049122
String,NearlySorted,Heapsort,100000,31.7267,2001807,100000,16452187520,2561950466
String,NearlySorted,Introsort,100000,11.1773,1626385,0,16460443002,2565158623
String,NearlySorted,Spreadsort / Radix Hybrid,100000,8.6586,0,0,16462900741,2568971739
String,NearlySorted,IPS4o,100000,2.9043,1541993,0,16463858293,2570683567
String,NearlySorted,Fluxsort,100000,11.4063,1686393,0,16465618786,2571003805
String,NearlySorted,AFSort,100000,8.6047,0,0,16469653817,2573283002
String,NearlySorted,UniversalRadix,100000,47.1661,0,0,16475474900,2574114741
String,NearlySorted,ARS Gen 5: Optimized Apex (MAIN),100000,3.4107,1246102,0,16514735623,2574686311
String,NearlySorted,ARS Gen 5: Optimized Apex (Stable),100000,3.4594,949270,0,16514765590,2574689853
String,NearlySorted,ARS Gen 6: Aero Architecture,100000,2.9246,1082697,0,16514839912,2574693881
String,NearlySorted,ARS Gen 6: Aero (Stable),100000,2.5973,556152,0,16515313447,2574701627
String,NearlySorted,Timsort,1000000,181.9931,19238895,0,16531182751,2576290264
String,NearlySorted,PDQsort,1000000,149.9599,20594878,0,16681529632,2591965369
String,NearlySorted,Mergesort,1000000,185.0642,19238895,0,16781033303,2609600698
String,NearlySorted,Heapsort,1000000,918.5357,23326601,1000000,16964629496,2626147681
String,NearlySorted,Introsort,1000000,156.5594,19761491,0,17344783986,2655407291
String,NearlySorted,Spreadsort / Radix Hybrid,1000000,152.9747,0,0,17420420021,2695943172
String,NearlySorted,IPS4o,1000000,61.7870,18443534,0,17506482757,2711546772
String,NearlySorted,Fluxsort,1000000,182.7810,20270526,0,17541069032,2714173339
String,NearlySorted,AFSort,1000000,239.0648,0,0,17680441501,2732396216
String,NearlySorted,UniversalRadix,1000000,1036.0665,0,0,18004416520,2741524356
String,NearlySorted,ARS Gen 5: Optimized Apex (MAIN),1000000,41.3793,14412334,0,19185520564,2747446253
String,NearlySorted,ARS Gen 5: Optimized Apex (Stable),1000000,40.1221,9600756,0,19185569638,2747449860
String,NearlySorted,ARS Gen 6: Aero Architecture,1000000,53.5861,14500397,0,19186077409,2747454059
String,NearlySorted,ARS Gen 6: Aero (Stable),1000000,51.7045,9777296,0,19190485064,2747462008
String,Duplicates,Timsort,1000,0.0422,5736,0,19194446745,2747470797
String,Duplicates,PDQsort,1000,0.0365,5509,0,19194447082,2747491812
String,Duplicates,Mergesort,1000,0.0406,5736,0,19194447629,2747510318
String,Duplicates,Heapsort,1000,0.1891,10722,1000,19194450433,2747535587
String,Duplicates,Introsort,1000,0.0362,4168,0,19194457329,2747597473
String,Duplicates,Spreadsort / Radix Hybrid,1000,0.0328,0,0,19194458267,2747621266
String,Duplicates,IPS4o,1000,0.0324,5692,0,19194458488,2747639991
String,Duplicates,Fluxsort,1000,0.0506,6442,0,19194458783,2747662589
String,Duplicates,AFSort,1000,0.0470,0,0,19194460002,2747695577
String,Duplicates,UniversalRadix,1000,0.2229,0,0,19194465432,2747702717
String,Duplicates,ARS Gen 5: Optimized Apex (MAIN),1000,0.0347,5509,0,19194473929,2747712141
String,Duplicates,ARS Gen 5: Optimized Apex (Stable),1000,0.0404,5736,0,19194474413,2747730744
String,Duplicates,ARS Gen 6: Aero Architecture,1000,0.0377,5509,0,19194474582,2747751207
String,Duplicates,ARS Gen 6: Aero (Stable),1000,0.0435,5736,0,19194475070,2747770313
String,Duplicates,Timsort,10000,0.4124,53903,0,19194479852,2747804092
String,Duplicates,PDQsort,10000,0.3525,53142,0,19194527919,2747958935
String,Duplicates,Mergesort,10000,0.4168,53903,0,19194542051,2748106832
String,Duplicates,Heapsort,10000,2.5381,140195,10000,19194617251,2748312313
String,Duplicates,Introsort,10000,0.3797,42368,0,19194734055,2748938712
String,Duplicates,Spreadsort / Radix Hybrid,10000,0.3620,0,0,19194759063,2749130943
String,Duplicates,IPS4o,10000,0.2894,52933,0,19194785687,2749259738
String,Duplicates,Fluxsort,10000,0.4204,58617,0,19194812421,2749293032
String,Duplicates,AFSort,10000,0.4545,0,0,19194873878,2749482187
String,Duplicates,UniversalRadix,10000,2.4955,0,0,19194920247,2749521396
String,Duplicates,ARS Gen 5: Optimized Apex (MAIN),10000,0.1412,16669,0,19194963606,2749577366
String,Duplicates,ARS Gen 5: Optimized Apex (Stable),10000,0.1506,16677,0,19194966886,2749580341
String,Duplicates,ARS Gen 6: Aero Architecture,10000,0.2672,12679,0,19194969016,2749583921
String,Duplicates,ARS Gen 6: Aero (Stable),10000,0.2607,12648,0,19194972577,2749590047
String,Duplicates,Timsort,100000,4.5393,523809,0,19195399976,2749717604
String,Duplicates,PDQsort,100000,3.8595,536384,0,19199795792,2751108783
String,Duplicates,Mergesort,100000,4.6943,523809,0,19202798697,2752484812
String,Duplicates,Heapsort,100000,37.0319,1733806,100000,19208044277,2754393752
String,Duplicates,Introsort,100000,3.9781,416956,0,19219405007,2761222615
String,Duplicates,Spreadsort / Radix Hybrid,100000,3.6874,0,0,19222126565,2763089327
String,Duplicates,IPS4o,100000,2.3250,512876,0,19223690317,2764317819
String,Duplicates,Fluxsort,100000,6.4219,717901,0,19225196654,2764602088
String,Duplicates,AFSort,100000,7.6157,0,0,19227752828,2766353030
String,Duplicates,UniversalRadix,100000,32.7102,0,0,19233128167,2766716959
String,Duplicates,ARS Gen 5: Optimized Apex (MAIN),100000,1.9152,138162,0,19263059023,2767238515
String,Duplicates,ARS Gen 5: Optimized Apex (Stable),100000,1.8496,138598,0,19263089818,2767241736
String,Duplicates,ARS Gen 6: Aero Architecture,100000,2.0406,119136,0,19263161109,2767245435
String,Duplicates,ARS Gen 6: Aero (Stable),100000,1.9562,119358,0,19263729132,2767251897
String,Duplicates,Timsort,1000000,147.7453,6236236,0,19291034702,2768545564
String,Duplicates,PDQsort,1000000,92.4703,5200827,0,19551525429,2781836798
String,Duplicates,Mergesort,1000000,147.0652,6236236,0,19734319896,2794896879
String,Duplicates,Heapsort,1000000,812.1309,20604286,1000000,20018030838,2814939412
String,Duplicates,Introsort,1000000,75.2675,3926775,0,20380703780,2883545670
String,Duplicates,Spreadsort / Radix Hybrid,1000000,85.9286,0,0,20498516449,2902034449
String,Duplicates,IPS4o,1000000,42.1975,5063058,0,20653520908,2913908106
String,Duplicates,Fluxsort,1000000,129.9444,7158227,0,20689570112,2916384537
String,Duplicates,AFSort,1000000,249.0682,0,0,20963908911,2931113910
String,Duplicates,UniversalRadix,1000000,791.5864,0,0,21580083906,2934055764
String,Duplicates,ARS Gen 5: Optimized Apex (MAIN),1000000,21.4434,999988,0,22694344270,2939117593
String,Duplicates,ARS Gen 5: Optimized Apex (Stable),1000000,23.4722,999988,0,22694391377,2939121038
String,Duplicates,ARS Gen 6: Aero Architecture,1000000,23.8601,999988,0,22694887273,2939125110
String,Duplicates,ARS Gen 6: Aero (Stable),1000000,23.5586,999988,0,22699200377,2939132534
String,Zipfian,Timsort,1000,0.1065,10844,0,22703127608,2939141932
String,Zipfian,PDQsort,1000,0.0923,10207,0,22703129035,2939168581
String,Zipfian,Mergesort,1000,0.0997,10844,0,22703136797,2939192278
String,Zipfian,Heapsort,1000,0.2583,10925,1000,22703137441,2939220282
String,Zipfian,Introsort,1000,0.1229,10783,0,22703143825,2939258998
String,Zipfian,Spreadsort / Radix Hybrid,1000,0.0691,0,0,22703146213,2939309645
String,Zipfian,IPS4o,1000,0.0763,11253,0,22703146594,2939333083
String,Zipfian,Fluxsort,1000,0.0940,10694,0,22703147702,2939367215
String,Zipfian,AFSort,1000,0.0511,0,0,22703153759,2939408269
String,Zipfian,UniversalRadix,1000,0.2366,0,0,22703156194,2939424762
String,Zipfian,ARS Gen 5: Optimized Apex (MAIN),1000,0.0591,10207,0,22703160345,2939434784
String,Zipfian,ARS Gen 5: Optimized Apex (Stable),1000,0.0660,10844,0,22703162207,2939458447
String,Zipfian,ARS Gen 6: Aero Architecture,1000,0.0570,10207,0,22703165334,2939483974
String,Zipfian,ARS Gen 6: Aero (Stable),1000,0.0614,10844,0,22703167412,2939507439
String,Zipfian,Timsort,10000,0.8058,141870,0,22703184226,2939559526
String,Zipfian,PDQsort,10000,0.7249,137543,0,22703263262,2939816876
String,Zipfian,Mergesort,10000,0.8801,141870,0,22703300280,2940043330
String,Zipfian,Heapsort,10000,3.0745,143174,10000,22703367228,2940309062
String,Zipfian,Introsort,10000,1.3766,147715,0,22703522694,2940665993
String,Zipfian,Spreadsort / Radix Hybrid,10000,0.7756,0,0,22703558801,2941299180
String,Zipfian,IPS4o,10000,0.5171,147362,0,22703584684,2941494377
String,Zipfian,Fluxsort,10000,0.9362,141893,0,22703619328,2941537712
String,Zipfian,AFSort,10000,0.5593,0,0,22703654554,2941886734
String,Zipfian,UniversalRadix,10000,2.7593,0,0,22703692180,2942039069
String,Zipfian,ARS Gen 5: Optimized Apex (MAIN),10000,0.2205,66871,0,22703735986,2942097900
String,Zipfian,ARS Gen 5: Optimized Apex (Stable),10000,0.2344,70417,0,22703742862,2942100869
String,Zipfian,ARS Gen 6: Aero Architecture,10000,0.3441,61941,0,22703747031,2942105031
String,Zipfian,ARS Gen 6: Aero (Stable),10000,0.3570,65193,0,22703752915,2942116255
String,Zipfian,Timsort,100000,11.6741,1757941,0,22704199111,2942416054
String,Zipfian,PDQsort,100000,9.8366,1717013,0,22709793656,2945326570
String,Zipfian,Mergesort,100000,11.5182,1757941,0,22713306023,2948037839
String,Zipfian,Heapsort,100000,52.8984,1763370,100000,22720075412,2951070457
String,Zipfian,Introsort,100000,17.0828,1890604,0,22731725548,2955224713
String,Zipfian,Spreadsort / Radix Hybrid,100000,9.7663,0,0,22735626976,2963272881
String,Zipfian,IPS4o,100000,3.6805,1823346,0,22737552827,2965671215
String,Zipfian,Fluxsort,100000,13.5303,1749474,0,22739227009,2966108275
String,Zipfian,AFSort,100000,7.6045,0,0,22742668448,2969906349
String,Zipfian,UniversalRadix,100000,61.6983,0,0,22748102671,2971475530
String,Zipfian,ARS Gen 5: Optimized Apex (MAIN),100000,2.9373,1031472,0,22785500009,2972018248
String,Zipfian,ARS Gen 5: Optimized Apex (Stable),100000,3.1494,1071367,0,22785530831,2972021604
String,Zipfian,ARS Gen 6: Aero Architecture,100000,3.1439,975822,0,22785624130,2972025701
String,Zipfian,ARS Gen 6: Aero (Stable),100000,3.2040,1017712,0,22785963987,2972037270
String,Zipfian,Timsort,1000000,367.2112,20898765,0,22823181152,2974799096
String,Zipfian,PDQsort,1000000,271.8376,20530943,0,23190784976,3002795856
String,Zipfian,Mergesort,1000000,369.7936,20898765,0,23512420885,3029873573
String,Zipfian,Heapsort,1000000,2573.6120,20924442,1000000,24011629444,3059414482
String,Zipfian,Introsort,1000000,321.5209,22500493,0,25527572936,3101772124
String,Zipfian,Spreadsort / Radix Hybrid,1000000,265.3759,0,0,25822868010,3193800689
String,Zipfian,IPS4o,1000000,131.0641,21882944,0,26106142883,3217811869
String,Zipfian,Fluxsort,1000000,270.1227,20826175,0,26147352508,3222037781
String,Zipfian,AFSort,1000000,191.0131,0,0,26434413198,3259947142
String,Zipfian,UniversalRadix,1000000,1410.7137,0,0,26692323276,3273714586
String,Zipfian,ARS Gen 5: Optimized Apex (MAIN),1000000,50.1896,12250452,0,27906583172,3279251654
String,Zipfian,ARS Gen 5: Optimized Apex (Stable),1000000,58.1449,12671512,0,27906629583,3279255103
String,Zipfian,ARS Gen 6: Aero Architecture,1000000,64.1297,13281837,0,27907038122,3279259318
String,Zipfian,ARS Gen 6: Aero (Stable),1000000,76.1419,13690148,0,27910840650,3279271485
String,Skewed,Timsort,1000,0.1177,10844,0,27914282292,3279285355
String,Skewed,PDQsort,1000,0.0941,10207,0,27914286642,3279312417
String,Skewed,Mergesort,1000,0.1063,10844,0,27914289855,3279335215
String,Skewed,Heapsort,1000,0.2803,10925,1000,27914300360,3279362489
String,Skewed,Introsort,1000,0.1312,10783,0,27914302083,3279400299
String,Skewed,Spreadsort / Radix Hybrid,1000,0.0716,0,0,27914308323,3279450834
String,Skewed,IPS4o,1000,0.0798,11253,0,27914308742,3279473470
String,Skewed,Fluxsort,1000,0.0941,10694,0,27914309202,3279507729
String,Skewed,AFSort,1000,0.0530,0,0,27914315407,3279548769
String,Skewed,UniversalRadix,1000,0.2428,0,0,27914318752,3279564672
String,Skewed,ARS Gen 5: Optimized Apex (MAIN),1000,0.0597,10207,0,27914319491,3279574841
String,Skewed,ARS Gen 5: Optimized Apex (Stable),1000,0.0685,10844,0,27914320001,3279598242
String,Skewed,ARS Gen 6: Aero Architecture,1000,0.0583,10207,0,27914325690,3279624993
String,Skewed,ARS Gen 6: Aero (Stable),1000,0.0653,10844,0,27914327731,3279647770
String,Skewed,Timsort,10000,0.7821,141870,0,27914349740,3279695135
String,Skewed,PDQsort,10000,0.6764,137543,0,27914446691,3279940758
String,Skewed,Mergesort,10000,0.8162,141870,0,27914479223,3280162914
String,Skewed,Heapsort,10000,2.9998,143174,10000,27914567579,3280415541
String,Skewed,Introsort,10000,1.2622,147715,0,27914726224,3280775326
String,Skewed,Spreadsort / Radix Hybrid,10000,0.7393,0,0,27914779485,3281403448
String,Skewed,IPS4o,10000,0.5059,147362,0,27914805011,3281597101
String,Skewed,Fluxsort,10000,0.9132,141893,0,27914854690,3281638989
String,Skewed,AFSort,10000,0.5643,0,0,27914905192,3281979139
String,Skewed,UniversalRadix,10000,2.7595,0,0,27914927181,3282131179
String,Skewed,ARS Gen 5: Optimized Apex (MAIN),10000,0.2196,66871,0,27914951590,3282190392
String,Skewed,ARS Gen 5: Optimized Apex (Stable),10000,0.2362,70417,0,27914957351,3282193441
String,Skewed,ARS Gen 6: Aero Architecture,10000,0.3760,61941,0,27914963836,3282197392
String,Skewed,ARS Gen 6: Aero (Stable),10000,0.3901,65193,0,27914969820,3282208166
String,Skewed,Timsort,100000,12.7487,1757941,0,27915782851,3282537604
String,Skewed,PDQsort,100000,10.7197,1717013,0,27921683679,3285600063
String,Skewed,Mergesort,100000,12.6519,1757941,0,27925114822,3288387115
String,Skewed,Heapsort,100000,52.1497,1763370,100000,27931177284,3291483867
String,Skewed,Introsort,100000,18.9379,1890604,0,27943071801,3295751180
String,Skewed,Spreadsort / Radix Hybrid,100000,10.7029,0,0,27947288390,3303850486
String,Skewed,IPS4o,100000,3.7106,1823346,0,27949249305,3306428804
String,Skewed,Fluxsort,100000,13.6768,1749474,0,27950747825,3306900547
String,Skewed,AFSort,100000,8.0588,0,0,27954188914,3310686759
String,Skewed,UniversalRadix,100000,55.2083,0,0,27959535893,3312269719
String,Skewed,ARS Gen 5: Optimized Apex (MAIN),100000,2.9179,1031472,0,27996015194,3312812087
String,Skewed,ARS Gen 5: Optimized Apex (Stable),100000,3.1711,1071367,0,27996046434,3312815411
String,Skewed,ARS Gen 6: Aero Architecture,100000,3.0826,975822,0,27996103018,3312819792
String,Skewed,ARS Gen 6: Aero (Stable),100000,3.3746,1017712,0,27996420480,3312831562
String,Skewed,Timsort,1000000,375.8271,20898765,0,28033828121,3315866328
String,Skewed,PDQsort,1000000,279.2942,20530943,0,28398844240,3345195662
String,Skewed,Mergesort,1000000,371.9110,20898765,0,28719444464,3372581801
String,Skewed,Heapsort,1000000,2623.0209,20924442,1000000,29223646911,3404034506
String,Skewed,Introsort,1000000,325.4601,22500493,0,30770566482,3449644682
String,Skewed,Spreadsort / Radix Hybrid,1000000,278.7058,0,0,31067083857,3542327217
String,Skewed,IPS4o,1000000,130.0817,21882944,0,31353046590,3567364476
String,Skewed,Fluxsort,1000000,273.1687,20826175,0,31394233973,3571756618
String,Skewed,AFSort,1000000,195.9704,0,0,31683426921,3608079811
String,Skewed,UniversalRadix,1000000,1427.4513,0,0,31943004384,3621878132
String,Skewed,ARS Gen 5: Optimized Apex (MAIN),1000000,50.4822,12250452,0,33152644310,3627416315
String,Skewed,ARS Gen 5: Optimized Apex (Stable),1000000,57.6372,12671512,0,33152691877,3627419727
String,Skewed,ARS Gen 6: Aero Architecture,1000000,65.1228,13281837,0,33153100506,3627424049
String,Skewed,ARS Gen 6: Aero (Stable),1000000,76.2198,13690148,0,33157065856,3627436419
String,Clustered,Timsort,1000,0.1135,10844,0,33160677840,3627450484
String,Clustered,PDQsort,1000,0.0928,10207,0,33160680212,3627476584
String,Clustered,Mergesort,1000,0.1071,10844,0,33160684465,3627499800
String,Clustered,Heapsort,1000,0.2726,10925,1000,33160689202,3627527922
String,Clustered,Introsort,1000,0.1249,10783,0,33160691865,3627566884
String,Clustered,Spreadsort / Radix Hybrid,1000,0.0680,0,0,33160695507,3627617491
String,Clustered,IPS4o,1000,0.0757,11253,0,33160696547,3627639711
String,Clustered,Fluxsort,1000,0.0945,10694,0,33160698020,3627672937
String,Clustered,AFSort,1000,0.0499,0,0,33160706262,3627713614
String,Clustered,UniversalRadix,1000,0.2374,0,0,33160708430,3627728902
String,Clustered,ARS Gen 5: Optimized Apex (MAIN),1000,0.0587,10207,0,33160709153,3627738890
String,Clustered,ARS Gen 5: Optimized Apex (Stable),1000,0.0680,10844,0,33160711126,3627760275
String,Clustered,ARS Gen 6: Aero Architecture,1000,0.0566,10207,0,33160715245,3627785364
String,Clustered,ARS Gen 6: Aero (Stable),1000,0.0645,10844,0,33160715917,3627807151
String,Clustered,Timsort,10000,0.7993,141870,0,33160737129,3627855421
String,Clustered,PDQsort,10000,0.6911,137543,0,33160831295,3628104282
String,Clustered,Mergesort,10000,0.8226,141870,0,33160905550,3628324690
String,Clustered,Heapsort,10000,2.7894,143174,10000,33160997346,3628582832
String,Clustered,Introsort,10000,1.2364,147715,0,33161112058,3628942492
String,Clustered,Spreadsort / Radix Hybrid,10000,0.7250,0,0,33161165689,3629567218
String,Clustered,IPS4o,10000,0.5408,147362,0,33161201707,3629756572
String,Clustered,Fluxsort,10000,0.8876,141893,0,33161255716,3629795831
String,Clustered,AFSort,10000,0.4904,0,0,33161351647,3630138531
String,Clustered,UniversalRadix,10000,2.6238,0,0,33161385319,3630289108
String,Clustered,ARS Gen 5: Optimized Apex (MAIN),10000,0.2274,66871,0,33161419306,3630348622
String,Clustered,ARS Gen 5: Optimized Apex (Stable),10000,0.2313,70417,0,33161428960,3630352054
String,Clustered,ARS Gen 6: Aero Architecture,10000,0.3738,61941,0,33161435534,3630356205
String,Clustered,ARS Gen 6: Aero (Stable),10000,0.4203,65193,0,33161439302,3630367475
String,Clustered,Timsort,100000,12.6217,1757941,0,33162206979,3630659766
String,Clustered,PDQsort,100000,10.5513,1717013,0,33167813323,3633555090
String,Clustered,Mergesort,100000,12.7095,1757941,0,33171327903,3636222680
String,Clustered,Heapsort,100000,53.1440,1763370,100000,33178405304,3639246746
String,Clustered,Introsort,100000,18.8247,1890604,0,33190088131,3643397479
String,Clustered,Spreadsort / Radix Hybrid,100000,10.5454,0,0,33194109396,3651337628
String,Clustered,IPS4o,100000,3.7046,1823346,0,33196214588,3653758596
String,Clustered,Fluxsort,100000,13.9607,1749474,0,33197705517,3654202164
String,Clustered,AFSort,100000,8.1608,0,0,33201439758,3657969547
String,Clustered,UniversalRadix,100000,56.3700,0,0,33207121607,3659521615
String,Clustered,ARS Gen 5: Optimized Apex (MAIN),100000,2.9496,1031472,0,33243044409,3660066611
String,Clustered,ARS Gen 5: Optimized Apex (Stable),100000,3.1937,1071367,0,33243074509,3660070095
String,Clustered,ARS Gen 6: Aero Architecture,100000,3.0932,975822,0,33243131693,3660074305
String,Clustered,ARS Gen 6: Aero (Stable),100000,3.3795,1017712,0,33243467441,3660085626
String,Clustered,Timsort,1000000,373.2944,20898765,0,33280035725,3663050773
String,Clustered,PDQsort,1000000,281.9263,20530943,0,33640228192,3692387103
String,Clustered,Mergesort,1000000,372.7811,20898765,0,33959815412,3720137698
String,Clustered,Heapsort,1000000,2603.0979,20924442,1000000,34457633576,3750613473
String,Clustered,Introsort,1000000,326.2644,22500493,0,36000259305,3795357577
String,Clustered,Spreadsort / Radix Hybrid,1000000,275.5991,0,0,36295473582,3886886853
String,Clustered,IPS4o,1000000,127.9192,21882944,0,36580168048,3912246789
String,Clustered,Fluxsort,1000000,273.8881,20826175,0,36623271801,3916603109
String,Clustered,AFSort,1000000,194.0651,0,0,36913880585,3954218499
String,Clustered,UniversalRadix,1000000,1394.9456,0,0,37174478192,3968030072
String,Clustered,ARS Gen 5: Optimized Apex (MAIN),1000000,50.2387,12250452,0,38382994116,3973571794
String,Clustered,ARS Gen 5: Optimized Apex (Stable),1000000,56.4883,12671512,0,38383040538,3973575513
String,Clustered,ARS Gen 6: Aero Architecture,1000000,64.5584,13281837,0,38383452068,3973580135
String,Clustered,ARS Gen 6: Aero (Stable),1000000,75.4816,13690148,0,38387418728,3973592654
String,BucketCollapse,Timsort,1000,0.1186,10844,0,38391074810,3973606293
String,BucketCollapse,PDQsort,1000,0.0938,10207,0,38391078476,3973631967
String,BucketCollapse,Mergesort,1000,0.1050,10844,0,38391083095,3973654799
String,BucketCollapse,Heapsort,1000,0.2814,10925,1000,38391090414,3973681919
String,BucketCollapse,Introsort,1000,0.1304,10783,0,38391097092,3973719132
String,BucketCollapse,Spreadsort / Radix Hybrid,1000,0.0743,0,0,38391100469,3973769038
String,BucketCollapse,IPS4o,1000,0.0808,11253,0,38391102086,3973790769
String,BucketCollapse,Fluxsort,1000,0.0923,10694,0,38391103762,3973824583
String,BucketCollapse,AFSort,1000,0.0524,0,0,38391104106,3973863698
String,BucketCollapse,UniversalRadix,1000,0.2460,0,0,38391111005,3973879149
String,BucketCollapse,ARS Gen 5: Optimized Apex (MAIN),1000,0.0600,10207,0,38391115997,3973889190
String,BucketCollapse,ARS Gen 5: Optimized Apex (Stable),1000,0.0664,10844,0,38391116234,3973911411
String,BucketCollapse,ARS Gen 6: Aero Architecture,1000,0.0568,10207,0,38391116695,3973938727
String,BucketCollapse,ARS Gen 6: Aero (Stable),1000,0.0661,10844,0,38391120201,3973961122
String,BucketCollapse,Timsort,10000,0.8071,141870,0,38391121812,3974010180
String,BucketCollapse,PDQsort,10000,0.7499,137543,0,38391176351,3974253971
String,BucketCollapse,Mergesort,10000,0.8852,141870,0,38391251187,3974472305
String,BucketCollapse,Heapsort,10000,2.8760,143174,10000,38391306949,3974730042
String,BucketCollapse,Introsort,10000,1.3855,147715,0,38391481999,3975091308
String,BucketCollapse,Spreadsort / Radix Hybrid,10000,0.7747,0,0,38391518354,3975717061
String,BucketCollapse,IPS4o,10000,0.4687,147362,0,38391563007,3975909976
String,BucketCollapse,Fluxsort,10000,0.8841,141893,0,38391604952,3975953513
String,BucketCollapse,AFSort,10000,0.4943,0,0,38391706145,3976286910
String,BucketCollapse,UniversalRadix,10000,2.6452,0,0,38391728404,3976438654
String,BucketCollapse,ARS Gen 5: Optimized Apex (MAIN),10000,0.2248,66871,0,38391790587,3976498083
String,BucketCollapse,ARS Gen 5: Optimized Apex (Stable),10000,0.2416,70417,0,38391801108,3976501036
String,BucketCollapse,ARS Gen 6: Aero Architecture,10000,0.3566,61941,0,38391812602,3976505533
String,BucketCollapse,ARS Gen 6: Aero (Stable),10000,0.3344,65193,0,38391819934,3976516258
String,BucketCollapse,Timsort,100000,12.7623,1757941,0,38392284514,3976826988
String,BucketCollapse,PDQsort,100000,10.7413,1717013,0,38397540433,3979852547
String,BucketCollapse,Mergesort,100000,12.6438,1757941,0,38401231604,3982623169
String,BucketCollapse,Heapsort,100000,55.7840,1763370,100000,38408000008,3985700882
String,BucketCollapse,Introsort,100000,18.7666,1890604,0,38421090071,3990042480
String,BucketCollapse,Spreadsort / Radix Hybrid,100000,10.4756,0,0,38425524776,3998116229
String,BucketCollapse,IPS4o,100000,3.5424,1823346,0,38427247721,4000633751
String,BucketCollapse,Fluxsort,100000,12.8765,1749474,0,38428745623,4001086098
String,BucketCollapse,AFSort,100000,7.4480,0,0,38432521152,4004898348
String,BucketCollapse,UniversalRadix,100000,56.6046,0,0,38438279422,4006477444
String,BucketCollapse,ARS Gen 5: Optimized Apex (MAIN),100000,2.9903,1031472,0,38475035999,4007020912
String,BucketCollapse,ARS Gen 5: Optimized Apex (Stable),100000,3.2189,1071367,0,38475065781,4007024504
String,BucketCollapse,ARS Gen 6: Aero Architecture,100000,3.0376,975822,0,38475124031,4007028975
String,BucketCollapse,ARS Gen 6: Aero (Stable),100000,3.2376,1017712,0,38475467626,4007040603
String,BucketCollapse,Timsort,1000000,376.7188,20898765,0,38512681371,4010074635
String,BucketCollapse,PDQsort,1000000,278.6671,20530943,0,38876774643,4039631618
String,BucketCollapse,Mergesort,1000000,366.6839,20898765,0,39199488263,4068290006
String,BucketCollapse,Heapsort,1000000,2624.1980,20924442,1000000,39698378269,4100147648
String,BucketCollapse,Introsort,1000000,326.2215,22500493,0,41237194775,4145382813
String,BucketCollapse,Spreadsort / Radix Hybrid,1000000,270.9610,0,0,41534800201,4238417633
String,BucketCollapse,IPS4o,1000000,129.5369,21882944,0,41819121733,4263942265
String,BucketCollapse,Fluxsort,1000000,282.0613,20826175,0,41862781031,4268485828
String,BucketCollapse,AFSort,1000000,195.5557,0,0,42155051287,4305900364
String,BucketCollapse,UniversalRadix,1000000,1386.9923,0,0,42413559206,4319768081
String,BucketCollapse,ARS Gen 5: Optimized Apex (MAIN),1000000,52.2032,12250452,0,43618692599,4325305145
String,BucketCollapse,ARS Gen 5: Optimized Apex (Stable),1000000,56.7915,12671512,0,43618739254,4325308578
String,BucketCollapse,ARS Gen 6: Aero Architecture,1000000,63.9493,13281837,0,43619155345,4325312880
String,BucketCollapse,ARS Gen 6: Aero (Stable),1000000,74.5864,13690148,0,43623009498,4325325234
String,LowCardinality,Timsort,1000,0.0805,5736,0,43626622420,4325338692
String,LowCardinality,PDQsort,1000,0.0624,5509,0,43626624290,4325359567
String,LowCardinality,Mergesort,1000,0.0698,5736,0,43626630443,4325379108
String,LowCardinality,Heapsort,1000,0.3139,10722,1000,43626634120,4325404582
String,LowCardinality,Introsort,1000,0.0583,4168,0,43626644986,4325467764
String,LowCardinality,Spreadsort / Radix Hybrid,1000,0.0505,0,0,43626646751,4325492240
String,LowCardinality,IPS4o,1000,0.0477,5692,0,43626647434,4325511506
String,LowCardinality,Fluxsort,1000,0.0744,6442,0,43626647940,4325534698
String,LowCardinality,AFSort,1000,0.0617,0,0,43626655611,4325568233
String,LowCardinality,UniversalRadix,1000,0.2625,0,0,43626659835,4325575450
String,LowCardinality,ARS Gen 5: Optimized Apex (MAIN),1000,0.0398,5509,0,43626665791,4325584995
String,LowCardinality,ARS Gen 5: Optimized Apex (Stable),1000,0.0461,5736,0,43626666094,4325604262
String,LowCardinality,ARS Gen 6: Aero Architecture,1000,0.0389,5509,0,43626670709,4325624749
String,LowCardinality,ARS Gen 6: Aero (Stable),1000,0.0445,5736,0,43626672248,4325644369
String,LowCardinality,Timsort,10000,0.3729,53903,0,43626679210,4325677391
String,LowCardinality,PDQsort,10000,0.3128,53142,0,43626762837,4325823707
String,LowCardinality,Mergesort,10000,0.3677,53903,0,43626796895,4325968525
String,LowCardinality,Heapsort,10000,2.3629,140195,10000,43626857264,4326172418
String,LowCardinality,Introsort,10000,0.3422,42368,0,43626963057,4326812221
String,LowCardinality,Spreadsort / Radix Hybrid,10000,0.3297,0,0,43627012361,4327004637
String,LowCardinality,IPS4o,10000,0.2747,52933,0,43627025370,4327128178
String,LowCardinality,Fluxsort,10000,0.3988,58617,0,43627061570,4327161967
String,LowCardinality,AFSort,10000,0.4197,0,0,43627124521,4327337113
String,LowCardinality,UniversalRadix,10000,2.3742,0,0,43627164990,4327376671
String,LowCardinality,ARS Gen 5: Optimized Apex (MAIN),10000,0.1366,16669,0,43627198621,4327434561
String,LowCardinality,ARS Gen 5: Optimized Apex (Stable),10000,0.1317,16677,0,43627205439,4327437653
String,LowCardinality,ARS Gen 6: Aero Architecture,10000,0.2913,12679,0,43627213808,4327440719
String,LowCardinality,ARS Gen 6: Aero (Stable),10000,0.3213,12648,0,43627221433,4327446437
String,LowCardinality,Timsort,100000,4.9409,523809,0,43627870858,4327589961
String,LowCardinality,PDQsort,100000,3.7917,536384,0,43633268033,4329015302
String,LowCardinality,Mergesort,100000,4.7536,523809,0,43636500954,4330386222
String,LowCardinality,Heapsort,100000,32.2730,1733806,100000,43642258495,4332326009
String,LowCardinality,Introsort,100000,4.0171,416956,0,43652278828,4339185462
String,LowCardinality,Spreadsort / Radix Hybrid,100000,3.4871,0,0,43655339916,4341070274
String,LowCardinality,IPS4o,100000,2.2151,512876,0,43656698675,4342325853
String,LowCardinality,Fluxsort,100000,5.6464,717901,0,43658222605,4342610121
String,LowCardinality,AFSort,100000,5.8077,0,0,43661080429,4344364796
String,LowCardinality,UniversalRadix,100000,30.7284,0,0,43665746948,4344729970
String,LowCardinality,ARS Gen 5: Optimized Apex (MAIN),100000,1.7868,138162,0,43694692888,4345251741
String,LowCardinality,ARS Gen 5: Optimized Apex (Stable),100000,1.7250,138598,0,43694721909,4345255061
String,LowCardinality,ARS Gen 6: Aero Architecture,100000,1.9572,119136,0,43694805335,4345258846
String,LowCardinality,ARS Gen 6: Aero (Stable),100000,1.9533,119358,0,43695313460,4345265360
String,LowCardinality,Timsort,1000000,153.8303,6236236,0,43723600867,4346614411
String,LowCardinality,PDQsort,1000000,94.2394,5200827,0,43989771176,4360961126
String,LowCardinality,Mergesort,1000000,151.2718,6236236,0,44175404596,4374803303
String,LowCardinality,Heapsort,1000000,827.7351,20604286,1000000,44460216905,4394637863
String,LowCardinality,Introsort,1000000,75.2895,3926775,0,44822650697,4468224362
String,LowCardinality,Spreadsort / Radix Hybrid,1000000,87.1877,0,0,44941526741,4487072746
String,LowCardinality,IPS4o,1000000,48.0799,5063058,0,45099093010,4499863390
String,LowCardinality,Fluxsort,1000000,135.7243,7158227,0,45135542841,4502334837
String,LowCardinality,AFSort,1000000,248.7939,0,0,45413082814,4517306446
String,LowCardinality,UniversalRadix,1000000,795.5315,0,0,46035457453,4520250917
String,LowCardinality,ARS Gen 5: Optimized Apex (MAIN),1000000,22.0532,999988,0,47152819880,4525318275
String,LowCardinality,ARS Gen 5: Optimized Apex (Stable),1000000,22.0498,999988,0,47152867192,4525321828
String,LowCardinality,ARS Gen 6: Aero Architecture,1000000,24.1457,999988,0,47153368802,4525325758
String,LowCardinality,ARS Gen 6: Aero (Stable),1000000,23.3629,999988,0,47157674856,4525333223
String,PrefixCollision,Timsort,1000,0.1080,10550,0,47161641593,4525341725
String,PrefixCollision,PDQsort,1000,0.0816,10183,0,47161644339,4525355415
String,PrefixCollision,Mergesort,1000,0.0861,10550,0,47161649632,4525366296
String,PrefixCollision,Heapsort,1000,0.2496,11039,1000,47161653689,4525381167
String,PrefixCollision,Introsort,1000,0.1063,10836,0,47161665278,4525404900
String,PrefixCollision,Spreadsort / Radix Hybrid,1000,0.0608,0,0,47161667768,4525441393
String,PrefixCollision,IPS4o,1000,0.0689,10998,0,47161669790,4525452212
String,PrefixCollision,Fluxsort,1000,0.0786,10453,0,47161675636,4525472540
String,PrefixCollision,AFSort,1000,0.1867,0,0,47161679261,4525494943
String,PrefixCollision,UniversalRadix,1000,1.3440,0,0,47161683995,4525514526
String,PrefixCollision,ARS Gen 5: Optimized Apex (MAIN),1000,0.0538,10183,0,47161707578,4525585243
String,PrefixCollision,ARS Gen 5: Optimized Apex (Stable),1000,0.0626,10550,0,47161709131,4525595981
String,PrefixCollision,ARS Gen 6: Aero Architecture,1000,0.0547,10183,0,47161710862,4525609281
String,PrefixCollision,ARS Gen 6: Aero (Stable),1000,0.0629,10550,0,47161714088,4525620212
String,PrefixCollision,Timsort,10000,0.8664,142452,0,47161766690,4525645683
String,PrefixCollision,PDQsort,10000,0.7627,137745,0,47161896998,4525768997
String,PrefixCollision,Mergesort,10000,0.8864,142452,0,47162042896,4525870923
String,PrefixCollision,Heapsort,10000,3.3032,143136,10000,47162139682,4526002766
String,PrefixCollision,Introsort,10000,1.3283,146496,0,47162366979,4526208948
String,PrefixCollision,Spreadsort / Radix Hybrid,10000,0.7889,0,0,47162437400,4526688314
String,PrefixCollision,IPS4o,10000,0.4903,144496,0,47162496408,4526775832
String,PrefixCollision,Fluxsort,10000,0.9304,140393,0,47162566937,4526797646
String,PrefixCollision,AFSort,10000,2.4887,0,0,47162685267,4526983890
String,PrefixCollision,UniversalRadix,10000,16.4568,0,0,47162776841,4527205762
String,PrefixCollision,ARS Gen 5: Optimized Apex (MAIN),10000,1.0181,137749,0,47162903977,4527938782
String,PrefixCollision,ARS Gen 5: Optimized Apex (Stable),10000,1.1950,142456,0,47162915073,4527942336
String,PrefixCollision,ARS Gen 6: Aero Architecture,10000,0.9946,137749,0,47162922098,4527946115
String,PrefixCollision,ARS Gen 6: Aero (Stable),10000,1.1701,142456,0,47162929325,4527949711
String,PrefixCollision,Timsort,100000,18.6443,1749857,0,47165500012,4528075185
String,PrefixCollision,PDQsort,100000,15.7092,1717693,0,47189030338,4529273837
String,PrefixCollision,Mergesort,100000,18.9472,1749857,0,47209985994,4530268088
String,PrefixCollision,Heapsort,100000,99.9904,1763320,100000,47238484716,4531532971
String,PrefixCollision,Introsort,100000,23.4053,1843545,0,47299634032,4533617932
String,PrefixCollision,Spreadsort / Radix Hybrid,100000,15.7890,0,0,47319632188,4539624454
String,PrefixCollision,IPS4o,100000,8.3208,1828867,0,47336851237,4540497577
String,PrefixCollision,Fluxsort,100000,19.4224,1745714,0,47340804947,4540688526
String,PrefixCollision,AFSort,100000,92.9455,0,0,47374179673,4542366254
String,PrefixCollision,UniversalRadix,100000,747.6342,0,0,47623409014,4544288123
String,PrefixCollision,ARS Gen 5: Optimized Apex (MAIN),100000,18.5257,1717697,0,48312027746,4551952287
String,PrefixCollision,ARS Gen 5: Optimized Apex (Stable),100000,21.9817,1749861,0,48312063759,4551956029
String,PrefixCollision,ARS Gen 6: Aero Architecture,100000,19.0059,1717697,0,48312165333,4551959814
String,PrefixCollision,ARS Gen 6: Aero (Stable),100000,22.4102,1749861,0,48312889128,4551963698
String,PrefixCollision,Timsort,1000000,582.3248,20892187,0,48379122479,4553190093
String,PrefixCollision,PDQsort,1000000,416.3756,20518676,0,49041955227,4565197953
String,PrefixCollision,Mergesort,1000000,587.2688,20892187,0,49642444759,4575022973
String,PrefixCollision,Heapsort,1000000,2997.9785,20925653,1000000,50473383770,4587583739
String,PrefixCollision,Introsort,1000000,434.2261,22251896,0,52683586054,4609580983
String,PrefixCollision,Spreadsort / Radix Hybrid,1000000,449.9507,0,0,53198006164,4681741558
String,PrefixCollision,IPS4o,1000000,212.5430,21999268,0,53743358881,4690422342
String,PrefixCollision,Fluxsort,1000000,460.8284,20833137,0,53829308608,4692360336
String,PrefixCollision,AFSort,1000000,1359.5140,0,0,54679336569,4709357740
String,PrefixCollision,UniversalRadix,1000000,16583.9054,0,0,58294140655,4729534928
String,PrefixCollision,ARS Gen 5: Optimized Apex (MAIN),1000000,421.9003,20518680,0,68572269676,4805940869
String,PrefixCollision,ARS Gen 5: Optimized Apex (Stable),1000000,595.0559,20892191,0,68572314879,4805944188
String,PrefixCollision,ARS Gen 6: Aero Architecture,1000000,437.3370,20518680,0,68572797690,4805947821
String,PrefixCollision,ARS Gen 6: Aero (Stable),1000000,591.2121,20892191,0,68577266727,4805952203
Custom,Random,Timsort,1000,0.0556,10842,0,68581308021,4805957748
Custom,Random,PDQsort,1000,0.0373,10140,0,68581308220,4805974931
Custom,Random,Mergesort,1000,0.0506,10842,0,68581308474,4805985394
Custom,Random,Heapsort,1000,0.0811,10933,1000,68581309271,4806003362
Custom,Random,Introsort,1000,0.0653,10917,0,68581314923,4806022664
Custom,Random,IPS4o,1000,0.0377,10932,0,68581315041,4806060337
Custom,Random,Fluxsort,1000,0.0384,10628,0,68581315059,4806079628
Custom,Random,ARS Gen 5: Optimized Apex (MAIN),1000,0.0313,10140,0,68581315256,4806090949
Custom,Random,ARS Gen 5: Optimized Apex (Stable),1000,0.0452,10842,0,68581316512,4806101497
Custom,Random,ARS Gen 6: Aero Architecture,1000,0.0311,10140,0,68581319752,4806118671
Custom,Random,ARS Gen 6: Aero (Stable),1000,0.0447,10842,0,68581320071,4806129142
Custom,Random,Timsort,10000,0.3692,141314,0,68581321244,4806163252
Custom,Random,PDQsort,10000,0.2283,137822,0,68581335883,4806332698
Custom,Random,Mergesort,10000,0.3241,141314,0,68581340236,4806435106
Custom,Random,Heapsort,10000,0.6532,142793,10000,68581346399,4806609730
Custom,Random,Introsort,10000,0.5096,152460,0,68581407261,4806806510
Custom,Random,IPS4o,10000,0.1645,143718,0,68581407571,4807297971
Custom,Random,Fluxsort,10000,0.2700,140191,0,68581420436,4807311532
Custom,Random,ARS Gen 5: Optimized Apex (MAIN),10000,0.1424,52603,0,68581425405,4807417410
Custom,Random,ARS Gen 5: Optimized Apex (Stable),10000,0.1444,58305,0,68581432238,4807420221
Custom,Random,ARS Gen 6: Aero Architecture,10000,0.1738,59661,0,68581437718,4807422871
Custom,Random,ARS Gen 6: Aero (Stable),10000,0.1582,62764,0,68581438722,4807435348
Custom,Random,Timsort,100000,4.5449,1754974,0,68581645031,4807621056
Custom,Random,PDQsort,100000,2.7997,1716448,0,68583574335,4809272454
Custom,Random,Mergesort,100000,4.6012,1754974,0,68584145754,4810274431
Custom,Random,Heapsort,100000,13.4005,1762369,100000,68586422999,4811979740
Custom,Random,Introsort,100000,6.4450,1891246,0,68588971178,4814084166
Custom,Random,IPS4o,100000,1.1105,1828992,0,68589461548,4820213707
Custom,Random,Fluxsort,100000,3.7928,1746865,0,68589939050,4820408085
Custom,Random,ARS Gen 5: Optimized Apex (MAIN),100000,1.3950,888117,0,68590807031,4822024359
Custom,Random,ARS Gen 5: Optimized Apex (Stable),100000,1.5703,929689,0,68590835013,4822027781
Custom,Random,ARS Gen 6: Aero Architecture,100000,1.4407,958362,0,68590882562,4822032324
Custom,Random,ARS Gen 6: Aero (Stable),100000,1.5557,997966,0,68591116245,4822045143
Custom,Random,Timsort,1000000,70.1737,20895099,0,68596921270,4823778263
Custom,Random,PDQsort,1000000,39.4937,20513617,0,68652851702,4840202303
Custom,Random,Mergesort,1000000,71.6856,20895099,0,68674334681,4850179405
Custom,Random,Heapsort,1000000,1189.0114,20925503,1000000,68780200649,4867184982
Custom,Random,Introsort,1000000,80.9543,22430362,0,69262350381,4889942419
Custom,Random,IPS4o,1000000,16.8963,22043705,0,69281552532,4964251443
Custom,Random,Fluxsort,1000000,52.9957,20830172,0,69289419145,4966116524
Custom,Random,ARS Gen 5: Optimized Apex (MAIN),1000000,17.3587,10304855,0,69327461379,4981942315
Custom,Random,ARS Gen 5: Optimized Apex (Stable),1000000,18.5359,10706088,0,69327515235,4981945872
Custom,Random,ARS Gen 6: Aero Architecture,1000000,17.0289,13096729,0,69328015853,4981950697
Custom,Random,ARS Gen 6: Aero (Stable),1000000,18.9177,13500572,0,69331814344,4981965312
Custom,Gaussian,Timsort,1000,0.0287,10556,0,69335263953,4981980193
Custom,Gaussian,PDQsort,1000,0.0199,10363,0,69335263988,4981997423
Custom,Gaussian,Mergesort,1000,0.0287,10556,0,69335264177,4982007963
Custom,Gaussian,Heapsort,1000,0.0435,10814,1000,69335264935,4982025933
Custom,Gaussian,Introsort,1000,0.0391,11703,0,69335266178,4982045123
Custom,Gaussian,IPS4o,1000,0.0224,11031,0,69335266253,4982083054
Custom,Gaussian,Fluxsort,1000,0.0229,10789,0,69335266346,4982102190
Custom,Gaussian,ARS Gen 5: Optimized Apex (MAIN),1000,0.0184,10363,0,69335266481,4982113356
Custom,Gaussian,ARS Gen 5: Optimized Apex (Stable),1000,0.0260,10556,0,69335266500,4982124016
Custom,Gaussian,ARS Gen 6: Aero Architecture,1000,0.0184,10363,0,69335266928,4982141240
Custom,Gaussian,ARS Gen 6: Aero (Stable),1000,0.0275,10556,0,69335267223,4982151732
Custom,Gaussian,Timsort,10000,0.3248,139850,0,69335268651,4982185100
Custom,Gaussian,PDQsort,10000,0.2298,135672,0,69335288586,4982351708
Custom,Gaussian,Mergesort,10000,0.3247,139850,0,69335299343,4982455356
Custom,Gaussian,Heapsort,10000,0.6550,142589,10000,69335300166,4982626557
Custom,Gaussian,Introsort,10000,0.5077,141557,0,69335329817,4982821982
Custom,Gaussian,IPS4o,10000,0.1353,142702,0,69335338949,4983310236
Custom,Gaussian,Fluxsort,10000,0.3030,140566,0,69335358064,4983324852
Custom,Gaussian,ARS Gen 5: Optimized Apex (MAIN),10000,0.1486,58136,0,69335398568,4983433284
Custom,Gaussian,ARS Gen 5: Optimized Apex (Stable),10000,0.1738,61051,0,69335401560,4983435528
Custom,Gaussian,ARS Gen 6: Aero Architecture,10000,0.2524,58299,0,69335404375,4983438461
Custom,Gaussian,ARS Gen 6: Aero (Stable),10000,0.2760,60556,0,69335416249,4983448529
Custom,Gaussian,Timsort,100000,3.3785,1427662,0,69335625402,4983506626
Custom,Gaussian,PDQsort,100000,2.1018,1422368,0,69337459482,4983974950
Custom,Gaussian,Mergesort,100000,3.4118,1427662,0,69338108853,4984244817
Custom,Gaussian,Heapsort,100000,13.3810,1762564,100000,69340271166,4984826682
Custom,Gaussian,Introsort,100000,5.0026,1362134,0,69342909894,4986665621
Custom,Gaussian,IPS4o,100000,0.7702,1435809,0,69343599364,4991490389
Custom,Gaussian,Fluxsort,100000,3.5158,1717956,0,69344163956,4991628942
Custom,Gaussian,ARS Gen 5: Optimized Apex (MAIN),100000,1.3012,720038,0,69345067694,4992758201
Custom,Gaussian,ARS Gen 5: Optimized Apex (Stable),100000,1.4341,725438,0,69345098382,4992761645
Custom,Gaussian,ARS Gen 6: Aero Architecture,100000,1.3960,672916,0,69345138489,4992766009
Custom,Gaussian,ARS Gen 6: Aero (Stable),100000,1.3861,677411,0,69345347186,4992776568
Custom,Gaussian,Timsort,1000000,51.8383,14667990,0,69351289561,4992919557
Custom,Gaussian,PDQsort,1000000,26.4153,13534306,0,69404017992,4994143001
Custom,Gaussian,Mergesort,1000000,51.4322,14667990,0,69425349519,4994530234
Custom,Gaussian,Heapsort,1000000,1088.6093,20923817,1000000,69530388158,4997207671
Custom,Gaussian,Introsort,1000000,49.9945,13610954,0,70015415908,5015927328
Custom,Gaussian,IPS4o,1000000,14.9537,13942342,0,70033313795,5062168184
Custom,Gaussian,Fluxsort,1000000,37.6584,16112048,0,70041247955,5062644390
Custom,Gaussian,ARS Gen 5: Optimized Apex (MAIN),1000000,15.3195,4682445,0,70076742815,5065957744
Custom,Gaussian,ARS Gen 5: Optimized Apex (Stable),1000000,15.9729,4696966,0,70076800103,5065961414
Custom,Gaussian,ARS Gen 6: Aero Architecture,1000000,14.6175,6243058,0,70077294440,5065965920
Custom,Gaussian,ARS Gen 6: Aero (Stable),1000000,16.4843,6272409,0,70081053759,5065977279
Custom,NearlySorted,Timsort,1000,0.0221,9373,0,70084492144,5065988409
Custom,NearlySorted,PDQsort,1000,0.0192,9457,0,70084492186,5065997963
Custom,NearlySorted,Mergesort,1000,0.0222,9373,0,70084492211,5066005853
Custom,NearlySorted,Heapsort,1000,0.0434,13291,1000,70084492419,5066015817
Custom,NearlySorted,Introsort,1000,0.0238,9109,0,70084493014,5066026611
Custom,NearlySorted,IPS4o,1000,0.0152,8347,0,70084493057,5066045174
Custom,NearlySorted,Fluxsort,1000,0.0232,10178,0,70084493461,5066057370
Custom,NearlySorted,ARS Gen 5: Optimized Apex (MAIN),1000,0.0179,9457,0,70084494596,5066066038
Custom,NearlySorted,ARS Gen 5: Optimized Apex (Stable),1000,0.0210,9373,0,70084495055,5066073862
Custom,NearlySorted,ARS Gen 6: Aero Architecture,1000,0.0178,9457,0,70084495284,5066083483
Custom,NearlySorted,ARS Gen 6: Aero (Stable),1000,0.0212,9373,0,70084495400,5066091315
Custom,NearlySorted,Timsort,10000,0.2626,128025,0,70084497407,5066109724
Custom,NearlySorted,PDQsort,10000,0.2112,132429,0,70084524280,5066203652
Custom,NearlySorted,Mergesort,10000,0.2602,128025,0,70084528717,5066282602
Custom,NearlySorted,Heapsort,10000,0.5068,167453,10000,70084555092,5066376255
Custom,NearlySorted,Introsort,10000,0.2861,125812,0,70084580876,5066475743
Custom,NearlySorted,IPS4o,10000,0.1176,115417,0,70084581018,5066699138
Custom,NearlySorted,Fluxsort,10000,0.2479,138244,0,70084594560,5066710024
Custom,NearlySorted,ARS Gen 5: Optimized Apex (MAIN),10000,0.1239,42057,0,70084595240,5066788896
Custom,NearlySorted,ARS Gen 5: Optimized Apex (Stable),10000,0.1379,34667,0,70084597382,5066790999
Custom,NearlySorted,ARS Gen 6: Aero Architecture,10000,0.2426,48880,0,70084606536,5066794968
Custom,NearlySorted,ARS Gen 6: Aero (Stable),10000,0.2410,43995,0,70084611756,5066808102
Custom,NearlySorted,Timsort,100000,4.0772,1617926,0,70084881785,5066907204
Custom,NearlySorted,PDQsort,100000,2.9318,1685864,0,70086890552,5067763511
Custom,NearlySorted,Mergesort,100000,4.1033,1617926,0,70087758153,5068513548
Custom,NearlySorted,Heapsort,100000,7.9321,2006678,100000,70090177989,5069366124
Custom,NearlySorted,Introsort,100000,3.8768,1633849,0,70092584744,5070337354
Custom,NearlySorted,IPS4o,100000,0.6834,1505044,0,70093233380,5072947792
Custom,NearlySorted,Fluxsort,100000,3.4072,1687155,0,70093697214,5073040618
Custom,NearlySorted,ARS Gen 5: Optimized Apex (MAIN),100000,1.3311,799793,0,70094854025,5073724578
Custom,NearlySorted,ARS Gen 5: Optimized Apex (Stable),100000,1.1485,404656,0,70094883676,5073728069
Custom,NearlySorted,ARS Gen 6: Aero Architecture,100000,1.4787,880046,0,70094931674,5073732429
Custom,NearlySorted,ARS Gen 6: Aero (Stable),100000,1.2271,445304,0,70095325620,5073745115
Custom,NearlySorted,Timsort,1000000,62.4825,19249735,0,70101399731,5074494720
Custom,NearlySorted,PDQsort,1000000,38.5922,20583135,0,70155786566,5081875783
Custom,NearlySorted,Mergesort,1000000,63.5357,19249735,0,70178321195,5089157923
Custom,NearlySorted,Heapsort,1000000,312.1485,23330066,1000000,70246298027,5096504011
Custom,NearlySorted,Introsort,1000000,44.8626,19876106,0,70376019248,5106414270
Custom,NearlySorted,IPS4o,1000000,13.0397,18380326,0,70391929243,5136725470
Custom,NearlySorted,Fluxsort,1000000,46.6519,20271376,0,70399154453,5137490168
Custom,NearlySorted,ARS Gen 5: Optimized Apex (MAIN),1000000,16.4744,9489185,0,70430218508,5143138095
Custom,NearlySorted,ARS Gen 5: Optimized Apex (Stable),1000000,15.0380,4124708,0,70430274963,5143141801
Custom,NearlySorted,ARS Gen 6: Aero Architecture,1000000,16.6617,11695644,0,70430695005,5143146547
Custom,NearlySorted,ARS Gen 6: Aero (Stable),1000000,14.2839,4719785,0,70434664746,5143159993
Custom,Duplicates,Timsort,1000,0.0073,3801,0,70438237567,5143171836
Custom,Duplicates,PDQsort,1000,0.0056,3950,0,70438237610,5143172697
Custom,Duplicates,Mergesort,1000,0.0073,3801,0,70438237612,5143173030
Custom,Duplicates,Heapsort,1000,0.0384,10303,1000,70438237686,5143174921
Custom,Duplicates,Introsort,1000,0.0112,2262,0,70438238180,5143185023
Custom,Duplicates,IPS4o,1000,0.0041,4942,0,70438238236,5143194477
Custom,Duplicates,Fluxsort,1000,0.0070,4151,0,70438238302,5143197579
Custom,Duplicates,ARS Gen 5: Optimized Apex (MAIN),1000,0.0054,3950,0,70438238420,5143199335
Custom,Duplicates,ARS Gen 5: Optimized Apex (Stable),1000,0.0071,3801,0,70438238458,5143199651
Custom,Duplicates,ARS Gen 6: Aero Architecture,1000,0.0054,3950,0,70438238497,5143200501
Custom,Duplicates,ARS Gen 6: Aero (Stable),1000,0.0087,3801,0,70438238614,5143200828
Custom,Duplicates,Timsort,10000,0.0806,36723,0,70438242158,5143201975
Custom,Duplicates,PDQsort,10000,0.0522,38455,0,70438246172,5143204459
Custom,Duplicates,Mergesort,10000,0.0747,36723,0,70438248169,5143205122
Custom,Duplicates,Heapsort,10000,0.4440,135126,10000,70438248497,5143217191
Custom,Duplicates,Introsort,10000,0.0973,23997,0,70438297517,5143312984
Custom,Duplicates,IPS4o,10000,0.0621,34126,0,70438299504,5143398964
Custom,Duplicates,Fluxsort,10000,0.0569,42940,0,70438299754,5143401791
Custom,Duplicates,ARS Gen 5: Optimized Apex (MAIN),10000,0.1129,10003,0,70438299899,5143406960
Custom,Duplicates,ARS Gen 5: Optimized Apex (Stable),10000,0.1283,10003,0,70438302135,5143409134
Custom,Duplicates,ARS Gen 6: Aero Architecture,10000,0.2342,10003,0,70438308850,5143411635
Custom,Duplicates,ARS Gen 6: Aero (Stable),10000,0.2368,10003,0,70438309311,5143416334
Custom,Duplicates,Timsort,100000,1.4628,382316,0,70438512005,5143421111
Custom,Duplicates,PDQsort,100000,0.5588,382343,0,70440366721,5143428549
Custom,Duplicates,Mergesort,100000,1.4347,382316,0,70440791780,5143430292
Custom,Duplicates,Heapsort,100000,5.8548,1699773,100000,70442698673,5143527260
Custom,Duplicates,Introsort,100000,1.0264,220198,0,70444844192,5144420760
Custom,Duplicates,IPS4o,100000,0.5747,340021,0,70445201275,5145306032
Custom,Duplicates,Fluxsort,100000,0.8837,464392,0,70445598430,5145323684
Custom,Duplicates,ARS Gen 5: Optimized Apex (MAIN),100000,1.0943,100001,0,70446279682,5145362290
Custom,Duplicates,ARS Gen 5: Optimized Apex (Stable),100000,1.1195,100001,0,70446308190,5145365785
Custom,Duplicates,ARS Gen 6: Aero Architecture,100000,0.9878,100001,0,70446366940,5145369460
Custom,Duplicates,ARS Gen 6: Aero (Stable),100000,0.8823,100001,0,70446703817,5145374461
Custom,Duplicates,Timsort,1000000,29.2981,4610289,0,70452708610,5145381035
Custom,Duplicates,PDQsort,1000000,10.5225,3606009,0,70504737702,5145400663
Custom,Duplicates,Mergesort,1000000,30.1412,4610289,0,70524668268,5145404410
Custom,Duplicates,Heapsort,1000000,161.9303,20263697,1000000,70585910957,5146445930
Custom,Duplicates,Introsort,1000000,13.7530,2401014,0,70676173524,5156035923
Custom,Duplicates,IPS4o,1000000,7.9060,3599768,0,70692410623,5164298888
Custom,Duplicates,Fluxsort,1000000,20.5005,4573079,0,70699952780,5164447090
Custom,Duplicates,ARS Gen 5: Optimized Apex (MAIN),1000000,13.7632,999999,0,70733191573,5164773858
Custom,Duplicates,ARS Gen 5: Optimized Apex (Stable),1000000,14.0547,999999,0,70733246347,5164777550
Custom,Duplicates,ARS Gen 6: Aero Architecture,1000000,12.0385,999999,0,70733717603,5164781746
Custom,Duplicates,ARS Gen 6: Aero (Stable),1000000,12.0352,999999,0,70737984780,5164788574
Custom,Zipfian,Timsort,1000,0.0160,5407,0,70741811470,5164795504
Custom,Zipfian,PDQsort,1000,0.0115,5416,0,70741811487,5164799900
Custom,Zipfian,Mergesort,1000,0.0161,5407,0,70741811534,5164802574
Custom,Zipfian,Heapsort,1000,0.0525,10460,1000,70741811746,5164807961
Custom,Zipfian,Introsort,1000,0.0229,3938,0,70741812725,5164820460
Custom,Zipfian,IPS4o,1000,0.0123,4901,0,70741812804,5164835743
Custom,Zipfian,Fluxsort,1000,0.0173,5946,0,70741813182,5164843406
Custom,Zipfian,ARS Gen 5: Optimized Apex (MAIN),1000,0.0117,5416,0,70741813487,5164848075
Custom,Zipfian,ARS Gen 5: Optimized Apex (Stable),1000,0.0162,5407,0,70741813571,5164850745
Custom,Zipfian,ARS Gen 6: Aero Architecture,1000,0.0119,5416,0,70741813859,5164855200
Custom,Zipfian,ARS Gen 6: Aero (Stable),1000,0.0165,5407,0,70741813978,5164857817
Custom,Zipfian,Timsort,10000,0.1428,54574,0,70741816525,5164864066
Custom,Zipfian,PDQsort,10000,0.0859,54376,0,70741819533,5164881850
Custom,Zipfian,Mergesort,10000,0.1122,54574,0,70741821422,5164891688
Custom,Zipfian,Heapsort,10000,0.5048,137316,10000,70741837924,5164919668
Custom,Zipfian,Introsort,10000,0.1572,37405,0,70741872502,5165037988
Custom,Zipfian,IPS4o,10000,0.1039,50949,0,70741873211,5165182671
Custom,Zipfian,Fluxsort,10000,0.0950,59123,0,70741873871,5165187574
Custom,Zipfian,ARS Gen 5: Optimized Apex (MAIN),10000,0.2565,47402,0,70741897698,5165207885
Custom,Zipfian,ARS Gen 5: Optimized Apex (Stable),10000,0.2794,48843,0,70741899249,5165211160
Custom,Zipfian,ARS Gen 6: Aero Architecture,10000,0.3715,43074,0,70741906129,5165214690
Custom,Zipfian,ARS Gen 6: Aero (Stable),10000,0.4170,42261,0,70741913427,5165219380
Custom,Zipfian,Timsort,100000,1.6871,533806,0,70742112888,5165230373
Custom,Zipfian,PDQsort,100000,0.7804,534508,0,70743824334,5165294341
Custom,Zipfian,Mergesort,100000,1.7014,533806,0,70744282121,5165330137
Custom,Zipfian,Heapsort,100000,7.4841,1713816,100000,70746317923,5165498013
Custom,Zipfian,Introsort,100000,1.5475,404727,0,70748604566,5166627519
Custom,Zipfian,IPS4o,100000,0.5991,615651,0,70748942078,5168088571
Custom,Zipfian,Fluxsort,100000,1.2658,702874,0,70749252009,5168115397
Custom,Zipfian,ARS Gen 5: Optimized Apex (MAIN),100000,2.0333,514884,0,70749924197,5168270797
Custom,Zipfian,ARS Gen 5: Optimized Apex (Stable),100000,3.0047,520077,0,70749952114,5168274512
Custom,Zipfian,ARS Gen 6: Aero Architecture,100000,2.0341,498081,0,70750016706,5168278446
Custom,Zipfian,ARS Gen 6: Aero (Stable),100000,2.6149,500446,0,70750384208,5168283542
Custom,Zipfian,Timsort,1000000,33.9505,6295831,0,70756173246,5168320152
Custom,Zipfian,PDQsort,1000000,12.9434,5307228,0,70808716828,5168613666
Custom,Zipfian,Mergesort,1000000,33.7911,6295831,0,70828242489,5168748082
Custom,Zipfian,Heapsort,1000000,397.3649,20429968,1000000,70902300109,5170348870
Custom,Zipfian,Introsort,1000000,17.8337,3961868,0,71117405293,5182766598
Custom,Zipfian,IPS4o,1000000,9.3035,5160164,0,71132422095,5197057355
Custom,Zipfian,Fluxsort,1000000,23.4643,7036730,0,71139863118,5197229778
Custom,Zipfian,ARS Gen 5: Optimized Apex (MAIN),1000000,26.7265,5229957,0,71174794763,5197985983
Custom,Zipfian,ARS Gen 5: Optimized Apex (Stable),1000000,49.5780,6545395,0,71174850757,5197989637
Custom,Zipfian,ARS Gen 6: Aero Architecture,1000000,24.7600,5254682,0,71175326787,5197993563
Custom,Zipfian,ARS Gen 6: Aero (Stable),1000000,46.3537,6541280,0,71179636891,5197999079
Custom,Skewed,Timsort,1000,0.0356,10595,0,71183551191,5198005877
Custom,Skewed,PDQsort,1000,0.0241,10333,0,71183551300,5198023171
Custom,Skewed,Mergesort,1000,0.0349,10595,0,71183551425,5198033606
Custom,Skewed,Heapsort,1000,0.0566,10926,1000,71183552371,5198051542
Custom,Skewed,Introsort,1000,0.0494,11222,0,71183557296,5198070742
Custom,Skewed,IPS4o,1000,0.0283,11296,0,71183557754,5198108887
Custom,Skewed,Fluxsort,1000,0.0284,10630,0,71183558477,5198128245
Custom,Skewed,ARS Gen 5: Optimized Apex (MAIN),1000,0.0218,10333,0,71183558806,5198139822
Custom,Skewed,ARS Gen 5: Optimized Apex (Stable),1000,0.0317,10595,0,71183558932,5198150417
Custom,Skewed,ARS Gen 6: Aero Architecture,1000,0.0220,10333,0,71183560921,5198167606
Custom,Skewed,ARS Gen 6: Aero (Stable),1000,0.0314,10595,0,71183561124,5198178123
Custom,Skewed,Timsort,10000,0.3474,138121,0,71183562010,5198210906
Custom,Skewed,PDQsort,10000,0.2254,135538,0,71183585911,5198367443
Custom,Skewed,Mergesort,10000,0.3172,138121,0,71183594313,5198468186
Custom,Skewed,Heapsort,10000,0.6517,142757,10000,71183594718,5198629737
Custom,Skewed,Introsort,10000,0.5162,132075,0,71183626272,5198817873
Custom,Skewed,IPS4o,10000,0.1858,134951,0,71183637291,5199294731
Custom,Skewed,Fluxsort,10000,0.2692,140534,0,71183646408,5199308741
Custom,Skewed,ARS Gen 5: Optimized Apex (MAIN),10000,0.1529,66412,0,71183684023,5199412365
Custom,Skewed,ARS Gen 5: Optimized Apex (Stable),10000,0.1660,69153,0,71183692473,5199415152
Custom,Skewed,ARS Gen 6: Aero Architecture,10000,0.3763,58744,0,71183699741,5199418430
Custom,Skewed,ARS Gen 6: Aero (Stable),10000,0.3465,61381,0,71183709158,5199426836
Custom,Skewed,Timsort,100000,3.2410,1345142,0,71183915278,5199476082
Custom,Skewed,PDQsort,100000,1.9519,1335836,0,71185866114,5199870428
Custom,Skewed,Mergesort,100000,3.2235,1345142,0,71186457082,5200094650
Custom,Skewed,Heapsort,100000,13.0671,1762213,100000,71188588140,5200605166
Custom,Skewed,Introsort,100000,4.7393,1280930,0,71191402468,5202383929
Custom,Skewed,IPS4o,100000,0.8291,1401928,0,71191937862,5206940331
Custom,Skewed,Fluxsort,100000,3.3499,1681622,0,71192384860,5207059249
Custom,Skewed,ARS Gen 5: Optimized Apex (MAIN),100000,1.3386,724796,0,71193197708,5208010304
Custom,Skewed,ARS Gen 5: Optimized Apex (Stable),100000,1.4405,730955,0,71193226875,5208013782
Custom,Skewed,ARS Gen 6: Aero Architecture,100000,1.4119,641068,0,71193267816,5208017848
Custom,Skewed,ARS Gen 6: Aero (Stable),100000,1.5042,648357,0,71193560574,5208026309
Custom,Skewed,Timsort,1000000,50.3783,13977845,0,71199681417,5208156501
Custom,Skewed,PDQsort,1000000,25.5534,12896474,0,71252835095,5209277893
Custom,Skewed,Mergesort,1000000,50.6611,13977845,0,71274386302,5209664309
Custom,Skewed,Heapsort,1000000,1063.2331,20923646,1000000,71379741479,5212232645
Custom,Skewed,Introsort,1000000,49.2416,13081202,0,71863153231,5230184644
Custom,Skewed,IPS4o,1000000,14.7065,13285451,0,71881752051,5273644441
Custom,Skewed,Fluxsort,1000000,36.6172,15352554,0,71889576773,5274064506
Custom,Skewed,ARS Gen 5: Optimized Apex (MAIN),1000000,16.2834,4980416,0,71925964158,5276825800
Custom,Skewed,ARS Gen 5: Optimized Apex (Stable),1000000,17.4826,5009803,0,71926021684,5276829583
Custom,Skewed,ARS Gen 6: Aero Architecture,1000000,14.7134,5921111,0,71926424828,5276833882
Custom,Skewed,ARS Gen 6: Aero (Stable),1000000,16.6161,5932059,0,71930128190,5276842805
Custom,Clustered,Timsort,1000,0.0311,10413,0,71933680904,5276852841
Custom,Clustered,PDQsort,1000,0.0212,10077,0,71933681011,5276869854
Custom,Clustered,Mergesort,1000,0.0304,10413,0,71933681087,5276880563
Custom,Clustered,Heapsort,1000,0.0479,10885,1000,71933681402,5276898092
Custom,Clustered,Introsort,1000,0.0418,10349,0,71933681931,5276917186
Custom,Clustered,IPS4o,1000,0.0248,10549,0,71933682290,5276955069
Custom,Clustered,Fluxsort,1000,0.0261,10378,0,71933682835,5276974194
Custom,Clustered,ARS Gen 5: Optimized Apex (MAIN),1000,0.0201,10077,0,71933683215,5276985862
Custom,Clustered,ARS Gen 5: Optimized Apex (Stable),1000,0.0279,10413,0,71933683280,5276996649
Custom,Clustered,ARS Gen 6: Aero Architecture,1000,0.0196,10077,0,71933683553,5277013511
Custom,Clustered,ARS Gen 6: Aero (Stable),1000,0.0282,10413,0,71933683724,5277024145
Custom,Clustered,Timsort,10000,0.2163,109596,0,71933688573,5277045424
Custom,Clustered,PDQsort,10000,0.1523,108406,0,71933709673,5277099087
Custom,Clustered,Mergesort,10000,0.2101,109596,0,71933714491,5277129696
Custom,Clustered,Heapsort,10000,0.6264,142717,10000,71933737810,5277194059
Custom,Clustered,Introsort,10000,0.3629,106175,0,71933784292,5277360356
Custom,Clustered,IPS4o,10000,0.1156,110633,0,71933789093,5277715395
Custom,Clustered,Fluxsort,10000,0.2327,130788,0,71933794641,5277725291
Custom,Clustered,ARS Gen 5: Optimized Apex (MAIN),10000,0.1611,70169,0,71933831733,5277794442
Custom,Clustered,ARS Gen 5: Optimized Apex (Stable),10000,0.1720,70260,0,71933837372,5277797627
Custom,Clustered,ARS Gen 6: Aero Architecture,10000,0.2580,56279,0,71933840302,5277800606
Custom,Clustered,ARS Gen 6: Aero (Stable),10000,0.2805,56812,0,71933848637,5277806080
Custom,Clustered,Timsort,100000,2.6706,1020654,0,71934067258,5277820285
Custom,Clustered,PDQsort,100000,1.4979,1013195,0,71936009384,5277901022
Custom,Clustered,Mergesort,100000,2.6730,1020654,0,71936494842,5277938217
Custom,Clustered,Heapsort,100000,11.5425,1761277,100000,71938628882,5278143400
Custom,Clustered,Introsort,100000,3.7669,956607,0,71940736727,5279682461
Custom,Clustered,IPS4o,100000,0.7396,1051821,0,71941154982,5283010150
Custom,Clustered,Fluxsort,100000,2.5014,1272202,0,71941588064,5283068428
Custom,Clustered,ARS Gen 5: Optimized Apex (MAIN),100000,1.4219,624275,0,71942510323,5283456115
Custom,Clustered,ARS Gen 5: Optimized Apex (Stable),100000,1.6899,629094,0,71942539963,5283459659
Custom,Clustered,ARS Gen 6: Aero Architecture,100000,1.2911,529989,0,71942599012,5283463437
Custom,Clustered,ARS Gen 6: Aero (Stable),100000,1.3417,536058,0,71943052244,5283470054
Custom,Clustered,Timsort,1000000,45.0240,10999980,0,71949012028,5283496360
Custom,Clustered,PDQsort,1000000,20.4293,9961914,0,72000927982,5283692609
Custom,Clustered,Mergesort,1000000,45.4448,10999980,0,72021945267,5283754988
Custom,Clustered,Heapsort,1000000,883.6576,20907043,1000000,72124244515,5285380729
Custom,Clustered,Introsort,1000000,38.2848,9615308,0,72588174592,5301934189
Custom,Clustered,IPS4o,1000000,15.4042,10331715,0,72606262337,5334215937
Custom,Clustered,Fluxsort,1000000,30.4168,12155907,0,72614530739,5334424574
Custom,Clustered,ARS Gen 5: Optimized Apex (MAIN),1000000,17.6978,4854776,0,72649733469,5335264728
Custom,Clustered,ARS Gen 5: Optimized Apex (Stable),1000000,26.6332,4892656,0,72649789994,5335268545
Custom,Clustered,ARS Gen 6: Aero Architecture,1000000,16.2405,4996196,0,72650248894,5335272656
Custom,Clustered,ARS Gen 6: Aero (Stable),1000000,23.4661,5022488,0,72654426737,5335281173
Custom,BucketCollapse,Timsort,1000,0.0397,10629,0,72658272441,5335290547
Custom,BucketCollapse,PDQsort,1000,0.0269,10136,0,72658272501,5335307718
Custom,BucketCollapse,Mergesort,1000,0.0386,10629,0,72658272603,5335318205
Custom,BucketCollapse,Heapsort,1000,0.0598,10925,1000,72658272927,5335336248
Custom,BucketCollapse,Introsort,1000,0.0529,10823,0,72658273704,5335355596
Custom,BucketCollapse,IPS4o,1000,0.0302,11300,0,72658274242,5335393611
Custom,BucketCollapse,Fluxsort,1000,0.0304,10653,0,72658274845,5335412596
Custom,BucketCollapse,ARS Gen 5: Optimized Apex (MAIN),1000,0.0234,10136,0,72658275326,5335423935
Custom,BucketCollapse,ARS Gen 5: Optimized Apex (Stable),1000,0.0329,10629,0,72658275361,5335434595
Custom,BucketCollapse,ARS Gen 6: Aero Architecture,1000,0.0228,10136,0,72658275618,5335451721
Custom,BucketCollapse,ARS Gen 6: Aero (Stable),1000,0.0332,10629,0,72658277053,5335462171
Custom,BucketCollapse,Timsort,10000,0.3781,142282,0,72658279453,5335496217
Custom,BucketCollapse,PDQsort,10000,0.2351,138248,0,72658306203,5335665554
Custom,BucketCollapse,Mergesort,10000,0.3410,142282,0,72658316037,5335768287
Custom,BucketCollapse,Heapsort,10000,0.7184,142782,10000,72658346034,5335943505
Custom,BucketCollapse,Introsort,10000,0.5869,148220,0,72658376847,5336140680
Custom,BucketCollapse,IPS4o,10000,0.1665,145903,0,72658391802,5336629754
Custom,BucketCollapse,Fluxsort,10000,0.2695,140198,0,72658403187,5336643498
Custom,BucketCollapse,ARS Gen 5: Optimized Apex (MAIN),10000,0.1353,52842,0,72658418218,5336746577
Custom,BucketCollapse,ARS Gen 5: Optimized Apex (Stable),10000,0.1495,58485,0,72658425411,5336749200
Custom,BucketCollapse,ARS Gen 6: Aero Architecture,10000,0.1424,60767,0,72658430169,5336752480
Custom,BucketCollapse,ARS Gen 6: Aero (Stable),10000,0.1592,63575,0,72658433241,5336763285
Custom,BucketCollapse,Timsort,100000,4.9542,1758327,0,72658657068,5336946530
Custom,BucketCollapse,PDQsort,100000,3.0668,1720814,0,72660671369,5338596545
Custom,BucketCollapse,Mergesort,100000,5.0655,1758327,0,72661218063,5339597566
Custom,BucketCollapse,Heapsort,100000,13.3691,1762471,100000,72663577600,5341302692
Custom,BucketCollapse,Introsort,100000,7.0136,1906684,0,72665801482,5343416983
Custom,BucketCollapse,IPS4o,100000,1.0401,1812283,0,72666358942,5349575640
Custom,BucketCollapse,Fluxsort,100000,3.9367,1745270,0,72666938087,5349768810
Custom,BucketCollapse,ARS Gen 5: Optimized Apex (MAIN),100000,1.4379,889837,0,72667823344,5351381392
Custom,BucketCollapse,ARS Gen 5: Optimized Apex (Stable),100000,1.5716,924828,0,72667853414,5351384814
Custom,BucketCollapse,ARS Gen 6: Aero Architecture,100000,1.5341,962793,0,72667891244,5351389391
Custom,BucketCollapse,ARS Gen 6: Aero (Stable),100000,1.6130,1002387,0,72668125576,5351402273
Custom,BucketCollapse,Timsort,1000000,72.4956,20903301,0,72674079100,5353137398
Custom,BucketCollapse,PDQsort,1000000,44.5366,20523616,0,72728285573,5369559340
Custom,BucketCollapse,Mergesort,1000000,73.5888,20903301,0,72751068217,5379540343
Custom,BucketCollapse,Heapsort,1000000,1140.1586,20927240,1000000,72858269412,5396546751
Custom,BucketCollapse,Introsort,1000000,85.9635,23118875,0,73341824441,5419345655
Custom,BucketCollapse,IPS4o,1000000,17.7017,21859695,0,73361382844,5493583654
Custom,BucketCollapse,Fluxsort,1000000,56.5871,20815731,0,73369713482,5495457914
Custom,BucketCollapse,ARS Gen 5: Optimized Apex (MAIN),1000000,17.2955,10316109,0,73407363826,5511267151
Custom,BucketCollapse,ARS Gen 5: Optimized Apex (Stable),1000000,18.2061,10719108,0,73407418410,5511270608
Custom,BucketCollapse,ARS Gen 6: Aero Architecture,1000000,16.8231,13179128,0,73407829543,5511275347
Custom,BucketCollapse,ARS Gen 6: Aero (Stable),1000000,19.9652,13595601,0,73411569001,5511290020
Custom,LowCardinality,Timsort,1000,0.0100,5820,0,73415100187,5511303435
Custom,LowCardinality,PDQsort,1000,0.0079,5978,0,73415100277,5511305430
Custom,LowCardinality,Mergesort,1000,0.0108,5820,0,73415100290,5511306196
Custom,LowCardinality,Heapsort,1000,0.0431,10612,1000,73415100615,5511309724
Custom,LowCardinality,Introsort,1000,0.0193,3644,0,73415102073,5511323498
Custom,LowCardinality,IPS4o,1000,0.0089,5738,0,73415102215,5511339903
Custom,LowCardinality,Fluxsort,1000,0.0137,6114,0,73415102307,5511344869
Custom,LowCardinality,ARS Gen 5: Optimized Apex (MAIN),1000,0.0088,5978,0,73415102899,5511349273
Custom,LowCardinality,ARS Gen 5: Optimized Apex (Stable),1000,0.0116,5820,0,73415102936,5511350094
Custom,LowCardinality,ARS Gen 6: Aero Architecture,1000,0.0090,5978,0,73415103003,5511352132
Custom,LowCardinality,ARS Gen 6: Aero (Stable),1000,0.0115,5820,0,73415103015,5511352895
Custom,LowCardinality,Timsort,10000,0.1283,52092,0,73415103403,5511355281
Custom,LowCardinality,PDQsort,10000,0.0902,54540,0,73415106844,5511359187
Custom,LowCardinality,Mergesort,10000,0.1325,52092,0,73415108467,5511360371
Custom,LowCardinality,Heapsort,10000,0.6182,139998,10000,73415130288,5511375653
Custom,LowCardinality,Introsort,10000,0.1976,41546,0,73415160840,5511496005
Custom,LowCardinality,IPS4o,10000,0.0791,52694,0,73415170151,5511650630
Custom,LowCardinality,Fluxsort,10000,0.0855,59873,0,73415176689,5511654036
Custom,LowCardinality,ARS Gen 5: Optimized Apex (MAIN),10000,0.1193,14640,0,73415178087,5511662005
Custom,LowCardinality,ARS Gen 5: Optimized Apex (Stable),10000,0.1166,14639,0,73415181846,5511664542
Custom,LowCardinality,ARS Gen 6: Aero Architecture,10000,0.2233,9990,0,73415182458,5511667388
Custom,LowCardinality,ARS Gen 6: Aero (Stable),10000,0.2264,9990,0,73415187085,5511672673
Custom,LowCardinality,Timsort,100000,1.7075,529417,0,73415374500,5511677842
Custom,LowCardinality,PDQsort,100000,0.7791,523097,0,73417295248,5511687178
Custom,LowCardinality,Mergesort,100000,1.7182,529417,0,73417745697,5511689919
Custom,LowCardinality,Heapsort,100000,6.8394,1732926,100000,73419878409,5511809522
Custom,LowCardinality,Introsort,100000,1.7440,417449,0,73422254416,5512964853
Custom,LowCardinality,IPS4o,100000,0.6186,537892,0,73422884652,5514401133
Custom,LowCardinality,Fluxsort,100000,1.2186,716666,0,73423205892,5514420503
Custom,LowCardinality,ARS Gen 5: Optimized Apex (MAIN),100000,1.0244,119233,0,73423919583,5514470261
Custom,LowCardinality,ARS Gen 5: Optimized Apex (Stable),100000,1.0478,119491,0,73423946341,5514473510
Custom,LowCardinality,ARS Gen 6: Aero Architecture,100000,1.0407,119233,0,73424012645,5514476884
Custom,LowCardinality,ARS Gen 6: Aero (Stable),100000,0.8816,119491,0,73424397751,5514483289
Custom,LowCardinality,Timsort,1000000,34.5048,6143347,0,73430112326,5514491545
Custom,LowCardinality,PDQsort,1000000,13.6212,5262812,0,73481777426,5514515691
Custom,LowCardinality,Mergesort,1000000,34.8509,6143347,0,73502886341,5514520902
Custom,LowCardinality,Heapsort,1000000,301.9452,20602777,1000000,73570042820,5515789103
Custom,LowCardinality,Introsort,1000000,18.1845,3561841,0,73724690205,5528213795
Custom,LowCardinality,IPS4o,1000000,12.0926,5001189,0,73741592162,5542896200
Custom,LowCardinality,Fluxsort,1000000,23.4382,7137500,0,73749427661,5543047751
Custom,LowCardinality,ARS Gen 5: Optimized Apex (MAIN),1000000,14.6391,999990,0,73784355936,5543380382
Custom,LowCardinality,ARS Gen 5: Optimized Apex (Stable),1000000,14.7254,999990,0,73784412443,5543384040
Custom,LowCardinality,ARS Gen 6: Aero Architecture,1000000,12.2112,999990,0,73784876536,5543388100
Custom,LowCardinality,ARS Gen 6: Aero (Stable),1000000,12.3897,999990,0,73789104314,5543395249
Custom,PrefixCollision,Timsort,1000,0.0362,10629,0,73792960401,5543403696
Custom,PrefixCollision,PDQsort,1000,0.0266,10136,0,73792960472,5543420925
Custom,PrefixCollision,Mergesort,1000,0.0372,10629,0,73792960530,5543431358
Custom,PrefixCollision,Heapsort,1000,0.0600,10925,1000,73792960765,5543449337
Custom,PrefixCollision,Introsort,1000,0.0557,10823,0,73792961510,5543468797
Custom,PrefixCollision,IPS4o,1000,0.0316,11300,0,73792962779,5543506822
Custom,PrefixCollision,Fluxsort,1000,0.0326,10653,0,73792963576,5543525748
Custom,PrefixCollision,ARS Gen 5: Optimized Apex (MAIN),1000,0.0256,10136,0,73792963955,5543537165
Custom,PrefixCollision,ARS Gen 5: Optimized Apex (Stable),1000,0.0368,10629,0,73792964008,5543547621
Custom,PrefixCollision,ARS Gen 6: Aero Architecture,1000,0.0253,10136,0,73792964027,5543564742
Custom,PrefixCollision,ARS Gen 6: Aero (Stable),1000,0.0372,10629,0,73792964052,5543575092
Custom,PrefixCollision,Timsort,10000,0.4625,142282,0,73792973124,5543609073
Custom,PrefixCollision,PDQsort,10000,0.2512,138248,0,73792991815,5543778650
Custom,PrefixCollision,Mergesort,10000,0.3282,142282,0,73792991949,5543881235
Custom,PrefixCollision,Heapsort,10000,0.6613,142782,10000,73793011680,5544055863
Custom,PrefixCollision,Introsort,10000,0.5346,148220,0,73793062156,5544252726
Custom,PrefixCollision,IPS4o,10000,0.1400,145903,0,73793066247,5544742298
Custom,PrefixCollision,Fluxsort,10000,0.2690,140198,0,73793073045,5544756507
Custom,PrefixCollision,ARS Gen 5: Optimized Apex (MAIN),10000,0.1387,52842,0,73793102577,5544861257
Custom,PrefixCollision,ARS Gen 5: Optimized Apex (Stable),10000,0.1489,58485,0,73793107063,5544863616
Custom,PrefixCollision,ARS Gen 6: Aero Architecture,10000,0.1606,60767,0,73793114545,5544867430
Custom,PrefixCollision,ARS Gen 6: Aero (Stable),10000,0.2030,63575,0,73793119479,5544878211
Custom,PrefixCollision,Timsort,100000,4.6374,1758327,0,73793337026,5545061970
Custom,PrefixCollision,PDQsort,100000,3.0591,1720814,0,73795404345,5546712730
Custom,PrefixCollision,Mergesort,100000,4.9569,1758327,0,73795907065,5547714085
Custom,PrefixCollision,Heapsort,100000,13.5396,1762471,100000,73798391397,5549419685
Custom,PrefixCollision,Introsort,100000,7.1754,1906684,0,73800882789,5551531746
Custom,PrefixCollision,IPS4o,100000,1.0552,1812283,0,73801593328,5557690166
Custom,PrefixCollision,Fluxsort,100000,4.0127,1745270,0,73802070746,5557882871
Custom,PrefixCollision,ARS Gen 5: Optimized Apex (MAIN),100000,1.4482,889837,0,73802921431,5559494418
Custom,PrefixCollision,ARS Gen 5: Optimized Apex (Stable),100000,1.5692,924828,0,73802951830,5559497845
Custom,PrefixCollision,ARS Gen 6: Aero Architecture,100000,1.3788,962793,0,73802991956,5559502444
Custom,PrefixCollision,ARS Gen 6: Aero (Stable),100000,1.5941,1002387,0,73803274048,5559515416
Custom,PrefixCollision,Timsort,1000000,72.7006,20903301,0,73809170698,5561249863
Custom,PrefixCollision,PDQsort,1000000,44.8019,20523616,0,73864829838,5577679993
Custom,PrefixCollision,Mergesort,1000000,72.8460,20903301,0,73887777248,5587671511
Custom,PrefixCollision,Heapsort,1000000,1158.5877,20927240,1000000,73994072905,5604695718
Custom,PrefixCollision,Introsort,1000000,84.5491,23118875,0,74474743707,5627486365
Custom,PrefixCollision,IPS4o,1000000,16.5868,21859695,0,74493708837,5701725655
Custom,PrefixCollision,Fluxsort,1000000,52.9650,20815731,0,74501777719,5703600256
Custom,PrefixCollision,ARS Gen 5: Optimized Apex (MAIN),1000000,17.3679,10316109,0,74539471233,5719405753
Custom,PrefixCollision,ARS Gen 5: Optimized Apex (Stable),1000000,18.5781,10719108,0,74539526219,5719409331
Custom,PrefixCollision,ARS Gen 6: Aero Architecture,1000000,16.5049,13179128,0,74539953505,5719414020
Custom,PrefixCollision,ARS Gen 6: Aero (Stable),1000000,19.7038,13595601,0,74543784127,5719428721
