Category,Distribution,Algorithm,N,Time (ms),Comparisons,Moves,LLC Miss Rate,Branch Misses,IPC,Throughput (MB/s)
i64,Random,Quicksort,1000,0.0167,10227,0,0.0000,489,2.5704,915.0149
i64,Random,Timsort,1000,0.0279,10588,0,0.0000,1136,2.0284,546.5182
i64,Random,ARS Gen 1: Foundation,1000,0.3484,0,2000,0.0000,7985,2.0661,43.8029
i64,Random,ARS Gen 2: Grid Mapping,1000,0.3385,0,2000,0.0011,8738,2.0935,45.0826
i64,Random,ARS Gen 3: Apex Baseline,1000,0.0142,10227,0,0.0000,496,2.5534,1072.2972
i64,Random,ARS Gen 4: Parallel Apex,1000,0.0119,10227,0,0.0000,475,2.6262,1278.4909
i64,Random,ARS Gen 5: Optimized Apex (MAIN),1000,0.0122,10227,0,0.0000,497,2.5888,1253.0828
i64,Random,ARS Gen 5: Optimized Apex (Stable),1000,0.0203,10588,0,0.0000,1140,2.0521,751.9979
i64,Random,ARS Gen 6: Aero Architecture,1000,0.0126,10227,0,0.0000,494,2.5181,1215.3556
i64,Random,ARS Gen 6: Aero (Stable),1000,0.0204,10588,0,0.0000,1121,2.0434,748.3834
i64,Random,ARS Exp A: Recursive Parallel,1000,0.0108,10227,0,0.0000,485,2.5702,1413.8982
i64,Random,ARS Exp B: Hierarchical Staging,1000,0.0107,10227,0,0.0000,497,2.6128,1426.7217
i64,Random,ARS Exp C: Adaptive Hierarchical,1000,0.0107,10227,0,0.0000,493,2.5991,1423.6601
i64,Random,ARS Exp D: Stream Micro-Batch,1000,0.1114,10227,2000,0.0074,1240,0.6462,136.9336
i64,Random,Quicksort,10000,0.1226,136654,0,0.0026,6925,0.9891,1244.5588
i64,Random,Timsort,10000,0.1955,140327,0,0.0030,13089,1.0273,780.6604
i64,Random,ARS Gen 1: Foundation,10000,6.3857,0,30000,0.0016,95139,1.6956,23.8953
i64,Random,ARS Gen 2: Grid Mapping,10000,6.2111,0,30000,0.0031,99376,1.7580,24.5670
i64,Random,ARS Gen 3: Apex Baseline,10000,0.3325,193611,14351,0.0027,12432,1.0677,458.9068
i64,Random,ARS Gen 4: Parallel Apex,10000,0.2651,51695,10000,0.0016,13520,0.8407,575.5731
i64,Random,ARS Gen 5: Optimized Apex (MAIN),10000,0.1768,51695,0,0.0015,13057,0.7382,863.1562
i64,Random,ARS Gen 5: Optimized Apex (Stable),10000,0.1732,57359,0,0.0013,16316,0.7846,881.0179
i64,Random,ARS Gen 6: Aero Architecture,10000,0.3799,59671,0,0.0106,16477,0.7255,401.6285
i64,Random,ARS Gen 6: Aero (Stable),10000,0.3168,62214,0,0.0152,20623,0.7309,481.6279
i64,Random,ARS Exp A: Recursive Parallel,10000,0.1661,51695,0,0.0014,12612,0.7241,918.6508
i64,Random,ARS Exp B: Hierarchical Staging,10000,0.1784,51695,0,0.0012,13072,0.7389,855.3612
i64,Random,ARS Exp C: Adaptive Hierarchical,10000,0.1642,51695,0,0.0013,13092,0.7629,929.1505
i64,Random,ARS Exp D: Stream Micro-Batch,10000,0.3723,51695,20000,0.0019,15217,0.7256,409.9070
i64,Random,Quicksort,100000,1.3957,1709595,0,0.0127,80066,1.6905,1093.2604
i64,Random,Timsort,100000,2.2153,1743505,0,0.0128,134255,1.6262,688.7864
i64,Random,ARS Gen 1: Foundation,100000,54.3541,0,300000,0.0157,998858,0.9533,28.0730
i64,Random,ARS Gen 2: Grid Mapping,100000,59.0322,0,300000,0.0227,1027728,1.0245,25.8482
i64,Random,ARS Gen 3: Apex Baseline,100000,2.2231,1885062,108703,0.0828,100090,1.3107,686.3651
i64,Random,ARS Gen 4: Parallel Apex,100000,1.0666,881353,100000,0.1314,99011,1.0299,1430.5995
i64,Random,ARS Gen 5: Optimized Apex (MAIN),100000,1.0010,881353,0,0.1564,88715,1.0241,1524.3865
i64,Random,ARS Gen 5: Optimized Apex (Stable),100000,0.9478,921838,0,0.1390,151843,0.9780,1609.9641
i64,Random,ARS Gen 6: Aero Architecture,100000,1.0428,955554,0,0.1348,105605,1.0898,1463.3079
i64,Random,ARS Gen 6: Aero (Stable),100000,1.2261,991979,0,0.1281,163956,1.0683,1244.5192
i64,Random,ARS Exp A: Recursive Parallel,100000,0.7512,881353,0,0.1060,94480,0.9999,2031.1362
i64,Random,ARS Exp B: Hierarchical Staging,100000,0.8478,772388,0,0.1515,89987,1.0368,1799.8524
i64,Random,ARS Exp C: Adaptive Hierarchical,100000,0.7833,881353,0,0.0766,95276,0.9698,1947.9313
i64,Random,ARS Exp D: Stream Micro-Batch,100000,1.1962,881353,200000,0.1958,98533,0.9513,1275.5540
i64,Random,Quicksort,1000000,16.8986,20423287,0,0.1719,684244,2.1510,902.9629
i64,Random,Timsort,1000000,28.2107,20813246,0,0.2324,1233545,1.8266,540.8874
i64,Random,ARS Gen 3: Apex Baseline,1000000,21.7272,21493355,1017407,0.3110,803573,1.4209,702.2912
i64,Random,ARS Gen 4: Parallel Apex,1000000,9.9560,10218658,1000000,0.4925,746297,0.9853,1532.6224
i64,Random,ARS Gen 5: Optimized Apex (MAIN),1000000,10.2022,10218658,0,0.5213,713265,0.8777,1495.6396
i64,Random,ARS Gen 5: Optimized Apex (Stable),1000000,10.4995,10628212,0,0.5110,1252299,0.9209,1453.2940
i64,Random,ARS Gen 6: Aero Architecture,1000000,7.1629,13023009,0,0.4013,831822,1.0246,2130.2551
i64,Random,ARS Gen 6: Aero (Stable),1000000,8.8044,13432511,0,0.3683,1367187,1.0239,1733.0824
i64,Random,ARS Exp A: Recursive Parallel,1000000,8.2734,10218658,0,0.4401,712779,0.9661,1844.3126
i64,Random,ARS Exp B: Hierarchical Staging,1000000,9.0289,11276404,0,0.5105,699809,1.1005,1689.9928
i64,Random,ARS Exp C: Adaptive Hierarchical,1000000,9.1196,12320223,0,0.5017,707538,0.8937,1673.1941
i64,Random,ARS Exp D: Stream Micro-Batch,1000000,21.1597,12171638,2000000,0.4895,2259698,0.8806,721.1267
i64,Gaussian,Quicksort,1000,0.0118,10330,0,0.3890,1546098,0.9417,1288.0963
i64,Gaussian,Timsort,1000,0.0186,10648,0,0.3889,1546665,0.9417,820.5415
i64,Gaussian,ARS Gen 1: Foundation,1000,0.1887,503,2000,0.3889,1554584,0.9426,80.8803
i64,Gaussian,ARS Gen 2: Grid Mapping,1000,0.2107,503,2000,0.3888,1554908,0.9427,72.4308
i64,Gaussian,ARS Gen 3: Apex Baseline,1000,0.0117,10330,0,0.3890,1546107,0.9417,1307.7467
i64,Gaussian,ARS Gen 4: Parallel Apex,1000,0.0115,10330,0,0.3890,1546077,0.9417,1328.3528
i64,Gaussian,ARS Gen 5: Optimized Apex (MAIN),1000,0.0116,10330,0,0.3890,1546083,0.9417,1319.2797
i64,Gaussian,ARS Gen 5: Optimized Apex (Stable),1000,0.0184,10648,0,0.3889,1546625,0.9417,828.1119
i64,Gaussian,ARS Gen 6: Aero Architecture,1000,0.0119,10330,0,0.3890,1546096,0.9417,1283.7615
i64,Gaussian,ARS Gen 6: Aero (Stable),1000,0.0185,10648,0,0.3889,1546604,0.9417,824.9332
i64,Gaussian,ARS Exp A: Recursive Parallel,1000,0.0116,10330,0,0.3890,1546095,0.9417,1317.0023
i64,Gaussian,ARS Exp B: Hierarchical Staging,1000,0.0117,10330,0,0.3890,1546114,0.9417,1307.2986
i64,Gaussian,ARS Exp C: Adaptive Hierarchical,1000,0.0115,10330,0,0.3890,1546064,0.9417,1329.9738
i64,Gaussian,ARS Exp D: Stream Micro-Batch,1000,0.1088,10330,2000,0.3880,1547006,0.9413,140.1870
i64,Gaussian,Quicksort,10000,0.1407,134638,0,0.3854,1553283,0.9417,1084.6606
i64,Gaussian,Timsort,10000,0.2120,140096,0,0.3853,1559402,0.9418,719.6524
i64,Gaussian,ARS Gen 1: Foundation,10000,1.2704,57643,30000,0.3807,1644059,0.9470,120.1138
i64,Gaussian,ARS Gen 2: Grid Mapping,10000,1.3801,57632,30000,0.3797,1642590,0.9477,110.5660
i64,Gaussian,ARS Gen 3: Apex Baseline,10000,0.3378,191358,14351,0.3832,1558949,0.9421,451.6840
i64,Gaussian,ARS Gen 4: Parallel Apex,10000,0.2320,61389,10000,0.3822,1560894,0.9407,657.6809
i64,Gaussian,ARS Gen 5: Optimized Apex (MAIN),10000,0.1505,61389,0,0.3816,1560740,0.9402,1014.2100
i64,Gaussian,ARS Gen 5: Optimized Apex (Stable),10000,0.1560,64672,0,0.3816,1565174,0.9405,978.2028
i64,Gaussian,ARS Gen 6: Aero Architecture,10000,0.3135,58551,0,0.3804,1561724,0.9415,486.6927
i64,Gaussian,ARS Gen 6: Aero (Stable),10000,0.3315,61376,0,0.3806,1566544,0.9412,460.2759
i64,Gaussian,ARS Exp A: Recursive Parallel,10000,0.1493,61389,0,0.3814,1560042,0.9402,1022.1590
i64,Gaussian,ARS Exp B: Hierarchical Staging,10000,0.1428,61389,0,0.3815,1560172,0.9403,1068.5950
i64,Gaussian,ARS Exp C: Adaptive Hierarchical,10000,0.1488,61389,0,0.3817,1560507,0.9402,1025.2220
i64,Gaussian,ARS Exp D: Stream Micro-Batch,10000,0.3192,61389,20000,0.3802,1562865,0.9399,478.0083
i64,Gaussian,Quicksort,100000,1.3005,1446704,0,0.3707,1603085,0.9603,1173.2909
i64,Gaussian,Timsort,100000,1.5912,1445193,0,0.3622,1628815,0.9617,958.9485
i64,Gaussian,ARS Gen 1: Foundation,100000,6.9765,1387258,300000,0.3473,2464155,0.9587,218.7165
i64,Gaussian,ARS Gen 2: Grid Mapping,100000,8.3908,1386968,300000,0.3520,2453567,0.9650,181.8509
i64,Gaussian,ARS Gen 3: Apex Baseline,100000,2.1818,1645061,108703,0.3662,1625584,0.9577,699.3519
i64,Gaussian,ARS Gen 4: Parallel Apex,100000,0.8680,734392,100000,0.3653,1623469,0.9491,1757.8420
i64,Gaussian,ARS Gen 5: Optimized Apex (MAIN),100000,0.6559,734392,0,0.3673,1619301,0.9448,2326.4498
i64,Gaussian,ARS Gen 5: Optimized Apex (Stable),100000,0.5954,735546,0,0.3639,1648501,0.9480,2562.9043
i64,Gaussian,ARS Gen 6: Aero Architecture,100000,0.8081,701300,0,0.3652,1628687,0.9502,1888.2607
i64,Gaussian,ARS Gen 6: Aero (Stable),100000,0.8224,706496,0,0.3648,1659228,0.9488,1855.3907
i64,Gaussian,ARS Exp A: Recursive Parallel,100000,0.6204,734392,0,0.3632,1618969,0.9472,2459.6192
i64,Gaussian,ARS Exp B: Hierarchical Staging,100000,0.6363,629097,0,0.3641,1613635,0.9478,2398.1513
i64,Gaussian,ARS Exp C: Adaptive Hierarchical,100000,0.5996,734392,0,0.3624,1618365,0.9487,2545.0233
i64,Gaussian,ARS Exp D: Stream Micro-Batch,100000,0.9365,734392,200000,0.3641,1622391,0.9467,1629.4117
i64,Gaussian,Quicksort,1000000,9.5680,13567694,0,0.3202,1673022,1.1253,1594.7728
i64,Gaussian,Timsort,1000000,14.6040,14681691,0,0.2929,1723999,1.1074,1044.8336
i64,Gaussian,ARS Gen 3: Apex Baseline,1000000,18.5918,14956001,1017407,0.3558,1769296,1.0734,820.7282
i64,Gaussian,ARS Gen 4: Parallel Apex,1000000,6.9817,4787996,1000000,0.4297,1713894,0.9053,2185.5516
i64,Gaussian,ARS Gen 5: Optimized Apex (MAIN),1000000,6.7562,4787996,0,0.4304,1701559,0.9107,2258.4715
i64,Gaussian,ARS Gen 5: Optimized Apex (Stable),1000000,6.7927,4821847,0,0.4300,1777071,0.9065,2246.3432
i64,Gaussian,ARS Gen 6: Aero Architecture,1000000,5.4465,6224416,0,0.3954,1816197,0.9861,2801.5621
i64,Gaussian,ARS Gen 6: Aero (Stable),1000000,5.6610,6253879,0,0.3854,1891635,0.9895,2695.4186
i64,Gaussian,ARS Exp A: Recursive Parallel,1000000,6.5838,4757456,0,0.4131,1699135,0.9096,2317.6275
i64,Gaussian,ARS Exp B: Hierarchical Staging,1000000,8.8636,2295151,0,0.4064,1702675,0.9312,1721.5074
i64,Gaussian,ARS Exp C: Adaptive Hierarchical,1000000,8.5082,2529783,0,0.4024,1722212,0.8975,1793.4160
i64,Gaussian,ARS Exp D: Stream Micro-Batch,1000000,18.1925,11703943,2000000,0.3721,2007608,1.0058,838.7407
i64,NearlySorted,Quicksort,1000,0.0112,9762,0,0.4388,2324006,1.1169,1363.1221
i64,NearlySorted,Timsort,1000,0.0155,9882,0,0.4388,2324342,1.1169,985.9647
i64,NearlySorted,ARS Gen 1: Foundation,1000,0.0896,9788,2000,0.4388,2328033,1.1171,170.3104
i64,NearlySorted,ARS Gen 2: Grid Mapping,1000,0.0991,9815,2000,0.4388,2327753,1.1171,153.9069
i64,NearlySorted,ARS Gen 3: Apex Baseline,1000,0.0114,9762,0,0.4388,2324004,1.1169,1337.3172
i64,NearlySorted,ARS Gen 4: Parallel Apex,1000,0.0113,9762,0,0.4388,2324013,1.1169,1354.2903
i64,NearlySorted,ARS Gen 5: Optimized Apex (MAIN),1000,0.0113,9762,0,0.4388,2323998,1.1169,1344.6236
i64,NearlySorted,ARS Gen 5: Optimized Apex (Stable),1000,0.0155,9882,0,0.4388,2324333,1.1169,982.5996
i64,NearlySorted,ARS Gen 6: Aero Architecture,1000,0.0114,9762,0,0.4388,2323998,1.1169,1343.3215
i64,NearlySorted,ARS Gen 6: Aero (Stable),1000,0.0155,9882,0,0.4388,2324366,1.1169,984.6286
i64,NearlySorted,ARS Exp A: Recursive Parallel,1000,0.0112,9762,0,0.4388,2324022,1.1169,1356.4574
i64,NearlySorted,ARS Exp B: Hierarchical Staging,1000,0.0113,9762,0,0.4388,2324007,1.1169,1350.5744
i64,NearlySorted,ARS Exp C: Adaptive Hierarchical,1000,0.0112,9762,0,0.4388,2324000,1.1169,1362.0271
i64,NearlySorted,ARS Exp D: Stream Micro-Batch,1000,0.1152,9762,2000,0.4385,2324485,1.1167,132.4640
i64,NearlySorted,Quicksort,10000,0.1382,134689,0,0.4373,2331051,1.1166,1104.0213
i64,NearlySorted,Timsort,10000,0.1747,132195,0,0.4372,2334145,1.1166,873.6431
i64,NearlySorted,ARS Gen 1: Foundation,10000,0.7600,130386,30000,0.4357,2370925,1.1196,200.7749
i64,NearlySorted,ARS Gen 2: Grid Mapping,10000,0.7927,130325,30000,0.4357,2366579,1.1196,192.4826
i64,NearlySorted,ARS Gen 3: Apex Baseline,10000,0.2968,187157,14351,0.4364,2335729,1.1166,514.1690
i64,NearlySorted,ARS Gen 4: Parallel Apex,10000,0.2063,45304,10000,0.4359,2336835,1.1155,739.7304
i64,NearlySorted,ARS Gen 5: Optimized Apex (MAIN),10000,0.1304,45304,0,0.4359,2336310,1.1155,1170.4218
i64,NearlySorted,ARS Gen 5: Optimized Apex (Stable),10000,0.1313,36417,0,0.4358,2335327,1.1154,1161.7158
i64,NearlySorted,ARS Gen 6: Aero Architecture,10000,0.2966,52081,0,0.4353,2339773,1.1159,514.4707
i64,NearlySorted,ARS Gen 6: Aero (Stable),10000,0.3089,47021,0,0.4354,2341272,1.1159,493.9062
i64,NearlySorted,ARS Exp A: Recursive Parallel,10000,0.1386,45304,0,0.4358,2336194,1.1153,1101.0737
i64,NearlySorted,ARS Exp B: Hierarchical Staging,10000,0.1389,45304,0,0.4359,2336276,1.1155,1098.5054
i64,NearlySorted,ARS Exp C: Adaptive Hierarchical,10000,0.1422,45304,0,0.4358,2336764,1.1154,1072.6816
i64,NearlySorted,ARS Exp D: Stream Micro-Batch,10000,0.3039,45304,20000,0.4350,2338502,1.1151,502.1221
i64,NearlySorted,Quicksort,100000,1.5857,1716043,0,0.4305,2403177,1.1267,962.2935
i64,NearlySorted,Timsort,100000,1.8934,1660908,0,0.4265,2426390,1.1271,805.9089
i64,NearlySorted,ARS Gen 1: Foundation,100000,7.1664,1643878,300000,0.4219,2768598,1.1425,212.9208
i64,NearlySorted,ARS Gen 2: Grid Mapping,100000,7.6332,1643640,300000,0.4255,2728358,1.1374,199.9003
i64,NearlySorted,ARS Gen 3: Apex Baseline,100000,2.1522,1830188,108703,0.4284,2419593,1.1230,708.9791
i64,NearlySorted,ARS Gen 4: Parallel Apex,100000,0.8769,827444,100000,0.4267,2420341,1.1177,1740.0177
i64,NearlySorted,ARS Gen 5: Optimized Apex (MAIN),100000,0.6680,827444,0,0.4277,2416789,1.1163,2284.3285
i64,NearlySorted,ARS Gen 5: Optimized Apex (Stable),100000,0.4948,410171,0,0.4264,2392966,1.1170,3083.7922
i64,NearlySorted,ARS Gen 6: Aero Architecture,100000,0.6205,906132,0,0.4276,2423509,1.1159,2459.1951
i64,NearlySorted,ARS Gen 6: Aero (Stable),100000,0.6338,448015,0,0.4268,2405178,1.1161,2407.3756
i64,NearlySorted,ARS Exp A: Recursive Parallel,100000,0.6450,827444,0,0.4266,2418520,1.1160,2365.8871
i64,NearlySorted,ARS Exp B: Hierarchical Staging,100000,0.7457,718138,0,0.4292,2409767,1.1158,2046.1217
i64,NearlySorted,ARS Exp C: Adaptive Hierarchical,100000,0.6609,827444,0,0.4263,2417108,1.1155,2308.8628
i64,NearlySorted,ARS Exp D: Stream Micro-Batch,100000,1.1444,827444,200000,0.4268,2422406,1.1153,1333.3335
i64,NearlySorted,Quicksort,1000000,17.7844,20672771,0,0.4088,2922254,1.2445,857.9891
i64,NearlySorted,Timsort,1000000,23.6487,19775927,0,0.3755,3137444,1.2328,645.2282
i64,NearlySorted,ARS Gen 3: Apex Baseline,1000000,19.7915,20984698,1017407,0.4319,3009618,1.1894,770.9775
i64,NearlySorted,ARS Gen 4: Parallel Apex,1000000,9.1532,9742173,1000000,0.4506,2953887,1.0948,1667.0473
i64,NearlySorted,ARS Gen 5: Optimized Apex (MAIN),1000000,8.6939,9742173,0,0.4516,2948727,1.0617,1755.1071
i64,NearlySorted,ARS Gen 5: Optimized Apex (Stable),1000000,7.3058,4127840,0,0.4504,2705396,1.0415,2088.5751
i64,NearlySorted,ARS Gen 6: Aero Architecture,1000000,7.3846,12610499,0,0.4405,3055310,1.1301,2066.3020
i64,NearlySorted,ARS Gen 6: Aero (Stable),1000000,6.2392,5755875,0,0.4376,2835946,1.1287,2445.6448
i64,NearlySorted,ARS Exp A: Recursive Parallel,1000000,8.2365,9742173,0,0.4463,2943615,1.0823,1852.5779
i64,NearlySorted,ARS Exp B: Hierarchical Staging,1000000,8.7927,10843448,0,0.4503,2930592,1.0965,1735.3925
i64,NearlySorted,ARS Exp C: Adaptive Hierarchical,1000000,9.1310,11954018,0,0.4481,2943054,1.0739,1671.1051
i64,NearlySorted,ARS Exp D: Stream Micro-Batch,1000000,18.3807,14936473,2000000,0.4457,3198444,1.1074,830.1514
i64,Duplicates,Quicksort,1000,0.0031,3735,0,0.4691,4994094,1.2340,4950.9374
i64,Duplicates,Timsort,1000,0.0043,3747,0,0.4691,4994167,1.2340,3566.8044
i64,Duplicates,ARS Gen 1: Foundation,1000,0.0305,995,2000,0.4691,4995465,1.2340,500.4687
i64,Duplicates,ARS Gen 2: Grid Mapping,1000,0.0413,995,2000,0.4691,4995489,1.2341,369.1047
i64,Duplicates,ARS Gen 3: Apex Baseline,1000,0.0030,3735,0,0.4691,4994098,1.2340,5045.8959
i64,Duplicates,ARS Gen 4: Parallel Apex,1000,0.0030,3735,0,0.4691,4994097,1.2340,5086.2630
i64,Duplicates,ARS Gen 5: Optimized Apex (MAIN),1000,0.0030,3735,0,0.4691,4994096,1.2340,5032.5821
i64,Duplicates,ARS Gen 5: Optimized Apex (Stable),1000,0.0041,3747,0,0.4691,4994162,1.2340,3694.6220
i64,Duplicates,ARS Gen 6: Aero Architecture,1000,0.0031,3735,0,0.4691,4994099,1.2340,4889.0705
i64,Duplicates,ARS Gen 6: Aero (Stable),1000,0.0044,3747,0,0.4691,4994172,1.2340,3505.3501
i64,Duplicates,ARS Exp A: Recursive Parallel,1000,0.0031,3735,0,0.4691,4994097,1.2340,4970.2896
i64,Duplicates,ARS Exp B: Hierarchical Staging,1000,0.0031,3735,0,0.4691,4994095,1.2340,4970.2896
i64,Duplicates,ARS Exp C: Adaptive Hierarchical,1000,0.0030,3735,0,0.4691,4994097,1.2340,5034.2425
i64,Duplicates,ARS Exp D: Stream Micro-Batch,1000,0.1008,3735,2000,0.4689,4994649,1.2339,151.4490
i64,Duplicates,Quicksort,10000,0.0275,36573,0,0.4683,4996138,1.2335,5550.8709
i64,Duplicates,Timsort,10000,0.0360,36775,0,0.4682,4996380,1.2335,4234.0832
i64,Duplicates,ARS Gen 1: Foundation,10000,0.1763,9995,30000,0.4680,5007587,1.2337,865.7174
i64,Duplicates,ARS Gen 2: Grid Mapping,10000,0.2417,9995,30000,0.4679,5009771,1.2339,631.3503
i64,Duplicates,ARS Gen 3: Apex Baseline,10000,0.2331,115988,14351,0.4679,4998659,1.2337,654.5129
i64,Duplicates,ARS Gen 4: Parallel Apex,10000,0.1895,9999,10000,0.4676,5001400,1.2331,805.0645
i64,Duplicates,ARS Gen 5: Optimized Apex (MAIN),10000,0.1133,9999,0,0.4676,5000723,1.2331,1346.3202
i64,Duplicates,ARS Gen 5: Optimized Apex (Stable),10000,0.1129,9999,0,0.4676,5000867,1.2330,1351.9864
i64,Duplicates,ARS Gen 6: Aero Architecture,10000,0.2915,9999,0,0.4675,5006649,1.2331,523.4899
i64,Duplicates,ARS Gen 6: Aero (Stable),10000,0.2943,9999,0,0.4674,5006641,1.2332,518.4968
i64,Duplicates,ARS Exp A: Recursive Parallel,10000,0.1228,9999,0,0.4676,5000702,1.2330,1242.9267
i64,Duplicates,ARS Exp B: Hierarchical Staging,10000,0.1233,9999,0,0.4676,5000822,1.2331,1237.6340
i64,Duplicates,ARS Exp C: Adaptive Hierarchical,10000,0.1230,9999,0,0.4676,5000777,1.2330,1240.6326
i64,Duplicates,ARS Exp D: Stream Micro-Batch,10000,0.2750,9999,20000,0.4673,5002536,1.2329,554.8025
i64,Duplicates,Quicksort,100000,0.2821,362094,0,0.4653,5012955,1.2336,5408.3865
i64,Duplicates,Timsort,100000,0.3811,382517,0,0.4632,5013555,1.2335,4004.0697
i64,Duplicates,ARS Gen 1: Foundation,100000,0.9757,99995,300000,0.4651,5128033,1.2316,1563.9469
i64,Duplicates,ARS Gen 2: Grid Mapping,100000,1.3744,99995,300000,0.4652,5151074,1.2321,1110.2525
i64,Duplicates,ARS Gen 3: Apex Baseline,100000,1.7555,1129938,108703,0.4648,5021575,1.2356,869.2000
i64,Duplicates,ARS Gen 4: Parallel Apex,100000,0.5828,100001,100000,0.4632,5023171,1.2324,2618.2850
i64,Duplicates,ARS Gen 5: Optimized Apex (MAIN),100000,0.3306,100001,0,0.4632,5021682,1.2320,4614.7857
i64,Duplicates,ARS Gen 5: Optimized Apex (Stable),100000,0.3409,100001,0,0.4633,5021699,1.2323,4476.0965
i64,Duplicates,ARS Gen 6: Aero Architecture,100000,0.5480,100001,0,0.4637,5075929,1.2312,2784.3489
i64,Duplicates,ARS Gen 6: Aero (Stable),100000,0.6114,100001,0,0.4636,5076576,1.2312,2495.7048
i64,Duplicates,ARS Exp A: Recursive Parallel,100000,0.4989,199996,0,0.4624,5027248,1.2318,3058.4007
i64,Duplicates,ARS Exp B: Hierarchical Staging,100000,0.4807,199996,0,0.4631,5020660,1.2324,3174.3975
i64,Duplicates,ARS Exp C: Adaptive Hierarchical,100000,0.4904,199996,0,0.4622,5027617,1.2321,3111.7207
i64,Duplicates,ARS Exp D: Stream Micro-Batch,100000,0.7337,100001,200000,0.4629,5024563,1.2317,2079.8175
i64,Duplicates,Quicksort,1000000,2.9838,3809528,0,0.4570,5030285,1.2447,5113.9311
i64,Duplicates,Timsort,1000000,6.6940,4510660,0,0.4525,5031966,1.2355,2279.4851
i64,Duplicates,ARS Gen 3: Apex Baseline,1000000,19.3879,12062959,1017407,0.4625,5096628,1.2563,787.0249
i64,Duplicates,ARS Gen 4: Parallel Apex,1000000,6.2871,999999,1000000,0.4767,5045408,1.1780,2427.0181
i64,Duplicates,ARS Gen 5: Optimized Apex (MAIN),1000000,6.5245,999999,0,0.4762,5044624,1.1808,2338.6924
i64,Duplicates,ARS Gen 5: Optimized Apex (Stable),1000000,6.5546,999999,0,0.4766,5045159,1.1867,2327.9473
i64,Duplicates,ARS Gen 6: Aero Architecture,1000000,4.4878,999999,0,0.4697,5596754,1.2088,3400.0933
i64,Duplicates,ARS Gen 6: Aero (Stable),1000000,4.5074,999999,0,0.4697,5596703,1.2067,3385.2804
i64,Duplicates,ARS Exp A: Recursive Parallel,1000000,8.4008,1999994,0,0.4770,5055234,1.1675,1816.3575
i64,Duplicates,ARS Exp B: Hierarchical Staging,1000000,7.0080,1999994,0,0.4749,5042231,1.1919,2177.3253
i64,Duplicates,ARS Exp C: Adaptive Hierarchical,1000000,8.1106,1999994,0,0.4778,5055132,1.1739,1881.3366
i64,Duplicates,ARS Exp D: Stream Micro-Batch,1000000,14.7166,5364815,2000000,0.4629,5084423,1.2083,1036.8444
i64,Zipfian,Quicksort,1000,0.0055,5508,0,0.4489,5114431,1.2373,2764.7742
i64,Zipfian,Timsort,1000,0.0072,5460,0,0.4489,5114626,1.2373,2118.6877
i64,Zipfian,ARS Gen 1: Foundation,1000,0.0295,4914,2000,0.4489,5115375,1.2373,517.2646
i64,Zipfian,ARS Gen 2: Grid Mapping,1000,0.0393,4914,2000,0.4489,5115457,1.2374,387.8597
i64,Zipfian,ARS Gen 3: Apex Baseline,1000,0.0050,5508,0,0.4489,5114442,1.2373,3032.3508
i64,Zipfian,ARS Gen 4: Parallel Apex,1000,0.0057,5508,0,0.4489,5114437,1.2373,2683.5718
i64,Zipfian,ARS Gen 5: Optimized Apex (MAIN),1000,0.0049,5508,0,0.4489,5114437,1.2373,3124.8800
i64,Zipfian,ARS Gen 5: Optimized Apex (Stable),1000,0.0081,5460,0,0.4489,5114631,1.2373,1889.8674
i64,Zipfian,ARS Gen 6: Aero Architecture,1000,0.0057,5508,0,0.4489,5114432,1.2373,2673.2286
i64,Zipfian,ARS Gen 6: Aero (Stable),1000,0.0077,5460,0,0.4489,5114631,1.2373,1990.4499
i64,Zipfian,ARS Exp A: Recursive Parallel,1000,0.0056,5508,0,0.4489,5114431,1.2373,2743.8930
i64,Zipfian,ARS Exp B: Hierarchical Staging,1000,0.0055,5508,0,0.4489,5114429,1.2373,2756.7821
i64,Zipfian,ARS Exp C: Adaptive Hierarchical,1000,0.0054,5508,0,0.4489,5114417,1.2373,2812.6800
i64,Zipfian,ARS Exp D: Stream Micro-Batch,1000,0.1073,5508,2000,0.4487,5114973,1.2372,142.1869
i64,Zipfian,Quicksort,10000,0.0439,53621,0,0.4482,5117218,1.2368,3477.4696
i64,Zipfian,Timsort,10000,0.0497,53742,0,0.4482,5118070,1.2368,3071.8477
i64,Zipfian,ARS Gen 1: Foundation,10000,0.2283,50132,30000,0.4479,5123093,1.2374,668.2194
i64,Zipfian,ARS Gen 2: Grid Mapping,10000,0.2542,50259,30000,0.4479,5122969,1.2378,600.1915
i64,Zipfian,ARS Gen 3: Apex Baseline,10000,0.2237,124917,14351,0.4479,5120186,1.2369,682.0790
i64,Zipfian,ARS Gen 4: Parallel Apex,10000,0.2486,52500,10000,0.4477,5123912,1.2365,613.7814
i64,Zipfian,ARS Gen 5: Optimized Apex (MAIN),10000,0.1710,52500,0,0.4477,5123393,1.2365,892.3582
i64,Zipfian,ARS Gen 5: Optimized Apex (Stable),10000,0.1752,51829,0,0.4476,5123798,1.2365,871.0299
i64,Zipfian,ARS Gen 6: Aero Architecture,10000,0.3675,42054,0,0.4475,5123429,1.2369,415.1769
i64,Zipfian,ARS Gen 6: Aero (Stable),10000,0.3807,42636,0,0.4475,5124642,1.2369,400.8130
i64,Zipfian,ARS Exp A: Recursive Parallel,10000,0.1854,16860,0,0.4473,5126789,1.2362,822.8424
i64,Zipfian,ARS Exp B: Hierarchical Staging,10000,0.1594,52500,0,0.4477,5122587,1.2365,957.4082
i64,Zipfian,ARS Exp C: Adaptive Hierarchical,10000,0.1601,52500,0,0.4477,5122621,1.2365,953.1322
i64,Zipfian,ARS Exp D: Stream Micro-Batch,10000,0.2957,52500,20000,0.4474,5125158,1.2364,516.0471
i64,Zipfian,Quicksort,100000,0.3565,532062,0,0.4468,5123793,1.2377,4279.6610
i64,Zipfian,Timsort,100000,0.4856,535405,0,0.4452,5127158,1.2377,3142.1318
i64,Zipfian,ARS Gen 1: Foundation,100000,1.5889,506805,300000,0.4461,5181680,1.2380,960.3270
i64,Zipfian,ARS Gen 2: Grid Mapping,100000,1.8263,506783,300000,0.4462,5182985,1.2403,835.4805
i64,Zipfian,ARS Gen 3: Apex Baseline,100000,1.5693,1174310,108703,0.4461,5134755,1.2389,972.3191
i64,Zipfian,ARS Gen 4: Parallel Apex,100000,1.2391,519466,100000,0.4446,5136236,1.2379,1231.3976
i64,Zipfian,ARS Gen 5: Optimized Apex (MAIN),100000,0.7794,519466,0,0.4447,5133640,1.2374,1957.8715
i64,Zipfian,ARS Gen 5: Optimized Apex (Stable),100000,0.9080,520212,0,0.4438,5138661,1.2365,1680.5037
i64,Zipfian,ARS Gen 6: Aero Architecture,100000,0.9480,499545,0,0.4449,5135798,1.2380,1609.5888
i64,Zipfian,ARS Gen 6: Aero (Stable),100000,1.1432,502501,0,0.4436,5139278,1.2380,1334.7646
i64,Zipfian,ARS Exp A: Recursive Parallel,100000,1.1770,203055,0,0.4412,5160215,1.2329,1296.4666
i64,Zipfian,ARS Exp B: Hierarchical Staging,100000,0.8619,182074,0,0.4430,5138554,1.2357,1770.3357
i64,Zipfian,ARS Exp C: Adaptive Hierarchical,100000,1.4160,197448,0,0.4417,5157468,1.2338,1077.6088
i64,Zipfian,ARS Exp D: Stream Micro-Batch,100000,1.1873,519466,200000,0.4447,5138407,1.2369,1285.1141
i64,Zipfian,Quicksort,1000000,4.0432,5301519,0,0.4408,5138355,1.2529,3773.9163
i64,Zipfian,Timsort,1000000,8.0010,6302942,0,0.4331,5149696,1.2445,1907.1181
i64,Zipfian,ARS Gen 3: Apex Baseline,1000000,20.5458,12308876,1017407,0.4457,5209039,1.2568,742.6706
i64,Zipfian,ARS Gen 4: Parallel Apex,1000000,13.5918,5221477,1000000,0.4506,5160528,1.2146,1122.6500
i64,Zipfian,ARS Gen 5: Optimized Apex (MAIN),1000000,10.4749,5221477,0,0.4499,5158351,1.2075,1456.7065
i64,Zipfian,ARS Gen 5: Optimized Apex (Stable),1000000,14.4213,6004244,0,0.4443,5164584,1.2063,1058.0753
i64,Zipfian,ARS Gen 6: Aero Architecture,1000000,7.9348,5265586,0,0.4469,5154875,1.2333,1923.0123
i64,Zipfian,ARS Gen 6: Aero (Stable),1000000,12.5266,6045570,0,0.4416,5166377,1.2314,1218.1064
i64,Zipfian,ARS Exp A: Recursive Parallel,1000000,15.2260,1938046,0,0.4585,5224148,1.1714,1002.1543
i64,Zipfian,ARS Exp B: Hierarchical Staging,1000000,22.0152,2076365,0,0.4662,5204036,1.1972,693.1021
i64,Zipfian,ARS Exp C: Adaptive Hierarchical,1000000,26.2207,2063926,0,0.4678,5243702,1.1779,581.9358
i64,Zipfian,ARS Exp D: Stream Micro-Batch,1000000,15.8947,9694969,2000000,0.4474,5246946,1.2166,959.9905
i64,Skewed,Quicksort,1000,0.0101,10296,0,0.4465,5367487,1.3135,1509.8742
i64,Skewed,Timsort,1000,0.0165,10670,0,0.4465,5368130,1.3134,923.9352
i64,Skewed,ARS Gen 1: Foundation,1000,0.1520,808,2000,0.4465,5376193,1.3135,100.4013
i64,Skewed,ARS Gen 2: Grid Mapping,1000,0.1884,808,2000,0.4465,5376278,1.3135,80.9906
i64,Skewed,ARS Gen 3: Apex Baseline,1000,0.0101,10296,0,0.4465,5367507,1.3135,1507.3386
i64,Skewed,ARS Gen 4: Parallel Apex,1000,0.0103,10296,0,0.4465,5367511,1.3135,1478.7081
i64,Skewed,ARS Gen 5: Optimized Apex (MAIN),1000,0.0100,10296,0,0.4465,5367482,1.3135,1526.3368
i64,Skewed,ARS Gen 5: Optimized Apex (Stable),1000,0.0167,10670,0,0.4465,5368140,1.3134,913.6999
i64,Skewed,ARS Gen 6: Aero Architecture,1000,0.0123,10296,0,0.4465,5367477,1.3134,1238.5381
i64,Skewed,ARS Gen 6: Aero (Stable),1000,0.0182,10670,0,0.4465,5368136,1.3134,837.7046
i64,Skewed,ARS Exp A: Recursive Parallel,1000,0.0101,10296,0,0.4465,5367512,1.3135,1510.9208
i64,Skewed,ARS Exp B: Hierarchical Staging,1000,0.0101,10296,0,0.4465,5367512,1.3135,1513.9189
i64,Skewed,ARS Exp C: Adaptive Hierarchical,1000,0.0100,10296,0,0.4465,5367497,1.3135,1530.0099
i64,Skewed,ARS Exp D: Stream Micro-Batch,1000,0.1026,10296,2000,0.4464,5367999,1.3134,148.7777
i64,Skewed,Quicksort,10000,0.1247,134101,0,0.4461,5374322,1.3132,1223.6300
i64,Skewed,Timsort,10000,0.1879,137729,0,0.4461,5380429,1.3132,812.0048
i64,Skewed,ARS Gen 1: Foundation,10000,0.9060,84429,30000,0.4456,5449723,1.3129,168.4227
i64,Skewed,ARS Gen 2: Grid Mapping,10000,0.9685,84430,30000,0.4456,5447371,1.3132,157.5489
i64,Skewed,ARS Gen 3: Apex Baseline,10000,0.2779,190005,14351,0.4458,5379951,1.3130,549.1440
i64,Skewed,ARS Gen 4: Parallel Apex,10000,0.2088,71389,10000,0.4457,5381824,1.3125,730.8689
i64,Skewed,ARS Gen 5: Optimized Apex (MAIN),10000,0.1331,71389,0,0.4457,5380981,1.3125,1146.1915
i64,Skewed,ARS Gen 5: Optimized Apex (Stable),10000,0.1477,73990,0,0.4457,5386406,1.3125,1032.9815
i64,Skewed,ARS Gen 6: Aero Architecture,10000,0.3691,60048,0,0.4455,5382694,1.3128,413.4210
i64,Skewed,ARS Gen 6: Aero (Stable),10000,0.4028,62612,0,0.4456,5386692,1.3126,378.7992
i64,Skewed,ARS Exp A: Recursive Parallel,10000,0.1444,71389,0,0.4456,5381198,1.3125,1057.0542
i64,Skewed,ARS Exp B: Hierarchical Staging,10000,0.1486,71389,0,0.4456,5381546,1.3125,1026.8157
i64,Skewed,ARS Exp C: Adaptive Hierarchical,10000,0.1515,71389,0,0.4456,5382007,1.3125,1007.4468
i64,Skewed,ARS Exp D: Stream Micro-Batch,10000,0.3241,71389,20000,0.4454,5384367,1.3123,470.8703
i64,Skewed,Quicksort,100000,1.1723,1353942,0,0.4443,5419505,1.3153,1301.5569
i64,Skewed,Timsort,100000,1.4557,1358979,0,0.4431,5441201,1.3154,1048.2054
i64,Skewed,ARS Gen 1: Foundation,100000,5.9650,1260666,300000,0.4416,6149201,1.2982,255.8045
i64,Skewed,ARS Gen 2: Grid Mapping,100000,6.2040,1260598,300000,0.4414,6125363,1.3007,245.9517
i64,Skewed,ARS Gen 3: Apex Baseline,100000,2.1365,1555111,108703,0.4436,5439992,1.3136,714.2100
i64,Skewed,ARS Gen 4: Parallel Apex,100000,0.8313,735888,100000,0.4433,5438192,1.3122,1835.5776
i64,Skewed,ARS Gen 5: Optimized Apex (MAIN),100000,0.6005,735888,0,0.4434,5433910,1.3110,2540.8321
i64,Skewed,ARS Gen 5: Optimized Apex (Stable),100000,0.7129,741765,0,0.4433,5460934,1.3111,2140.4339
i64,Skewed,ARS Gen 6: Aero Architecture,100000,0.8704,651349,0,0.4434,5444643,1.3117,1753.1604
i64,Skewed,ARS Gen 6: Aero (Stable),100000,0.9450,657321,0,0.4440,5470018,1.3106,1614.6610
i64,Skewed,ARS Exp A: Recursive Parallel,100000,0.7884,710308,0,0.4434,5437473,1.3102,1935.2943
i64,Skewed,ARS Exp B: Hierarchical Staging,100000,0.6336,631417,0,0.4437,5427858,1.3113,2408.2647
i64,Skewed,ARS Exp C: Adaptive Hierarchical,100000,0.7347,735888,0,0.4438,5434758,1.3093,2076.9893
i64,Skewed,ARS Exp D: Stream Micro-Batch,100000,1.0547,735888,200000,0.4435,5438998,1.3102,1446.7133
i64,Skewed,Quicksort,1000000,9.2166,12909957,0,0.4359,5462848,1.3474,1655.5786
i64,Skewed,Timsort,1000000,13.7338,14007926,0,0.4242,5507958,1.3406,1111.0415
i64,Skewed,ARS Gen 3: Apex Baseline,1000000,18.9251,14286900,1017407,0.4389,5554263,1.3270,806.2706
i64,Skewed,ARS Gen 4: Parallel Apex,1000000,7.4280,5157050,1000000,0.4518,5499518,1.2734,2054.2385
i64,Skewed,ARS Gen 5: Optimized Apex (MAIN),1000000,7.1118,5157050,0,0.4519,5482395,1.2758,2145.5675
i64,Skewed,ARS Gen 5: Optimized Apex (Stable),1000000,7.2260,5175392,0,0.4506,5556910,1.2678,2111.6468
i64,Skewed,ARS Gen 6: Aero Architecture,1000000,5.7484,6007232,0,0.4477,5607025,1.3067,2654.4480
i64,Skewed,ARS Gen 6: Aero (Stable),1000000,5.8923,6044896,0,0.4448,5671665,1.3020,2589.5944
i64,Skewed,ARS Exp A: Recursive Parallel,1000000,8.8561,2361022,0,0.4456,5545003,1.2665,1722.9661
i64,Skewed,ARS Exp B: Hierarchical Staging,1000000,9.7426,1866734,0,0.4462,5503803,1.2864,1566.1914
i64,Skewed,ARS Exp C: Adaptive Hierarchical,1000000,10.4160,2025491,0,0.4485,5520842,1.2605,1464.9379
i64,Skewed,ARS Exp D: Stream Micro-Batch,1000000,18.8186,11791276,2000000,0.4490,5756092,1.2902,810.8339
i64,Clustered,Quicksort,1000,0.0163,10451,0,0.4723,6131804,1.3235,937.4448
i64,Clustered,Timsort,1000,0.0273,10742,0,0.4723,6132465,1.3235,559.7912
i64,Clustered,ARS Gen 1: Foundation,1000,0.1438,5331,2000,0.4723,6137839,1.3235,106.0876
i64,Clustered,ARS Gen 2: Grid Mapping,1000,0.1568,5339,2000,0.4723,6137989,1.3235,97.3056
i64,Clustered,ARS Gen 3: Apex Baseline,1000,0.0149,10451,0,0.4723,6131783,1.3235,1024.4236
i64,Clustered,ARS Gen 4: Parallel Apex,1000,0.0152,10451,0,0.4723,6131795,1.3235,1001.2329
i64,Clustered,ARS Gen 5: Optimized Apex (MAIN),1000,0.0145,10451,0,0.4723,6131778,1.3235,1053.6382
i64,Clustered,ARS Gen 5: Optimized Apex (Stable),1000,0.0227,10742,0,0.4723,6132415,1.3235,670.8634
i64,Clustered,ARS Gen 6: Aero Architecture,1000,0.0143,10451,0,0.4723,6131773,1.3235,1066.5261
i64,Clustered,ARS Gen 6: Aero (Stable),1000,0.0224,10742,0,0.4723,6132469,1.3235,682.4145
i64,Clustered,ARS Exp A: Recursive Parallel,1000,0.0137,10451,0,0.4723,6131800,1.3235,1114.9196
i64,Clustered,ARS Exp B: Hierarchical Staging,1000,0.0138,10451,0,0.4723,6131768,1.3235,1107.8769
i64,Clustered,ARS Exp C: Adaptive Hierarchical,1000,0.0143,10451,0,0.4723,6131800,1.3235,1066.6007
i64,Clustered,ARS Exp D: Stream Micro-Batch,1000,0.1403,10451,2000,0.4722,6132500,1.3234,108.7428
i64,Clustered,Quicksort,10000,0.1334,111159,0,0.4719,6136492,1.3232,1144.2576
i64,Clustered,Timsort,10000,0.2904,110728,0,0.4719,6139340,1.3231,525.4657
i64,Clustered,ARS Gen 1: Foundation,10000,0.6415,75427,30000,0.4717,6170744,1.3230,237.8596
i64,Clustered,ARS Gen 2: Grid Mapping,10000,0.7417,74701,30000,0.4719,6172668,1.3231,205.7239
i64,Clustered,ARS Gen 3: Apex Baseline,10000,0.4168,163143,14351,0.4717,6141857,1.3231,366.1272
i64,Clustered,ARS Gen 4: Parallel Apex,10000,0.3365,72583,10000,0.4717,6142874,1.3226,453.5151
i64,Clustered,ARS Gen 5: Optimized Apex (MAIN),10000,0.2043,72583,0,0.4717,6142618,1.3228,746.7865
i64,Clustered,ARS Gen 5: Optimized Apex (Stable),10000,0.2541,72287,0,0.4717,6146672,1.3227,600.6026
i64,Clustered,ARS Gen 6: Aero Architecture,10000,0.4992,63448,0,0.4715,6143717,1.3229,305.6759
i64,Clustered,ARS Gen 6: Aero (Stable),10000,0.4410,63348,0,0.4715,6147620,1.3228,345.9760
i64,Clustered,ARS Exp A: Recursive Parallel,10000,0.2985,72583,0,0.4717,6142284,1.3227,511.1548
i64,Clustered,ARS Exp B: Hierarchical Staging,10000,0.2497,72583,0,0.4716,6142673,1.3228,611.0604
i64,Clustered,ARS Exp C: Adaptive Hierarchical,10000,0.2221,72583,0,0.4716,6142684,1.3228,687.0327
i64,Clustered,ARS Exp D: Stream Micro-Batch,10000,0.4648,72583,20000,0.4716,6146804,1.3223,328.2844
i64,Clustered,Quicksort,100000,1.0133,1016581,0,0.4709,6164116,1.3240,1505.8214
i64,Clustered,Timsort,100000,1.2222,1021185,0,0.4699,6170008,1.3240,1248.4303
i64,Clustered,ARS Gen 1: Foundation,100000,2.6826,680916,300000,0.4711,6474034,1.3191,568.8049
i64,Clustered,ARS Gen 2: Grid Mapping,100000,3.2708,680031,300000,0.4711,6500997,1.3183,466.5198
i64,Clustered,ARS Gen 3: Apex Baseline,100000,2.3330,1237724,108703,0.4706,6177774,1.3233,654.0399
i64,Clustered,ARS Gen 4: Parallel Apex,100000,1.2811,631252,100000,0.4708,6179621,1.3209,1191.0535
i64,Clustered,ARS Gen 5: Optimized Apex (MAIN),100000,0.9880,631252,0,0.4707,6176694,1.3198,1544.4431
i64,Clustered,ARS Gen 5: Optimized Apex (Stable),100000,0.7842,634097,0,0.4702,6187005,1.3209,1945.8373
i64,Clustered,ARS Gen 6: Aero Architecture,100000,0.8181,555626,0,0.4706,6185735,1.3213,1865.0584
i64,Clustered,ARS Gen 6: Aero (Stable),100000,1.1335,562372,0,0.4707,6195399,1.3214,1346.2014
i64,Clustered,ARS Exp A: Recursive Parallel,100000,1.2094,134521,0,0.4692,6184074,1.3207,1261.6596
i64,Clustered,ARS Exp B: Hierarchical Staging,100000,1.1008,169903,0,0.4700,6173738,1.3209,1386.1445
i64,Clustered,ARS Exp C: Adaptive Hierarchical,100000,1.1031,264519,0,0.4703,6171415,1.3221,1383.3158
i64,Clustered,ARS Exp D: Stream Micro-Batch,100000,1.3566,631252,200000,0.4704,6182342,1.3206,1124.7594
i64,Clustered,Quicksort,1000000,10.8761,9921218,0,0.4656,6195329,1.3399,1402.9699
i64,Clustered,Timsort,1000000,19.2160,11000160,0,0.4588,6203746,1.3309,794.0668
i64,Clustered,ARS Gen 3: Apex Baseline,1000000,25.7205,12348632,1017407,0.4666,6270150,1.3257,593.2535
i64,Clustered,ARS Gen 4: Parallel Apex,1000000,7.7241,5346522,1000000,0.4753,6222251,1.2929,1975.4774
i64,Clustered,ARS Gen 5: Optimized Apex (MAIN),1000000,7.8674,5346522,0,0.4749,6218699,1.2855,1939.4933
i64,Clustered,ARS Gen 5: Optimized Apex (Stable),1000000,12.2733,5363683,0,0.4722,6236869,1.2959,1243.2530
i64,Clustered,ARS Gen 6: Aero Architecture,1000000,6.9881,5434749,0,0.4726,6336735,1.3194,2183.5446
i64,Clustered,ARS Gen 6: Aero (Stable),1000000,7.8421,5451863,0,0.4678,6355249,1.3069,1945.7581
i64,Clustered,ARS Exp A: Recursive Parallel,1000000,16.0025,1070102,0,0.4770,6242570,1.2796,953.5271
i64,Clustered,ARS Exp B: Hierarchical Staging,1000000,17.3661,1041286,0,0.4817,6218310,1.2902,878.6515
i64,Clustered,ARS Exp C: Adaptive Hierarchical,1000000,14.3165,1013215,0,0.4809,6238304,1.2747,1065.8194
i64,Clustered,ARS Exp D: Stream Micro-Batch,1000000,25.2518,11100986,2000000,0.4819,6311117,1.3068,604.2649
i64,BucketCollapse,Quicksort,1000,0.0137,10179,0,0.4977,6369834,1.3243,1114.2682
i64,BucketCollapse,Timsort,1000,0.0216,10913,0,0.4977,6370468,1.3243,706.1639
i64,BucketCollapse,ARS Gen 1: Foundation,1000,0.2743,0,2000,0.4977,6377428,1.3245,55.6200
i64,BucketCollapse,ARS Gen 2: Grid Mapping,1000,0.3153,0,2000,0.4977,6378086,1.3245,48.3887
i64,BucketCollapse,ARS Gen 3: Apex Baseline,1000,0.0130,10179,0,0.4977,6369862,1.3243,1174.1143
i64,BucketCollapse,ARS Gen 4: Parallel Apex,1000,0.0129,10179,0,0.4977,6369863,1.3243,1180.9294
i64,BucketCollapse,ARS Gen 5: Optimized Apex (MAIN),1000,0.0141,10179,0,0.4977,6369847,1.3243,1085.2624
i64,BucketCollapse,ARS Gen 5: Optimized Apex (Stable),1000,0.0214,10913,0,0.4977,6370400,1.3243,713.2275
i64,BucketCollapse,ARS Gen 6: Aero Architecture,1000,0.0133,10179,0,0.4977,6369836,1.3243,1145.5547
i64,BucketCollapse,ARS Gen 6: Aero (Stable),1000,0.0213,10913,0,0.4977,6370456,1.3243,716.3414
i64,BucketCollapse,ARS Exp A: Recursive Parallel,1000,0.0130,10179,0,0.4977,6369834,1.3243,1173.1213
i64,BucketCollapse,ARS Exp B: Hierarchical Staging,1000,0.0137,10179,0,0.4977,6369860,1.3243,1115.5717
i64,BucketCollapse,ARS Exp C: Adaptive Hierarchical,1000,0.0132,10179,0,0.4977,6369858,1.3243,1159.3944
i64,BucketCollapse,ARS Exp D: Stream Micro-Batch,1000,0.1329,10179,2000,0.4976,6370339,1.3242,114.7890
i64,BucketCollapse,Quicksort,10000,0.1628,137738,0,0.4974,6376844,1.3241,937.0994
i64,BucketCollapse,Timsort,10000,0.2449,141392,0,0.4974,6382892,1.3241,623.1180
i64,BucketCollapse,ARS Gen 1: Foundation,10000,6.4858,0,30000,0.4942,6468921,1.3283,23.5263
i64,BucketCollapse,ARS Gen 2: Grid Mapping,10000,7.0738,0,30000,0.4935,6472819,1.3284,21.5708
i64,BucketCollapse,ARS Gen 3: Apex Baseline,10000,0.4095,193231,14351,0.4973,6382603,1.3240,372.6619
i64,BucketCollapse,ARS Gen 4: Parallel Apex,10000,0.3192,51645,10000,0.4971,6383275,1.3236,478.0951
i64,BucketCollapse,ARS Gen 5: Optimized Apex (MAIN),10000,0.1733,51645,0,0.4971,6383402,1.3235,880.3672
i64,BucketCollapse,ARS Gen 5: Optimized Apex (Stable),10000,0.2073,57426,0,0.4971,6386772,1.3235,735.9379
i64,BucketCollapse,ARS Gen 6: Aero Architecture,10000,0.4330,59080,0,0.4970,6386368,1.3236,352.3905
i64,BucketCollapse,ARS Gen 6: Aero (Stable),10000,0.4334,61965,0,0.4970,6390939,1.3236,352.1042
i64,BucketCollapse,ARS Exp A: Recursive Parallel,10000,0.1891,51645,0,0.4970,6382774,1.3235,806.7713
i64,BucketCollapse,ARS Exp B: Hierarchical Staging,10000,0.1843,51645,0,0.4970,6383454,1.3235,828.1119
i64,BucketCollapse,ARS Exp C: Adaptive Hierarchical,10000,0.1722,51645,0,0.4971,6382664,1.3237,886.1600
i64,BucketCollapse,ARS Exp D: Stream Micro-Batch,10000,0.3935,51645,20000,0.4970,6385235,1.3232,387.7355
i64,BucketCollapse,Quicksort,100000,1.9799,1704558,0,0.4962,6452098,1.3258,770.6895
i64,BucketCollapse,Timsort,100000,3.0176,1748721,0,0.4955,6506566,1.3257,505.6623
i64,BucketCollapse,ARS Gen 1: Foundation,100000,44.4747,6,300000,0.3858,7381427,1.2677,34.3090
i64,BucketCollapse,ARS Gen 2: Grid Mapping,100000,44.2328,6,300000,0.3830,7418441,1.2613,34.4965
i64,BucketCollapse,ARS Gen 3: Apex Baseline,100000,2.4460,1886207,108703,0.4958,6471347,1.3242,623.8316
i64,BucketCollapse,ARS Gen 4: Parallel Apex,100000,1.0100,879882,100000,0.4957,6467650,1.3215,1510.7263
i64,BucketCollapse,ARS Gen 5: Optimized Apex (MAIN),100000,0.7869,879882,0,0.4958,6465949,1.3209,1939.1926
i64,BucketCollapse,ARS Gen 5: Optimized Apex (Stable),100000,0.8862,922129,0,0.4958,6523362,1.3208,1721.8184
i64,BucketCollapse,ARS Gen 6: Aero Architecture,100000,0.7638,954423,0,0.4953,6473099,1.3208,1997.7205
i64,BucketCollapse,ARS Gen 6: Aero (Stable),100000,0.9507,993675,0,0.4956,6499677,1.3204,1605.0462
i64,BucketCollapse,ARS Exp A: Recursive Parallel,100000,0.6975,879882,0,0.4954,6466477,1.3218,2187.5710
i64,BucketCollapse,ARS Exp B: Hierarchical Staging,100000,0.7156,773088,0,0.4954,6460405,1.3219,2132.2802
i64,BucketCollapse,ARS Exp C: Adaptive Hierarchical,100000,0.7782,879882,0,0.4956,6466051,1.3211,1960.7270
i64,BucketCollapse,ARS Exp D: Stream Micro-Batch,100000,1.1495,879882,200000,0.4955,6469175,1.3209,1327.3822
i64,BucketCollapse,Quicksort,1000000,17.3947,20437271,0,0.4879,7048910,1.3561,877.2076
i64,BucketCollapse,Timsort,1000000,27.6830,20799465,0,0.4787,7597895,1.3505,551.1973
i64,BucketCollapse,ARS Gen 3: Apex Baseline,1000000,22.6591,21505010,1017407,0.4904,7167090,1.3308,673.4079
i64,BucketCollapse,ARS Gen 4: Parallel Apex,1000000,9.4070,10221412,1000000,0.4974,7105635,1.3026,1622.0632
i64,BucketCollapse,ARS Gen 5: Optimized Apex (MAIN),1000000,8.5179,10221412,0,0.4972,7081115,1.2935,1791.3725
i64,BucketCollapse,ARS Gen 5: Optimized Apex (Stable),1000000,9.4251,10628930,0,0.4975,7617207,1.2943,1618.9604
i64,BucketCollapse,ARS Gen 6: Aero Architecture,1000000,7.3804,12929332,0,0.4951,7195871,1.3059,2067.4818
i64,BucketCollapse,ARS Gen 6: Aero (Stable),1000000,8.8469,13335182,0,0.4936,7727572,1.3106,1724.7545
i64,BucketCollapse,ARS Exp A: Recursive Parallel,1000000,8.7747,10221412,0,0.4960,7074733,1.2996,1738.9550
i64,BucketCollapse,ARS Exp B: Hierarchical Staging,1000000,9.8826,11275443,0,0.4983,7065724,1.3069,1544.0068
i64,BucketCollapse,ARS Exp C: Adaptive Hierarchical,1000000,9.5927,12322876,0,0.4981,7073363,1.2974,1590.6706
i64,BucketCollapse,ARS Exp D: Stream Micro-Batch,1000000,25.7762,13615043,2000000,0.4944,8087374,1.2978,591.9710
i64,LowCardinality,Quicksort,1000,0.0054,5504,0,0.5013,13168047,1.2836,2819.9573
i64,LowCardinality,Timsort,1000,0.0077,5497,0,0.5013,13168186,1.2836,1980.6320
i64,LowCardinality,ARS Gen 1: Foundation,1000,0.0478,984,2000,0.5013,13170306,1.2836,319.3151
i64,LowCardinality,ARS Gen 2: Grid Mapping,1000,0.0609,984,2000,0.5013,13170432,1.2836,250.6001
i64,LowCardinality,ARS Gen 3: Apex Baseline,1000,0.0053,5504,0,0.5013,13168042,1.2836,2897.0551
i64,LowCardinality,ARS Gen 4: Parallel Apex,1000,0.0052,5504,0,0.5013,13168041,1.2836,2918.6666
i64,LowCardinality,ARS Gen 5: Optimized Apex (MAIN),1000,0.0052,5504,0,0.5013,13168039,1.2836,2940.6030
i64,LowCardinality,ARS Gen 5: Optimized Apex (Stable),1000,0.0073,5497,0,0.5013,13168170,1.2836,2079.7041
i64,LowCardinality,ARS Gen 6: Aero Architecture,1000,0.0054,5504,0,0.5013,13168045,1.2836,2800.8056
i64,LowCardinality,ARS Gen 6: Aero (Stable),1000,0.0075,5497,0,0.5013,13168168,1.2836,2046.5114
i64,LowCardinality,ARS Exp A: Recursive Parallel,1000,0.0052,5504,0,0.5013,13168041,1.2836,2945.7122
i64,LowCardinality,ARS Exp B: Hierarchical Staging,1000,0.0053,5504,0,0.5013,13168044,1.2836,2897.0551
i64,LowCardinality,ARS Exp C: Adaptive Hierarchical,1000,0.0052,5504,0,0.5013,13168041,1.2836,2957.7029
i64,LowCardinality,ARS Exp D: Stream Micro-Batch,1000,0.1132,5504,2000,0.5013,13168641,1.2836,134.7985
i64,LowCardinality,Quicksort,10000,0.0455,53753,0,0.5010,13169966,1.2834,3355.3499
i64,LowCardinality,Timsort,10000,0.0562,54514,0,0.5010,13170321,1.2834,2714.8938
i64,LowCardinality,ARS Gen 1: Foundation,10000,0.2531,9984,30000,0.5009,13189377,1.2834,602.9545
i64,LowCardinality,ARS Gen 2: Grid Mapping,10000,0.3327,9984,30000,0.5009,13192551,1.2835,458.6365
i64,LowCardinality,ARS Gen 3: Apex Baseline,10000,0.2615,121806,14351,0.5009,13172423,1.2835,583.4186
i64,LowCardinality,ARS Gen 4: Parallel Apex,10000,0.2036,12063,10000,0.5008,13175810,1.2832,749.4199
i64,LowCardinality,ARS Gen 5: Optimized Apex (MAIN),10000,0.1212,12063,0,0.5008,13175351,1.2832,1259.2877
i64,LowCardinality,ARS Gen 5: Optimized Apex (Stable),10000,0.1221,12087,0,0.5008,13175722,1.2832,1249.7268
i64,LowCardinality,ARS Gen 6: Aero Architecture,10000,0.2888,12063,0,0.5007,13177109,1.2833,528.3624
i64,LowCardinality,ARS Gen 6: Aero (Stable),10000,0.2921,12087,0,0.5007,13177468,1.2833,522.3645
i64,LowCardinality,ARS Exp A: Recursive Parallel,10000,0.1280,12063,0,0.5008,13175377,1.2832,1192.2885
i64,LowCardinality,ARS Exp B: Hierarchical Staging,10000,0.1244,12063,0,0.5008,13175162,1.2832,1226.4922
i64,LowCardinality,ARS Exp C: Adaptive Hierarchical,10000,0.1257,12063,0,0.5008,13175255,1.2832,1214.0694
i64,LowCardinality,ARS Exp D: Stream Micro-Batch,10000,0.2965,12063,20000,0.5006,13177333,1.2831,514.5800
i64,LowCardinality,Quicksort,100000,0.4250,522910,0,0.4999,13184988,1.2837,3590.5314
i64,LowCardinality,Timsort,100000,0.5197,516617,0,0.4991,13185706,1.2836,2936.0877
i64,LowCardinality,ARS Gen 1: Foundation,100000,1.3066,99984,300000,0.4999,13373809,1.2816,1167.8035
i64,LowCardinality,ARS Gen 2: Grid Mapping,100000,1.5234,99984,300000,0.4998,13407137,1.2819,1001.6226
i64,LowCardinality,ARS Gen 3: Apex Baseline,100000,1.7536,1144941,108703,0.4997,13193780,1.2842,870.1468
i64,LowCardinality,ARS Gen 4: Parallel Apex,100000,0.5272,144579,100000,0.4992,13195291,1.2830,2894.2251
i64,LowCardinality,ARS Gen 5: Optimized Apex (MAIN),100000,0.3209,144579,0,0.4992,13194127,1.2827,4754.9685
i64,LowCardinality,ARS Gen 5: Optimized Apex (Stable),100000,0.3254,145223,0,0.4992,13195417,1.2827,4689.6730
i64,LowCardinality,ARS Gen 6: Aero Architecture,100000,0.5889,99988,0,0.4994,13218135,1.2825,2590.8815
i64,LowCardinality,ARS Gen 6: Aero (Stable),100000,0.5756,99988,0,0.4993,13218564,1.2826,2650.9961
i64,LowCardinality,ARS Exp A: Recursive Parallel,100000,0.4502,199988,0,0.4990,13198277,1.2827,3389.4410
i64,LowCardinality,ARS Exp B: Hierarchical Staging,100000,0.5426,199972,0,0.4992,13192578,1.2829,2812.3690
i64,LowCardinality,ARS Exp C: Adaptive Hierarchical,100000,0.3804,100004,0,0.4991,13194951,1.2826,4011.0270
i64,LowCardinality,ARS Exp D: Stream Micro-Batch,100000,0.7839,144579,200000,0.4990,13196284,1.2826,1946.4752
i64,LowCardinality,Quicksort,1000000,4.4543,5201420,0,0.4944,13209973,1.2902,3425.6274
i64,LowCardinality,Timsort,1000000,8.4128,6174589,0,0.4890,13211786,1.2864,1813.7680
i64,LowCardinality,ARS Gen 3: Apex Baseline,1000000,19.9392,12089713,1017407,0.4980,13277208,1.2910,765.2660
i64,LowCardinality,ARS Gen 4: Parallel Apex,1000000,6.4163,999990,1000000,0.5030,13215706,1.2779,2378.1427
i64,LowCardinality,ARS Gen 5: Optimized Apex (MAIN),1000000,6.3924,999990,0,0.5030,13227298,1.2504,2387.0219
i64,LowCardinality,ARS Gen 5: Optimized Apex (Stable),1000000,6.5551,999990,0,0.5031,13229542,1.2529,2327.7602
i64,LowCardinality,ARS Gen 6: Aero Architecture,1000000,4.2896,999990,0,0.5008,13478007,1.2737,3557.1623
i64,LowCardinality,ARS Gen 6: Aero (Stable),1000000,4.3599,999990,0,0.5010,13477432,1.2724,3499.7881
i64,LowCardinality,ARS Exp A: Recursive Parallel,1000000,7.7998,1999974,0,0.5023,13233446,1.2538,1956.2981
i64,LowCardinality,ARS Exp B: Hierarchical Staging,1000000,6.7579,1999974,0,0.5016,13221203,1.2667,2257.9104
i64,LowCardinality,ARS Exp C: Adaptive Hierarchical,1000000,7.7052,1999984,0,0.5020,13234746,1.2506,1980.3349
i64,LowCardinality,ARS Exp D: Stream Micro-Batch,1000000,15.8757,5706274,2000000,0.4914,13287066,1.2808,961.1441
i64,PrefixCollision,Quicksort,1000,0.0111,10179,0,0.4965,13307092,1.2817,1374.1705
i64,PrefixCollision,Timsort,1000,0.0181,10913,0,0.4965,13307732,1.2817,843.2600
i64,PrefixCollision,ARS Gen 1: Foundation,1000,0.2325,0,2000,0.4964,13314623,1.2818,65.6188
i64,PrefixCollision,ARS Gen 2: Grid Mapping,1000,0.2686,0,2000,0.4964,13315312,1.2818,56.8158
i64,PrefixCollision,ARS Gen 3: Apex Baseline,1000,0.0112,10179,0,0.4965,13307106,1.2817,1364.8291
i64,PrefixCollision,ARS Gen 4: Parallel Apex,1000,0.0111,10179,0,0.4965,13307098,1.2817,1377.5200
i64,PrefixCollision,ARS Gen 5: Optimized Apex (MAIN),1000,0.0111,10179,0,0.4965,13307129,1.2817,1372.4401
i64,PrefixCollision,ARS Gen 5: Optimized Apex (Stable),1000,0.0179,10913,0,0.4965,13307737,1.2817,852.2083
i64,PrefixCollision,ARS Gen 6: Aero Architecture,1000,0.0113,10179,0,0.4965,13307073,1.2817,1355.9752
i64,PrefixCollision,ARS Gen 6: Aero (Stable),1000,0.0181,10913,0,0.4965,13307738,1.2817,844.4734
i64,PrefixCollision,ARS Exp A: Recursive Parallel,1000,0.0110,10179,0,0.4965,13307100,1.2817,1392.0983
i64,PrefixCollision,ARS Exp B: Hierarchical Staging,1000,0.0110,10179,0,0.4965,13307076,1.2817,1384.0171
i64,PrefixCollision,ARS Exp C: Adaptive Hierarchical,1000,0.0111,10179,0,0.4965,13307101,1.2817,1369.2381
i64,PrefixCollision,ARS Exp D: Stream Micro-Batch,1000,0.1082,10179,2000,0.4964,13307597,1.2816,140.9979
i64,PrefixCollision,Quicksort,10000,0.1364,137738,0,0.4962,13313897,1.2815,1118.9585
i64,PrefixCollision,Timsort,10000,0.2079,141392,0,0.4962,13320055,1.2815,733.9450
i64,PrefixCollision,ARS Gen 1: Foundation,10000,5.2998,0,30000,0.4932,13406247,1.2855,28.7911
i64,PrefixCollision,ARS Gen 2: Grid Mapping,10000,5.5949,0,30000,0.4933,13410429,1.2859,27.2726
i64,PrefixCollision,ARS Gen 3: Apex Baseline,10000,0.3219,193231,14351,0.4960,13319644,1.2815,473.9593
i64,PrefixCollision,ARS Gen 4: Parallel Apex,10000,0.2290,51645,10000,0.4959,13320453,1.2812,666.3867
i64,PrefixCollision,ARS Gen 5: Optimized Apex (MAIN),10000,0.1426,51645,0,0.4959,13319727,1.2812,1070.3566
i64,PrefixCollision,ARS Gen 5: Optimized Apex (Stable),10000,0.1581,57426,0,0.4959,13322602,1.2812,965.1719
i64,PrefixCollision,ARS Gen 6: Aero Architecture,10000,0.3165,59080,0,0.4958,13323584,1.2813,482.1392
i64,PrefixCollision,ARS Gen 6: Aero (Stable),10000,0.3247,61965,0,0.4958,13327127,1.2813,469.8626
i64,PrefixCollision,ARS Exp A: Recursive Parallel,10000,0.1514,51645,0,0.4959,13319905,1.2811,1007.5599
i64,PrefixCollision,ARS Exp B: Hierarchical Staging,10000,0.1495,51645,0,0.4958,13320383,1.2811,1020.9553
i64,PrefixCollision,ARS Exp C: Adaptive Hierarchical,10000,0.1432,51645,0,0.4959,13319536,1.2812,1065.5207
i64,PrefixCollision,ARS Exp D: Stream Micro-Batch,10000,0.3072,51645,20000,0.4957,13321256,1.2811,496.6278
i64,PrefixCollision,Quicksort,100000,1.6380,1704558,0,0.4948,13387605,1.2833,931.5324
i64,PrefixCollision,Timsort,100000,2.2269,1748721,0,0.4941,13443139,1.2833,685.2090
i64,PrefixCollision,ARS Gen 1: Foundation,100000,43.0550,6,300000,0.4011,14317164,1.2334,35.4402
i64,PrefixCollision,ARS Gen 2: Grid Mapping,100000,46.2190,6,300000,0.4020,14356138,1.2387,33.0141
i64,PrefixCollision,ARS Gen 3: Apex Baseline,100000,2.4407,1886207,108703,0.4947,13407487,1.2822,625.1709
i64,PrefixCollision,ARS Gen 4: Parallel Apex,100000,0.9754,879882,100000,0.4944,13404914,1.2804,1564.4248
i64,PrefixCollision,ARS Gen 5: Optimized Apex (MAIN),100000,0.7949,879882,0,0.4944,13402020,1.2804,1919.4797
i64,PrefixCollision,ARS Gen 5: Optimized Apex (Stable),100000,0.7101,922129,0,0.4942,13457463,1.2804,2148.6985
i64,PrefixCollision,ARS Gen 6: Aero Architecture,100000,0.8491,954423,0,0.4943,13410658,1.2795,1797.1560
i64,PrefixCollision,ARS Gen 6: Aero (Stable),100000,0.9765,993675,0,0.4943,13434511,1.2791,1562.5808
i64,PrefixCollision,ARS Exp A: Recursive Parallel,100000,0.6915,879882,0,0.4943,13402033,1.2804,2206.6408
i64,PrefixCollision,ARS Exp B: Hierarchical Staging,100000,0.7193,773088,0,0.4943,13395746,1.2806,2121.4566
i64,PrefixCollision,ARS Exp C: Adaptive Hierarchical,100000,0.6677,879882,0,0.4941,13402530,1.2804,2285.1530
i64,PrefixCollision,ARS Exp D: Stream Micro-Batch,100000,1.0068,879882,200000,0.4943,13403210,1.2808,1515.5911
i64,PrefixCollision,Quicksort,1000000,16.9273,20437271,0,0.4884,13997722,1.3079,901.4330
i64,PrefixCollision,Timsort,1000000,27.2241,20799465,0,0.4820,14545709,1.3034,560.4892
i64,PrefixCollision,ARS Gen 3: Apex Baseline,1000000,22.9066,21505010,1017407,0.4902,14115135,1.2912,666.1313
i64,PrefixCollision,ARS Gen 4: Parallel Apex,1000000,9.2637,10221412,1000000,0.4957,14053660,1.2598,1647.1598
i64,PrefixCollision,ARS Gen 5: Optimized Apex (MAIN),1000000,8.6486,10221412,0,0.4957,14025234,1.2575,1764.3154
i64,PrefixCollision,ARS Gen 5: Optimized Apex (Stable),1000000,9.4912,10628930,0,0.4958,14565929,1.2624,1607.6860
i64,PrefixCollision,ARS Gen 6: Aero Architecture,1000000,7.7310,12929332,0,0.4941,14142693,1.2727,1973.7270
i64,PrefixCollision,ARS Gen 6: Aero (Stable),1000000,7.9298,13335182,0,0.4928,14676658,1.2684,1924.2333
i64,PrefixCollision,ARS Exp A: Recursive Parallel,1000000,8.5115,10221412,0,0.4944,14023374,1.2654,1792.7258
i64,PrefixCollision,ARS Exp B: Hierarchical Staging,1000000,9.2598,11275443,0,0.4962,14011062,1.2667,1647.8583
i64,PrefixCollision,ARS Exp C: Adaptive Hierarchical,1000000,9.3070,12322876,0,0.4961,14018086,1.2640,1639.5011
i64,PrefixCollision,ARS Exp D: Stream Micro-Batch,1000000,25.1952,13615045,2000000,0.4975,15036628,1.2513,605.6236
f64,Random,Quicksort,1000,0.0180,10325,0,0.4972,21282187,1.2522,845.4560
f64,Random,Timsort,1000,0.0263,10521,0,0.4972,21282726,1.2522,580.7783
f64,Random,ARS Gen 1: Foundation,1000,0.2332,0,2000,0.4972,21289525,1.2523,65.4429
f64,Random,ARS Gen 2: Grid Mapping,1000,0.2801,0,2000,0.4972,21290295,1.2523,54.4675
f64,Random,ARS Gen 3: Apex Baseline,1000,0.0175,10325,0,0.4972,21282172,1.2522,873.5781
f64,Random,ARS Gen 4: Parallel Apex,1000,0.0174,10325,0,0.4972,21282183,1.2522,878.7094
f64,Random,ARS Gen 5: Optimized Apex (MAIN),1000,0.0174,10325,0,0.4972,21282209,1.2522,876.3375
f64,Random,ARS Gen 5: Optimized Apex (Stable),1000,0.0264,10521,0,0.4972,21282724,1.2522,578.6639
f64,Random,ARS Gen 6: Aero Architecture,1000,0.0182,10325,0,0.4972,21282159,1.2522,837.6586
f64,Random,ARS Gen 6: Aero (Stable),1000,0.0262,10521,0,0.4972,21282711,1.2522,582.9305
f64,Random,ARS Exp A: Recursive Parallel,1000,0.0181,10325,0,0.4972,21282193,1.2522,841.4000
f64,Random,ARS Exp B: Hierarchical Staging,1000,0.0174,10325,0,0.4972,21282184,1.2522,877.9005
f64,Random,ARS Exp C: Adaptive Hierarchical,1000,0.0172,10325,0,0.4972,21282183,1.2522,887.2937
f64,Random,ARS Exp D: Stream Micro-Batch,1000,0.1252,10325,2000,0.4972,21282644,1.2522,121.8695
f64,Random,Quicksort,10000,0.2257,136464,0,0.4970,21290756,1.2521,676.0801
f64,Random,Timsort,10000,0.3204,141512,0,0.4969,21296203,1.2521,476.2746
f64,Random,ARS Gen 1: Foundation,10000,5.4100,0,30000,0.4944,21381503,1.2557,28.2047
f64,Random,ARS Gen 2: Grid Mapping,10000,5.6376,0,30000,0.4945,21387650,1.2559,27.0659
f64,Random,ARS Gen 3: Apex Baseline,10000,0.4002,193135,14351,0.4968,21296044,1.2520,381.2467
f64,Random,ARS Gen 4: Parallel Apex,10000,0.2414,73138,10000,0.4968,21296737,1.2518,632.1087
f64,Random,ARS Gen 5: Optimized Apex (MAIN),10000,0.1594,73138,0,0.4967,21298042,1.2518,957.0359
f64,Random,ARS Gen 5: Optimized Apex (Stable),10000,0.1747,76380,0,0.4967,21303111,1.2518,873.5831
f64,Random,ARS Gen 6: Aero Architecture,10000,0.3095,62698,0,0.4967,21299080,1.2518,492.9744
f64,Random,ARS Gen 6: Aero (Stable),10000,0.3041,65867,0,0.4966,21302986,1.2518,501.7242
f64,Random,ARS Exp A: Recursive Parallel,10000,0.1690,73138,0,0.4967,21297734,1.2518,902.8923
f64,Random,ARS Exp B: Hierarchical Staging,10000,0.1631,73138,0,0.4967,21297526,1.2518,935.7948
f64,Random,ARS Exp C: Adaptive Hierarchical,10000,0.1649,73138,0,0.4967,21297596,1.2518,925.1788
f64,Random,ARS Exp D: Stream Micro-Batch,10000,0.3401,73138,20000,0.4966,21298489,1.2517,448.6876
f64,Random,Quicksort,100000,2.6218,1705718,0,0.4959,21373407,1.2540,581.9916
f64,Random,Timsort,100000,3.3317,1751732,0,0.4953,21422253,1.2537,457.9853
f64,Random,ARS Gen 1: Foundation,100000,41.4541,0,300000,0.4135,22287679,1.2164,36.8089
f64,Random,ARS Gen 2: Grid Mapping,100000,46.5311,0,300000,0.4230,22339533,1.2249,32.7927
f64,Random,ARS Gen 3: Apex Baseline,100000,3.1799,1884272,108703,0.4957,21388000,1.2521,479.8455
f64,Random,ARS Gen 4: Parallel Apex,100000,1.2908,1101865,100000,0.4958,21387554,1.2515,1182.0812
f64,Random,ARS Gen 5: Optimized Apex (MAIN),100000,0.9014,1101865,0,0.4956,21387766,1.2512,1692.8291
f64,Random,ARS Gen 5: Optimized Apex (Stable),100000,1.1628,1142841,0,0.4958,21439591,1.2507,1312.2341
f64,Random,ARS Gen 6: Aero Architecture,100000,1.0182,1002379,0,0.4957,21399915,1.2513,1498.6028
f64,Random,ARS Gen 6: Aero (Stable),100000,1.1187,1045724,0,0.4955,21453179,1.2511,1363.9946
f64,Random,ARS Exp A: Recursive Parallel,100000,0.9417,1101865,0,0.4955,21389098,1.2516,1620.3812
f64,Random,ARS Exp B: Hierarchical Staging,100000,0.9208,999614,0,0.4957,21381961,1.2520,1657.0637
f64,Random,ARS Exp C: Adaptive Hierarchical,100000,0.9150,1101865,0,0.4953,21387516,1.2516,1667.6290
f64,Random,ARS Exp D: Stream Micro-Batch,100000,1.6147,1101865,200000,0.4958,21391960,1.2500,945.0127
f64,Random,Quicksort,1000000,27.3768,20430901,0,0.4913,21957184,1.2809,557.3622
f64,Random,Timsort,1000000,39.2320,20822215,0,0.4859,22440461,1.2743,388.9370
f64,Random,ARS Gen 3: Apex Baseline,1000000,29.3760,21498086,1017407,0.4924,22017443,1.2591,519.4312
f64,Random,ARS Gen 4: Parallel Apex,1000000,11.4914,12665814,1000000,0.4987,21962710,1.2481,1327.8399
f64,Random,ARS Gen 5: Optimized Apex (MAIN),1000000,10.3194,12665814,0,0.4986,21977004,1.2472,1478.6456
f64,Random,ARS Gen 5: Optimized Apex (Stable),1000000,11.9153,13081361,0,0.4979,22488684,1.2416,1280.6088
f64,Random,ARS Gen 6: Aero Architecture,1000000,9.2178,13583765,0,0.4965,22126999,1.2545,1655.3570
f64,Random,ARS Gen 6: Aero (Stable),1000000,11.3180,14002566,0,0.4951,22631584,1.2503,1348.1888
f64,Random,ARS Exp A: Recursive Parallel,1000000,10.6846,6406252,0,0.4943,22001611,1.2447,1428.1077
f64,Random,ARS Exp B: Hierarchical Staging,1000000,11.5842,5861815,0,0.4941,21917204,1.2421,1317.2121
f64,Random,ARS Exp C: Adaptive Hierarchical,1000000,11.2104,7398340,0,0.4948,21964437,1.2407,1361.1231
f64,Random,ARS Exp D: Stream Micro-Batch,1000000,24.7265,14470210,2000000,0.4983,23541591,1.2368,617.1030
f64,Gaussian,Quicksort,1000,0.0201,10345,0,0.4953,22928713,1.2311,759.6729
f64,Gaussian,Timsort,1000,0.0287,10685,0,0.4953,22929237,1.2311,531.6096
f64,Gaussian,ARS Gen 1: Foundation,1000,0.2553,0,2000,0.4953,22936058,1.2313,59.7695
f64,Gaussian,ARS Gen 2: Grid Mapping,1000,0.2960,0,2000,0.4953,22936833,1.2313,51.5453
f64,Gaussian,ARS Gen 3: Apex Baseline,1000,0.0183,10345,0,0.4953,22928694,1.2311,831.9950
f64,Gaussian,ARS Gen 4: Parallel Apex,1000,0.0185,10345,0,0.4953,22928699,1.2311,823.7753
f64,Gaussian,ARS Gen 5: Optimized Apex (MAIN),1000,0.0184,10345,0,0.4953,22928703,1.2311,830.5911
f64,Gaussian,ARS Gen 5: Optimized Apex (Stable),1000,0.0278,10685,0,0.4953,22929239,1.2311,549.7276
f64,Gaussian,ARS Gen 6: Aero Architecture,1000,0.0193,10345,0,0.4953,22928701,1.2311,791.7595
f64,Gaussian,ARS Gen 6: Aero (Stable),1000,0.0281,10685,0,0.4953,22929264,1.2311,543.1140
f64,Gaussian,ARS Exp A: Recursive Parallel,1000,0.0196,10345,0,0.4953,22928719,1.2311,776.9241
f64,Gaussian,ARS Exp B: Hierarchical Staging,1000,0.0184,10345,0,0.4953,22928698,1.2311,829.5976
f64,Gaussian,ARS Exp C: Adaptive Hierarchical,1000,0.0185,10345,0,0.4953,22928708,1.2311,823.7308
f64,Gaussian,ARS Exp D: Stream Micro-Batch,1000,0.1322,10345,2000,0.4953,22929607,1.2311,115.3967
f64,Gaussian,Quicksort,10000,0.2397,137462,0,0.4951,22936434,1.2311,636.6184
f64,Gaussian,Timsort,10000,0.3337,141011,0,0.4951,22941697,1.2311,457.2785
f64,Gaussian,ARS Gen 1: Foundation,10000,5.5790,0,30000,0.4927,23026916,1.2344,27.3506
f64,Gaussian,ARS Gen 2: Grid Mapping,10000,5.7394,0,30000,0.4928,23033618,1.2346,26.5862
f64,Gaussian,ARS Gen 3: Apex Baseline,10000,0.3968,192671,14351,0.4950,22941958,1.2310,384.5558
f64,Gaussian,ARS Gen 4: Parallel Apex,10000,0.3693,125399,10000,0.4949,22944094,1.2310,413.1445
f64,Gaussian,ARS Gen 5: Optimized Apex (MAIN),10000,0.2772,125399,0,0.4949,22942604,1.2310,550.5190
f64,Gaussian,ARS Gen 5: Optimized Apex (Stable),10000,0.3144,130052,0,0.4949,22949990,1.2309,485.2548
f64,Gaussian,ARS Gen 6: Aero Architecture,10000,0.4062,109718,0,0.4949,22945253,1.2309,375.6888
f64,Gaussian,ARS Gen 6: Aero (Stable),10000,0.4476,113881,0,0.4948,22951204,1.2309,340.8848
f64,Gaussian,ARS Exp A: Recursive Parallel,10000,0.2444,48812,0,0.4947,22949906,1.2307,624.3955
f64,Gaussian,ARS Exp B: Hierarchical Staging,10000,0.2772,125399,0,0.4949,22943111,1.2310,550.5329
f64,Gaussian,ARS Exp C: Adaptive Hierarchical,10000,0.2968,125399,0,0.4949,22943468,1.2309,514.1049
f64,Gaussian,ARS Exp D: Stream Micro-Batch,10000,0.4513,125399,20000,0.4948,22946604,1.2309,338.1269
f64,Gaussian,Quicksort,100000,2.6002,1710455,0,0.4943,23022940,1.2332,586.8372
f64,Gaussian,Timsort,100000,3.3972,1746462,0,0.4937,23071964,1.2329,449.1558
f64,Gaussian,ARS Gen 1: Foundation,100000,43.3683,0,300000,0.4175,23938413,1.2079,35.1842
f64,Gaussian,ARS Gen 2: Grid Mapping,100000,44.8197,0,300000,0.4246,23993199,1.2118,34.0448
f64,Gaussian,ARS Gen 3: Apex Baseline,100000,2.9576,1884751,108703,0.4942,23036752,1.2318,515.9230
f64,Gaussian,ARS Gen 4: Parallel Apex,100000,2.2207,1586392,100000,0.4937,23034341,1.2335,687.1165
f64,Gaussian,ARS Gen 5: Optimized Apex (MAIN),100000,1.5467,1586392,0,0.4937,23037869,1.2328,986.5377
f64,Gaussian,ARS Gen 5: Optimized Apex (Stable),100000,2.1338,1629438,0,0.4936,23088283,1.2320,715.1130
f64,Gaussian,ARS Gen 6: Aero Architecture,100000,1.6105,1447738,0,0.4941,23052470,1.2317,947.4325
f64,Gaussian,ARS Gen 6: Aero (Stable),100000,1.8098,1487078,0,0.4939,23103543,1.2316,843.1276
f64,Gaussian,ARS Exp A: Recursive Parallel,100000,1.0550,834504,0,0.4930,23048794,1.2307,1446.3910
f64,Gaussian,ARS Exp B: Hierarchical Staging,100000,1.1453,657220,0,0.4928,23036678,1.2310,1332.2404
f64,Gaussian,ARS Exp C: Adaptive Hierarchical,100000,1.1590,834504,0,0.4930,23047731,1.2307,1316.5410
f64,Gaussian,ARS Exp D: Stream Micro-Batch,100000,2.0940,1586392,200000,0.4938,23039777,1.2324,728.6784
f64,Gaussian,Quicksort,1000000,26.8793,20420624,0,0.4904,23530594,1.2571,567.6783
f64,Gaussian,Timsort,1000000,38.2004,20810565,0,0.4852,24010500,1.2515,399.4410
f64,Gaussian,ARS Gen 3: Apex Baseline,1000000,30.0665,21491076,1017407,0.4917,23587957,1.2371,507.5012
f64,Gaussian,ARS Gen 4: Parallel Apex,1000000,21.5066,17729670,1000000,0.4951,23538351,1.2387,709.4922
f64,Gaussian,ARS Gen 5: Optimized Apex (MAIN),1000000,18.3631,17729670,0,0.4953,23553283,1.2334,830.9503
f64,Gaussian,ARS Gen 5: Optimized Apex (Stable),1000000,23.4427,18126422,0,0.4898,24045734,1.2317,650.8969
f64,Gaussian,ARS Gen 6: Aero Architecture,1000000,13.7067,17798278,0,0.4934,23745530,1.2429,1113.2394
f64,Gaussian,ARS Gen 6: Aero (Stable),1000000,20.5286,18171061,0,0.4899,24236786,1.2320,743.2953
f64,Gaussian,ARS Exp A: Recursive Parallel,1000000,14.6142,9157468,0,0.4949,23620105,1.2099,1044.1048
f64,Gaussian,ARS Exp B: Hierarchical Staging,1000000,15.5571,9620349,0,0.4980,23557452,1.2205,980.8253
f64,Gaussian,ARS Exp C: Adaptive Hierarchical,1000000,15.4748,11727786,0,0.4989,23570866,1.2108,986.0381
f64,Gaussian,ARS Exp D: Stream Micro-Batch,1000000,29.2697,19223484,2000000,0.4960,25071660,1.2265,521.3175
f64,NearlySorted,Quicksort,1000,0.0171,9762,0,0.4933,23614558,1.2285,890.9722
f64,NearlySorted,Timsort,1000,0.0220,9882,0,0.4933,23614858,1.2285,694.1808
f64,NearlySorted,ARS Gen 1: Foundation,1000,0.1167,0,2000,0.4933,23617413,1.2285,130.7433
f64,NearlySorted,ARS Gen 2: Grid Mapping,1000,0.1528,0,2000,0.4933,23618033,1.2285,99.8351
f64,NearlySorted,ARS Gen 3: Apex Baseline,1000,0.0162,9762,0,0.4933,23614574,1.2285,944.2320
f64,NearlySorted,ARS Gen 4: Parallel Apex,1000,0.0164,9762,0,0.4933,23614571,1.2285,932.6888
f64,NearlySorted,ARS Gen 5: Optimized Apex (MAIN),1000,0.0164,9762,0,0.4933,23614560,1.2285,932.4608
f64,NearlySorted,ARS Gen 5: Optimized Apex (Stable),1000,0.0219,9882,0,0.4933,23614873,1.2285,695.2563
f64,NearlySorted,ARS Gen 6: Aero Architecture,1000,0.0170,9762,0,0.4933,23614565,1.2285,895.1536
f64,NearlySorted,ARS Gen 6: Aero (Stable),1000,0.0222,9882,0,0.4933,23614880,1.2285,688.5735
f64,NearlySorted,ARS Exp A: Recursive Parallel,1000,0.0172,9762,0,0.4933,23614575,1.2285,887.9649
f64,NearlySorted,ARS Exp B: Hierarchical Staging,1000,0.0162,9762,0,0.4933,23614568,1.2285,939.1758
f64,NearlySorted,ARS Exp C: Adaptive Hierarchical,1000,0.0163,9762,0,0.4933,23614556,1.2285,935.1467
f64,NearlySorted,ARS Exp D: Stream Micro-Batch,1000,0.1281,9762,2000,0.4933,23615137,1.2284,119.1339
f64,NearlySorted,Quicksort,10000,0.2160,134689,0,0.4931,23622138,1.2284,706.5006
f64,NearlySorted,Timsort,10000,0.2739,132195,0,0.4931,23625292,1.2284,557.1789
f64,NearlySorted,ARS Gen 1: Foundation,10000,2.1927,0,30000,0.4921,23658230,1.2301,69.5875
f64,NearlySorted,ARS Gen 2: Grid Mapping,10000,2.3962,0,30000,0.4918,23665032,1.2302,63.6794
f64,NearlySorted,ARS Gen 3: Apex Baseline,10000,0.3862,187157,14351,0.4929,23627455,1.2283,395.0925
f64,NearlySorted,ARS Gen 4: Parallel Apex,10000,0.4548,129133,10000,0.4929,23629718,1.2284,335.5047
f64,NearlySorted,ARS Gen 5: Optimized Apex (MAIN),10000,0.3478,129133,0,0.4929,23629952,1.2283,438.6979
f64,NearlySorted,ARS Gen 5: Optimized Apex (Stable),10000,0.4085,124389,0,0.4929,23632977,1.2283,373.5742
f64,NearlySorted,ARS Gen 6: Aero Architecture,10000,0.3303,112273,0,0.4928,23631871,1.2282,461.9200
f64,NearlySorted,ARS Gen 6: Aero (Stable),10000,0.3662,109531,0,0.4928,23634547,1.2282,416.6347
f64,NearlySorted,ARS Exp A: Recursive Parallel,10000,0.2281,51743,0,0.4927,23631367,1.2282,669.0133
f64,NearlySorted,ARS Exp B: Hierarchical Staging,10000,0.3749,129133,0,0.4929,23630010,1.2283,407.0280
f64,NearlySorted,ARS Exp C: Adaptive Hierarchical,10000,0.3767,129133,0,0.4929,23628483,1.2283,405.1131
f64,NearlySorted,ARS Exp D: Stream Micro-Batch,10000,0.5488,129133,20000,0.4928,23632102,1.2282,278.0594
f64,NearlySorted,Quicksort,100000,2.5278,1716043,0,0.4923,23703965,1.2307,603.6470
f64,NearlySorted,Timsort,100000,3.0492,1660908,0,0.4917,23725546,1.2304,500.4237
f64,NearlySorted,ARS Gen 1: Foundation,100000,18.4658,0,300000,0.4731,24032971,1.2316,82.6326
f64,NearlySorted,ARS Gen 2: Grid Mapping,100000,21.3105,0,300000,0.4696,24102187,1.2316,71.6023
f64,NearlySorted,ARS Gen 3: Apex Baseline,100000,2.8881,1830188,108703,0.4922,23716584,1.2292,528.3414
f64,NearlySorted,ARS Gen 4: Parallel Apex,100000,3.5028,1653890,100000,0.4919,23717843,1.2310,435.6196
f64,NearlySorted,ARS Gen 5: Optimized Apex (MAIN),100000,2.6960,1653890,0,0.4916,23719417,1.2304,565.9872
f64,NearlySorted,ARS Gen 5: Optimized Apex (Stable),100000,3.1328,1589383,0,0.4913,23737317,1.2297,487.0624
f64,NearlySorted,ARS Gen 6: Aero Architecture,100000,1.6146,1472393,0,0.4919,23742672,1.2298,945.0291
f64,NearlySorted,ARS Gen 6: Aero (Stable),100000,1.9823,1387582,0,0.4916,23761702,1.2296,769.7580
f64,NearlySorted,ARS Exp A: Recursive Parallel,100000,1.1244,815713,0,0.4912,23720730,1.2282,1357.0521
f64,NearlySorted,ARS Exp B: Hierarchical Staging,100000,1.0692,631229,0,0.4911,23709119,1.2289,1427.1301
f64,NearlySorted,ARS Exp C: Adaptive Hierarchical,100000,1.2361,815713,0,0.4911,23729127,1.2286,1234.3811
f64,NearlySorted,ARS Exp D: Stream Micro-Batch,100000,3.5423,1653890,200000,0.4918,23722468,1.2303,430.7556
f64,NearlySorted,Quicksort,1000000,29.5551,20672771,0,0.4891,24213566,1.2570,516.2832
f64,NearlySorted,Timsort,1000000,38.8076,19775927,0,0.4825,24414016,1.2515,393.1906
f64,NearlySorted,ARS Gen 3: Apex Baseline,1000000,25.6193,20984698,1017407,0.4919,24263624,1.2387,595.5984
f64,NearlySorted,ARS Gen 4: Parallel Apex,1000000,21.2866,18442598,1000000,0.4931,24225548,1.2386,716.8266
f64,NearlySorted,ARS Gen 5: Optimized Apex (MAIN),1000000,18.3962,18442598,0,0.4932,24239535,1.2380,829.4544
f64,NearlySorted,ARS Gen 5: Optimized Apex (Stable),1000000,23.1802,17501336,0,0.4897,24403964,1.2273,658.2690
f64,NearlySorted,ARS Gen 6: Aero Architecture,1000000,16.8716,18449113,0,0.4916,24494302,1.2463,904.4045
f64,NearlySorted,ARS Gen 6: Aero (Stable),1000000,21.9983,17575612,0,0.4871,24655557,1.2404,693.6364
f64,NearlySorted,ARS Exp A: Recursive Parallel,1000000,14.8550,8914015,0,0.4953,24252777,1.2165,1027.1793
f64,NearlySorted,ARS Exp B: Hierarchical Staging,1000000,18.3118,9611874,0,0.4965,24226609,1.2224,833.2744
f64,NearlySorted,ARS Exp C: Adaptive Hierarchical,1000000,18.1087,11855374,0,0.4972,24247889,1.2127,842.6204
f64,NearlySorted,ARS Exp D: Stream Micro-Batch,1000000,24.6263,16617919,2000000,0.4947,24516342,1.2270,619.6134
f64,Duplicates,Quicksort,1000,0.0059,3735,0,0.4923,24707591,1.2224,2603.0005
f64,Duplicates,Timsort,1000,0.0083,3747,0,0.4923,24707664,1.2224,1849.5502
f64,Duplicates,ARS Gen 1: Foundation,1000,0.0376,995,2000,0.4923,24708913,1.2224,406.0997
f64,Duplicates,ARS Gen 2: Grid Mapping,1000,0.0347,995,2000,0.4923,24708282,1.2224,439.6205
f64,Duplicates,ARS Gen 3: Apex Baseline,1000,0.0057,3735,0,0.4923,24707591,1.2224,2658.7888
f64,Duplicates,ARS Gen 4: Parallel Apex,1000,0.0057,3735,0,0.4923,24707586,1.2224,2662.0358
f64,Duplicates,ARS Gen 5: Optimized Apex (MAIN),1000,0.0059,3735,0,0.4923,24707593,1.2224,2605.2227
f64,Duplicates,ARS Gen 5: Optimized Apex (Stable),1000,0.0081,3747,0,0.4923,24707666,1.2224,1883.8011
f64,Duplicates,ARS Gen 6: Aero Architecture,1000,0.0059,3735,0,0.4923,24707587,1.2224,2605.6675
f64,Duplicates,ARS Gen 6: Aero (Stable),1000,0.0084,3747,0,0.4923,24707673,1.2224,1825.2140
f64,Duplicates,ARS Exp A: Recursive Parallel,1000,0.0058,3735,0,0.4923,24707589,1.2224,2638.1032
f64,Duplicates,ARS Exp B: Hierarchical Staging,1000,0.0058,3735,0,0.4923,24707585,1.2224,2640.8427
f64,Duplicates,ARS Exp C: Adaptive Hierarchical,1000,0.0056,3735,0,0.4923,24707582,1.2224,2743.3997
f64,Duplicates,ARS Exp D: Stream Micro-Batch,1000,0.1204,3735,2000,0.4922,24708035,1.2224,126.7826
f64,Duplicates,Quicksort,10000,0.0499,36573,0,0.4921,24709630,1.2223,3058.7930
f64,Duplicates,Timsort,10000,0.0708,36775,0,0.4920,24709866,1.2223,2155.1049
f64,Duplicates,ARS Gen 1: Foundation,10000,0.2318,9995,30000,0.4920,24721384,1.2223,658.1518
f64,Duplicates,ARS Gen 2: Grid Mapping,10000,0.2970,9995,30000,0.4920,24720832,1.2223,513.6809
f64,Duplicates,ARS Gen 3: Apex Baseline,10000,0.3241,115988,14351,0.4920,24711957,1.2223,470.8442
f64,Duplicates,ARS Gen 4: Parallel Apex,10000,0.2314,9999,10000,0.4919,24715183,1.2222,659.5287
f64,Duplicates,ARS Gen 5: Optimized Apex (MAIN),10000,0.1378,9999,0,0.4919,24714575,1.2222,1107.3784
f64,Duplicates,ARS Gen 5: Optimized Apex (Stable),10000,0.1601,9999,0,0.4919,24714334,1.2222,953.1739
f64,Duplicates,ARS Gen 6: Aero Architecture,10000,0.3282,9999,0,0.4919,24719935,1.2222,464.9589
f64,Duplicates,ARS Gen 6: Aero (Stable),10000,0.3925,9999,0,0.4918,24720218,1.2222,388.7639
f64,Duplicates,ARS Exp A: Recursive Parallel,10000,0.1375,9999,0,0.4919,24714455,1.2222,1109.3429
f64,Duplicates,ARS Exp B: Hierarchical Staging,10000,0.1360,9999,0,0.4919,24714390,1.2222,1122.0110
f64,Duplicates,ARS Exp C: Adaptive Hierarchical,10000,0.1397,9999,0,0.4919,24714512,1.2222,1092.4261
f64,Duplicates,ARS Exp D: Stream Micro-Batch,10000,0.3555,9999,20000,0.4918,24715750,1.2221,429.2579
f64,Duplicates,Quicksort,100000,0.4926,362094,0,0.4913,24726737,1.2224,3097.6275
f64,Duplicates,Timsort,100000,0.7280,382517,0,0.4908,24727374,1.2223,2095.9098
f64,Duplicates,ARS Gen 1: Foundation,100000,1.3067,99995,300000,0.4913,24841140,1.2218,1167.7195
f64,Duplicates,ARS Gen 2: Grid Mapping,100000,1.3330,99995,300000,0.4913,24841614,1.2223,1144.6730
f64,Duplicates,ARS Gen 3: Apex Baseline,100000,2.4018,1129938,108703,0.4912,24735479,1.2226,635.2979
f64,Duplicates,ARS Gen 4: Parallel Apex,100000,0.5576,100001,100000,0.4907,24735173,1.2223,2736.7374
f64,Duplicates,ARS Gen 5: Optimized Apex (MAIN),100000,0.3965,100001,0,0.4907,24735120,1.2220,3848.6520
f64,Duplicates,ARS Gen 5: Optimized Apex (Stable),100000,0.3930,100001,0,0.4907,24735252,1.2219,3882.6336
f64,Duplicates,ARS Gen 6: Aero Architecture,100000,0.6567,100001,0,0.4909,24789409,1.2217,2323.3786
f64,Duplicates,ARS Gen 6: Aero (Stable),100000,0.6899,100001,0,0.4908,24790367,1.2217,2211.5918
f64,Duplicates,ARS Exp A: Recursive Parallel,100000,0.5725,199996,0,0.4905,24742456,1.2218,2665.1231
f64,Duplicates,ARS Exp B: Hierarchical Staging,100000,0.4988,199996,0,0.4907,24734516,1.2223,3058.9463
f64,Duplicates,ARS Exp C: Adaptive Hierarchical,100000,0.6280,199996,0,0.4906,24741341,1.2216,2429.8093
f64,Duplicates,ARS Exp D: Stream Micro-Batch,100000,0.8458,100001,200000,0.4907,24738406,1.2213,1804.1363
f64,Duplicates,Quicksort,1000000,4.2050,3809528,0,0.4890,24748202,1.2260,3628.7286
f64,Duplicates,Timsort,1000000,7.8118,4510660,0,0.4877,24749852,1.2235,1953.3058
f64,Duplicates,ARS Gen 3: Apex Baseline,1000000,24.2472,12062959,1017407,0.4905,24814100,1.2255,629.2999
f64,Duplicates,ARS Gen 4: Parallel Apex,1000000,6.4082,999999,1000000,0.4939,24763206,1.2061,2381.1216
f64,Duplicates,ARS Gen 5: Optimized Apex (MAIN),1000000,6.3927,999999,0,0.4938,24762307,1.2089,2386.8949
f64,Duplicates,ARS Gen 5: Optimized Apex (Stable),1000000,6.3379,999999,0,0.4938,24760222,1.2089,2407.5351
f64,Duplicates,ARS Gen 6: Aero Architecture,1000000,4.7462,999999,0,0.4920,25313508,1.2176,3214.9256
f64,Duplicates,ARS Gen 6: Aero (Stable),1000000,4.8891,999999,0,0.4921,25313054,1.2193,3120.9582
f64,Duplicates,ARS Exp A: Recursive Parallel,1000000,8.5120,1999994,0,0.4942,24773154,1.2025,1792.6283
f64,Duplicates,ARS Exp B: Hierarchical Staging,1000000,7.2473,1999994,0,0.4934,24761484,1.2142,2105.4301
f64,Duplicates,ARS Exp C: Adaptive Hierarchical,1000000,8.4177,1999994,0,0.4941,24770599,1.2057,1812.7031
f64,Duplicates,ARS Exp D: Stream Micro-Batch,1000000,16.3997,5364815,2000000,0.4862,24815393,1.2260,930.4329
f64,Zipfian,Quicksort,1000,0.0087,5508,0,0.4885,24808504,1.2325,1759.9526
f64,Zipfian,Timsort,1000,0.0117,5460,0,0.4885,24808699,1.2325,1308.6440
f64,Zipfian,ARS Gen 1: Foundation,1000,0.0477,921,2000,0.4885,24810612,1.2325,319.8639
f64,Zipfian,ARS Gen 2: Grid Mapping,1000,0.0543,921,2000,0.4885,24810680,1.2325,280.8487
f64,Zipfian,ARS Gen 3: Apex Baseline,1000,0.0079,5508,0,0.4885,24808498,1.2325,1929.5383
f64,Zipfian,ARS Gen 4: Parallel Apex,1000,0.0082,5508,0,0.4885,24808502,1.2325,1862.4178
f64,Zipfian,ARS Gen 5: Optimized Apex (MAIN),1000,0.0080,5508,0,0.4885,24808497,1.2325,1913.8077
f64,Zipfian,ARS Gen 5: Optimized Apex (Stable),1000,0.0115,5460,0,0.4885,24808684,1.2325,1323.8582
f64,Zipfian,ARS Gen 6: Aero Architecture,1000,0.0083,5508,0,0.4885,24808503,1.2325,1837.3015
f64,Zipfian,ARS Gen 6: Aero (Stable),1000,0.0119,5460,0,0.4885,24808711,1.2325,1287.5529
f64,Zipfian,ARS Exp A: Recursive Parallel,1000,0.0084,5508,0,0.4885,24808504,1.2325,1812.8536
f64,Zipfian,ARS Exp B: Hierarchical Staging,1000,0.0081,5508,0,0.4885,24808495,1.2325,1893.3849
f64,Zipfian,ARS Exp C: Adaptive Hierarchical,1000,0.0080,5508,0,0.4885,24808488,1.2325,1900.9330
f64,Zipfian,ARS Exp D: Stream Micro-Batch,1000,0.1022,5508,2000,0.4885,24808982,1.2324,149.2609
f64,Zipfian,Quicksort,10000,0.0697,53621,0,0.4883,24810845,1.2324,2190.7495
f64,Zipfian,Timsort,10000,0.0962,53742,0,0.4883,24811697,1.2323,1585.6747
f64,Zipfian,ARS Gen 1: Foundation,10000,0.3036,9683,30000,0.4882,24828468,1.2325,502.5918
f64,Zipfian,ARS Gen 2: Grid Mapping,10000,0.3301,9683,30000,0.4882,24829597,1.2324,462.2629
f64,Zipfian,ARS Gen 3: Apex Baseline,10000,0.2918,124917,14351,0.4882,24813920,1.2324,523.0019
f64,Zipfian,ARS Gen 4: Parallel Apex,10000,0.1934,10961,10000,0.4882,24816548,1.2322,788.7758
f64,Zipfian,ARS Gen 5: Optimized Apex (MAIN),10000,0.1254,10961,0,0.4881,24816592,1.2322,1216.3825
f64,Zipfian,ARS Gen 5: Optimized Apex (Stable),10000,0.1139,11013,0,0.4881,24816499,1.2322,1339.9125
f64,Zipfian,ARS Gen 6: Aero Architecture,10000,0.3636,13929,0,0.4881,24817643,1.2323,419.6598
f64,Zipfian,ARS Gen 6: Aero (Stable),10000,0.3640,14152,0,0.4881,24818481,1.2323,419.2539
f64,Zipfian,ARS Exp A: Recursive Parallel,10000,0.1307,15115,0,0.4881,24816701,1.2322,1167.5470
f64,Zipfian,ARS Exp B: Hierarchical Staging,10000,0.1251,10961,0,0.4881,24816310,1.2322,1219.6396
f64,Zipfian,ARS Exp C: Adaptive Hierarchical,10000,0.1260,10961,0,0.4881,24816281,1.2322,1210.8228
f64,Zipfian,ARS Exp D: Stream Micro-Batch,10000,0.2883,10961,20000,0.4881,24818238,1.2322,529.1888
f64,Zipfian,Quicksort,100000,0.6502,532062,0,0.4875,24832472,1.2326,2346.9066
f64,Zipfian,Timsort,100000,0.8806,535405,0,0.4870,24835627,1.2325,1732.7660
f64,Zipfian,ARS Gen 1: Foundation,100000,1.7825,98733,300000,0.4873,25014454,1.2324,856.0537
f64,Zipfian,ARS Gen 2: Grid Mapping,100000,2.0024,98733,300000,0.4873,25024612,1.2319,762.0167
f64,Zipfian,ARS Gen 3: Apex Baseline,100000,2.2622,1174310,108703,0.4874,24842887,1.2326,674.5176
f64,Zipfian,ARS Gen 4: Parallel Apex,100000,0.5307,122228,100000,0.4870,24844408,1.2323,2874.9972
f64,Zipfian,ARS Gen 5: Optimized Apex (MAIN),100000,0.3836,122228,0,0.4870,24841847,1.2322,3978.1080
f64,Zipfian,ARS Gen 5: Optimized Apex (Stable),100000,0.3946,122352,0,0.4870,24843526,1.2320,3867.3709
f64,Zipfian,ARS Gen 6: Aero Architecture,100000,0.6992,151498,0,0.4871,24853335,1.2321,2182.3429
f64,Zipfian,ARS Gen 6: Aero (Stable),100000,0.7463,152054,0,0.4871,24857962,1.2320,2044.7042
f64,Zipfian,ARS Exp A: Recursive Parallel,100000,0.5274,192482,0,0.4868,24847110,1.2319,2893.4678
f64,Zipfian,ARS Exp B: Hierarchical Staging,100000,0.5247,182525,0,0.4870,24840825,1.2323,2908.0146
f64,Zipfian,ARS Exp C: Adaptive Hierarchical,100000,0.5467,186875,0,0.4869,24847372,1.2320,2790.8471
f64,Zipfian,ARS Exp D: Stream Micro-Batch,100000,0.7414,122228,200000,0.4869,24845621,1.2320,2058.1131
f64,Zipfian,Quicksort,1000000,6.0138,5301519,0,0.4855,24850026,1.2381,2537.2945
f64,Zipfian,Timsort,1000000,10.2448,6302942,0,0.4827,24860606,1.2358,1489.4145
f64,Zipfian,ARS Gen 3: Apex Baseline,1000000,24.8548,12308876,1017407,0.4866,24917648,1.2348,613.9165
f64,Zipfian,ARS Gen 4: Parallel Apex,1000000,6.1584,1094612,1000000,0.4902,24867524,1.2219,2477.7113
f64,Zipfian,ARS Gen 5: Optimized Apex (MAIN),1000000,6.2045,1094612,0,0.4903,24869278,1.2198,2459.3235
f64,Zipfian,ARS Gen 5: Optimized Apex (Stable),1000000,6.2042,1095552,0,0.4902,24874356,1.2197,2459.4488
f64,Zipfian,ARS Gen 6: Aero Architecture,1000000,4.7478,1534410,0,0.4889,24995214,1.2310,3213.8895
f64,Zipfian,ARS Gen 6: Aero (Stable),1000000,5.3700,1541577,0,0.4890,25007560,1.2286,2841.4655
f64,Zipfian,ARS Exp A: Recursive Parallel,1000000,9.0304,1989097,0,0.4908,24878285,1.2132,1689.7191
f64,Zipfian,ARS Exp B: Hierarchical Staging,1000000,8.6299,2062330,0,0.4906,24861897,1.2231,1768.1393
f64,Zipfian,ARS Exp C: Adaptive Hierarchical,1000000,9.4958,2113182,0,0.4912,24874431,1.2157,1606.9062
f64,Zipfian,ARS Exp D: Stream Micro-Batch,1000000,22.0865,5807618,2000000,0.4871,24966939,1.2325,690.8643
f64,Skewed,Quicksort,1000,0.0188,10241,0,0.4920,24966516,1.2499,813.2382
f64,Skewed,Timsort,1000,0.0276,10555,0,0.4920,24967062,1.2499,552.9548
f64,Skewed,ARS Gen 1: Foundation,1000,0.2417,0,2000,0.4920,24973785,1.2500,63.1392
f64,Skewed,ARS Gen 2: Grid Mapping,1000,0.2866,0,2000,0.4920,24974611,1.2500,53.2463
f64,Skewed,ARS Gen 3: Apex Baseline,1000,0.0177,10241,0,0.4920,24966513,1.2499,862.2733
f64,Skewed,ARS Gen 4: Parallel Apex,1000,0.0178,10241,0,0.4920,24966510,1.2499,858.6342
f64,Skewed,ARS Gen 5: Optimized Apex (MAIN),1000,0.0176,10241,0,0.4920,24966506,1.2499,865.5014
f64,Skewed,ARS Gen 5: Optimized Apex (Stable),1000,0.0271,10555,0,0.4920,24967060,1.2499,562.7435
f64,Skewed,ARS Gen 6: Aero Architecture,1000,0.0186,10241,0,0.4920,24966478,1.2499,820.6739
f64,Skewed,ARS Gen 6: Aero (Stable),1000,0.0273,10555,0,0.4920,24967038,1.2499,558.8686
f64,Skewed,ARS Exp A: Recursive Parallel,1000,0.0187,10241,0,0.4920,24966519,1.2499,815.4547
f64,Skewed,ARS Exp B: Hierarchical Staging,1000,0.0178,10241,0,0.4920,24966524,1.2499,858.0066
f64,Skewed,ARS Exp C: Adaptive Hierarchical,1000,0.0175,10241,0,0.4920,24966475,1.2499,870.1904
f64,Skewed,ARS Exp D: Stream Micro-Batch,1000,0.1272,10241,2000,0.4920,24966966,1.2499,119.9383
f64,Skewed,Quicksort,10000,0.2349,137603,0,0.4918,24973343,1.2498,649.6447
f64,Skewed,Timsort,10000,0.3263,140916,0,0.4918,24978688,1.2498,467.5934
f64,Skewed,ARS Gen 1: Foundation,10000,5.6251,0,30000,0.4901,25064101,1.2524,27.1263
f64,Skewed,ARS Gen 2: Grid Mapping,10000,6.2193,0,30000,0.4900,25070644,1.2523,24.5345
f64,Skewed,ARS Gen 3: Apex Baseline,10000,0.4246,192365,14351,0.4917,24978632,1.2498,359.3423
f64,Skewed,ARS Gen 4: Parallel Apex,10000,0.2516,66763,10000,0.4916,24980558,1.2497,606.4123
f64,Skewed,ARS Gen 5: Optimized Apex (MAIN),10000,0.1766,66763,0,0.4916,24980094,1.2496,864.0653
f64,Skewed,ARS Gen 5: Optimized Apex (Stable),10000,0.1741,69738,0,0.4916,24985394,1.2496,876.4986
f64,Skewed,ARS Gen 6: Aero Architecture,10000,0.3084,61148,0,0.4916,24981335,1.2496,494.7759
f64,Skewed,ARS Gen 6: Aero (Stable),10000,0.3178,64565,0,0.4916,24985467,1.2496,480.1638
f64,Skewed,ARS Exp A: Recursive Parallel,10000,0.1741,66763,0,0.4916,24980061,1.2496,876.2268
f64,Skewed,ARS Exp B: Hierarchical Staging,10000,0.1647,66763,0,0.4916,24979950,1.2496,926.2177
f64,Skewed,ARS Exp C: Adaptive Hierarchical,10000,0.1711,66763,0,0.4916,24980433,1.2496,891.6490
f64,Skewed,ARS Exp D: Stream Micro-Batch,10000,0.3345,66763,20000,0.4915,24982267,1.2496,456.1835
f64,Skewed,Quicksort,100000,2.7808,1710395,0,0.4911,25059814,1.2512,548.7228
f64,Skewed,Timsort,100000,3.7483,1746952,0,0.4907,25108829,1.2509,407.0870
f64,Skewed,ARS Gen 1: Foundation,100000,46.5001,0,300000,0.4253,25975268,1.2234,32.8145
f64,Skewed,ARS Gen 2: Grid Mapping,100000,48.9430,0,300000,0.4291,26030752,1.2284,31.1767
f64,Skewed,ARS Gen 3: Apex Baseline,100000,3.2762,1885598,108703,0.4910,25074496,1.2500,465.7427
f64,Skewed,ARS Gen 4: Parallel Apex,100000,1.2658,1045510,100000,0.4910,25074854,1.2492,1205.4232
f64,Skewed,ARS Gen 5: Optimized Apex (MAIN),100000,1.0269,1045510,0,0.4911,25074911,1.2487,1485.8646
f64,Skewed,ARS Gen 5: Optimized Apex (Stable),100000,1.3345,1086813,0,0.4911,25129081,1.2483,1143.3753
f64,Skewed,ARS Gen 6: Aero Architecture,100000,1.1838,981178,0,0.4910,25084754,1.2495,1288.9537
f64,Skewed,ARS Gen 6: Aero (Stable),100000,1.3450,1020346,0,0.4909,25138909,1.2489,1134.4437
f64,Skewed,ARS Exp A: Recursive Parallel,100000,1.0142,1045510,0,0.4908,25074045,1.2497,1504.5059
f64,Skewed,ARS Exp B: Hierarchical Staging,100000,1.0464,936769,0,0.4910,25068007,1.2492,1458.2441
f64,Skewed,ARS Exp C: Adaptive Hierarchical,100000,1.0437,1045510,0,0.4909,25074427,1.2493,1462.0586
f64,Skewed,ARS Exp D: Stream Micro-Batch,100000,1.4017,1045510,200000,0.4908,25078231,1.2490,1088.5870
f64,Skewed,Quicksort,1000000,28.6289,20431039,0,0.4881,25697613,1.2703,532.9856
f64,Skewed,Timsort,1000000,41.7170,20806652,0,0.4854,26180928,1.2648,365.7695
f64,Skewed,ARS Gen 3: Apex Baseline,1000000,32.6225,21500526,1017407,0.4891,25758724,1.2531,467.7381
f64,Skewed,ARS Gen 4: Parallel Apex,1000000,11.5990,12082942,1000000,0.4933,25701509,1.2417,1315.5301
f64,Skewed,ARS Gen 5: Optimized Apex (MAIN),1000000,10.8574,12082942,0,0.4934,25721739,1.2412,1405.3805
f64,Skewed,ARS Gen 5: Optimized Apex (Stable),1000000,13.0127,12502702,0,0.4933,26229420,1.2393,1172.6071
f64,Skewed,ARS Gen 6: Aero Architecture,1000000,9.8306,13210593,0,0.4915,25851535,1.2512,1552.1651
f64,Skewed,ARS Gen 6: Aero (Stable),1000000,12.3176,13633723,0,0.4904,26356731,1.2497,1238.7761
f64,Skewed,ARS Exp A: Recursive Parallel,1000000,10.6531,7768109,0,0.4910,25829463,1.2436,1432.3323
f64,Skewed,ARS Exp B: Hierarchical Staging,1000000,11.2933,6294342,0,0.4900,25668287,1.2432,1351.1366
f64,Skewed,ARS Exp C: Adaptive Hierarchical,1000000,10.8145,7082878,0,0.4903,25702289,1.2397,1410.9581
f64,Skewed,ARS Exp D: Stream Micro-Batch,1000000,24.5216,13879903,2000000,0.4920,27290594,1.2364,622.2580
f64,Clustered,Quicksort,1000,0.0199,10551,0,0.4908,26244273,1.2368,767.5447
f64,Clustered,Timsort,1000,0.0286,10537,0,0.4908,26244801,1.2368,533.4681
f64,Clustered,ARS Gen 1: Foundation,1000,0.2465,0,2000,0.4908,26251628,1.2369,61.8953
f64,Clustered,ARS Gen 2: Grid Mapping,1000,0.2961,0,2000,0.4908,26252339,1.2369,51.5393
f64,Clustered,ARS Gen 3: Apex Baseline,1000,0.0190,10551,0,0.4908,26244253,1.2368,801.9967
f64,Clustered,ARS Gen 4: Parallel Apex,1000,0.0193,10551,0,0.4908,26244263,1.2368,790.7337
f64,Clustered,ARS Gen 5: Optimized Apex (MAIN),1000,0.0190,10551,0,0.4908,26244268,1.2368,801.7860
f64,Clustered,ARS Gen 5: Optimized Apex (Stable),1000,0.0284,10537,0,0.4908,26244812,1.2368,537.3759
f64,Clustered,ARS Gen 6: Aero Architecture,1000,0.0198,10551,0,0.4908,26244252,1.2368,770.9964
f64,Clustered,ARS Gen 6: Aero (Stable),1000,0.0288,10537,0,0.4908,26244817,1.2368,529.9663
f64,Clustered,ARS Exp A: Recursive Parallel,1000,0.0203,10551,0,0.4908,26244265,1.2368,750.7399
f64,Clustered,ARS Exp B: Hierarchical Staging,1000,0.0193,10551,0,0.4908,26244246,1.2368,791.8828
f64,Clustered,ARS Exp C: Adaptive Hierarchical,1000,0.0191,10551,0,0.4908,26244231,1.2368,800.6501
f64,Clustered,ARS Exp D: Stream Micro-Batch,1000,0.1325,10551,2000,0.4908,26244827,1.2368,115.1433
f64,Clustered,Quicksort,10000,0.2349,136744,0,0.4906,26251523,1.2367,649.6889
f64,Clustered,Timsort,10000,0.3291,140772,0,0.4906,26257148,1.2367,463.6985
f64,Clustered,ARS Gen 1: Foundation,10000,5.9415,0,30000,0.4888,26342790,1.2390,25.6816
f64,Clustered,ARS Gen 2: Grid Mapping,10000,6.0941,0,30000,0.4886,26348685,1.2393,25.0385
f64,Clustered,ARS Gen 3: Apex Baseline,10000,0.4210,193085,14351,0.4905,26257016,1.2367,362.4459
f64,Clustered,ARS Gen 4: Parallel Apex,10000,0.4354,126000,10000,0.4905,26258373,1.2367,350.4175
f64,Clustered,ARS Gen 5: Optimized Apex (MAIN),10000,0.3272,126000,0,0.4905,26258492,1.2366,466.3572
f64,Clustered,ARS Gen 5: Optimized Apex (Stable),10000,0.3591,130426,0,0.4904,26264497,1.2366,424.9649
f64,Clustered,ARS Gen 6: Aero Architecture,10000,0.5602,118809,0,0.4904,26262517,1.2366,272.3811
f64,Clustered,ARS Gen 6: Aero (Stable),10000,0.4899,123101,0,0.4904,26267615,1.2366,311.4681
f64,Clustered,ARS Exp A: Recursive Parallel,10000,0.2712,90031,0,0.4903,26263815,1.2365,562.5505
f64,Clustered,ARS Exp B: Hierarchical Staging,10000,0.3038,126000,0,0.4905,26258828,1.2366,502.3370
f64,Clustered,ARS Exp C: Adaptive Hierarchical,10000,0.3410,126000,0,0.4905,26259190,1.2366,447.4587
f64,Clustered,ARS Exp D: Stream Micro-Batch,10000,0.4647,126000,20000,0.4904,26261005,1.2366,328.3670
f64,Clustered,Quicksort,100000,2.6406,1704961,0,0.4901,26314587,1.2381,577.8586
f64,Clustered,Timsort,100000,3.4196,1748322,0,0.4896,26363716,1.2379,446.2138
f64,Clustered,ARS Gen 1: Foundation,100000,42.9898,0,300000,0.4371,27229861,1.2258,35.4940
f64,Clustered,ARS Gen 2: Grid Mapping,100000,44.7669,0,300000,0.4236,27283374,1.2151,34.0850
f64,Clustered,ARS Gen 3: Apex Baseline,100000,3.0103,1885129,108703,0.4899,26328843,1.2369,506.8836
f64,Clustered,ARS Gen 4: Parallel Apex,100000,2.0725,1618379,100000,0.4896,26328510,1.2382,736.2543
f64,Clustered,ARS Gen 5: Optimized Apex (MAIN),100000,1.7959,1618379,0,0.4899,26328859,1.2374,849.6491
f64,Clustered,ARS Gen 5: Optimized Apex (Stable),100000,2.0906,1658575,0,0.4894,26378062,1.2372,729.8593
f64,Clustered,ARS Gen 6: Aero Architecture,100000,1.8885,1529988,0,0.4899,26381939,1.2371,807.9688
f64,Clustered,ARS Gen 6: Aero (Stable),100000,2.2130,1573500,0,0.4898,26432323,1.2368,689.5225
f64,Clustered,ARS Exp A: Recursive Parallel,100000,1.1921,673827,0,0.4889,26348750,1.2360,1280.0160
f64,Clustered,ARS Exp B: Hierarchical Staging,100000,1.2781,837701,0,0.4892,26327319,1.2366,1193.8230
f64,Clustered,ARS Exp C: Adaptive Hierarchical,100000,1.4566,967480,0,0.4892,26342014,1.2364,1047.5671
f64,Clustered,ARS Exp D: Stream Micro-Batch,100000,2.2982,1618379,200000,0.4896,26331188,1.2378,663.9322
f64,Clustered,Quicksort,1000000,29.6338,20435426,0,0.4868,26818157,1.2568,514.9122
f64,Clustered,Timsort,1000000,42.3086,20818465,0,0.4826,27297975,1.2525,360.6543
f64,Clustered,ARS Gen 3: Apex Baseline,1000000,27.3738,21488833,1017407,0.4876,26877748,1.2408,557.4233
f64,Clustered,ARS Gen 4: Parallel Apex,1000000,21.8557,19275700,1000000,0.4901,26825974,1.2438,698.1603
f64,Clustered,ARS Gen 5: Optimized Apex (MAIN),1000000,19.1119,19275700,0,0.4902,26837858,1.2428,798.3901
f64,Clustered,ARS Gen 5: Optimized Apex (Stable),1000000,27.3280,19658200,0,0.4867,27328470,1.2385,558.3573
f64,Clustered,ARS Gen 6: Aero Architecture,1000000,14.6730,19275700,0,0.4891,27386199,1.2466,1039.9195
f64,Clustered,ARS Gen 6: Aero (Stable),1000000,20.1455,19658200,0,0.4864,27866885,1.2424,757.4274
f64,Clustered,ARS Exp A: Recursive Parallel,1000000,17.1332,6708948,0,0.4893,26934255,1.2193,890.5977
f64,Clustered,ARS Exp B: Hierarchical Staging,1000000,17.9349,6379291,0,0.4935,26796700,1.2328,850.7858
f64,Clustered,ARS Exp C: Adaptive Hierarchical,1000000,18.5445,8360463,0,0.4940,26872181,1.2213,822.8216
f64,Clustered,ARS Exp D: Stream Micro-Batch,1000000,30.4806,20771275,2000000,0.4904,27829655,1.2392,500.6059
f64,BucketCollapse,Quicksort,1000,0.0190,10288,0,0.4965,31455327,1.2458,800.9863
f64,BucketCollapse,Timsort,1000,0.0272,10450,0,0.4965,31455904,1.2458,561.5836
f64,BucketCollapse,ARS Gen 1: Foundation,1000,0.2393,0,2000,0.4965,31462815,1.2459,63.7725
f64,BucketCollapse,ARS Gen 2: Grid Mapping,1000,0.2836,0,2000,0.4965,31463971,1.2459,53.8068
f64,BucketCollapse,ARS Gen 3: Apex Baseline,1000,0.0177,10288,0,0.4965,31455360,1.2458,863.2978
f64,BucketCollapse,ARS Gen 4: Parallel Apex,1000,0.0178,10288,0,0.4965,31455360,1.2458,858.2962
f64,BucketCollapse,ARS Gen 5: Optimized Apex (MAIN),1000,0.0178,10288,0,0.4965,31455342,1.2458,859.1177
f64,BucketCollapse,ARS Gen 5: Optimized Apex (Stable),1000,0.0270,10450,0,0.4965,31455910,1.2458,564.5549
f64,BucketCollapse,ARS Gen 6: Aero Architecture,1000,0.0188,10288,0,0.4965,31455363,1.2458,812.9350
f64,BucketCollapse,ARS Gen 6: Aero (Stable),1000,0.0274,10450,0,0.4965,31455898,1.2458,557.6839
f64,BucketCollapse,ARS Exp A: Recursive Parallel,1000,0.0189,10288,0,0.4965,31455367,1.2458,807.7280
f64,BucketCollapse,ARS Exp B: Hierarchical Staging,1000,0.0178,10288,0,0.4965,31455352,1.2458,858.7792
f64,BucketCollapse,ARS Exp C: Adaptive Hierarchical,1000,0.0179,10288,0,0.4965,31455363,1.2458,853.1136
f64,BucketCollapse,ARS Exp D: Stream Micro-Batch,1000,0.1280,10288,2000,0.4965,31456064,1.2458,119.1981
f64,BucketCollapse,Quicksort,10000,0.2323,136714,0,0.4963,31462545,1.2457,656.8768
f64,BucketCollapse,Timsort,10000,0.3276,140903,0,0.4963,31467909,1.2457,465.8077
f64,BucketCollapse,ARS Gen 1: Foundation,10000,5.5221,160,30000,0.4946,31554325,1.2480,27.6324
f64,BucketCollapse,ARS Gen 2: Grid Mapping,10000,5.7444,160,30000,0.4943,31559417,1.2479,26.5627
f64,BucketCollapse,ARS Gen 3: Apex Baseline,10000,0.4107,193162,14351,0.4962,31467980,1.2457,371.5340
f64,BucketCollapse,ARS Gen 4: Parallel Apex,10000,0.2425,52333,10000,0.4962,31468863,1.2456,629.2154
f64,BucketCollapse,ARS Gen 5: Optimized Apex (MAIN),10000,0.1747,52333,0,0.4962,31468067,1.2456,873.3631
f64,BucketCollapse,ARS Gen 5: Optimized Apex (Stable),10000,0.1915,57763,0,0.4961,31470686,1.2455,796.8910
f64,BucketCollapse,ARS Gen 6: Aero Architecture,10000,0.3465,59057,0,0.4961,31471241,1.2454,440.3373
f64,BucketCollapse,ARS Gen 6: Aero (Stable),10000,0.2384,62100,0,0.4961,31475744,1.2455,639.9479
f64,BucketCollapse,ARS Exp A: Recursive Parallel,10000,0.1709,52333,0,0.4961,31468172,1.2455,892.9901
f64,BucketCollapse,ARS Exp B: Hierarchical Staging,10000,0.1616,52333,0,0.4961,31468530,1.2456,944.3956
f64,BucketCollapse,ARS Exp C: Adaptive Hierarchical,10000,0.1614,52333,0,0.4961,31468471,1.2455,945.2088
f64,BucketCollapse,ARS Exp D: Stream Micro-Batch,10000,0.3343,52333,20000,0.4961,31470429,1.2455,456.3977
f64,BucketCollapse,Quicksort,100000,2.6016,1706033,0,0.4955,31544264,1.2469,586.5045
f64,BucketCollapse,Timsort,100000,3.4259,1748408,0,0.4950,31593112,1.2467,445.3957
f64,BucketCollapse,ARS Gen 1: Foundation,100000,40.7805,15822,300000,0.4341,32470363,1.2223,37.4169
f64,BucketCollapse,ARS Gen 2: Grid Mapping,100000,45.8301,15822,300000,0.4394,32557190,1.2298,33.2943
f64,BucketCollapse,ARS Gen 3: Apex Baseline,100000,2.9340,1885784,108703,0.4953,31558384,1.2458,520.0731
f64,BucketCollapse,ARS Gen 4: Parallel Apex,100000,0.9525,882348,100000,0.4951,31557122,1.2454,1601.9154
f64,BucketCollapse,ARS Gen 5: Optimized Apex (MAIN),100000,0.7286,882348,0,0.4951,31558161,1.2453,2094.3851
f64,BucketCollapse,ARS Gen 5: Optimized Apex (Stable),100000,1.0079,921462,0,0.4952,31608899,1.2448,1513.9430
f64,BucketCollapse,ARS Gen 6: Aero Architecture,100000,1.1131,939598,0,0.4953,31569566,1.2453,1370.8545
f64,BucketCollapse,ARS Gen 6: Aero (Stable),100000,1.2217,975983,0,0.4951,31621714,1.2451,1249.0076
f64,BucketCollapse,ARS Exp A: Recursive Parallel,100000,0.8479,882348,0,0.4951,31557178,1.2453,1799.5616
f64,BucketCollapse,ARS Exp B: Hierarchical Staging,100000,0.8311,771432,0,0.4952,31550321,1.2454,1835.9596
f64,BucketCollapse,ARS Exp C: Adaptive Hierarchical,100000,0.7316,882348,0,0.4950,31556829,1.2454,2085.6823
f64,BucketCollapse,ARS Exp D: Stream Micro-Batch,100000,1.2270,882348,200000,0.4952,31560234,1.2449,1243.5679
f64,BucketCollapse,Quicksort,1000000,28.7602,20389196,0,0.4918,32196966,1.2635,530.5524
f64,BucketCollapse,Timsort,1000000,42.6288,20780417,0,0.4875,32680404,1.2596,357.9454
f64,BucketCollapse,ARS Gen 3: Apex Baseline,1000000,26.9339,21441825,1017407,0.4926,32256718,1.2482,566.5277
f64,BucketCollapse,ARS Gen 4: Parallel Apex,1000000,10.0429,10157321,1000000,0.4963,32199497,1.2403,1519.3608
f64,BucketCollapse,ARS Gen 5: Optimized Apex (MAIN),1000000,9.9574,10157321,0,0.4964,32211587,1.2394,1532.4008
f64,BucketCollapse,ARS Gen 5: Optimized Apex (Stable),1000000,11.3119,10561958,0,0.4962,32730149,1.2362,1348.9176
f64,BucketCollapse,ARS Gen 6: Aero Architecture,1000000,9.1396,12859603,0,0.4951,32350900,1.2467,1669.5204
f64,BucketCollapse,ARS Gen 6: Aero (Stable),1000000,11.1003,13271645,0,0.4943,32857242,1.2442,1374.6320
f64,BucketCollapse,ARS Exp A: Recursive Parallel,1000000,9.8106,10157321,0,0.4956,32214775,1.2418,1555.3346
f64,BucketCollapse,ARS Exp B: Hierarchical Staging,1000000,10.8108,11214454,0,0.4965,32208094,1.2428,1411.4391
f64,BucketCollapse,ARS Exp C: Adaptive Hierarchical,1000000,11.1329,12268914,0,0.4967,32216331,1.2407,1370.6035
f64,BucketCollapse,ARS Exp D: Stream Micro-Batch,1000000,29.9172,13561646,2000000,0.4956,33203609,1.2408,510.0337
f64,LowCardinality,Quicksort,1000,0.0079,5797,0,0.4984,39189444,1.2491,1923.9426
f64,LowCardinality,Timsort,1000,0.0110,5499,0,0.4984,39189586,1.2491,1387.2888
f64,LowCardinality,ARS Gen 1: Foundation,1000,0.0478,984,2000,0.4984,39191701,1.2491,318.8946
f64,LowCardinality,ARS Gen 2: Grid Mapping,1000,0.0581,984,2000,0.4984,39191802,1.2491,262.5981
f64,LowCardinality,ARS Gen 3: Apex Baseline,1000,0.0074,5797,0,0.4984,39189444,1.2491,2056.9950
f64,LowCardinality,ARS Gen 4: Parallel Apex,1000,0.0073,5797,0,0.4984,39189448,1.2491,2089.9588
f64,LowCardinality,ARS Gen 5: Optimized Apex (MAIN),1000,0.0073,5797,0,0.4984,39189447,1.2491,2082.5425
f64,LowCardinality,ARS Gen 5: Optimized Apex (Stable),1000,0.0110,5499,0,0.4984,39189588,1.2491,1392.8607
f64,LowCardinality,ARS Gen 6: Aero Architecture,1000,0.0078,5797,0,0.4984,39189438,1.2491,1964.5666
f64,LowCardinality,ARS Gen 6: Aero (Stable),1000,0.0109,5499,0,0.4984,39189602,1.2491,1400.6599
f64,LowCardinality,ARS Exp A: Recursive Parallel,1000,0.0080,5797,0,0.4984,39189445,1.2491,1914.5281
f64,LowCardinality,ARS Exp B: Hierarchical Staging,1000,0.0077,5797,0,0.4984,39189442,1.2491,1969.8927
f64,LowCardinality,ARS Exp C: Adaptive Hierarchical,1000,0.0076,5797,0,0.4984,39189431,1.2491,2015.9584
f64,LowCardinality,ARS Exp D: Stream Micro-Batch,1000,0.1133,5797,2000,0.4984,39190303,1.2491,134.6463
f64,LowCardinality,Quicksort,10000,0.0682,53838,0,0.4982,39191512,1.2490,2236.5720
f64,LowCardinality,Timsort,10000,0.0893,53843,0,0.4982,39191876,1.2490,1708.7493
f64,LowCardinality,ARS Gen 1: Foundation,10000,0.2486,9984,30000,0.4982,39210340,1.2490,613.6876
f64,LowCardinality,ARS Gen 2: Grid Mapping,10000,0.3038,9984,30000,0.4982,39211289,1.2490,502.2329
f64,LowCardinality,ARS Gen 3: Apex Baseline,10000,0.3020,122148,14351,0.4982,39193832,1.2490,505.3282
f64,LowCardinality,ARS Gen 4: Parallel Apex,10000,0.2012,12061,10000,0.4981,39197222,1.2489,758.2836
f64,LowCardinality,ARS Gen 5: Optimized Apex (MAIN),10000,0.1277,12061,0,0.4981,39197144,1.2489,1195.0151
f64,LowCardinality,ARS Gen 5: Optimized Apex (Stable),10000,0.1235,12085,0,0.4981,39196454,1.2489,1235.7896
f64,LowCardinality,ARS Gen 6: Aero Architecture,10000,0.2916,12061,0,0.4981,39198589,1.2489,523.2099
f64,LowCardinality,ARS Gen 6: Aero (Stable),10000,0.2714,12085,0,0.4981,39198566,1.2489,562.2831
f64,LowCardinality,ARS Exp A: Recursive Parallel,10000,0.1446,12061,0,0.4981,39196786,1.2489,1055.0224
f64,LowCardinality,ARS Exp B: Hierarchical Staging,10000,0.1394,12061,0,0.4981,39196816,1.2489,1094.5654
f64,LowCardinality,ARS Exp C: Adaptive Hierarchical,10000,0.1332,12061,0,0.4981,39196450,1.2489,1145.1850
f64,LowCardinality,ARS Exp D: Stream Micro-Batch,10000,0.3016,12061,20000,0.4980,39198648,1.2489,505.9029
f64,LowCardinality,Quicksort,100000,0.6863,529379,0,0.4976,39211273,1.2492,2223.2989
f64,LowCardinality,Timsort,100000,0.8889,529674,0,0.4972,39212000,1.2491,1716.6136
f64,LowCardinality,ARS Gen 1: Foundation,100000,1.4082,99984,300000,0.4976,39397458,1.2483,1083.5584
f64,LowCardinality,ARS Gen 2: Grid Mapping,100000,1.5837,99984,300000,0.4976,39410454,1.2487,963.4613
f64,LowCardinality,ARS Gen 3: Apex Baseline,100000,2.2661,1143461,108703,0.4976,39219897,1.2491,673.3392
f64,LowCardinality,ARS Gen 4: Parallel Apex,100000,0.5644,151116,100000,0.4972,39221588,1.2489,2703.3165
f64,LowCardinality,ARS Gen 5: Optimized Apex (MAIN),100000,0.4215,151116,0,0.4973,39221961,1.2487,3620.3308
f64,LowCardinality,ARS Gen 5: Optimized Apex (Stable),100000,0.3874,151622,0,0.4972,39221119,1.2488,3938.7583
f64,LowCardinality,ARS Gen 6: Aero Architecture,100000,0.5902,99988,0,0.4973,39243844,1.2487,2585.5080
f64,LowCardinality,ARS Gen 6: Aero (Stable),100000,0.6422,99988,0,0.4973,39244727,1.2487,2375.8628
f64,LowCardinality,ARS Exp A: Recursive Parallel,100000,0.6235,199984,0,0.4970,39227511,1.2489,2447.2679
f64,LowCardinality,ARS Exp B: Hierarchical Staging,100000,0.5506,199972,0,0.4972,39218778,1.2490,2771.1863
f64,LowCardinality,ARS Exp C: Adaptive Hierarchical,100000,0.7726,100000,0,0.4973,39220741,1.2485,1974.9819
f64,LowCardinality,ARS Exp D: Stream Micro-Batch,100000,1.0987,151116,200000,0.4975,39221949,1.2486,1388.8254
f64,LowCardinality,Quicksort,1000000,6.1311,5138620,0,0.4953,39226590,1.2530,2488.7368
f64,LowCardinality,Timsort,1000000,10.2612,6175006,0,0.4927,39228392,1.2512,1487.0349
f64,LowCardinality,ARS Gen 3: Apex Baseline,1000000,24.4920,12087538,1017407,0.4974,39292821,1.2507,623.0120
f64,LowCardinality,ARS Gen 4: Parallel Apex,1000000,6.2248,999988,1000000,0.4999,39239445,1.2354,2451.3009
f64,LowCardinality,ARS Gen 5: Optimized Apex (MAIN),1000000,7.8793,999988,0,0.5000,39242345,1.2397,1936.5567
f64,LowCardinality,ARS Gen 5: Optimized Apex (Stable),1000000,7.6079,999988,0,0.4999,39237946,1.2428,2005.6456
f64,LowCardinality,ARS Gen 6: Aero Architecture,1000000,6.2676,999988,0,0.4988,39492677,1.2471,2434.5595
f64,LowCardinality,ARS Gen 6: Aero (Stable),1000000,4.5089,999988,0,0.4987,39492260,1.2457,3384.1639
f64,LowCardinality,ARS Exp A: Recursive Parallel,1000000,8.1921,1999972,0,0.4995,39250339,1.2361,1862.6274
f64,LowCardinality,ARS Exp B: Hierarchical Staging,1000000,8.8926,1999972,0,0.4995,39236652,1.2460,1715.8999
f64,LowCardinality,ARS Exp C: Adaptive Hierarchical,1000000,9.6099,1999976,0,0.4999,39250949,1.2370,1587.8136
f64,LowCardinality,ARS Exp D: Stream Micro-Batch,1000000,18.3937,5620187,2000000,0.4957,39298198,1.2528,829.5648
f64,PrefixCollision,Quicksort,1000,0.0176,10288,0,0.4971,39322329,1.2480,865.1088
f64,PrefixCollision,Timsort,1000,0.0256,10450,0,0.4971,39322898,1.2480,596.0232
f64,PrefixCollision,ARS Gen 1: Foundation,1000,0.2246,0,2000,0.4971,39329755,1.2481,67.9494
f64,PrefixCollision,ARS Gen 2: Grid Mapping,1000,0.2683,0,2000,0.4971,39330902,1.2481,56.8685
f64,PrefixCollision,ARS Gen 3: Apex Baseline,1000,0.0168,10288,0,0.4971,39322342,1.2480,906.5884
f64,PrefixCollision,ARS Gen 4: Parallel Apex,1000,0.0170,10288,0,0.4971,39322351,1.2480,896.8900
f64,PrefixCollision,ARS Gen 5: Optimized Apex (MAIN),1000,0.0168,10288,0,0.4971,39322337,1.2480,907.7749
f64,PrefixCollision,ARS Gen 5: Optimized Apex (Stable),1000,0.0254,10450,0,0.4971,39322885,1.2480,600.3852
f64,PrefixCollision,ARS Gen 6: Aero Architecture,1000,0.0174,10288,0,0.4971,39322316,1.2480,876.1363
f64,PrefixCollision,ARS Gen 6: Aero (Stable),1000,0.0256,10450,0,0.4971,39322903,1.2480,595.4417
f64,PrefixCollision,ARS Exp A: Recursive Parallel,1000,0.0178,10288,0,0.4971,39322346,1.2480,858.9726
f64,PrefixCollision,ARS Exp B: Hierarchical Staging,1000,0.0168,10288,0,0.4971,39322347,1.2480,910.6463
f64,PrefixCollision,ARS Exp C: Adaptive Hierarchical,1000,0.0166,10288,0,0.4971,39322316,1.2480,917.9323
f64,PrefixCollision,ARS Exp D: Stream Micro-Batch,1000,0.1191,10288,2000,0.4971,39322862,1.2480,128.1390
f64,PrefixCollision,Quicksort,10000,0.2186,136714,0,0.4969,39330152,1.2480,698.0009
f64,PrefixCollision,Timsort,10000,0.3062,140903,0,0.4969,39335609,1.2480,498.3406
f64,PrefixCollision,ARS Gen 1: Foundation,10000,5.5664,160,30000,0.4955,39421856,1.2498,27.4125
f64,PrefixCollision,ARS Gen 2: Grid Mapping,10000,6.1896,160,30000,0.4953,39426693,1.2498,24.6521
f64,PrefixCollision,ARS Gen 3: Apex Baseline,10000,0.4138,193162,14351,0.4969,39335594,1.2479,368.7871
f64,PrefixCollision,ARS Gen 4: Parallel Apex,10000,0.2561,52333,10000,0.4968,39335739,1.2478,595.8114
f64,PrefixCollision,ARS Gen 5: Optimized Apex (MAIN),10000,0.1942,52333,0,0.4968,39334035,1.2479,785.7134
f64,PrefixCollision,ARS Gen 5: Optimized Apex (Stable),10000,0.2091,57763,0,0.4968,39338426,1.2478,729.8202
f64,PrefixCollision,ARS Gen 6: Aero Architecture,10000,0.2873,59057,0,0.4967,39339625,1.2478,531.0231
f64,PrefixCollision,ARS Gen 6: Aero (Stable),10000,0.3079,62100,0,0.4967,39343034,1.2478,495.5214
f64,PrefixCollision,ARS Exp A: Recursive Parallel,10000,0.1967,52333,0,0.4968,39336064,1.2478,775.7549
f64,PrefixCollision,ARS Exp B: Hierarchical Staging,10000,0.1828,52333,0,0.4968,39335796,1.2478,834.6574
f64,PrefixCollision,ARS Exp C: Adaptive Hierarchical,10000,0.1888,52333,0,0.4968,39335833,1.2478,808.0317
f64,PrefixCollision,ARS Exp D: Stream Micro-Batch,10000,0.4062,52333,20000,0.4967,39340321,1.2477,375.6370
f64,PrefixCollision,Quicksort,100000,2.9843,1706033,0,0.4963,39415534,1.2490,511.3028
f64,PrefixCollision,Timsort,100000,3.8848,1748408,0,0.4960,39464805,1.2488,392.7840
f64,PrefixCollision,ARS Gen 1: Foundation,100000,51.2848,15822,300000,0.4472,40340784,1.2309,29.7530
f64,PrefixCollision,ARS Gen 2: Grid Mapping,100000,50.4337,15822,300000,0.4421,40426352,1.2283,30.2551
f64,PrefixCollision,ARS Gen 3: Apex Baseline,100000,3.3096,1885784,108703,0.4961,39429879,1.2481,461.0462
f64,PrefixCollision,ARS Gen 4: Parallel Apex,100000,1.2687,882348,100000,0.4961,39427472,1.2478,1202.7020
f64,PrefixCollision,ARS Gen 5: Optimized Apex (MAIN),100000,0.9948,882348,0,0.4962,39427885,1.2475,1533.7902
f64,PrefixCollision,ARS Gen 5: Optimized Apex (Stable),100000,1.1031,921462,0,0.4961,39480948,1.2472,1383.2694
f64,PrefixCollision,ARS Gen 6: Aero Architecture,100000,1.4007,939598,0,0.4961,39440509,1.2477,1089.3937
f64,PrefixCollision,ARS Gen 6: Aero (Stable),100000,1.6669,975983,0,0.4961,39494399,1.2476,915.4151
f64,PrefixCollision,ARS Exp A: Recursive Parallel,100000,0.9384,882348,0,0.4960,39428301,1.2476,1626.1125
f64,PrefixCollision,ARS Exp B: Hierarchical Staging,100000,1.1726,771432,0,0.4962,39421419,1.2477,1301.2716
f64,PrefixCollision,ARS Exp C: Adaptive Hierarchical,100000,1.0207,882348,0,0.4960,39428225,1.2476,1495.0041
f64,PrefixCollision,ARS Exp D: Stream Micro-Batch,100000,1.5660,882348,200000,0.4960,39429720,1.2475,974.3762
f64,PrefixCollision,Quicksort,1000000,29.3350,20389196,0,0.4931,40098928,1.2632,520.1573
f64,PrefixCollision,Timsort,1000000,42.2688,20780417,0,0.4893,40582236,1.2599,360.9938
f64,PrefixCollision,ARS Gen 3: Apex Baseline,1000000,27.1823,21441825,1017407,0.4939,40159075,1.2497,561.3496
f64,PrefixCollision,ARS Gen 4: Parallel Apex,1000000,10.3020,10157321,1000000,0.4967,40099335,1.2478,1481.1547
f64,PrefixCollision,ARS Gen 5: Optimized Apex (MAIN),1000000,9.5771,10157321,0,0.4969,40112355,1.2435,1593.2556
f64,PrefixCollision,ARS Gen 5: Optimized Apex (Stable),1000000,13.4722,10561958,0,0.4970,40630387,1.2410,1132.6128
f64,PrefixCollision,ARS Gen 6: Aero Architecture,1000000,9.2638,12859603,0,0.4956,40253059,1.2489,1647.1486
f64,PrefixCollision,ARS Gen 6: Aero (Stable),1000000,11.0747,13271645,0,0.4950,40765612,1.2465,1377.8075
f64,PrefixCollision,ARS Exp A: Recursive Parallel,1000000,11.8779,10157321,0,0.4966,40113480,1.2423,1284.6412
f64,PrefixCollision,ARS Exp B: Hierarchical Staging,1000000,10.8638,11214454,0,0.4970,40108890,1.2444,1404.5505
f64,PrefixCollision,ARS Exp C: Adaptive Hierarchical,1000000,10.5590,12268914,0,0.4970,40117867,1.2419,1445.0920
f64,PrefixCollision,ARS Exp D: Stream Micro-Batch,1000000,29.9967,13561638,2000000,0.4952,41114211,1.2423,508.6824
String,Random,Quicksort,1000,0.0706,10370,0,0.4958,46140350,1.2477,864.7166
String,Random,Timsort,1000,0.0789,10522,0,0.4958,46140694,1.2477,773.9783
String,Random,ARS Gen 1: Foundation,1000,0.3241,0,2000,0.4958,46146508,1.2478,188.3417
String,Random,ARS Gen 2: Grid Mapping,1000,0.3656,0,2000,0.4958,46147438,1.2478,166.9347
String,Random,ARS Gen 3: Apex Baseline,1000,0.0685,10370,0,0.4958,46140064,1.2477,891.1543
String,Random,ARS Gen 4: Parallel Apex,1000,0.0701,10370,0,0.4958,46140153,1.2477,870.8609
String,Random,ARS Gen 5: Optimized Apex (MAIN),1000,0.0702,10370,0,0.4958,46140287,1.2477,869.6573
String,Random,ARS Gen 5: Optimized Apex (Stable),1000,0.0782,10522,0,0.4958,46140473,1.2477,780.2313
String,Random,ARS Gen 6: Aero Architecture,1000,0.0696,10370,0,0.4958,46140238,1.2477,876.9545
String,Random,ARS Gen 6: Aero (Stable),1000,0.0755,10522,0,0.4958,46140416,1.2477,808.1344
String,Random,ARS Exp A: Recursive Parallel,1000,0.0681,10370,0,0.4958,46140178,1.2477,896.3236
String,Random,ARS Exp B: Hierarchical Staging,1000,0.0693,10370,0,0.4958,46140145,1.2477,880.6746
String,Random,ARS Exp C: Adaptive Hierarchical,1000,0.0693,10370,0,0.4958,46140109,1.2477,881.1705
String,Random,ARS Exp D: Stream Micro-Batch,1000,0.2603,10370,2000,0.4957,46141968,1.2477,234.5071
String,Random,Quicksort,10000,0.8306,136866,0,0.4954,46160187,1.2479,734.8153
String,Random,Timsort,10000,0.9729,141490,0,0.4953,46162665,1.2479,627.3780
String,Random,ARS Gen 1: Foundation,10000,6.4431,0,30000,0.4938,46233726,1.2500,94.7292
String,Random,ARS Gen 2: Grid Mapping,10000,6.8435,0,30000,0.4937,46239158,1.2501,89.1874
String,Random,ARS Gen 3: Apex Baseline,10000,2.3277,193846,14351,0.4952,46175748,1.2481,262.2173
String,Random,ARS Gen 4: Parallel Apex,10000,0.7131,67438,10000,0.4953,46172323,1.2476,855.9586
String,Random,ARS Gen 5: Optimized Apex (MAIN),10000,0.2448,67438,0,0.4953,46170847,1.2475,2493.5310
String,Random,ARS Gen 5: Optimized Apex (Stable),10000,0.2834,70298,0,0.4953,46181379,1.2474,2153.8728
String,Random,ARS Gen 6: Aero Architecture,10000,0.4699,63043,0,0.4952,46176488,1.2476,1298.8470
String,Random,ARS Gen 6: Aero (Stable),10000,0.4803,67007,0,0.4952,46181814,1.2475,1270.7265
String,Random,ARS Exp A: Recursive Parallel,10000,0.2716,67438,0,0.4953,46176915,1.2474,2247.2443
String,Random,ARS Exp B: Hierarchical Staging,10000,0.2624,67438,0,0.4954,46176574,1.2475,2326.2477
String,Random,ARS Exp C: Adaptive Hierarchical,10000,0.2641,67438,0,0.4954,46177142,1.2475,2311.3074
String,Random,ARS Exp D: Stream Micro-Batch,10000,1.1886,67438,20000,0.4951,46174965,1.2477,513.4873
String,Random,Quicksort,100000,10.2583,1718762,0,0.4900,46412045,1.2524,594.9806
String,Random,Timsort,100000,13.6768,1759891,0,0.4877,46525755,1.2512,446.2686
String,Random,ARS Gen 1: Foundation,100000,57.5537,0,300000,0.4473,47164745,1.2320,106.0491
String,Random,ARS Gen 2: Grid Mapping,100000,60.6485,0,300000,0.4461,47218861,1.2364,100.6375
String,Random,ARS Gen 3: Apex Baseline,100000,18.8679,1895222,108703,0.4943,46531997,1.2507,323.4873
String,Random,ARS Gen 4: Parallel Apex,100000,4.1862,1029722,100000,0.4942,46393116,1.2474,1458.0257
String,Random,ARS Gen 5: Optimized Apex (MAIN),100000,3.1245,1029722,0,0.4941,46392539,1.2445,1953.4682
String,Random,ARS Gen 5: Optimized Apex (Stable),100000,3.2811,1071423,0,0.4938,46438420,1.2446,1860.1854
String,Random,ARS Gen 6: Aero Architecture,100000,3.5595,978520,0,0.4936,46525964,1.2451,1714.6947
String,Random,ARS Gen 6: Aero (Stable),100000,3.8855,1019338,0,0.4934,46591295,1.2446,1570.8411
String,Random,ARS Exp A: Recursive Parallel,100000,3.5765,1029722,0,0.4937,46520838,1.2454,1706.5472
String,Random,ARS Exp B: Hierarchical Staging,100000,3.3614,961965,0,0.4943,46502322,1.2444,1815.7713
String,Random,ARS Exp C: Adaptive Hierarchical,100000,3.4052,1029722,0,0.4937,46524757,1.2449,1792.4230
String,Random,ARS Exp D: Stream Micro-Batch,100000,12.0055,1029722,200000,0.4909,46460719,1.2477,508.3943
String,Random,Quicksort,1000000,270.2206,20518628,0,0.5121,48706882,1.2713,225.8716
String,Random,Timsort,1000000,357.9456,20902099,0,0.4967,48663358,1.2460,170.5152
String,Random,ARS Gen 3: Apex Baseline,1000000,193.8948,21589743,1017407,0.4925,49632529,1.2430,314.7849
String,Random,ARS Gen 4: Parallel Apex,1000000,59.6711,12256776,1000000,0.5026,48726471,1.1920,1022.8589
String,Random,ARS Gen 5: Optimized Apex (MAIN),1000000,51.0126,12256776,0,0.5033,48308797,1.2006,1196.4726
String,Random,ARS Gen 5: Optimized Apex (Stable),1000000,56.2766,12679336,0,0.4998,48730453,1.1913,1084.5570
String,Random,ARS Gen 6: Aero Architecture,1000000,63.6156,13331493,0,0.5037,49185622,1.1846,959.4371
String,Random,ARS Gen 6: Aero (Stable),1000000,70.5721,13750405,0,0.5020,48272937,1.1768,864.8625
String,Random,ARS Exp A: Recursive Parallel,1000000,52.9898,9434971,0,0.5059,48757300,1.1963,1151.8276
String,Random,ARS Exp B: Hierarchical Staging,1000000,68.5339,7913738,0,0.5158,48154208,1.1772,890.5835
String,Random,ARS Exp C: Adaptive Hierarchical,1000000,58.3439,8719170,0,0.5125,48349439,1.1868,1046.1283
String,Random,ARS Exp D: Stream Micro-Batch,1000000,404.3249,15199655,2000000,0.5332,51046645,1.2035,150.9557
String,Gaussian,Quicksort,1000,0.0535,10370,0,0.4900,47374122,1.2372,1141.6763
String,Gaussian,Timsort,1000,0.0732,10522,0,0.4900,47374705,1.2372,833.5972
String,Gaussian,ARS Gen 1: Foundation,1000,0.2894,0,2000,0.4900,47381566,1.2373,210.9265
String,Gaussian,ARS Gen 2: Grid Mapping,1000,0.2979,0,2000,0.4900,47382429,1.2373,204.8655
String,Gaussian,ARS Gen 3: Apex Baseline,1000,0.0547,10370,0,0.4900,47374936,1.2372,1116.2449
String,Gaussian,ARS Gen 4: Parallel Apex,1000,0.0699,10370,0,0.4900,47375199,1.2372,873.0658
String,Gaussian,ARS Gen 5: Optimized Apex (MAIN),1000,0.0550,10370,0,0.4900,47375057,1.2372,1109.6292
String,Gaussian,ARS Gen 5: Optimized Apex (Stable),1000,0.0641,10522,0,0.4900,47375349,1.2372,951.9786
String,Gaussian,ARS Gen 6: Aero Architecture,1000,0.0568,10370,0,0.4900,47375017,1.2372,1075.2062
String,Gaussian,ARS Gen 6: Aero (Stable),1000,0.0676,10522,0,0.4900,47375411,1.2372,902.3797
String,Gaussian,ARS Exp A: Recursive Parallel,1000,0.0553,10370,0,0.4900,47375146,1.2372,1104.0093
String,Gaussian,ARS Exp B: Hierarchical Staging,1000,0.0552,10370,0,0.4900,47375175,1.2372,1106.0299
String,Gaussian,ARS Exp C: Adaptive Hierarchical,1000,0.0550,10370,0,0.4900,47375049,1.2372,1110.2752
String,Gaussian,ARS Exp D: Stream Micro-Batch,1000,0.2569,10370,2000,0.4900,47377073,1.2372,237.5787
String,Gaussian,Quicksort,10000,0.6957,136866,0,0.4897,47398928,1.2374,877.3819
String,Gaussian,Timsort,10000,0.8336,141490,0,0.4896,47402303,1.2374,732.2201
String,Gaussian,ARS Gen 1: Foundation,10000,5.5496,0,30000,0.4882,47470068,1.2395,109.9812
String,Gaussian,ARS Gen 2: Grid Mapping,10000,5.9499,0,30000,0.4881,47476263,1.2395,102.5821
String,Gaussian,ARS Gen 3: Apex Baseline,10000,2.0877,193846,14351,0.4896,47411685,1.2376,292.3533
String,Gaussian,ARS Gen 4: Parallel Apex,10000,0.6788,67438,10000,0.4896,47408844,1.2371,899.2248
String,Gaussian,ARS Gen 5: Optimized Apex (MAIN),10000,0.2546,67438,0,0.4896,47398001,1.2370,2397.6539
String,Gaussian,ARS Gen 5: Optimized Apex (Stable),10000,0.2375,70298,0,0.4896,47413214,1.2370,2569.7715
String,Gaussian,ARS Gen 6: Aero Architecture,10000,0.4324,63043,0,0.4895,47413677,1.2370,1411.6744
String,Gaussian,ARS Gen 6: Aero (Stable),10000,0.4786,67007,0,0.4896,47415111,1.2370,1275.3573
String,Gaussian,ARS Exp A: Recursive Parallel,10000,0.2343,67438,0,0.4896,47408883,1.2370,2604.6112
String,Gaussian,ARS Exp B: Hierarchical Staging,10000,0.2293,67438,0,0.4896,47411028,1.2370,2661.6063
String,Gaussian,ARS Exp C: Adaptive Hierarchical,10000,0.2196,67438,0,0.4896,47407437,1.2371,2779.8091
String,Gaussian,ARS Exp D: Stream Micro-Batch,10000,1.0979,67438,20000,0.4894,47421753,1.2371,555.9254
String,Gaussian,Quicksort,100000,9.5485,1718762,0,0.4847,47661130,1.2415,639.2136
String,Gaussian,Timsort,100000,11.7804,1759891,0,0.4826,47742939,1.2406,518.1089
String,Gaussian,ARS Gen 1: Foundation,100000,56.8035,0,300000,0.4455,48400461,1.2267,107.4496
String,Gaussian,ARS Gen 2: Grid Mapping,100000,57.6467,0,300000,0.4469,48461774,1.2255,105.8779
String,Gaussian,ARS Gen 3: Apex Baseline,100000,17.3267,1895222,108703,0.4887,47753403,1.2398,352.2606
String,Gaussian,ARS Gen 4: Parallel Apex,100000,3.8440,1029722,100000,0.4885,47702887,1.2356,1587.8185
String,Gaussian,ARS Gen 5: Optimized Apex (MAIN),100000,2.7696,1029722,0,0.4886,47609910,1.2339,2203.7758
String,Gaussian,ARS Gen 5: Optimized Apex (Stable),100000,3.2934,1071423,0,0.4883,47726341,1.2338,1853.2843
String,Gaussian,ARS Gen 6: Aero Architecture,100000,3.3330,978520,0,0.4883,47692844,1.2346,1831.2307
String,Gaussian,ARS Gen 6: Aero (Stable),100000,3.5875,1019338,0,0.4883,47724136,1.2335,1701.3298
String,Gaussian,ARS Exp A: Recursive Parallel,100000,3.4069,1029722,0,0.4884,47637533,1.2345,1791.5201
String,Gaussian,ARS Exp B: Hierarchical Staging,100000,3.2633,961965,0,0.4887,47709639,1.2347,1870.3737
String,Gaussian,ARS Exp C: Adaptive Hierarchical,100000,2.9887,1029722,0,0.4884,47717940,1.2352,2042.2043
String,Gaussian,ARS Exp D: Stream Micro-Batch,100000,11.2219,1029722,200000,0.4848,47847302,1.2361,543.8922
String,Gaussian,Quicksort,1000000,283.3510,20518628,0,0.5066,49568378,1.2559,215.4048
String,Gaussian,Timsort,1000000,407.8948,20902099,0,0.4946,50596613,1.2187,149.6346
String,Gaussian,ARS Gen 3: Apex Baseline,1000000,199.5950,21589743,1017407,0.4865,50849311,1.2365,305.7950
String,Gaussian,ARS Gen 4: Parallel Apex,1000000,60.0466,12256776,1000000,0.4971,50001568,1.1794,1016.4636
String,Gaussian,ARS Gen 5: Optimized Apex (MAIN),1000000,48.4197,12256776,0,0.4974,48800592,1.1888,1260.5444
String,Gaussian,ARS Gen 5: Optimized Apex (Stable),1000000,55.5121,12679336,0,0.4950,49238491,1.1866,1099.4928
String,Gaussian,ARS Gen 6: Aero Architecture,1000000,62.4255,13331493,0,0.4975,49108331,1.1813,977.7284
String,Gaussian,ARS Gen 6: Aero (Stable),1000000,81.0263,13750405,0,0.5010,49352494,1.1616,753.2759
String,Gaussian,ARS Exp A: Recursive Parallel,1000000,57.0588,9434971,0,0.5014,48887674,1.1897,1069.6888
String,Gaussian,ARS Exp B: Hierarchical Staging,1000000,79.0745,7913738,0,0.5112,48895795,1.1617,771.8687
String,Gaussian,ARS Exp C: Adaptive Hierarchical,1000000,61.8945,8719170,0,0.5067,48960023,1.1779,986.1152
String,Gaussian,ARS Exp D: Stream Micro-Batch,1000000,431.4177,15151081,2000000,0.5354,52171897,1.1871,141.4758
String,NearlySorted,Quicksort,1000,0.0429,9540,0,0.5158,50212623,1.2045,1423.2617
String,NearlySorted,Timsort,1000,0.0471,9492,0,0.5158,50212635,1.2045,1295.2582
String,NearlySorted,ARS Gen 1: Foundation,1000,0.1288,9394,2000,0.5158,50213591,1.2045,473.7357
String,NearlySorted,ARS Gen 2: Grid Mapping,1000,0.1358,9417,2000,0.5158,50213740,1.2045,449.4985
String,NearlySorted,ARS Gen 3: Apex Baseline,1000,0.0506,9540,0,0.5158,50213555,1.2045,1205.3946
String,NearlySorted,ARS Gen 4: Parallel Apex,1000,0.0536,9540,0,0.5158,50213503,1.2045,1139.3108
String,NearlySorted,ARS Gen 5: Optimized Apex (MAIN),1000,0.0538,9540,0,0.5158,50213519,1.2045,1133.9134
String,NearlySorted,ARS Gen 5: Optimized Apex (Stable),1000,0.0535,9492,0,0.5158,50213458,1.2045,1141.7831
String,NearlySorted,ARS Gen 6: Aero Architecture,1000,0.0489,9540,0,0.5158,50213451,1.2045,1249.0823
String,NearlySorted,ARS Gen 6: Aero (Stable),1000,0.0539,9492,0,0.5158,50213423,1.2045,1131.8947
String,NearlySorted,ARS Exp A: Recursive Parallel,1000,0.0530,9540,0,0.5158,50213290,1.2045,1150.9986
String,NearlySorted,ARS Exp B: Hierarchical Staging,1000,0.0548,9540,0,0.5158,50213334,1.2045,1113.6177
String,NearlySorted,ARS Exp C: Adaptive Hierarchical,1000,0.0502,9540,0,0.5158,50213467,1.2045,1215.6460
String,NearlySorted,ARS Exp D: Stream Micro-Batch,1000,0.2070,9540,2000,0.5158,50214853,1.2045,294.8159
String,NearlySorted,Quicksort,10000,0.7198,132500,0,0.5156,50233919,1.2047,847.9095
String,NearlySorted,Timsort,10000,0.7413,127861,0,0.5155,50231079,1.2047,823.3641
String,NearlySorted,ARS Gen 1: Foundation,10000,1.9323,94604,30000,0.5153,50248281,1.2051,315.8748
String,NearlySorted,ARS Gen 2: Grid Mapping,10000,1.9630,94565,30000,0.5152,50248843,1.2052,310.9341
String,NearlySorted,ARS Gen 3: Apex Baseline,10000,1.9770,182797,14351,0.5154,50246222,1.2049,308.7218
String,NearlySorted,ARS Gen 4: Parallel Apex,10000,0.8589,88075,10000,0.5155,50245054,1.2045,710.5820
String,NearlySorted,ARS Gen 5: Optimized Apex (MAIN),10000,0.2722,88075,0,0.5155,50232832,1.2044,2242.3155
String,NearlySorted,ARS Gen 5: Optimized Apex (Stable),10000,0.2678,63479,0,0.5155,50232210,1.2043,2278.9704
String,NearlySorted,ARS Gen 6: Aero Architecture,10000,0.3974,73151,0,0.5154,50237652,1.2044,1535.7152
String,NearlySorted,ARS Gen 6: Aero (Stable),10000,0.3721,48448,0,0.5154,50230961,1.2044,1640.3332
String,NearlySorted,ARS Exp A: Recursive Parallel,10000,0.2977,88075,0,0.5155,50231946,1.2044,2050.1478
String,NearlySorted,ARS Exp B: Hierarchical Staging,10000,0.3218,88075,0,0.5155,50234603,1.2044,1896.7623
String,NearlySorted,ARS Exp C: Adaptive Hierarchical,10000,0.2989,88075,0,0.5155,50236235,1.2044,2042.2317
String,NearlySorted,ARS Exp D: Stream Micro-Batch,10000,1.1656,88075,20000,0.5153,50252335,1.2046,523.6202
String,NearlySorted,Quicksort,100000,9.4734,1695729,0,0.5137,50386545,1.2091,644.2765
String,NearlySorted,Timsort,100000,10.0976,1618264,0,0.5124,50380495,1.2085,604.4515
String,NearlySorted,ARS Gen 1: Foundation,100000,23.1629,958264,300000,0.5158,50710177,1.2086,263.5038
String,NearlySorted,ARS Gen 2: Grid Mapping,100000,23.4440,958287,300000,0.5154,50727020,1.2087,260.3445
String,NearlySorted,ARS Gen 3: Apex Baseline,100000,17.7774,1799629,108703,0.5154,50436578,1.2075,343.3294
String,NearlySorted,ARS Gen 4: Parallel Apex,100000,4.8760,1250176,100000,0.5144,50413981,1.2044,1251.7547
String,NearlySorted,ARS Gen 5: Optimized Apex (MAIN),100000,3.3291,1250176,0,0.5147,50540945,1.2035,1833.3858
String,NearlySorted,ARS Gen 5: Optimized Apex (Stable),100000,3.7563,957484,0,0.5143,50341449,1.2024,1624.8718
String,NearlySorted,ARS Gen 6: Aero Architecture,100000,3.1913,1082137,0,0.5145,50469872,1.2032,1912.5280
String,NearlySorted,ARS Gen 6: Aero (Stable),100000,2.8044,561919,0,0.5143,50353157,1.2027,2176.4271
String,NearlySorted,ARS Exp A: Recursive Parallel,100000,3.1992,877121,0,0.5145,50411461,1.2023,1907.8113
String,NearlySorted,ARS Exp B: Hierarchical Staging,100000,3.3839,943356,0,0.5143,50418410,1.2030,1803.6682
String,NearlySorted,ARS Exp C: Adaptive Hierarchical,100000,3.2466,1084625,0,0.5145,50445111,1.2031,1879.9640
String,NearlySorted,ARS Exp D: Stream Micro-Batch,100000,12.1579,1250176,200000,0.5142,50553425,1.2042,502.0207
String,NearlySorted,Quicksort,1000000,140.6876,20467458,0,0.5025,51740967,1.2529,433.8348
String,NearlySorted,Timsort,1000000,176.4710,19247236,0,0.4984,51525510,1.2418,345.8650
String,NearlySorted,ARS Gen 3: Apex Baseline,1000000,221.9187,20726079,1017407,0.5213,52824782,1.2259,275.0338
String,NearlySorted,ARS Gen 4: Parallel Apex,1000000,60.2183,14427992,1000000,0.5193,52036876,1.1828,1013.5645
String,NearlySorted,ARS Gen 5: Optimized Apex (MAIN),1000000,40.0632,14427992,0,0.5128,51337160,1.1911,1523.4735
String,NearlySorted,ARS Gen 5: Optimized Apex (Stable),1000000,40.9935,9562892,0,0.5084,51226510,1.1716,1488.8996
String,NearlySorted,ARS Gen 6: Aero Architecture,1000000,56.0070,14500857,0,0.5158,52243847,1.1791,1089.7767
String,NearlySorted,ARS Gen 6: Aero (Stable),1000000,51.9386,9781181,0,0.5106,51339678,1.1692,1175.1409
String,NearlySorted,ARS Exp A: Recursive Parallel,1000000,43.8921,10121426,0,0.5200,51915290,1.1857,1390.5730
String,NearlySorted,ARS Exp B: Hierarchical Staging,1000000,54.8150,10340217,0,0.5227,51881564,1.1903,1113.4753
String,NearlySorted,ARS Exp C: Adaptive Hierarchical,1000000,49.9148,11441302,0,0.5203,51999535,1.1793,1222.7869
String,NearlySorted,ARS Exp D: Stream Micro-Batch,1000000,246.9493,19220981,2000000,0.5256,52687184,1.2187,247.1566
String,Duplicates,Quicksort,1000,0.0410,5636,0,0.5507,55931302,1.2285,1487.7189
String,Duplicates,Timsort,1000,0.0473,5782,0,0.5507,55931551,1.2285,1290.0566
String,Duplicates,ARS Gen 1: Foundation,1000,0.1246,984,2000,0.5507,55933255,1.2286,489.9195
String,Duplicates,ARS Gen 2: Grid Mapping,1000,0.1325,984,2000,0.5507,55933249,1.2286,460.6740
String,Duplicates,ARS Gen 3: Apex Baseline,1000,0.0361,5636,0,0.5507,55931596,1.2285,1691.6618
String,Duplicates,ARS Gen 4: Parallel Apex,1000,0.0381,5636,0,0.5507,55931671,1.2285,1603.6984
String,Duplicates,ARS Gen 5: Optimized Apex (MAIN),1000,0.0370,5636,0,0.5507,55931646,1.2285,1650.0448
String,Duplicates,ARS Gen 5: Optimized Apex (Stable),1000,0.0379,5782,0,0.5507,55931699,1.2285,1609.9166
String,Duplicates,ARS Gen 6: Aero Architecture,1000,0.0330,5636,0,0.5507,55931539,1.2285,1849.8865
String,Duplicates,ARS Gen 6: Aero (Stable),1000,0.0368,5782,0,0.5507,55931793,1.2285,1660.2784
String,Duplicates,ARS Exp A: Recursive Parallel,1000,0.0319,5636,0,0.5507,55931636,1.2285,1913.8677
String,Duplicates,ARS Exp B: Hierarchical Staging,1000,0.0352,5636,0,0.5507,55931607,1.2285,1734.4460
String,Duplicates,ARS Exp C: Adaptive Hierarchical,1000,0.0363,5636,0,0.5507,55931657,1.2285,1681.8726
String,Duplicates,ARS Exp D: Stream Micro-Batch,1000,0.1947,5636,2000,0.5506,55933610,1.2285,313.4396
String,Duplicates,Quicksort,10000,0.3406,53113,0,0.5504,55946919,1.2285,1792.1945
String,Duplicates,Timsort,10000,0.3806,54714,0,0.5504,55944231,1.2285,1603.5003
String,Duplicates,ARS Gen 1: Foundation,10000,1.3957,9984,30000,0.5501,55965364,1.2289,437.3136
String,Duplicates,ARS Gen 2: Grid Mapping,10000,1.5242,9984,30000,0.5502,55964865,1.2289,400.4529
String,Duplicates,ARS Gen 3: Apex Baseline,10000,1.8569,122389,14351,0.5504,55964868,1.2288,328.6862
String,Duplicates,ARS Gen 4: Parallel Apex,10000,0.5117,14075,10000,0.5504,55941152,1.2285,1192.8454
String,Duplicates,ARS Gen 5: Optimized Apex (MAIN),10000,0.1404,14075,0,0.5504,55939824,1.2284,4346.2428
String,Duplicates,ARS Gen 5: Optimized Apex (Stable),10000,0.1394,14094,0,0.5504,55939375,1.2284,4377.8848
String,Duplicates,ARS Gen 6: Aero Architecture,10000,0.2817,12021,0,0.5503,55941681,1.2285,2166.4338
String,Duplicates,ARS Gen 6: Aero (Stable),10000,0.3257,12028,0,0.5503,55942427,1.2285,1873.8593
String,Duplicates,ARS Exp A: Recursive Parallel,10000,0.1490,14075,0,0.5504,55939837,1.2284,4096.0993
String,Duplicates,ARS Exp B: Hierarchical Staging,10000,0.1509,14075,0,0.5504,55939546,1.2284,4044.0184
String,Duplicates,ARS Exp C: Adaptive Hierarchical,10000,0.1916,14075,0,0.5504,55940489,1.2284,3184.7863
String,Duplicates,ARS Exp D: Stream Micro-Batch,10000,0.9718,14075,20000,0.5502,55948580,1.2285,628.0662
String,Duplicates,Quicksort,100000,3.9345,516589,0,0.5483,56071328,1.2291,1551.2926
String,Duplicates,Timsort,100000,4.6684,529550,0,0.5474,56074441,1.2288,1307.3977
String,Duplicates,ARS Gen 1: Foundation,100000,14.8875,99984,300000,0.5482,56253001,1.2303,409.9747
String,Duplicates,ARS Gen 2: Grid Mapping,100000,15.3701,99984,300000,0.5483,56255171,1.2301,397.1021
String,Duplicates,ARS Gen 3: Apex Baseline,100000,15.2186,1144965,108703,0.5499,56132851,1.2311,401.0574
String,Duplicates,ARS Gen 4: Parallel Apex,100000,3.0362,151083,100000,0.5502,55962381,1.2268,2010.2542
String,Duplicates,ARS Gen 5: Optimized Apex (MAIN),100000,1.6714,151083,0,0.5500,55965670,1.2256,3651.8149
String,Duplicates,ARS Gen 5: Optimized Apex (Stable),100000,1.9695,151309,0,0.5502,55967188,1.2255,3098.9580
String,Duplicates,ARS Gen 6: Aero Architecture,100000,2.0760,99990,0,0.5500,55988920,1.2274,2940.0605
String,Duplicates,ARS Gen 6: Aero (Stable),100000,2.0130,99990,0,0.5499,55988807,1.2261,3032.1248
String,Duplicates,ARS Exp A: Recursive Parallel,100000,2.0137,200008,0,0.5492,55972377,1.2257,3030.9217
String,Duplicates,ARS Exp B: Hierarchical Staging,100000,2.0337,200008,0,0.5493,55962712,1.2262,3001.1258
String,Duplicates,ARS Exp C: Adaptive Hierarchical,100000,1.6335,100024,0,0.5500,55967436,1.2257,3736.3964
String,Duplicates,ARS Exp D: Stream Micro-Batch,100000,8.7588,151083,200000,0.5476,56034573,1.2283,696.8474
String,Duplicates,Quicksort,1000000,89.0448,5202060,0,0.5608,57155631,1.2287,685.4436
String,Duplicates,Timsort,1000000,145.7506,6111262,0,0.5608,57286164,1.2216,418.7644
String,Duplicates,ARS Gen 3: Apex Baseline,1000000,164.6149,12085476,1017407,0.5512,57935921,1.2408,370.7753
String,Duplicates,ARS Gen 4: Parallel Apex,1000000,33.3806,999988,1000000,0.5547,56049068,1.2160,1828.4613
String,Duplicates,ARS Gen 5: Optimized Apex (MAIN),1000000,23.0959,999988,0,0.5541,56077162,1.2059,2642.6806
String,Duplicates,ARS Gen 5: Optimized Apex (Stable),1000000,23.2909,999988,0,0.5546,56079672,1.2049,2620.5544
String,Duplicates,ARS Gen 6: Aero Architecture,1000000,24.6766,999988,0,0.5542,56329307,1.2116,2473.4017
String,Duplicates,ARS Gen 6: Aero (Stable),1000000,25.0883,999988,0,0.5547,56331906,1.2078,2432.8132
String,Duplicates,ARS Exp A: Recursive Parallel,1000000,34.2152,1999972,0,0.5556,56116545,1.1976,1783.8626
String,Duplicates,ARS Exp B: Hierarchical Staging,1000000,39.6397,1999976,0,0.5569,56107720,1.1952,1539.7492
String,Duplicates,ARS Exp C: Adaptive Hierarchical,1000000,37.0400,1999976,0,0.5568,56114879,1.1969,1647.8190
String,Duplicates,ARS Exp D: Stream Micro-Batch,1000000,310.0282,5709060,2000000,0.5745,57150470,1.2075,196.8697
String,Zipfian,Quicksort,1000,0.0578,10370,0,0.5490,56132193,1.2159,1055.3143
String,Zipfian,Timsort,1000,0.0658,10522,0,0.5490,56132338,1.2159,927.4309
String,Zipfian,ARS Gen 1: Foundation,1000,0.2744,0,2000,0.5489,56138723,1.2159,222.3949
String,Zipfian,ARS Gen 2: Grid Mapping,1000,0.3103,0,2000,0.5489,56139533,1.2159,196.6941
String,Zipfian,ARS Gen 3: Apex Baseline,1000,0.0544,10370,0,0.5490,56131890,1.2159,1122.9193
String,Zipfian,ARS Gen 4: Parallel Apex,1000,0.0523,10370,0,0.5490,56131736,1.2159,1166.7748
String,Zipfian,ARS Gen 5: Optimized Apex (MAIN),1000,0.0526,10370,0,0.5490,56131787,1.2159,1161.1147
String,Zipfian,ARS Gen 5: Optimized Apex (Stable),1000,0.0631,10522,0,0.5490,56132453,1.2159,967.2153
String,Zipfian,ARS Gen 6: Aero Architecture,1000,0.0625,10370,0,0.5490,56131939,1.2159,976.2969
String,Zipfian,ARS Gen 6: Aero (Stable),1000,0.0616,10522,0,0.5490,56132384,1.2159,991.3132
String,Zipfian,ARS Exp A: Recursive Parallel,1000,0.0559,10370,0,0.5490,56132124,1.2159,1092.8212
String,Zipfian,ARS Exp B: Hierarchical Staging,1000,0.0575,10370,0,0.5490,56131960,1.2159,1061.3518
String,Zipfian,ARS Exp C: Adaptive Hierarchical,1000,0.0613,10370,0,0.5490,56132051,1.2159,995.4847
String,Zipfian,ARS Exp D: Stream Micro-Batch,1000,0.2172,10370,2000,0.5489,56134296,1.2159,281.0672
String,Zipfian,Quicksort,10000,0.7117,136866,0,0.5487,56151135,1.2160,857.5666
String,Zipfian,Timsort,10000,0.8557,141490,0,0.5486,56158449,1.2160,713.2392
String,Zipfian,ARS Gen 1: Foundation,10000,5.5474,0,30000,0.5477,56227832,1.2176,110.0244
String,Zipfian,ARS Gen 2: Grid Mapping,10000,6.0510,0,30000,0.5476,56234320,1.2177,100.8675
String,Zipfian,ARS Gen 3: Apex Baseline,10000,1.9669,193846,14351,0.5486,56165496,1.2162,310.3179
String,Zipfian,ARS Gen 4: Parallel Apex,10000,0.6200,67438,10000,0.5487,56164391,1.2158,984.3793
String,Zipfian,ARS Gen 5: Optimized Apex (MAIN),10000,0.2459,67438,0,0.5487,56164351,1.2157,2482.6076
String,Zipfian,ARS Gen 5: Optimized Apex (Stable),10000,0.2359,70298,0,0.5487,56168399,1.2157,2586.8602
String,Zipfian,ARS Gen 6: Aero Architecture,10000,0.3932,63043,0,0.5486,56167742,1.2158,1552.1214
String,Zipfian,ARS Gen 6: Aero (Stable),10000,0.4122,67007,0,0.5486,56174675,1.2157,1480.7673
String,Zipfian,ARS Exp A: Recursive Parallel,10000,0.2441,67438,0,0.5487,56168787,1.2157,2499.9859
String,Zipfian,ARS Exp B: Hierarchical Staging,10000,0.2407,67438,0,0.5487,56168586,1.2157,2535.8936
String,Zipfian,ARS Exp C: Adaptive Hierarchical,10000,0.2247,67438,0,0.5487,56168118,1.2157,2716.1382
String,Zipfian,ARS Exp D: Stream Micro-Batch,10000,1.0478,67438,20000,0.5485,56171442,1.2159,582.5310
String,Zipfian,Quicksort,100000,10.1389,1718762,0,0.5449,56455750,1.2190,601.9884
String,Zipfian,Timsort,100000,11.9062,1759891,0,0.5436,56516515,1.2184,512.6318
String,Zipfian,ARS Gen 1: Foundation,100000,56.4057,0,300000,0.5137,57170801,1.2064,108.2074
String,Zipfian,ARS Gen 2: Grid Mapping,100000,58.3512,0,300000,0.5149,57231508,1.2076,104.5996
String,Zipfian,ARS Gen 3: Apex Baseline,100000,16.8876,1895222,108703,0.5477,56557351,1.2178,361.4208
String,Zipfian,ARS Gen 4: Parallel Apex,100000,3.6463,1029722,100000,0.5477,56396728,1.2153,1673.8791
String,Zipfian,ARS Gen 5: Optimized Apex (MAIN),100000,2.9468,1029722,0,0.5473,56542807,1.2135,2071.2478
String,Zipfian,ARS Gen 5: Optimized Apex (Stable),100000,3.1719,1071423,0,0.5471,56590532,1.2132,1924.2386
String,Zipfian,ARS Gen 6: Aero Architecture,100000,3.2445,978520,0,0.5475,56433721,1.2137,1881.2081
String,Zipfian,ARS Gen 6: Aero (Stable),100000,3.5779,1019338,0,0.5472,56592635,1.2137,1705.9128
String,Zipfian,ARS Exp A: Recursive Parallel,100000,3.0384,1029722,0,0.5475,56477376,1.2138,2008.7669
String,Zipfian,ARS Exp B: Hierarchical Staging,100000,3.1319,961965,0,0.5478,56475948,1.2141,1948.8488
String,Zipfian,ARS Exp C: Adaptive Hierarchical,100000,3.0445,1029722,0,0.5474,56506960,1.2134,2004.7843
String,Zipfian,ARS Exp D: Stream Micro-Batch,100000,9.9185,1029722,200000,0.5452,56447213,1.2168,615.3682
String,Zipfian,Quicksort,1000000,260.3254,20518628,0,0.5500,59778467,1.2316,234.4571
String,Zipfian,Timsort,1000000,340.6668,20902099,0,0.5397,59468635,1.2200,179.1638
String,Zipfian,ARS Gen 3: Apex Baseline,1000000,194.7961,21589743,1017407,0.5444,59606194,1.2166,313.3284
String,Zipfian,ARS Gen 4: Parallel Apex,1000000,59.2993,12256776,1000000,0.5499,58760583,1.1730,1029.2729
String,Zipfian,ARS Gen 5: Optimized Apex (MAIN),1000000,48.2432,12256776,0,0.5510,57594382,1.1848,1265.1545
String,Zipfian,ARS Gen 5: Optimized Apex (Stable),1000000,60.0349,12679336,0,0.5472,58518661,1.1658,1016.6607
String,Zipfian,ARS Gen 6: Aero Architecture,1000000,61.0662,13331493,0,0.5511,57794376,1.1777,999.4923
String,Zipfian,ARS Gen 6: Aero (Stable),1000000,75.2949,13750405,0,0.5485,58126208,1.1664,810.6143
String,Zipfian,ARS Exp A: Recursive Parallel,1000000,51.1321,9434971,0,0.5530,57754586,1.1772,1193.6757
String,Zipfian,ARS Exp B: Hierarchical Staging,1000000,71.4965,7913738,0,0.5582,57611168,1.1647,853.6801
String,Zipfian,ARS Exp C: Adaptive Hierarchical,1000000,56.9873,8719170,0,0.5554,57854341,1.1738,1071.0309
String,Zipfian,ARS Exp D: Stream Micro-Batch,1000000,431.0187,15199653,2000000,0.5687,60960153,1.1824,141.6067
String,Skewed,Quicksort,1000,0.0563,10370,0,0.5416,59246625,1.1927,1083.6631
String,Skewed,Timsort,1000,0.0590,10522,0,0.5416,59246597,1.1927,1035.0556
String,Skewed,ARS Gen 1: Foundation,1000,0.2535,0,2000,0.5416,59253615,1.1928,240.7414
String,Skewed,ARS Gen 2: Grid Mapping,1000,0.2927,0,2000,0.5416,59254466,1.1928,208.5282
String,Skewed,ARS Gen 3: Apex Baseline,1000,0.0562,10370,0,0.5416,59246980,1.1927,1086.9632
String,Skewed,ARS Gen 4: Parallel Apex,1000,0.0585,10370,0,0.5416,59246820,1.1927,1043.8356
String,Skewed,ARS Gen 5: Optimized Apex (MAIN),1000,0.0567,10370,0,0.5416,59246968,1.1927,1076.0213
String,Skewed,ARS Gen 5: Optimized Apex (Stable),1000,0.0707,10522,0,0.5416,59247404,1.1927,862.7121
String,Skewed,ARS Gen 6: Aero Architecture,1000,0.0580,10370,0,0.5416,59247000,1.1927,1051.5144
String,Skewed,ARS Gen 6: Aero (Stable),1000,0.0628,10522,0,0.5416,59247326,1.1927,972.4703
String,Skewed,ARS Exp A: Recursive Parallel,1000,0.0578,10370,0,0.5416,59246990,1.1927,1055.7524
String,Skewed,ARS Exp B: Hierarchical Staging,1000,0.0553,10370,0,0.5416,59247091,1.1927,1103.2311
String,Skewed,ARS Exp C: Adaptive Hierarchical,1000,0.0562,10370,0,0.5416,59246962,1.1927,1086.0348
String,Skewed,ARS Exp D: Stream Micro-Batch,1000,0.2192,10370,2000,0.5416,59249229,1.1927,278.4539
String,Skewed,Quicksort,10000,0.6800,136866,0,0.5414,59266821,1.1929,897.5692
String,Skewed,Timsort,10000,0.8819,141490,0,0.5413,59274157,1.1929,692.0894
String,Skewed,ARS Gen 1: Foundation,10000,9.8319,0,30000,0.5374,59344626,1.1916,62.0788
String,Skewed,ARS Gen 2: Grid Mapping,10000,6.3465,0,30000,0.5397,59350381,1.1943,96.1719
String,Skewed,ARS Gen 3: Apex Baseline,10000,2.0732,193846,14351,0.5413,59299821,1.1930,294.3952
String,Skewed,ARS Gen 4: Parallel Apex,10000,0.6625,67438,10000,0.5413,59279238,1.1927,921.2256
String,Skewed,ARS Gen 5: Optimized Apex (MAIN),10000,0.2426,67438,0,0.5414,59281855,1.1926,2516.3741
String,Skewed,ARS Gen 5: Optimized Apex (Stable),10000,0.2546,70298,0,0.5413,59280460,1.1926,2396.8535
String,Skewed,ARS Gen 6: Aero Architecture,10000,0.4015,63043,0,0.5413,59280682,1.1927,1520.3335
String,Skewed,ARS Gen 6: Aero (Stable),10000,0.4203,67007,0,0.5413,59283850,1.1926,1452.3120
String,Skewed,ARS Exp A: Recursive Parallel,10000,0.2385,67438,0,0.5414,59281191,1.1926,2558.7184
String,Skewed,ARS Exp B: Hierarchical Staging,10000,0.2392,67438,0,0.5414,59279448,1.1926,2552.0851
String,Skewed,ARS Exp C: Adaptive Hierarchical,10000,0.2379,67438,0,0.5414,59282242,1.1926,2565.6127
String,Skewed,ARS Exp D: Stream Micro-Batch,10000,1.0337,67438,20000,0.5412,59290355,1.1928,590.4504
String,Skewed,Quicksort,100000,9.2609,1718762,0,0.5379,59526171,1.1961,659.0640
String,Skewed,Timsort,100000,12.5095,1759891,0,0.5368,59576918,1.1955,487.9094
String,Skewed,ARS Gen 1: Foundation,100000,67.0287,0,300000,0.5081,60290662,1.1832,91.0583
String,Skewed,ARS Gen 2: Grid Mapping,100000,72.5233,0,300000,0.5082,60352916,1.1838,84.1594
String,Skewed,ARS Gen 3: Apex Baseline,100000,17.7782,1895222,108703,0.5406,59641305,1.1953,343.3155
String,Skewed,ARS Gen 4: Parallel Apex,100000,4.7626,1029722,100000,0.5405,59545432,1.1916,1281.5641
String,Skewed,ARS Gen 5: Optimized Apex (MAIN),100000,2.9492,1029722,0,0.5400,59646508,1.1912,2069.5229
String,Skewed,ARS Gen 5: Optimized Apex (Stable),100000,3.1220,1071423,0,0.5401,59611892,1.1909,1954.9949
String,Skewed,ARS Gen 6: Aero Architecture,100000,3.1916,978520,0,0.5403,59561737,1.1913,1912.3944
String,Skewed,ARS Gen 6: Aero (Stable),100000,3.5154,1019338,0,0.5403,59558588,1.1914,1736.1985
String,Skewed,ARS Exp A: Recursive Parallel,100000,3.1592,1029722,0,0.5404,59489948,1.1915,1931.9704
String,Skewed,ARS Exp B: Hierarchical Staging,100000,3.1164,961965,0,0.5406,59502409,1.1917,1958.5337
String,Skewed,ARS Exp C: Adaptive Hierarchical,100000,3.0831,1029722,0,0.5403,59547555,1.1910,1979.6832
String,Skewed,ARS Exp D: Stream Micro-Batch,100000,10.7789,1029722,200000,0.5381,59716019,1.1910,566.2481
String,Skewed,Quicksort,1000000,230.9412,20518628,0,0.5446,61409113,1.2151,264.2888
String,Skewed,Timsort,1000000,347.1421,20902099,0,0.5349,62109565,1.1979,175.8218
String,Skewed,ARS Gen 3: Apex Baseline,1000000,194.1167,21589743,1017407,0.5379,62295727,1.1944,314.4251
String,Skewed,ARS Gen 4: Parallel Apex,1000000,60.1024,12256776,1000000,0.5433,61552009,1.1559,1015.5199
String,Skewed,ARS Gen 5: Optimized Apex (MAIN),1000000,52.0223,12256776,0,0.5422,61526322,1.1566,1173.2497
String,Skewed,ARS Gen 5: Optimized Apex (Stable),1000000,58.2187,12679336,0,0.5406,62261082,1.1531,1048.3772
String,Skewed,ARS Gen 6: Aero Architecture,1000000,68.1024,13331493,0,0.5433,62761009,1.1476,896.2256
String,Skewed,ARS Gen 6: Aero (Stable),1000000,77.9150,13750405,0,0.5421,62751424,1.1433,783.3553
String,Skewed,ARS Exp A: Recursive Parallel,1000000,53.4317,9434971,0,0.5456,61963613,1.1575,1142.3016
String,Skewed,ARS Exp B: Hierarchical Staging,1000000,71.7048,7913738,0,0.5511,61847984,1.1546,851.2010
String,Skewed,ARS Exp C: Adaptive Hierarchical,1000000,58.5986,8719170,0,0.5488,62125539,1.1489,1041.5812
String,Skewed,ARS Exp D: Stream Micro-Batch,1000000,427.7593,15151080,2000000,0.5619,63650216,1.1660,142.6857
String,Clustered,Quicksort,1000,0.0519,10370,0,0.5320,62230215,1.1797,1176.9216
String,Clustered,Timsort,1000,0.0658,10522,0,0.5320,62231652,1.1797,927.4027
String,Clustered,ARS Gen 1: Foundation,1000,0.2536,0,2000,0.5320,62237544,1.1797,240.6759
String,Clustered,ARS Gen 2: Grid Mapping,1000,0.2871,0,2000,0.5320,62238361,1.1798,212.6179
String,Clustered,ARS Gen 3: Apex Baseline,1000,0.0598,10370,0,0.5320,62231210,1.1797,1020.7401
String,Clustered,ARS Gen 4: Parallel Apex,1000,0.0582,10370,0,0.5320,62231117,1.1797,1049.0926
String,Clustered,ARS Gen 5: Optimized Apex (MAIN),1000,0.0586,10370,0,0.5320,62231016,1.1797,1041.7867
String,Clustered,ARS Gen 5: Optimized Apex (Stable),1000,0.0628,10522,0,0.5320,62231479,1.1797,972.1141
String,Clustered,ARS Gen 6: Aero Architecture,1000,0.0582,10370,0,0.5320,62231146,1.1797,1048.3898
String,Clustered,ARS Gen 6: Aero (Stable),1000,0.0665,10522,0,0.5320,62231578,1.1797,918.4296
String,Clustered,ARS Exp A: Recursive Parallel,1000,0.0580,10370,0,0.5320,62231080,1.1797,1052.2759
String,Clustered,ARS Exp B: Hierarchical Staging,1000,0.0596,10370,0,0.5320,62231172,1.1797,1024.8020
String,Clustered,ARS Exp C: Adaptive Hierarchical,1000,0.0552,10370,0,0.5320,62231114,1.1797,1106.5914
String,Clustered,ARS Exp D: Stream Micro-Batch,1000,0.2202,10370,2000,0.5320,62233242,1.1797,277.1969
String,Clustered,Quicksort,10000,0.7167,136866,0,0.5318,62253649,1.1799,851.6161
String,Clustered,Timsort,10000,0.8639,141490,0,0.5317,62258501,1.1798,706.5473
String,Clustered,ARS Gen 1: Foundation,10000,5.7504,0,30000,0.5308,62328882,1.1813,106.1414
String,Clustered,ARS Gen 2: Grid Mapping,10000,6.0816,0,30000,0.5307,62335553,1.1814,100.3596
String,Clustered,ARS Gen 3: Apex Baseline,10000,2.0687,193846,14351,0.5317,62283527,1.1800,295.0350
String,Clustered,ARS Gen 4: Parallel Apex,10000,0.6145,67438,10000,0.5317,62263434,1.1797,993.2216
String,Clustered,ARS Gen 5: Optimized Apex (MAIN),10000,0.2237,67438,0,0.5317,62264332,1.1796,2728.8161
String,Clustered,ARS Gen 5: Optimized Apex (Stable),10000,0.2318,70298,0,0.5317,62269216,1.1796,2633.4932
String,Clustered,ARS Gen 6: Aero Architecture,10000,0.3905,63043,0,0.5317,62267394,1.1796,1563.0442
String,Clustered,ARS Gen 6: Aero (Stable),10000,0.4237,67007,0,0.5317,62273068,1.1796,1440.6364
String,Clustered,ARS Exp A: Recursive Parallel,10000,0.2354,67438,0,0.5317,62266557,1.1796,2593.2019
String,Clustered,ARS Exp B: Hierarchical Staging,10000,0.2356,67438,0,0.5317,62267461,1.1796,2590.3075
String,Clustered,ARS Exp C: Adaptive Hierarchical,10000,0.2348,67438,0,0.5317,62265928,1.1796,2599.6744
String,Clustered,ARS Exp D: Stream Micro-Batch,10000,1.0296,67438,20000,0.5316,62278686,1.1797,592.8287
String,Clustered,Quicksort,100000,10.3894,1718762,0,0.5282,62581749,1.1827,587.4735
String,Clustered,Timsort,100000,12.0620,1759891,0,0.5272,62578524,1.1823,506.0114
String,Clustered,ARS Gen 1: Foundation,100000,59.6779,0,300000,0.5008,63268209,1.1714,102.2742
String,Clustered,ARS Gen 2: Grid Mapping,100000,61.7496,0,300000,0.5040,63327290,1.1765,98.8430
String,Clustered,ARS Gen 3: Apex Baseline,100000,16.1688,1895222,108703,0.5309,62634201,1.1821,377.4877
String,Clustered,ARS Gen 4: Parallel Apex,100000,4.1199,1029722,100000,0.5309,62543263,1.1796,1481.4851
String,Clustered,ARS Gen 5: Optimized Apex (MAIN),100000,2.8750,1029722,0,0.5306,62628913,1.1780,2122.9494
String,Clustered,ARS Gen 5: Optimized Apex (Stable),100000,3.1297,1071423,0,0.5307,62583362,1.1775,1950.1994
String,Clustered,ARS Gen 6: Aero Architecture,100000,3.2752,978520,0,0.5306,62622619,1.1780,1863.5557
String,Clustered,ARS Gen 6: Aero (Stable),100000,3.6510,1019338,0,0.5306,62647788,1.1779,1671.7257
String,Clustered,ARS Exp A: Recursive Parallel,100000,3.0189,1029722,0,0.5306,62586933,1.1783,2021.7353
String,Clustered,ARS Exp B: Hierarchical Staging,100000,3.1862,961965,0,0.5310,62596668,1.1780,1915.6037
String,Clustered,ARS Exp C: Adaptive Hierarchical,100000,3.1168,1029722,0,0.5307,62569670,1.1783,1958.2597
String,Clustered,ARS Exp D: Stream Micro-Batch,100000,10.1096,1029722,200000,0.5287,62540994,1.1804,603.7376
String,Clustered,Quicksort,1000000,260.6151,20518628,0,0.5370,64215899,1.1994,234.1966
String,Clustered,Timsort,1000000,385.1797,20902099,0,0.5280,65568270,1.1801,158.4589
String,Clustered,ARS Gen 3: Apex Baseline,1000000,200.4956,21589743,1017407,0.5283,65470740,1.1863,304.4215
String,Clustered,ARS Gen 4: Parallel Apex,1000000,62.5094,12256776,1000000,0.5345,64663154,1.1472,976.4154
String,Clustered,ARS Gen 5: Optimized Apex (MAIN),1000000,48.9104,12256776,0,0.5354,63523999,1.1512,1247.8981
String,Clustered,ARS Gen 5: Optimized Apex (Stable),1000000,56.9564,12679336,0,0.5337,63887769,1.1422,1071.6118
String,Clustered,ARS Gen 6: Aero Architecture,1000000,64.5089,13331493,0,0.5352,64121655,1.1546,946.1511
String,Clustered,ARS Gen 6: Aero (Stable),1000000,74.3531,13750405,0,0.5333,64761771,1.1412,820.8828
String,Clustered,ARS Exp A: Recursive Parallel,1000000,52.6026,9434971,0,0.5365,63960039,1.1499,1160.3072
String,Clustered,ARS Exp B: Hierarchical Staging,1000000,71.6963,7913738,0,0.5417,63890353,1.1379,851.3018
String,Clustered,ARS Exp C: Adaptive Hierarchical,1000000,57.2451,8719170,0,0.5395,63687244,1.1452,1066.2083
String,Clustered,ARS Exp D: Stream Micro-Batch,1000000,426.2198,15151080,2000000,0.5508,67067399,1.1522,143.2011
String,BucketCollapse,Quicksort,1000,0.0528,10370,0,0.5260,64238353,1.1728,1156.8233
String,BucketCollapse,Timsort,1000,0.0680,10522,0,0.5260,64239848,1.1728,897.8927
String,BucketCollapse,ARS Gen 1: Foundation,1000,0.2828,0,2000,0.5260,64245811,1.1729,215.8390
String,BucketCollapse,ARS Gen 2: Grid Mapping,1000,0.3149,0,2000,0.5260,64246581,1.1729,193.8165
String,BucketCollapse,ARS Gen 3: Apex Baseline,1000,0.0580,10370,0,0.5260,64239474,1.1728,1051.7863
String,BucketCollapse,ARS Gen 4: Parallel Apex,1000,0.0545,10370,0,0.5260,64239118,1.1728,1119.8289
String,BucketCollapse,ARS Gen 5: Optimized Apex (MAIN),1000,0.0563,10370,0,0.5260,64239207,1.1728,1084.4140
String,BucketCollapse,ARS Gen 5: Optimized Apex (Stable),1000,0.0653,10522,0,0.5260,64239644,1.1728,935.2470
String,BucketCollapse,ARS Gen 6: Aero Architecture,1000,0.0561,10370,0,0.5260,64239240,1.1728,1087.8931
String,BucketCollapse,ARS Gen 6: Aero (Stable),1000,0.0648,10522,0,0.5260,64239705,1.1728,942.0023
String,BucketCollapse,ARS Exp A: Recursive Parallel,1000,0.0595,10370,0,0.5260,64239328,1.1728,1025.5252
String,BucketCollapse,ARS Exp B: Hierarchical Staging,1000,0.0579,10370,0,0.5260,64239390,1.1728,1053.5837
String,BucketCollapse,ARS Exp C: Adaptive Hierarchical,1000,0.0556,10370,0,0.5260,64239500,1.1728,1096.8471
String,BucketCollapse,ARS Exp D: Stream Micro-Batch,1000,0.2061,10370,2000,0.5260,64240924,1.1728,296.1319
String,BucketCollapse,Quicksort,10000,0.8019,136866,0,0.5258,64262865,1.1730,761.1061
String,BucketCollapse,Timsort,10000,0.9218,141490,0,0.5258,64265368,1.1730,662.1158
String,BucketCollapse,ARS Gen 1: Foundation,10000,5.6699,0,30000,0.5250,64336710,1.1744,107.6485
String,BucketCollapse,ARS Gen 2: Grid Mapping,10000,5.6601,0,30000,0.5249,64342723,1.1745,107.8348
String,BucketCollapse,ARS Gen 3: Apex Baseline,10000,1.9615,193846,14351,0.5258,64275946,1.1731,311.1606
String,BucketCollapse,ARS Gen 4: Parallel Apex,10000,0.6395,67438,10000,0.5258,64271863,1.1728,954.4483
String,BucketCollapse,ARS Gen 5: Optimized Apex (MAIN),10000,0.2452,67438,0,0.5258,64274170,1.1727,2488.8335
String,BucketCollapse,ARS Gen 5: Optimized Apex (Stable),10000,0.2411,70298,0,0.5258,64276363,1.1727,2531.7282
String,BucketCollapse,ARS Gen 6: Aero Architecture,10000,0.4221,63043,0,0.5258,64274573,1.1728,1445.9949
String,BucketCollapse,ARS Gen 6: Aero (Stable),10000,0.5189,67007,0,0.5257,64277960,1.1727,1176.2321
String,BucketCollapse,ARS Exp A: Recursive Parallel,10000,0.2299,67438,0,0.5258,64275598,1.1727,2655.1108
String,BucketCollapse,ARS Exp B: Hierarchical Staging,10000,0.2278,67438,0,0.5258,64273664,1.1727,2678.8604
String,BucketCollapse,ARS Exp C: Adaptive Hierarchical,10000,0.2159,67438,0,0.5258,64274939,1.1727,2826.4999
String,BucketCollapse,ARS Exp D: Stream Micro-Batch,10000,1.0964,67438,20000,0.5257,64280772,1.1728,556.6925
String,BucketCollapse,Quicksort,100000,9.4905,1718762,0,0.5227,64482136,1.1759,643.1189
String,BucketCollapse,Timsort,100000,12.4491,1759891,0,0.5215,64543671,1.1755,490.2777
String,BucketCollapse,ARS Gen 1: Foundation,100000,61.1379,0,300000,0.4972,65270131,1.1674,99.8319
String,BucketCollapse,ARS Gen 2: Grid Mapping,100000,60.6903,0,300000,0.4914,65330958,1.1644,100.5682
String,BucketCollapse,ARS Gen 3: Apex Baseline,100000,16.4999,1895222,108703,0.5251,64635095,1.1752,369.9130
String,BucketCollapse,ARS Gen 4: Parallel Apex,100000,4.3830,1029722,100000,0.5251,64510483,1.1726,1392.5372
String,BucketCollapse,ARS Gen 5: Optimized Apex (MAIN),100000,2.9132,1029722,0,0.5250,64559359,1.1711,2095.1313
String,BucketCollapse,ARS Gen 5: Optimized Apex (Stable),100000,3.1859,1071423,0,0.5248,64623885,1.1710,1915.8075
String,BucketCollapse,ARS Gen 6: Aero Architecture,100000,3.6383,978520,0,0.5248,64595257,1.1718,1677.5740
String,BucketCollapse,ARS Gen 6: Aero (Stable),100000,3.6058,1019338,0,0.5249,64562662,1.1710,1692.6840
String,BucketCollapse,ARS Exp A: Recursive Parallel,100000,3.0410,1029722,0,0.5249,64573128,1.1712,2007.0613
String,BucketCollapse,ARS Exp B: Hierarchical Staging,100000,3.1427,961965,0,0.5252,64566408,1.1722,1942.0939
String,BucketCollapse,ARS Exp C: Adaptive Hierarchical,100000,3.0557,1029722,0,0.5249,64545228,1.1721,1997.4204
String,BucketCollapse,ARS Exp D: Stream Micro-Batch,100000,9.7470,1029722,200000,0.5230,64531620,1.1734,626.1914
String,BucketCollapse,Quicksort,1000000,259.3261,20518628,0,0.5308,66504616,1.1904,235.3606
String,BucketCollapse,Timsort,1000000,385.0419,20902099,0,0.5232,67264130,1.1726,158.5156
String,BucketCollapse,ARS Gen 3: Apex Baseline,1000000,199.2819,21589743,1017407,0.5237,67567764,1.1788,306.2755
String,BucketCollapse,ARS Gen 4: Parallel Apex,1000000,60.0828,12256776,1000000,0.5285,66735460,1.1521,1015.8515
String,BucketCollapse,ARS Gen 5: Optimized Apex (MAIN),1000000,53.9652,12256776,0,0.5290,66531998,1.1440,1131.0092
String,BucketCollapse,ARS Gen 5: Optimized Apex (Stable),1000000,60.5285,12679336,0,0.5261,67674908,1.1337,1008.3711
String,BucketCollapse,ARS Gen 6: Aero Architecture,1000000,65.7209,13331493,0,0.5294,67199743,1.1417,928.7030
String,BucketCollapse,ARS Gen 6: Aero (Stable),1000000,84.3345,13750405,0,0.5296,67726919,1.1251,723.7274
String,BucketCollapse,ARS Exp A: Recursive Parallel,1000000,62.3538,9434971,0,0.5320,66440701,1.1418,978.8529
String,BucketCollapse,ARS Exp B: Hierarchical Staging,1000000,73.1217,7913738,0,0.5364,66151471,1.1262,834.7069
String,BucketCollapse,ARS Exp C: Adaptive Hierarchical,1000000,65.3381,8719170,0,0.5343,66838153,1.1335,934.1433
String,BucketCollapse,ARS Exp D: Stream Micro-Batch,1000000,455.6489,15199655,2000000,0.5509,68621133,1.1425,133.9522
String,LowCardinality,Quicksort,1000,0.0322,5636,0,0.5217,66105986,1.1626,1894.3251
String,LowCardinality,Timsort,1000,0.0378,5782,0,0.5217,66106218,1.1626,1616.2687
String,LowCardinality,ARS Gen 1: Foundation,1000,0.1309,984,2000,0.5216,66108048,1.1626,466.2732
String,LowCardinality,ARS Gen 2: Grid Mapping,1000,0.1198,984,2000,0.5216,66108140,1.1626,509.6413
String,LowCardinality,ARS Gen 3: Apex Baseline,1000,0.0358,5636,0,0.5217,66106481,1.1626,1706.3702
String,LowCardinality,ARS Gen 4: Parallel Apex,1000,0.0400,5636,0,0.5217,66106655,1.1626,1524.9639
String,LowCardinality,ARS Gen 5: Optimized Apex (MAIN),1000,0.0416,5636,0,0.5217,66106478,1.1626,1467.4029
String,LowCardinality,ARS Gen 5: Optimized Apex (Stable),1000,0.0407,5782,0,0.5217,66106725,1.1626,1500.2251
String,LowCardinality,ARS Gen 6: Aero Architecture,1000,0.0349,5636,0,0.5217,66106582,1.1626,1746.8562
String,LowCardinality,ARS Gen 6: Aero (Stable),1000,0.0374,5782,0,0.5217,66106479,1.1626,1632.2616
String,LowCardinality,ARS Exp A: Recursive Parallel,1000,0.0459,5636,0,0.5217,66106491,1.1626,1329.7999
String,LowCardinality,ARS Exp B: Hierarchical Staging,1000,0.0428,5636,0,0.5217,66106490,1.1626,1424.8898
String,LowCardinality,ARS Exp C: Adaptive Hierarchical,1000,0.0366,5636,0,0.5217,66106380,1.1626,1667.3083
String,LowCardinality,ARS Exp D: Stream Micro-Batch,1000,0.1839,5636,2000,0.5216,66108155,1.1626,331.9203
String,LowCardinality,Quicksort,10000,0.3281,53113,0,0.5215,66121712,1.1626,1860.1247
String,LowCardinality,Timsort,10000,0.3581,54714,0,0.5214,66119964,1.1626,1704.3737
String,LowCardinality,ARS Gen 1: Foundation,10000,1.4918,9984,30000,0.5213,66140440,1.1629,409.1399
String,LowCardinality,ARS Gen 2: Grid Mapping,10000,1.5475,9984,30000,0.5213,66139685,1.1629,394.4205
String,LowCardinality,ARS Gen 3: Apex Baseline,10000,1.7449,122389,14351,0.5214,66136868,1.1628,349.7927
String,LowCardinality,ARS Gen 4: Parallel Apex,10000,0.6162,14075,10000,0.5214,66116739,1.1626,990.4590
String,LowCardinality,ARS Gen 5: Optimized Apex (MAIN),10000,0.2077,14075,0,0.5215,66116095,1.1625,2938.0409
String,LowCardinality,ARS Gen 5: Optimized Apex (Stable),10000,0.1652,14094,0,0.5214,66115244,1.1625,3694.3313
String,LowCardinality,ARS Gen 6: Aero Architecture,10000,0.3808,12021,0,0.5214,66117070,1.1625,1602.6793
String,LowCardinality,ARS Gen 6: Aero (Stable),10000,0.3673,12028,0,0.5214,66117633,1.1625,1661.5214
String,LowCardinality,ARS Exp A: Recursive Parallel,10000,0.1453,14075,0,0.5214,66114637,1.1625,4202.0183
String,LowCardinality,ARS Exp B: Hierarchical Staging,10000,0.1632,14075,0,0.5214,66114300,1.1625,3740.2201
String,LowCardinality,ARS Exp C: Adaptive Hierarchical,10000,0.1550,14075,0,0.5214,66114270,1.1625,3938.0061
String,LowCardinality,ARS Exp D: Stream Micro-Batch,10000,0.9866,14075,20000,0.5214,66124156,1.1626,618.6715
String,LowCardinality,Quicksort,100000,4.2118,516589,0,0.5197,66254979,1.1631,1449.1407
String,LowCardinality,Timsort,100000,4.7509,529550,0,0.5190,66260021,1.1629,1284.6953
String,LowCardinality,ARS Gen 1: Foundation,100000,15.8799,99984,300000,0.5200,66431504,1.1641,384.3538
String,LowCardinality,ARS Gen 2: Grid Mapping,100000,20.0298,99984,300000,0.5210,66431889,1.1635,304.7223
String,LowCardinality,ARS Gen 3: Apex Baseline,100000,15.8685,1144965,108703,0.5212,66298758,1.1648,384.6307
String,LowCardinality,ARS Gen 4: Parallel Apex,100000,4.0782,151083,100000,0.5214,66141189,1.1614,1496.6354
String,LowCardinality,ARS Gen 5: Optimized Apex (MAIN),100000,2.0391,151083,0,0.5214,66138664,1.1609,2993.2341
String,LowCardinality,ARS Gen 5: Optimized Apex (Stable),100000,2.3491,151309,0,0.5214,66141767,1.1606,2598.2623
String,LowCardinality,ARS Gen 6: Aero Architecture,100000,2.0393,99990,0,0.5213,66156755,1.1611,2992.8995
String,LowCardinality,ARS Gen 6: Aero (Stable),100000,2.1447,99990,0,0.5213,66159939,1.1611,2845.8572
String,LowCardinality,ARS Exp A: Recursive Parallel,100000,2.3784,200008,0,0.5205,66140823,1.1613,2566.2006
String,LowCardinality,ARS Exp B: Hierarchical Staging,100000,2.4407,200008,0,0.5208,66133655,1.1610,2500.6804
String,LowCardinality,ARS Exp C: Adaptive Hierarchical,100000,2.1464,100024,0,0.5212,66137616,1.1608,2843.5409
String,LowCardinality,ARS Exp D: Stream Micro-Batch,100000,9.1134,151083,200000,0.5195,66202541,1.1624,669.7334
String,LowCardinality,Quicksort,1000000,96.3863,5202060,0,0.5329,67250529,1.1621,633.2346
String,LowCardinality,Timsort,1000000,150.9203,6111262,0,0.5339,67287807,1.1567,404.4197
String,LowCardinality,ARS Gen 3: Apex Baseline,1000000,163.9244,12085476,1017407,0.5231,67838706,1.1758,372.3373
String,LowCardinality,ARS Gen 4: Parallel Apex,1000000,37.0914,999988,1000000,0.5258,66198026,1.1520,1645.5359
String,LowCardinality,ARS Gen 5: Optimized Apex (MAIN),1000000,25.9550,999988,0,0.5258,66158228,1.1457,2351.5722
String,LowCardinality,ARS Gen 5: Optimized Apex (Stable),1000000,22.7501,999988,0,0.5252,66153992,1.1457,2682.8574
String,LowCardinality,ARS Gen 6: Aero Architecture,1000000,29.9683,999988,0,0.5259,66406566,1.1510,2036.6575
String,LowCardinality,ARS Gen 6: Aero (Stable),1000000,26.4782,999988,0,0.5258,66407677,1.1490,2305.1122
String,LowCardinality,ARS Exp A: Recursive Parallel,1000000,33.9262,1999972,0,0.5264,66163407,1.1387,1799.0547
String,LowCardinality,ARS Exp B: Hierarchical Staging,1000000,43.1186,1999976,0,0.5285,66150460,1.1369,1415.5192
String,LowCardinality,ARS Exp C: Adaptive Hierarchical,1000000,37.4087,1999976,0,0.5267,66164466,1.1398,1631.5784
String,LowCardinality,ARS Exp D: Stream Micro-Batch,1000000,329.2082,5709060,2000000,0.5484,67415635,1.1445,185.3999
String,PrefixCollision,Quicksort,1000,0.0643,10308,0,0.5204,66367261,1.1490,948.5610
String,PrefixCollision,Timsort,1000,0.0655,10658,0,0.5204,66367634,1.1490,932.5321
String,PrefixCollision,ARS Gen 1: Foundation,1000,0.1493,10308,2000,0.5204,66368259,1.1491,408.8745
String,PrefixCollision,ARS Gen 2: Grid Mapping,1000,0.1445,10308,2000,0.5204,66368274,1.1491,422.4412
String,PrefixCollision,ARS Gen 3: Apex Baseline,1000,0.0710,10308,0,0.5204,66367306,1.1490,859.8196
String,PrefixCollision,ARS Gen 4: Parallel Apex,1000,0.0746,10308,0,0.5204,66367266,1.1490,818.5277
String,PrefixCollision,ARS Gen 5: Optimized Apex (MAIN),1000,0.0543,10308,0,0.5204,66367320,1.1490,1124.5952
String,PrefixCollision,ARS Gen 5: Optimized Apex (Stable),1000,0.0734,10658,0,0.5204,66367652,1.1490,831.6889
String,PrefixCollision,ARS Gen 6: Aero Architecture,1000,0.0540,10308,0,0.5204,66367246,1.1490,1131.0766
String,PrefixCollision,ARS Gen 6: Aero (Stable),1000,0.0637,10658,0,0.5204,66367655,1.1490,957.5494
String,PrefixCollision,ARS Exp A: Recursive Parallel,1000,0.0703,10308,0,0.5204,66367265,1.1490,867.6298
String,PrefixCollision,ARS Exp B: Hierarchical Staging,1000,0.0701,10308,0,0.5204,66367266,1.1490,871.0597
String,PrefixCollision,ARS Exp C: Adaptive Hierarchical,1000,0.0731,10308,0,0.5204,66367255,1.1490,835.2285
String,PrefixCollision,ARS Exp D: Stream Micro-Batch,1000,0.2768,10308,2000,0.5204,66369044,1.1490,220.4741
String,PrefixCollision,Quicksort,10000,0.7685,138349,0,0.5200,66378719,1.1492,794.1940
String,PrefixCollision,Timsort,10000,0.9393,142268,0,0.5199,66381417,1.1492,649.8003
String,PrefixCollision,ARS Gen 1: Foundation,10000,2.3080,138349,30000,0.5197,66390711,1.1495,264.4501
String,PrefixCollision,ARS Gen 2: Grid Mapping,10000,2.4331,138349,30000,0.5197,66390490,1.1495,250.8500
String,PrefixCollision,ARS Gen 3: Apex Baseline,10000,2.4456,193925,14351,0.5200,66391195,1.1492,249.5721
String,PrefixCollision,ARS Gen 4: Parallel Apex,10000,1.5896,138355,10000,0.5200,66386166,1.1492,383.9544
String,PrefixCollision,ARS Gen 5: Optimized Apex (MAIN),10000,0.9434,138355,0,0.5199,66384449,1.1492,646.9852
String,PrefixCollision,ARS Gen 5: Optimized Apex (Stable),10000,1.1865,142274,0,0.5198,66387455,1.1491,514.4304
String,PrefixCollision,ARS Gen 6: Aero Architecture,10000,0.9967,138355,0,0.5198,66385002,1.1492,612.3423
String,PrefixCollision,ARS Gen 6: Aero (Stable),10000,1.4562,142274,0,0.5198,66387543,1.1491,419.1428
String,PrefixCollision,ARS Exp A: Recursive Parallel,10000,0.9844,138355,0,0.5199,66382172,1.1492,619.9962
String,PrefixCollision,ARS Exp B: Hierarchical Staging,10000,1.0897,138355,0,0.5199,66385394,1.1492,560.1282
String,PrefixCollision,ARS Exp C: Adaptive Hierarchical,10000,1.0263,138355,0,0.5199,66384451,1.1492,594.6985
String,PrefixCollision,ARS Exp D: Stream Micro-Batch,10000,1.9594,138355,20000,0.5197,66393816,1.1492,311.4917
String,PrefixCollision,Quicksort,100000,18.0374,1715173,0,0.5186,66473750,1.1505,338.3814
String,PrefixCollision,Timsort,100000,18.8131,1762853,0,0.5174,66499077,1.1503,324.4282
String,PrefixCollision,ARS Gen 1: Foundation,100000,51.8156,1715173,300000,0.5185,66568242,1.1496,117.7929
String,PrefixCollision,ARS Gen 2: Grid Mapping,100000,51.4903,1715173,300000,0.5181,66568668,1.1500,118.5372
String,PrefixCollision,ARS Gen 3: Apex Baseline,100000,20.6669,1895407,108703,0.5202,66515611,1.1493,295.3276
String,PrefixCollision,ARS Gen 4: Parallel Apex,100000,24.5945,1715179,100000,0.5189,66484651,1.1495,248.1656
String,PrefixCollision,ARS Gen 5: Optimized Apex (MAIN),100000,22.9086,1715179,0,0.5183,66482401,1.1478,266.4294
String,PrefixCollision,ARS Gen 5: Optimized Apex (Stable),100000,31.5560,1762859,0,0.5180,66508391,1.1465,193.4187
String,PrefixCollision,ARS Gen 6: Aero Architecture,100000,22.4630,1715179,0,0.5182,66482506,1.1474,271.7144
String,PrefixCollision,ARS Gen 6: Aero (Stable),100000,33.6373,1762859,0,0.5184,66508370,1.1459,181.4507
String,PrefixCollision,ARS Exp A: Recursive Parallel,100000,22.4632,1715179,0,0.5182,66479724,1.1487,271.7117
String,PrefixCollision,ARS Exp B: Hierarchical Staging,100000,23.0761,1715179,0,0.5187,66478326,1.1485,264.4955
String,PrefixCollision,ARS Exp C: Adaptive Hierarchical,100000,22.5176,1715179,0,0.5181,66480703,1.1482,271.0554
String,PrefixCollision,ARS Exp D: Stream Micro-Batch,100000,37.1604,1715179,200000,0.5163,66554684,1.1495,164.2477
String,PrefixCollision,Quicksort,1000000,579.9488,20523276,0,0.5451,67345259,1.1237,105.2423
String,PrefixCollision,Timsort,1000000,768.1908,20914644,0,0.5420,67602543,1.0994,79.4531
String,PrefixCollision,ARS Gen 3: Apex Baseline,1000000,261.6776,21586854,1017407,0.5173,67637112,1.1313,233.2456
String,PrefixCollision,ARS Gen 4: Parallel Apex,1000000,505.7499,20523280,1000000,0.5412,67353490,1.1291,120.6825
String,PrefixCollision,ARS Gen 5: Optimized Apex (MAIN),1000000,547.5718,20523280,0,0.5470,67356563,1.1193,111.4651
String,PrefixCollision,ARS Gen 5: Optimized Apex (Stable),1000000,640.3422,20914648,0,0.5358,67619014,1.1079,95.3165
String,PrefixCollision,ARS Gen 6: Aero Architecture,1000000,526.5211,20523280,0,0.5458,67351198,1.1191,115.9216
String,PrefixCollision,ARS Gen 6: Aero (Stable),1000000,711.7304,20914648,0,0.5427,67612788,1.0953,85.7560
String,PrefixCollision,ARS Exp A: Recursive Parallel,1000000,456.1066,20523280,0,0.5415,67362089,1.1342,133.8178
String,PrefixCollision,ARS Exp B: Hierarchical Staging,1000000,441.0442,20523280,0,0.5407,67348416,1.1377,138.3879
String,PrefixCollision,ARS Exp C: Adaptive Hierarchical,1000000,461.7799,20523280,0,0.5413,67347487,1.1348,132.1737
String,PrefixCollision,ARS Exp D: Stream Micro-Batch,1000000,681.2660,21815112,2000000,0.5685,69130020,1.0834,89.5908
Custom,Random,Quicksort,1000,0.0209,10378,0,0.6342,73422134,1.0400,2192.1448
Custom,Random,Timsort,1000,0.0284,10965,0,0.6342,73422955,1.0400,1609.7467
Custom,Random,ARS Gen 1: Foundation,1000,0.2159,0,2000,0.6342,73429221,1.0401,212.0336
Custom,Random,ARS Gen 2: Grid Mapping,1000,0.2964,0,2000,0.6342,73430196,1.0401,154.4271
Custom,Random,ARS Gen 3: Apex Baseline,1000,0.0202,10378,0,0.6342,73422134,1.0400,2261.2313
Custom,Random,ARS Gen 4: Parallel Apex,1000,0.0203,10378,0,0.6342,73422127,1.0400,2254.9935
Custom,Random,ARS Gen 5: Optimized Apex (MAIN),1000,0.0197,10378,0,0.6342,73422120,1.0400,2323.6735
Custom,Random,ARS Gen 5: Optimized Apex (Stable),1000,0.0274,10965,0,0.6342,73422989,1.0400,1671.8907
Custom,Random,ARS Gen 6: Aero Architecture,1000,0.0193,10378,0,0.6342,73422112,1.0400,2374.0466
Custom,Random,ARS Gen 6: Aero (Stable),1000,0.0264,10965,0,0.6342,73422961,1.0400,1732.3129
Custom,Random,ARS Exp A: Recursive Parallel,1000,0.0193,10378,0,0.6342,73422099,1.0400,2371.8325
Custom,Random,ARS Exp B: Hierarchical Staging,1000,0.0190,10378,0,0.6342,73422114,1.0400,2405.3580
Custom,Random,ARS Exp C: Adaptive Hierarchical,1000,0.0191,10378,0,0.6342,73422116,1.0400,2401.5722
Custom,Random,ARS Exp D: Stream Micro-Batch,1000,0.1051,10378,2000,0.6342,73423038,1.0400,435.5299
Custom,Random,Quicksort,10000,0.2306,138485,0,0.6341,73432616,1.0401,1985.0208
Custom,Random,Timsort,10000,0.3213,142802,0,0.6341,73441255,1.0401,1424.8122
Custom,Random,ARS Gen 1: Foundation,10000,4.7983,0,30000,0.6335,73520837,1.0411,95.4005
Custom,Random,ARS Gen 2: Grid Mapping,10000,5.0688,0,30000,0.6333,73526573,1.0411,90.3102
Custom,Random,ARS Gen 3: Apex Baseline,10000,0.4268,194235,14351,0.6341,73446519,1.0400,1072.5660
Custom,Random,ARS Gen 4: Parallel Apex,10000,0.2225,53078,10000,0.6341,73446648,1.0400,2057.7810
Custom,Random,ARS Gen 5: Optimized Apex (MAIN),10000,0.1393,53078,0,0.6341,73439512,1.0400,3286.3365
Custom,Random,ARS Gen 5: Optimized Apex (Stable),10000,0.1476,57974,0,0.6341,73445988,1.0400,3100.5606
Custom,Random,ARS Gen 6: Aero Architecture,10000,0.2266,60130,0,0.6340,73441704,1.0400,2020.0685
Custom,Random,ARS Gen 6: Aero (Stable),10000,0.2379,62739,0,0.6340,73449454,1.0399,1924.5169
Custom,Random,ARS Exp A: Recursive Parallel,10000,0.1583,53078,0,0.6341,73438818,1.0400,2892.3324
Custom,Random,ARS Exp B: Hierarchical Staging,10000,0.1365,53078,0,0.6341,73439246,1.0400,3352.7940
Custom,Random,ARS Exp C: Adaptive Hierarchical,10000,0.1346,53078,0,0.6341,73439265,1.0400,3401.0451
Custom,Random,ARS Exp D: Stream Micro-Batch,10000,0.2948,53078,20000,0.6340,73440982,1.0400,1552.7466
Custom,Random,Quicksort,100000,2.8444,1716233,0,0.6336,73567081,1.0410,1609.3262
Custom,Random,Timsort,100000,4.3983,1759914,0,0.6331,73651037,1.0407,1040.7708
Custom,Random,ARS Gen 1: Foundation,100000,36.5459,0,300000,0.6122,74456101,1.0390,125.2573
Custom,Random,ARS Gen 2: Grid Mapping,100000,37.9563,0,300000,0.6112,74512865,1.0394,120.6028
Custom,Random,ARS Gen 3: Apex Baseline,100000,2.8873,1895170,108703,0.6335,73647177,1.0403,1585.4237
Custom,Random,ARS Gen 4: Parallel Apex,100000,1.5811,891495,100000,0.6338,73644881,1.0396,2895.1312
Custom,Random,ARS Gen 5: Optimized Apex (MAIN),100000,1.3720,891495,0,0.6338,73581331,1.0393,3336.3726
Custom,Random,ARS Gen 5: Optimized Apex (Stable),100000,1.5171,927102,0,0.6338,73667724,1.0392,3017.4076
Custom,Random,ARS Gen 6: Aero Architecture,100000,1.7049,954799,0,0.6336,73590453,1.0392,2684.9553
Custom,Random,ARS Gen 6: Aero (Stable),100000,1.7774,993233,0,0.6336,73651386,1.0391,2575.4766
Custom,Random,ARS Exp A: Recursive Parallel,100000,1.4011,891495,0,0.6337,73579564,1.0393,3267.0825
Custom,Random,ARS Exp B: Hierarchical Staging,100000,1.5305,780845,0,0.6337,73575535,1.0393,2991.0397
Custom,Random,ARS Exp C: Adaptive Hierarchical,100000,1.5463,891495,0,0.6337,73582192,1.0391,2960.3290
Custom,Random,ARS Exp D: Stream Micro-Batch,100000,1.7654,891495,200000,0.6337,73586061,1.0395,2592.9375
Custom,Random,Quicksort,1000000,42.1238,20512439,0,0.6297,74569903,1.0515,1086.7116
Custom,Random,Timsort,1000000,72.0697,20899150,0,0.6249,75410618,1.0467,635.1677
Custom,Random,ARS Gen 3: Apex Baseline,1000000,35.6699,21596717,1017407,0.6308,75231158,1.0434,1283.3322
Custom,Random,ARS Gen 4: Parallel Apex,1000000,18.8293,10310056,1000000,0.6339,75166082,1.0333,2431.1189
Custom,Random,ARS Gen 5: Optimized Apex (MAIN),1000000,17.2771,10310056,0,0.6339,74594419,1.0330,2649.5386
Custom,Random,ARS Gen 5: Optimized Apex (Stable),1000000,19.2448,10709205,0,0.6336,75455422,1.0313,2378.6330
Custom,Random,ARS Gen 6: Aero Architecture,1000000,18.0673,13007245,0,0.6333,74712362,1.0312,2533.6580
Custom,Random,ARS Gen 6: Aero (Stable),1000000,20.4499,13425517,0,0.6324,75572225,1.0325,2238.4617
Custom,Random,ARS Exp A: Recursive Parallel,1000000,19.1069,10310056,0,0.6336,74579588,1.0341,2395.8024
Custom,Random,ARS Exp B: Hierarchical Staging,1000000,20.7259,11367051,0,0.6342,74577993,1.0359,2208.6515
Custom,Random,ARS Exp C: Adaptive Hierarchical,1000000,19.8901,12398342,0,0.6341,74588775,1.0352,2301.4684
Custom,Random,ARS Exp D: Stream Micro-Batch,1000000,43.3616,12262439,2000000,0.6346,76165687,1.0305,1055.6900
Custom,Gaussian,Quicksort,1000,0.0251,10308,0,0.6342,75473427,1.0255,1820.7855
Custom,Gaussian,Timsort,1000,0.0348,10818,0,0.6342,75474290,1.0255,1314.6573
Custom,Gaussian,ARS Gen 1: Foundation,1000,0.2159,458,2000,0.6342,75481573,1.0256,211.9875
Custom,Gaussian,ARS Gen 2: Grid Mapping,1000,0.2402,458,2000,0.6342,75482083,1.0256,190.5499
Custom,Gaussian,ARS Gen 3: Apex Baseline,1000,0.0252,10308,0,0.6342,75473412,1.0255,1815.5139
Custom,Gaussian,ARS Gen 4: Parallel Apex,1000,0.0258,10308,0,0.6342,75473413,1.0255,1772.6975
Custom,Gaussian,ARS Gen 5: Optimized Apex (MAIN),1000,0.0261,10308,0,0.6342,75473390,1.0255,1751.2000
Custom,Gaussian,ARS Gen 5: Optimized Apex (Stable),1000,0.0357,10818,0,0.6342,75474284,1.0255,1280.6728
Custom,Gaussian,ARS Gen 6: Aero Architecture,1000,0.0252,10308,0,0.6342,75473408,1.0255,1816.1622
Custom,Gaussian,ARS Gen 6: Aero (Stable),1000,0.0358,10818,0,0.6342,75474242,1.0255,1277.0286
Custom,Gaussian,ARS Exp A: Recursive Parallel,1000,0.0251,10308,0,0.6342,75473407,1.0255,1824.5593
Custom,Gaussian,ARS Exp B: Hierarchical Staging,1000,0.0253,10308,0,0.6342,75473411,1.0255,1807.6992
Custom,Gaussian,ARS Exp C: Adaptive Hierarchical,1000,0.0251,10308,0,0.6342,75473399,1.0255,1823.6143
Custom,Gaussian,ARS Exp D: Stream Micro-Batch,1000,0.1429,10308,2000,0.6342,75474089,1.0255,320.3273
Custom,Gaussian,Quicksort,10000,0.3109,135501,0,0.6341,75484479,1.0256,1472.5860
Custom,Gaussian,Timsort,10000,0.4123,140463,0,0.6341,75492608,1.0256,1110.3681
Custom,Gaussian,ARS Gen 1: Foundation,10000,1.4893,53061,30000,0.6340,75573986,1.0256,307.3580
Custom,Gaussian,ARS Gen 2: Grid Mapping,10000,1.5560,53088,30000,0.6340,75576743,1.0257,294.1894
Custom,Gaussian,ARS Gen 3: Apex Baseline,10000,0.4763,191553,14351,0.6341,75498134,1.0255,961.1149
Custom,Gaussian,ARS Gen 4: Parallel Apex,10000,0.2636,59910,10000,0.6341,75498029,1.0255,1736.6636
Custom,Gaussian,ARS Gen 5: Optimized Apex (MAIN),10000,0.1686,59910,0,0.6341,75491886,1.0255,2715.8602
Custom,Gaussian,ARS Gen 5: Optimized Apex (Stable),10000,0.1782,62899,0,0.6341,75498769,1.0255,2568.6179
Custom,Gaussian,ARS Gen 6: Aero Architecture,10000,0.3785,59126,0,0.6340,75494063,1.0255,1209.4760
Custom,Gaussian,ARS Gen 6: Aero (Stable),10000,0.4244,61853,0,0.6340,75500942,1.0255,1078.7332
Custom,Gaussian,ARS Exp A: Recursive Parallel,10000,0.1937,59910,0,0.6341,75491123,1.0255,2362.9317
Custom,Gaussian,ARS Exp B: Hierarchical Staging,10000,0.1795,59910,0,0.6341,75491239,1.0255,2550.3149
Custom,Gaussian,ARS Exp C: Adaptive Hierarchical,10000,0.2211,59910,0,0.6341,75491534,1.0255,2070.5793
Custom,Gaussian,ARS Exp D: Stream Micro-Batch,10000,0.3787,59910,20000,0.6340,75494759,1.0255,1208.6552
Custom,Gaussian,Quicksort,100000,2.6049,1420515,0,0.6337,75534049,1.0264,1757.3419
Custom,Gaussian,Timsort,100000,3.5246,1424196,0,0.6331,75558110,1.0263,1298.7522
Custom,Gaussian,ARS Gen 1: Foundation,100000,10.3221,1360088,300000,0.6329,76390982,1.0259,443.4796
Custom,Gaussian,ARS Gen 2: Grid Mapping,100000,11.6776,1360044,300000,0.6329,76421730,1.0257,392.0003
Custom,Gaussian,ARS Gen 3: Apex Baseline,100000,3.2199,1616363,108703,0.6336,75565894,1.0260,1421.6696
Custom,Gaussian,ARS Gen 4: Parallel Apex,100000,1.4277,713263,100000,0.6338,75561903,1.0254,3206.3397
Custom,Gaussian,ARS Gen 5: Optimized Apex (MAIN),100000,1.3302,713263,0,0.6338,75550856,1.0253,3441.2965
Custom,Gaussian,ARS Gen 5: Optimized Apex (Stable),100000,1.4801,718641,0,0.6338,75577852,1.0252,3092.8285
Custom,Gaussian,ARS Gen 6: Aero Architecture,100000,1.6437,681503,0,0.6337,75560744,1.0253,2785.0096
Custom,Gaussian,ARS Gen 6: Aero (Stable),100000,1.6335,688539,0,0.6337,75590107,1.0252,2802.2802
Custom,Gaussian,ARS Exp A: Recursive Parallel,100000,1.4196,713263,0,0.6338,75548732,1.0251,3224.6848
Custom,Gaussian,ARS Exp B: Hierarchical Staging,100000,1.4959,609629,0,0.6338,75545046,1.0252,3060.0731
Custom,Gaussian,ARS Exp C: Adaptive Hierarchical,100000,1.5099,713263,0,0.6338,75550254,1.0252,3031.7523
Custom,Gaussian,ARS Exp D: Stream Micro-Batch,100000,1.7973,713263,200000,0.6338,75553252,1.0252,2546.8825
Custom,Gaussian,Quicksort,1000000,27.0000,13518116,0,0.6299,75583168,1.0340,1695.4183
Custom,Gaussian,Timsort,1000000,51.9102,14666956,0,0.6245,75687709,1.0309,881.8379
Custom,Gaussian,ARS Gen 3: Apex Baseline,1000000,32.5759,14952891,1017407,0.6309,75690921,1.0273,1405.2211
Custom,Gaussian,ARS Gen 4: Parallel Apex,1000000,16.0046,4752528,1000000,0.6346,75629985,1.0161,2860.2010
Custom,Gaussian,ARS Gen 5: Optimized Apex (MAIN),1000000,15.8648,4752528,0,0.6346,75608224,1.0203,2885.4128
Custom,Gaussian,ARS Gen 5: Optimized Apex (Stable),1000000,17.6582,4776632,0,0.6339,75684210,1.0195,2592.3529
Custom,Gaussian,ARS Gen 6: Aero Architecture,1000000,15.4747,6246227,0,0.6334,75728714,1.0199,2958.1333
Custom,Gaussian,ARS Gen 6: Aero (Stable),1000000,18.1544,6276231,0,0.6318,75801741,1.0176,2521.5043
Custom,Gaussian,ARS Exp A: Recursive Parallel,1000000,16.0643,4706394,0,0.6342,75611001,1.0199,2849.5776
Custom,Gaussian,ARS Exp B: Hierarchical Staging,1000000,22.8385,2307619,0,0.6335,75615074,1.0160,2004.3483
Custom,Gaussian,ARS Exp C: Adaptive Hierarchical,1000000,22.7417,2550221,0,0.6339,75628370,1.0175,2012.8810
Custom,Gaussian,ARS Exp D: Stream Micro-Batch,1000000,44.7853,11446688,2000000,0.6342,75962938,1.0188,1022.1301
Custom,NearlySorted,Quicksort,1000,0.0239,9427,0,0.6348,76519967,1.0180,1915.8101
Custom,NearlySorted,Timsort,1000,0.0286,9314,0,0.6348,76520200,1.0180,1600.3485
Custom,NearlySorted,ARS Gen 1: Foundation,1000,0.1284,9547,2000,0.6348,76524351,1.0180,356.6360
Custom,NearlySorted,ARS Gen 2: Grid Mapping,1000,0.1330,9540,2000,0.6348,76524196,1.0180,344.2220
Custom,NearlySorted,ARS Gen 3: Apex Baseline,1000,0.0219,9427,0,0.6348,76519941,1.0180,2093.3038
Custom,NearlySorted,ARS Gen 4: Parallel Apex,1000,0.0216,9427,0,0.6348,76519968,1.0180,2121.4370
Custom,NearlySorted,ARS Gen 5: Optimized Apex (MAIN),1000,0.0211,9427,0,0.6348,76519942,1.0180,2169.4961
Custom,NearlySorted,ARS Gen 5: Optimized Apex (Stable),1000,0.0249,9314,0,0.6348,76520197,1.0180,1840.4039
Custom,NearlySorted,ARS Gen 6: Aero Architecture,1000,0.0211,9427,0,0.6348,76519972,1.0180,2165.2886
Custom,NearlySorted,ARS Gen 6: Aero (Stable),1000,0.0248,9314,0,0.6348,76520199,1.0180,1842.3297
Custom,NearlySorted,ARS Exp A: Recursive Parallel,1000,0.0209,9427,0,0.6348,76519953,1.0180,2188.7906
Custom,NearlySorted,ARS Exp B: Hierarchical Staging,1000,0.0209,9427,0,0.6348,76519946,1.0180,2189.7329
Custom,NearlySorted,ARS Exp C: Adaptive Hierarchical,1000,0.0210,9427,0,0.6348,76519966,1.0180,2179.5156
Custom,NearlySorted,ARS Exp D: Stream Micro-Batch,1000,0.1301,9427,2000,0.6348,76520465,1.0180,351.9256
Custom,NearlySorted,Quicksort,10000,0.2722,133978,0,0.6347,76528471,1.0180,1681.8726
Custom,NearlySorted,Timsort,10000,0.3157,128297,0,0.6347,76530572,1.0180,1449.9545
Custom,NearlySorted,ARS Gen 1: Foundation,10000,1.1243,126223,30000,0.6346,76564656,1.0182,407.1696
Custom,NearlySorted,ARS Gen 2: Grid Mapping,10000,1.3313,126108,30000,0.6347,76561581,1.0181,343.8482
Custom,NearlySorted,ARS Gen 3: Apex Baseline,10000,0.4292,183316,14351,0.6347,76536270,1.0180,1066.5808
Custom,NearlySorted,ARS Gen 4: Parallel Apex,10000,0.2453,42006,10000,0.6347,76536801,1.0180,1866.2066
Custom,NearlySorted,ARS Gen 5: Optimized Apex (MAIN),10000,0.1874,42006,0,0.6347,76533333,1.0180,2442.1617
Custom,NearlySorted,ARS Gen 5: Optimized Apex (Stable),10000,0.1672,34856,0,0.6347,76533296,1.0180,2737.0680
Custom,NearlySorted,ARS Gen 6: Aero Architecture,10000,0.3612,48982,0,0.6346,76537166,1.0180,1267.4466
Custom,NearlySorted,ARS Gen 6: Aero (Stable),10000,0.4051,42275,0,0.6346,76538379,1.0180,1130.0686
Custom,NearlySorted,ARS Exp A: Recursive Parallel,10000,0.2167,42006,0,0.6347,76532256,1.0180,2112.5962
Custom,NearlySorted,ARS Exp B: Hierarchical Staging,10000,0.1969,42006,0,0.6347,76532697,1.0180,2324.8064
Custom,NearlySorted,ARS Exp C: Adaptive Hierarchical,10000,0.1958,42006,0,0.6347,76531521,1.0180,2337.4609
Custom,NearlySorted,ARS Exp D: Stream Micro-Batch,10000,0.4028,42006,20000,0.6346,76535512,1.0179,1136.4089
Custom,NearlySorted,Quicksort,100000,3.4589,1688686,0,0.6343,76631933,1.0189,1323.4521
Custom,NearlySorted,Timsort,100000,4.0453,1619959,0,0.6337,76647206,1.0187,1131.6051
Custom,NearlySorted,ARS Gen 1: Foundation,100000,10.8466,1609619,300000,0.6338,76996488,1.0196,422.0360
Custom,NearlySorted,ARS Gen 2: Grid Mapping,100000,10.6594,1609452,300000,0.6338,76952225,1.0196,429.4478
Custom,NearlySorted,ARS Gen 3: Apex Baseline,100000,3.1152,1798628,108703,0.6344,76673822,1.0184,1469.4529
Custom,NearlySorted,ARS Gen 4: Parallel Apex,100000,1.5383,801237,100000,0.6344,76674991,1.0178,2975.7299
Custom,NearlySorted,ARS Gen 5: Optimized Apex (MAIN),100000,1.3631,801237,0,0.6344,76639856,1.0177,3358.2126
Custom,NearlySorted,ARS Gen 5: Optimized Apex (Stable),100000,1.2001,405369,0,0.6344,76614582,1.0175,3814.2268
Custom,NearlySorted,ARS Gen 6: Aero Architecture,100000,1.8196,871959,0,0.6344,76642801,1.0174,2515.7517
Custom,NearlySorted,ARS Gen 6: Aero (Stable),100000,1.5798,443409,0,0.6343,76629877,1.0176,2897.6914
Custom,NearlySorted,ARS Exp A: Recursive Parallel,100000,1.4943,801237,0,0.6343,76639205,1.0176,3063.3229
Custom,NearlySorted,ARS Exp B: Hierarchical Staging,100000,1.4896,689539,0,0.6343,76627726,1.0177,3073.1387
Custom,NearlySorted,ARS Exp C: Adaptive Hierarchical,100000,1.5256,801237,0,0.6344,76639249,1.0177,3000.5996
Custom,NearlySorted,ARS Exp D: Stream Micro-Batch,100000,1.8903,801237,200000,0.6344,76642595,1.0178,2421.6110
Custom,NearlySorted,Quicksort,1000000,40.4552,20499945,0,0.6309,77458021,1.0295,1131.5336
Custom,NearlySorted,Timsort,1000000,64.2586,19254168,0,0.6258,77484673,1.0249,712.3778
Custom,NearlySorted,ARS Gen 3: Apex Baseline,1000000,31.8499,20728167,1017407,0.6336,77818596,1.0227,1437.2510
Custom,NearlySorted,ARS Gen 4: Parallel Apex,1000000,18.1428,9491317,1000000,0.6349,77770101,1.0124,2523.1147
Custom,NearlySorted,ARS Gen 5: Optimized Apex (MAIN),1000000,16.4258,9491317,0,0.6349,77421787,1.0138,2786.8507
Custom,NearlySorted,ARS Gen 5: Optimized Apex (Stable),1000000,15.3659,4131087,0,0.6349,77108619,1.0096,2979.0819
Custom,NearlySorted,ARS Gen 6: Aero Architecture,1000000,17.8477,12332035,0,0.6342,77521585,1.0174,2564.8308
Custom,NearlySorted,ARS Gen 6: Aero (Stable),1000000,17.3566,5755621,0,0.6344,77228719,1.0143,2637.3983
Custom,NearlySorted,ARS Exp A: Recursive Parallel,1000000,18.8903,9491317,0,0.6346,77400696,1.0167,2423.2797
Custom,NearlySorted,ARS Exp B: Hierarchical Staging,1000000,19.5781,10583380,0,0.6348,77409303,1.0131,2338.1385
Custom,NearlySorted,ARS Exp C: Adaptive Hierarchical,1000000,18.8522,11681981,0,0.6347,77432835,1.0155,2428.1692
Custom,NearlySorted,ARS Exp D: Stream Micro-Batch,1000000,44.2648,14616270,2000000,0.6345,77570248,1.0134,1034.1491
Custom,Duplicates,Quicksort,1000,0.0071,3761,0,0.6347,79548652,1.0128,6451.0100
Custom,Duplicates,Timsort,1000,0.0093,3799,0,0.6347,79548708,1.0128,4919.0165
Custom,Duplicates,ARS Gen 1: Foundation,1000,0.0409,995,2000,0.6347,79550056,1.0128,1117.9419
Custom,Duplicates,ARS Gen 2: Grid Mapping,1000,0.0533,995,2000,0.6347,79550220,1.0128,859.4887
Custom,Duplicates,ARS Gen 3: Apex Baseline,1000,0.0071,3761,0,0.6347,79548652,1.0128,6478.3990
Custom,Duplicates,ARS Gen 4: Parallel Apex,1000,0.0071,3761,0,0.6347,79548652,1.0128,6435.5922
Custom,Duplicates,ARS Gen 5: Optimized Apex (MAIN),1000,0.0071,3761,0,0.6347,79548651,1.0128,6416.6480
Custom,Duplicates,ARS Gen 5: Optimized Apex (Stable),1000,0.0096,3799,0,0.6347,79548716,1.0128,4788.8239
Custom,Duplicates,ARS Gen 6: Aero Architecture,1000,0.0071,3761,0,0.6347,79548651,1.0128,6467.4155
Custom,Duplicates,ARS Gen 6: Aero (Stable),1000,0.0094,3799,0,0.6347,79548718,1.0128,4859.4870
Custom,Duplicates,ARS Exp A: Recursive Parallel,1000,0.0071,3761,0,0.6347,79548651,1.0128,6451.0100
Custom,Duplicates,ARS Exp B: Hierarchical Staging,1000,0.0071,3761,0,0.6347,79548651,1.0128,6449.1923
Custom,Duplicates,ARS Exp C: Adaptive Hierarchical,1000,0.0072,3761,0,0.6347,79548651,1.0128,6365.7860
Custom,Duplicates,ARS Exp D: Stream Micro-Batch,1000,0.1215,3761,2000,0.6346,79549149,1.0128,376.9091
Custom,Duplicates,Quicksort,10000,0.0684,36513,0,0.6346,79550292,1.0128,6693.5278
Custom,Duplicates,Timsort,10000,0.1038,36606,0,0.6346,79550513,1.0128,4411.3721
Custom,Duplicates,ARS Gen 1: Foundation,10000,0.2680,9995,30000,0.6346,79562183,1.0128,1707.8822
Custom,Duplicates,ARS Gen 2: Grid Mapping,10000,0.3756,9995,30000,0.6346,79563361,1.0128,1218.8667
Custom,Duplicates,ARS Gen 3: Apex Baseline,10000,0.2918,115165,14351,0.6346,79552507,1.0128,1568.6938
Custom,Duplicates,ARS Gen 4: Parallel Apex,10000,0.2004,10001,10000,0.6346,79555641,1.0127,2283.8510
Custom,Duplicates,ARS Gen 5: Optimized Apex (MAIN),10000,0.1199,10001,0,0.6346,79554961,1.0127,3817.9744
Custom,Duplicates,ARS Gen 5: Optimized Apex (Stable),10000,0.1206,10001,0,0.6346,79555039,1.0127,3797.2300
Custom,Duplicates,ARS Gen 6: Aero Architecture,10000,0.3147,10001,0,0.6345,79560944,1.0128,1454.6727
Custom,Duplicates,ARS Gen 6: Aero (Stable),10000,0.3061,10001,0,0.6345,79561013,1.0128,1495.3879
Custom,Duplicates,ARS Exp A: Recursive Parallel,10000,0.1654,10001,0,0.6346,79553950,1.0127,2767.9506
Custom,Duplicates,ARS Exp B: Hierarchical Staging,10000,0.1428,10001,0,0.6346,79554907,1.0127,3206.2342
Custom,Duplicates,ARS Exp C: Adaptive Hierarchical,10000,0.1479,10001,0,0.6346,79554883,1.0127,3094.6287
Custom,Duplicates,ARS Exp D: Stream Micro-Batch,10000,0.3142,10001,20000,0.6345,79557328,1.0127,1456.9367
Custom,Duplicates,Quicksort,100000,0.6653,362118,0,0.6342,79568491,1.0129,6880.2293
Custom,Duplicates,Timsort,100000,1.1721,362412,0,0.6339,79569141,1.0128,3905.4368
Custom,Duplicates,ARS Gen 1: Foundation,100000,2.5157,99995,300000,0.6342,79683725,1.0125,1819.5934
Custom,Duplicates,ARS Gen 2: Grid Mapping,100000,2.7576,99995,300000,0.6342,79697684,1.0128,1660.0141
Custom,Duplicates,ARS Gen 3: Apex Baseline,100000,2.5611,1131774,108703,0.6342,79577290,1.0130,1787.3979
Custom,Duplicates,ARS Gen 4: Parallel Apex,100000,0.9234,99999,100000,0.6342,79579364,1.0125,4957.1029
Custom,Duplicates,ARS Gen 5: Optimized Apex (MAIN),100000,0.9249,99999,0,0.6342,79578752,1.0124,4949.5349
Custom,Duplicates,ARS Gen 5: Optimized Apex (Stable),100000,0.8461,99999,0,0.6342,79578972,1.0123,5410.3361
Custom,Duplicates,ARS Gen 6: Aero Architecture,100000,1.0024,99999,0,0.6342,79633493,1.0125,4566.8225
Custom,Duplicates,ARS Gen 6: Aero (Stable),100000,0.9541,99999,0,0.6342,79632522,1.0126,4797.6221
Custom,Duplicates,ARS Exp A: Recursive Parallel,100000,1.2688,199994,0,0.6342,79584220,1.0121,3607.8246
Custom,Duplicates,ARS Exp B: Hierarchical Staging,100000,1.2450,199994,0,0.6342,79577117,1.0123,3676.9555
Custom,Duplicates,ARS Exp C: Adaptive Hierarchical,100000,1.2525,199994,0,0.6342,79584788,1.0122,3654.7268
Custom,Duplicates,ARS Exp D: Stream Micro-Batch,100000,1.6822,99999,200000,0.6341,79581287,1.0125,2721.1895
Custom,Duplicates,Quicksort,1000000,10.5158,3806932,0,0.6334,79581696,1.0142,4353.1181
Custom,Duplicates,Timsort,1000000,31.3572,4710561,0,0.6318,79583628,1.0127,1459.8362
Custom,Duplicates,ARS Gen 3: Apex Baseline,1000000,27.7070,12059635,1017407,0.6343,79648005,1.0146,1652.1610
Custom,Duplicates,ARS Gen 4: Parallel Apex,1000000,15.5990,1000001,1000000,0.6350,79598074,1.0060,2934.5671
Custom,Duplicates,ARS Gen 5: Optimized Apex (MAIN),1000000,14.8604,1000001,0,0.6349,79597743,1.0075,3080.4325
Custom,Duplicates,ARS Gen 5: Optimized Apex (Stable),1000000,14.3203,1000001,0,0.6349,79596262,1.0069,3196.6018
Custom,Duplicates,ARS Gen 6: Aero Architecture,1000000,12.5051,1000001,0,0.6349,80151703,1.0084,3660.6287
Custom,Duplicates,ARS Gen 6: Aero (Stable),1000000,12.5859,1000001,0,0.6349,80152130,1.0084,3637.1033
Custom,Duplicates,ARS Exp A: Recursive Parallel,1000000,17.3445,1999996,0,0.6350,79603956,1.0073,2639.2399
Custom,Duplicates,ARS Exp B: Hierarchical Staging,1000000,16.5321,1999996,0,0.6351,79594065,1.0059,2768.9368
Custom,Duplicates,ARS Exp C: Adaptive Hierarchical,1000000,17.3793,1999996,0,0.6351,79606702,1.0077,2633.9516
Custom,Duplicates,ARS Exp D: Stream Micro-Batch,1000000,43.6253,5365482,2000000,0.6350,79633726,1.0047,1049.3071
Custom,Zipfian,Quicksort,1000,0.0118,5226,0,0.6345,79674142,1.0027,3875.4121
Custom,Zipfian,Timsort,1000,0.0160,5250,0,0.6345,79674382,1.0027,2858.5217
Custom,Zipfian,ARS Gen 1: Foundation,1000,0.0469,4636,2000,0.6344,79675131,1.0027,977.0210
Custom,Zipfian,ARS Gen 2: Grid Mapping,1000,0.0564,4636,2000,0.6344,79675106,1.0027,811.6953
Custom,Zipfian,ARS Gen 3: Apex Baseline,1000,0.0105,5226,0,0.6345,79674124,1.0027,4344.3454
Custom,Zipfian,ARS Gen 4: Parallel Apex,1000,0.0105,5226,0,0.6345,79674123,1.0027,4365.8910
Custom,Zipfian,ARS Gen 5: Optimized Apex (MAIN),1000,0.0102,5226,0,0.6345,79674129,1.0027,4481.2890
Custom,Zipfian,ARS Gen 5: Optimized Apex (Stable),1000,0.0134,5250,0,0.6345,79674354,1.0027,3420.4862
Custom,Zipfian,ARS Gen 6: Aero Architecture,1000,0.0097,5226,0,0.6345,79674135,1.0027,4741.2084
Custom,Zipfian,ARS Gen 6: Aero (Stable),1000,0.0132,5250,0,0.6345,79674369,1.0027,3460.8276
Custom,Zipfian,ARS Exp A: Recursive Parallel,1000,0.0096,5226,0,0.6345,79674131,1.0027,4770.3592
Custom,Zipfian,ARS Exp B: Hierarchical Staging,1000,0.0093,5226,0,0.6345,79674129,1.0027,4906.8890
Custom,Zipfian,ARS Exp C: Adaptive Hierarchical,1000,0.0090,5226,0,0.6345,79674123,1.0027,5072.1736
Custom,Zipfian,ARS Exp D: Stream Micro-Batch,1000,0.1013,5226,2000,0.6344,79674725,1.0027,451.7330
Custom,Zipfian,Quicksort,10000,0.0769,53591,0,0.6344,79676543,1.0027,5953.7200
Custom,Zipfian,Timsort,10000,0.1069,53226,0,0.6344,79677495,1.0027,4281.4863
Custom,Zipfian,ARS Gen 1: Foundation,10000,0.3350,55100,30000,0.6343,79682127,1.0028,1366.5525
Custom,Zipfian,ARS Gen 2: Grid Mapping,10000,0.3476,55099,30000,0.6343,79682098,1.0028,1316.8432
Custom,Zipfian,ARS Gen 3: Apex Baseline,10000,0.2794,125304,14351,0.6344,79680263,1.0027,1638.5570
Custom,Zipfian,ARS Gen 4: Parallel Apex,10000,0.2983,52153,10000,0.6343,79683450,1.0027,1534.4154
Custom,Zipfian,ARS Gen 5: Optimized Apex (MAIN),10000,0.2084,52153,0,0.6343,79682787,1.0027,2196.3941
Custom,Zipfian,ARS Gen 5: Optimized Apex (Stable),10000,0.2396,50387,0,0.6343,79682963,1.0027,1910.7561
Custom,Zipfian,ARS Gen 6: Aero Architecture,10000,0.4807,42939,0,0.6343,79682284,1.0027,952.2380
Custom,Zipfian,ARS Gen 6: Aero (Stable),10000,0.5179,43078,0,0.6343,79684508,1.0027,883.8416
Custom,Zipfian,ARS Exp A: Recursive Parallel,10000,0.2476,16855,0,0.6343,79684338,1.0027,1849.1617
Custom,Zipfian,ARS Exp B: Hierarchical Staging,10000,0.2150,52153,0,0.6343,79682739,1.0027,2129.5295
Custom,Zipfian,ARS Exp C: Adaptive Hierarchical,10000,0.2144,52153,0,0.6343,79682794,1.0027,2134.8926
Custom,Zipfian,ARS Exp D: Stream Micro-Batch,10000,0.3323,52153,20000,0.6343,79684896,1.0027,1377.6817
Custom,Zipfian,Quicksort,100000,0.8652,529990,0,0.6341,79683550,1.0030,5290.7383
Custom,Zipfian,Timsort,100000,1.4469,531868,0,0.6337,79687180,1.0029,3163.7985
Custom,Zipfian,ARS Gen 1: Foundation,100000,3.3860,501611,300000,0.6340,79736517,1.0030,1351.9365
Custom,Zipfian,ARS Gen 2: Grid Mapping,100000,3.5479,501611,300000,0.6340,79738232,1.0031,1290.2231
Custom,Zipfian,ARS Gen 3: Apex Baseline,100000,2.3814,1172752,108703,0.6341,79696271,1.0029,1922.2630
Custom,Zipfian,ARS Gen 4: Parallel Apex,100000,2.2193,516727,100000,0.6340,79698178,1.0026,2062.6461
Custom,Zipfian,ARS Gen 5: Optimized Apex (MAIN),100000,1.8012,516727,0,0.6340,79696114,1.0024,2541.4795
Custom,Zipfian,ARS Gen 5: Optimized Apex (Stable),100000,2.4358,519617,0,0.6336,79698856,1.0024,1879.3194
Custom,Zipfian,ARS Gen 6: Aero Architecture,100000,1.9216,512024,0,0.6340,79696698,1.0028,2382.1845
Custom,Zipfian,ARS Gen 6: Aero (Stable),100000,2.5847,502467,0,0.6337,79699644,1.0024,1771.0241
Custom,Zipfian,ARS Exp A: Recursive Parallel,100000,2.2199,206221,0,0.6337,79722373,1.0020,2062.0942
Custom,Zipfian,ARS Exp B: Hierarchical Staging,100000,1.9358,182412,0,0.6339,79700329,1.0020,2364.7077
Custom,Zipfian,ARS Exp C: Adaptive Hierarchical,100000,2.6582,200760,0,0.6337,79721700,1.0021,1722.0522
Custom,Zipfian,ARS Exp D: Stream Micro-Batch,100000,2.1086,516727,200000,0.6339,79699018,1.0027,2170.8850
Custom,Zipfian,Quicksort,1000000,13.1179,5281309,0,0.6328,79700711,1.0052,3489.6045
Custom,Zipfian,Timsort,1000000,35.6879,6327917,0,0.6306,79720876,1.0034,1282.6873
Custom,Zipfian,ARS Gen 3: Apex Baseline,1000000,29.6167,12313781,1017407,0.6341,79777759,1.0042,1545.6293
Custom,Zipfian,ARS Gen 4: Parallel Apex,1000000,30.6636,5208498,1000000,0.6337,79726245,1.0007,1492.8549
Custom,Zipfian,ARS Gen 5: Optimized Apex (MAIN),1000000,28.3508,5208498,0,0.6336,79718986,1.0007,1614.6440
Custom,Zipfian,ARS Gen 5: Optimized Apex (Stable),1000000,52.2048,6511840,0,0.6307,79743504,1.0002,876.8617
Custom,Zipfian,ARS Gen 6: Aero Architecture,1000000,25.9818,5225265,0,0.6336,79718225,0.9999,1761.8606
Custom,Zipfian,ARS Gen 6: Aero (Stable),1000000,48.5280,6529655,0,0.6308,79744865,0.9993,943.2987
Custom,Zipfian,ARS Exp A: Recursive Parallel,1000000,31.9018,1939650,0,0.6353,79775314,0.9968,1434.9149
Custom,Zipfian,ARS Exp B: Hierarchical Staging,1000000,46.3998,2064127,0,0.6353,79774818,0.9954,986.5633
Custom,Zipfian,ARS Exp C: Adaptive Hierarchical,1000000,47.3109,2062304,0,0.6353,79807031,0.9952,967.5658
Custom,Zipfian,ARS Exp D: Stream Micro-Batch,1000000,52.1461,9657197,2000000,0.6337,79814684,0.9976,877.8486
Custom,Skewed,Quicksort,1000,0.0260,10133,0,0.6344,79935785,0.9999,1761.9849
Custom,Skewed,Timsort,1000,0.0369,10734,0,0.6344,79936664,0.9999,1241.7297
Custom,Skewed,ARS Gen 1: Foundation,1000,0.1941,691,2000,0.6343,79943971,1.0000,235.8537
Custom,Skewed,ARS Gen 2: Grid Mapping,1000,0.2227,691,2000,0.6343,79944352,1.0000,205.5886
Custom,Skewed,ARS Gen 3: Apex Baseline,1000,0.0219,10133,0,0.6344,79935787,0.9999,2089.1004
Custom,Skewed,ARS Gen 4: Parallel Apex,1000,0.0221,10133,0,0.6344,79935779,0.9999,2072.5480
Custom,Skewed,ARS Gen 5: Optimized Apex (MAIN),1000,0.0219,10133,0,0.6344,79935778,0.9999,2086.3391
Custom,Skewed,ARS Gen 5: Optimized Apex (Stable),1000,0.0299,10734,0,0.6344,79936639,0.9999,1533.3925
Custom,Skewed,ARS Gen 6: Aero Architecture,1000,0.0209,10133,0,0.6344,79935786,0.9999,2194.3515
Custom,Skewed,ARS Gen 6: Aero (Stable),1000,0.0289,10734,0,0.6344,79936675,0.9999,1583.2999
Custom,Skewed,ARS Exp A: Recursive Parallel,1000,0.0202,10133,0,0.6344,79935755,0.9999,2268.7400
Custom,Skewed,ARS Exp B: Hierarchical Staging,1000,0.0197,10133,0,0.6344,79935779,0.9999,2325.6804
Custom,Skewed,ARS Exp C: Adaptive Hierarchical,1000,0.0196,10133,0,0.6344,79935778,0.9999,2333.6239
Custom,Skewed,ARS Exp D: Stream Micro-Batch,1000,0.1096,10133,2000,0.6343,79936377,0.9999,417.8124
Custom,Skewed,Quicksort,10000,0.2266,133996,0,0.6343,79946334,1.0000,2020.2022
Custom,Skewed,Timsort,10000,0.3175,137398,0,0.6343,79953708,1.0000,1441.9661
Custom,Skewed,ARS Gen 1: Foundation,10000,0.9613,77629,30000,0.6342,80019090,1.0000,476.1859
Custom,Skewed,ARS Gen 2: Grid Mapping,10000,1.0378,77623,30000,0.6342,80020228,1.0000,441.0764
Custom,Skewed,ARS Gen 3: Apex Baseline,10000,0.3687,189660,14351,0.6342,79959377,1.0000,1241.5715
Custom,Skewed,ARS Gen 4: Parallel Apex,10000,0.2354,69470,10000,0.6342,79958992,0.9999,1944.9841
Custom,Skewed,ARS Gen 5: Optimized Apex (MAIN),10000,0.1455,69470,0,0.6342,79953578,0.9999,3145.6664
Custom,Skewed,ARS Gen 5: Optimized Apex (Stable),10000,0.1601,72482,0,0.6342,79960831,0.9999,2859.3431
Custom,Skewed,ARS Gen 6: Aero Architecture,10000,0.3531,59470,0,0.6342,79954865,0.9999,1296.3843
Custom,Skewed,ARS Gen 6: Aero (Stable),10000,0.3642,62562,0,0.6342,79961702,0.9999,1256.7570
Custom,Skewed,ARS Exp A: Recursive Parallel,10000,0.1770,69470,0,0.6342,79953252,0.9999,2585.6949
Custom,Skewed,ARS Exp B: Hierarchical Staging,10000,0.1385,69470,0,0.6342,79953382,0.9999,3304.3178
Custom,Skewed,ARS Exp C: Adaptive Hierarchical,10000,0.1393,69470,0,0.6342,79953189,0.9999,3285.4874
Custom,Skewed,ARS Exp D: Stream Micro-Batch,10000,0.3185,69470,20000,0.6342,79955265,0.9999,1437.2802
Custom,Skewed,Quicksort,100000,2.1947,1339911,0,0.6339,80004444,1.0007,2085.7916
Custom,Skewed,Timsort,100000,3.2208,1340773,0,0.6334,80026163,1.0005,1421.2511
Custom,Skewed,ARS Gen 1: Foundation,100000,8.4334,1262245,300000,0.6334,80727555,1.0001,542.7982
Custom,Skewed,ARS Gen 2: Grid Mapping,100000,9.2402,1262822,300000,0.6334,80738017,1.0003,495.4053
Custom,Skewed,ARS Gen 3: Apex Baseline,100000,2.5732,1543517,108703,0.6338,80034753,1.0003,1778.9334
Custom,Skewed,ARS Gen 4: Parallel Apex,100000,1.5985,727700,100000,0.6340,80029179,0.9999,2863.7399
Custom,Skewed,ARS Gen 5: Optimized Apex (MAIN),100000,1.1978,727700,0,0.6340,80019300,0.9996,3821.6463
Custom,Skewed,ARS Gen 5: Optimized Apex (Stable),100000,1.4396,737053,0,0.6340,80045846,0.9994,3179.7712
Custom,Skewed,ARS Gen 6: Aero Architecture,100000,1.6181,628511,0,0.6339,80030673,0.9996,2829.0511
Custom,Skewed,ARS Gen 6: Aero (Stable),100000,1.5331,634320,0,0.6339,80056087,0.9996,2985.9397
Custom,Skewed,ARS Exp A: Recursive Parallel,100000,1.4430,701327,0,0.6340,80018126,0.9997,3172.2285
Custom,Skewed,ARS Exp B: Hierarchical Staging,100000,1.4430,628891,0,0.6340,80014287,0.9997,3172.2241
Custom,Skewed,ARS Exp C: Adaptive Hierarchical,100000,1.3199,727700,0,0.6340,80019177,0.9997,3468.2928
Custom,Skewed,ARS Exp D: Stream Micro-Batch,100000,1.6152,727700,200000,0.6341,80019419,0.9998,2834.0394
Custom,Skewed,Quicksort,1000000,27.1712,12880459,0,0.6309,80036669,1.0069,1684.7414
Custom,Skewed,Timsort,1000000,51.9078,13984642,0,0.6268,80129468,1.0042,881.8778
Custom,Skewed,ARS Gen 3: Apex Baseline,1000000,33.5238,14266844,1017407,0.6316,80140770,1.0015,1365.4887
Custom,Skewed,ARS Gen 4: Parallel Apex,1000000,17.2915,5509338,1000000,0.6344,80084100,0.9958,2647.3268
Custom,Skewed,ARS Gen 5: Optimized Apex (MAIN),1000000,16.8202,5509338,0,0.6345,80065043,0.9915,2721.5194
Custom,Skewed,ARS Gen 5: Optimized Apex (Stable),1000000,18.2993,5538714,0,0.6332,80121604,0.9919,2501.5408
Custom,Skewed,ARS Gen 6: Aero Architecture,1000000,16.0977,6195850,0,0.6341,80182848,0.9960,2843.6617
Custom,Skewed,ARS Gen 6: Aero (Stable),1000000,18.2880,6227611,0,0.6318,80245655,0.9939,2503.0777
Custom,Skewed,ARS Exp A: Recursive Parallel,1000000,22.8076,2169826,0,0.6337,80124475,0.9936,2007.0647
Custom,Skewed,ARS Exp B: Hierarchical Staging,1000000,25.4091,1707337,0,0.6339,80085464,0.9918,1801.5713
Custom,Skewed,ARS Exp C: Adaptive Hierarchical,1000000,24.7101,1857655,0,0.6346,80082369,0.9930,1852.5332
Custom,Skewed,ARS Exp D: Stream Micro-Batch,1000000,44.1509,11901262,2000000,0.6343,80352219,0.9943,1036.8157
Custom,Clustered,Quicksort,1000,0.0266,9985,0,0.6342,80647638,0.9949,1721.7575
Custom,Clustered,Timsort,1000,0.0350,10392,0,0.6342,80648457,0.9949,1306.4777
Custom,Clustered,ARS Gen 1: Foundation,1000,0.1257,5421,2000,0.6342,80653654,0.9949,364.1774
Custom,Clustered,ARS Gen 2: Grid Mapping,1000,0.1393,5356,2000,0.6342,80654075,0.9949,328.5747
Custom,Clustered,ARS Gen 3: Apex Baseline,1000,0.0222,9985,0,0.6342,80647650,0.9949,2062.4630
Custom,Clustered,ARS Gen 4: Parallel Apex,1000,0.0216,9985,0,0.6342,80647652,0.9949,2119.4725
Custom,Clustered,ARS Gen 5: Optimized Apex (MAIN),1000,0.0216,9985,0,0.6342,80647644,0.9949,2123.0112
Custom,Clustered,ARS Gen 5: Optimized Apex (Stable),1000,0.0301,10392,0,0.6342,80648468,0.9949,1521.4667
Custom,Clustered,ARS Gen 6: Aero Architecture,1000,0.0211,9985,0,0.6342,80647649,0.9949,2166.5184
Custom,Clustered,ARS Gen 6: Aero (Stable),1000,0.0293,10392,0,0.6342,80648494,0.9949,1559.7249
Custom,Clustered,ARS Exp A: Recursive Parallel,1000,0.0211,9985,0,0.6342,80647667,0.9949,2167.9549
Custom,Clustered,ARS Exp B: Hierarchical Staging,1000,0.0204,9985,0,0.6342,80647640,0.9949,2247.5754
Custom,Clustered,ARS Exp C: Adaptive Hierarchical,1000,0.0204,9985,0,0.6342,80647629,0.9949,2244.7098
Custom,Clustered,ARS Exp D: Stream Micro-Batch,1000,0.1090,9985,2000,0.6342,80648105,0.9949,419.9513
Custom,Clustered,Quicksort,10000,0.1637,107604,0,0.6342,80650934,0.9949,2795.8790
Custom,Clustered,Timsort,10000,0.2386,109657,0,0.6342,80653621,0.9949,1918.2587
Custom,Clustered,ARS Gen 1: Foundation,10000,0.4696,73762,30000,0.6341,80680015,0.9949,974.7181
Custom,Clustered,ARS Gen 2: Grid Mapping,10000,0.5807,73552,30000,0.6341,80681898,0.9949,788.3465
Custom,Clustered,ARS Gen 3: Apex Baseline,10000,0.3405,160276,14351,0.6341,80657906,0.9949,1344.3749
Custom,Clustered,ARS Gen 4: Parallel Apex,10000,0.2438,70340,10000,0.6341,80659474,0.9949,1877.5734
Custom,Clustered,ARS Gen 5: Optimized Apex (MAIN),10000,0.1464,70340,0,0.6341,80657459,0.9949,3125.7548
Custom,Clustered,ARS Gen 5: Optimized Apex (Stable),10000,0.1644,71216,0,0.6341,80661252,0.9949,2785.0265
Custom,Clustered,ARS Gen 6: Aero Architecture,10000,0.2839,59344,0,0.6341,80658017,0.9949,1612.5877
Custom,Clustered,ARS Gen 6: Aero (Stable),10000,0.2954,60054,0,0.6341,80662091,0.9949,1549.8027
Custom,Clustered,ARS Exp A: Recursive Parallel,10000,0.1583,70340,0,0.6341,80657333,0.9949,2891.4920
Custom,Clustered,ARS Exp B: Hierarchical Staging,10000,0.1447,70340,0,0.6341,80657431,0.9949,3162.5744
Custom,Clustered,ARS Exp C: Adaptive Hierarchical,10000,0.1502,70340,0,0.6341,80657301,0.9949,3047.9783
Custom,Clustered,ARS Exp D: Stream Micro-Batch,10000,0.3022,70340,20000,0.6341,80659469,0.9949,1514.6754
Custom,Clustered,Quicksort,100000,1.6610,1011458,0,0.6339,80663124,0.9954,2755.8726
Custom,Clustered,Timsort,100000,2.3679,1014769,0,0.6334,80668219,0.9953,1933.2436
Custom,Clustered,ARS Gen 1: Foundation,100000,4.2451,696758,300000,0.6339,80948163,0.9949,1078.3304
Custom,Clustered,ARS Gen 2: Grid Mapping,100000,4.3551,697287,300000,0.6339,80969521,0.9951,1051.0970
Custom,Clustered,ARS Gen 3: Apex Baseline,100000,2.6499,1231300,108703,0.6338,80677414,0.9951,1727.4922
Custom,Clustered,ARS Gen 4: Parallel Apex,100000,1.5121,671477,100000,0.6339,80679804,0.9948,3027.2952
Custom,Clustered,ARS Gen 5: Optimized Apex (MAIN),100000,1.3165,671477,0,0.6339,80675207,0.9946,3477.0946
Custom,Clustered,ARS Gen 5: Optimized Apex (Stable),100000,1.5616,673524,0,0.6338,80685233,0.9942,2931.3741
Custom,Clustered,ARS Gen 6: Aero Architecture,100000,1.2616,554286,0,0.6340,80685962,0.9947,3628.4749
Custom,Clustered,ARS Gen 6: Aero (Stable),100000,1.6465,555220,0,0.6339,80694939,0.9946,2780.2379
Custom,Clustered,ARS Exp A: Recursive Parallel,100000,1.6017,105158,0,0.6338,80683161,0.9943,2857.9507
Custom,Clustered,ARS Exp B: Hierarchical Staging,100000,1.6155,179970,0,0.6338,80675911,0.9944,2833.4973
Custom,Clustered,ARS Exp C: Adaptive Hierarchical,100000,1.4638,140724,0,0.6339,80685038,0.9944,3127.1492
Custom,Clustered,ARS Exp D: Stream Micro-Batch,100000,1.7696,671477,200000,0.6338,80680146,0.9948,2586.7674
Custom,Clustered,Quicksort,1000000,21.2889,9937773,0,0.6309,80687117,0.9997,2150.2478
Custom,Clustered,Timsort,1000000,47.3708,11004404,0,0.6267,80701342,0.9975,966.3420
Custom,Clustered,ARS Gen 3: Apex Baseline,1000000,32.9610,12334215,1017407,0.6319,80762956,0.9953,1388.8059
Custom,Clustered,ARS Gen 4: Parallel Apex,1000000,19.0093,4762552,1000000,0.6337,80718688,0.9874,2408.0995
Custom,Clustered,ARS Gen 5: Optimized Apex (MAIN),1000000,18.9812,4762552,0,0.6337,80711100,0.9883,2411.6694
Custom,Clustered,ARS Gen 5: Optimized Apex (Stable),1000000,30.3198,4748110,0,0.6324,80728681,0.9843,1509.7869
Custom,Clustered,ARS Gen 6: Aero Architecture,1000000,16.4082,4888204,0,0.6335,80832059,0.9902,2789.8463
Custom,Clustered,ARS Gen 6: Aero (Stable),1000000,27.7220,4904839,0,0.6322,80850277,0.9828,1651.2640
Custom,Clustered,ARS Exp A: Recursive Parallel,1000000,27.3002,1096506,0,0.6349,80729528,0.9857,1676.7775
Custom,Clustered,ARS Exp B: Hierarchical Staging,1000000,29.7011,1053340,0,0.6351,80712662,0.9921,1541.2368
Custom,Clustered,ARS Exp C: Adaptive Hierarchical,1000000,27.2103,1036862,0,0.6351,80722566,0.9867,1682.3160
Custom,Clustered,ARS Exp D: Stream Micro-Batch,1000000,46.9208,10645205,2000000,0.6335,80827834,0.9890,975.6090
Custom,BucketCollapse,Quicksort,1000,0.0268,10337,0,0.6337,80917856,0.9858,1709.4767
Custom,BucketCollapse,Timsort,1000,0.0365,10667,0,0.6337,80918731,0.9858,1255.4541
Custom,BucketCollapse,ARS Gen 1: Foundation,1000,0.2657,0,2000,0.6337,80925050,0.9859,172.2723
Custom,BucketCollapse,ARS Gen 2: Grid Mapping,1000,0.2906,0,2000,0.6337,80925729,0.9859,157.5361
Custom,BucketCollapse,ARS Gen 3: Apex Baseline,1000,0.0221,10337,0,0.6337,80917845,0.9858,2070.2047
Custom,BucketCollapse,ARS Gen 4: Parallel Apex,1000,0.0218,10337,0,0.6337,80917845,0.9858,2103.7900
Custom,BucketCollapse,ARS Gen 5: Optimized Apex (MAIN),1000,0.0214,10337,0,0.6337,80917845,0.9858,2135.8887
Custom,BucketCollapse,ARS Gen 5: Optimized Apex (Stable),1000,0.0299,10667,0,0.6337,80918754,0.9858,1531.3919
Custom,BucketCollapse,ARS Gen 6: Aero Architecture,1000,0.0215,10337,0,0.6337,80917860,0.9858,2130.9174
Custom,BucketCollapse,ARS Gen 6: Aero (Stable),1000,0.0293,10667,0,0.6337,80918728,0.9858,1562.5467
Custom,BucketCollapse,ARS Exp A: Recursive Parallel,1000,0.0207,10337,0,0.6337,80917827,0.9858,2209.3908
Custom,BucketCollapse,ARS Exp B: Hierarchical Staging,1000,0.0205,10337,0,0.6337,80917862,0.9858,2233.3203
Custom,BucketCollapse,ARS Exp C: Adaptive Hierarchical,1000,0.0203,10337,0,0.6337,80917845,0.9858,2252.1090
Custom,BucketCollapse,ARS Exp D: Stream Micro-Batch,1000,0.1070,10337,2000,0.6337,80918595,0.9858,427.8365
Custom,BucketCollapse,Quicksort,10000,0.2336,137946,0,0.6337,80928182,0.9859,1959.6383
Custom,BucketCollapse,Timsort,10000,0.3226,142499,0,0.6337,80936945,0.9859,1418.9207
Custom,BucketCollapse,ARS Gen 1: Foundation,10000,4.8754,0,30000,0.6332,81015995,0.9868,93.8918
Custom,BucketCollapse,ARS Gen 2: Grid Mapping,10000,5.2084,0,30000,0.6331,81022001,0.9868,87.8894
Custom,BucketCollapse,ARS Gen 3: Apex Baseline,10000,0.4274,194806,14351,0.6336,80942228,0.9859,1071.1555
Custom,BucketCollapse,ARS Gen 4: Parallel Apex,10000,0.2362,52643,10000,0.6336,80942125,0.9858,1938.3460
Custom,BucketCollapse,ARS Gen 5: Optimized Apex (MAIN),10000,0.1394,52643,0,0.6336,80934374,0.9858,3284.3088
Custom,BucketCollapse,ARS Gen 5: Optimized Apex (Stable),10000,0.1511,58028,0,0.6336,80941367,0.9858,3029.9422
Custom,BucketCollapse,ARS Gen 6: Aero Architecture,10000,0.2282,60571,0,0.6336,80937672,0.9858,2005.8967
Custom,BucketCollapse,ARS Gen 6: Aero (Stable),10000,0.3839,63560,0,0.6336,80944546,0.9858,1192.3941
Custom,BucketCollapse,ARS Exp A: Recursive Parallel,10000,0.2189,52643,0,0.6336,80934552,0.9858,2090.7797
Custom,BucketCollapse,ARS Exp B: Hierarchical Staging,10000,0.1560,52643,0,0.6336,80934894,0.9858,2933.7807
Custom,BucketCollapse,ARS Exp C: Adaptive Hierarchical,10000,0.1492,52643,0,0.6336,80934809,0.9858,3068.2651
Custom,BucketCollapse,ARS Exp D: Stream Micro-Batch,10000,0.3362,52643,20000,0.6336,80936745,0.9858,1361.4194
Custom,BucketCollapse,Quicksort,100000,3.2620,1718970,0,0.6333,81056205,0.9866,1403.3040
Custom,BucketCollapse,Timsort,100000,4.9434,1756228,0,0.6329,81141098,0.9864,926.0070
Custom,BucketCollapse,ARS Gen 1: Foundation,100000,41.2048,5,300000,0.6172,81951611,0.9860,111.0947
Custom,BucketCollapse,ARS Gen 2: Grid Mapping,100000,46.4940,5,300000,0.6181,82005319,0.9876,98.4565
Custom,BucketCollapse,ARS Gen 3: Apex Baseline,100000,3.6598,1893310,108703,0.6333,81137322,0.9862,1250.8000
Custom,BucketCollapse,ARS Gen 4: Parallel Apex,100000,1.6695,888976,100000,0.6334,81134249,0.9857,2741.9290
Custom,BucketCollapse,ARS Gen 5: Optimized Apex (MAIN),100000,1.7614,888976,0,0.6335,81070395,0.9856,2598.9202
Custom,BucketCollapse,ARS Gen 5: Optimized Apex (Stable),100000,2.2544,929234,0,0.6335,81154674,0.9857,2030.5065
Custom,BucketCollapse,ARS Gen 6: Aero Architecture,100000,2.0943,956140,0,0.6334,81080408,0.9854,2185.7921
Custom,BucketCollapse,ARS Gen 6: Aero (Stable),100000,2.4784,992831,0,0.6334,81141938,0.9855,1847.0255
Custom,BucketCollapse,ARS Exp A: Recursive Parallel,100000,1.8639,888976,0,0.6334,81070772,0.9855,2455.9876
Custom,BucketCollapse,ARS Exp B: Hierarchical Staging,100000,1.8404,780493,0,0.6334,81064979,0.9856,2487.3378
Custom,BucketCollapse,ARS Exp C: Adaptive Hierarchical,100000,1.8149,888976,0,0.6334,81071828,0.9856,2522.3112
Custom,BucketCollapse,ARS Exp D: Stream Micro-Batch,100000,2.1671,888976,200000,0.6334,81075074,0.9854,2112.3749
Custom,BucketCollapse,Quicksort,1000000,45.4900,20525437,0,0.6305,82111914,0.9949,1006.2943
Custom,BucketCollapse,Timsort,1000000,76.5433,20897754,0,0.6265,82952250,0.9916,598.0452
Custom,BucketCollapse,ARS Gen 3: Apex Baseline,1000000,38.5350,21586005,1017407,0.6309,82775005,0.9896,1187.9181
Custom,BucketCollapse,ARS Gen 4: Parallel Apex,1000000,18.7803,10308690,1000000,0.6337,82708920,0.9814,2437.4690
Custom,BucketCollapse,ARS Gen 5: Optimized Apex (MAIN),1000000,17.4517,10308690,0,0.6337,82139300,0.9822,2623.0275
Custom,BucketCollapse,ARS Gen 5: Optimized Apex (Stable),1000000,18.4851,10708698,0,0.6335,82996047,0.9820,2476.3978
Custom,BucketCollapse,ARS Gen 6: Aero Architecture,1000000,18.8335,13010120,0,0.6330,82253999,0.9817,2430.5872
Custom,BucketCollapse,ARS Gen 6: Aero (Stable),1000000,20.0794,13427133,0,0.6324,83111907,0.9806,2279.7709
Custom,BucketCollapse,ARS Exp A: Recursive Parallel,1000000,20.5475,10308690,0,0.6334,82122397,0.9820,2227.8351
Custom,BucketCollapse,ARS Exp B: Hierarchical Staging,1000000,20.2330,11360616,0,0.6339,82118192,0.9834,2262.4647
Custom,BucketCollapse,ARS Exp C: Adaptive Hierarchical,1000000,20.2212,12417054,0,0.6338,82129075,0.9840,2263.7815
Custom,BucketCollapse,ARS Exp D: Stream Micro-Batch,1000000,49.5209,13708291,2000000,0.6338,83145413,0.9806,924.3840
Custom,LowCardinality,Quicksort,1000,0.0103,5628,0,0.6349,88643017,0.9812,4431.8295
Custom,LowCardinality,Timsort,1000,0.0127,5482,0,0.6349,88643159,0.9812,3615.2557
Custom,LowCardinality,ARS Gen 1: Foundation,1000,0.0545,984,2000,0.6349,88645387,0.9812,840.1954
Custom,LowCardinality,ARS Gen 2: Grid Mapping,1000,0.0659,984,2000,0.6349,88645394,0.9812,695.0135
Custom,LowCardinality,ARS Gen 3: Apex Baseline,1000,0.0104,5628,0,0.6349,88643017,0.9812,4416.8629
Custom,LowCardinality,ARS Gen 4: Parallel Apex,1000,0.0104,5628,0,0.6349,88643018,0.9812,4381.3521
Custom,LowCardinality,ARS Gen 5: Optimized Apex (MAIN),1000,0.0104,5628,0,0.6349,88643015,0.9812,4408.3559
Custom,LowCardinality,ARS Gen 5: Optimized Apex (Stable),1000,0.0129,5482,0,0.6349,88643165,0.9812,3544.1597
Custom,LowCardinality,ARS Gen 6: Aero Architecture,1000,0.0104,5628,0,0.6349,88643015,0.9812,4416.0107
Custom,LowCardinality,ARS Gen 6: Aero (Stable),1000,0.0126,5482,0,0.6349,88643160,0.9812,3620.6887
Custom,LowCardinality,ARS Exp A: Recursive Parallel,1000,0.0103,5628,0,0.6349,88643022,0.9812,4428.8281
Custom,LowCardinality,ARS Exp B: Hierarchical Staging,1000,0.0104,5628,0,0.6349,88643021,0.9812,4409.6298
Custom,LowCardinality,ARS Exp C: Adaptive Hierarchical,1000,0.0105,5628,0,0.6349,88643017,0.9812,4375.4891
Custom,LowCardinality,ARS Exp D: Stream Micro-Batch,1000,0.1218,5628,2000,0.6349,88643366,0.9812,375.8261
Custom,LowCardinality,Quicksort,10000,0.0959,54006,0,0.6349,88644379,0.9812,4772.9954
Custom,LowCardinality,Timsort,10000,0.1391,53486,0,0.6349,88644680,0.9812,3290.6834
Custom,LowCardinality,ARS Gen 1: Foundation,10000,0.3104,9984,30000,0.6348,88663435,0.9812,1474.8016
Custom,LowCardinality,ARS Gen 2: Grid Mapping,10000,0.3735,9984,30000,0.6348,88664433,0.9813,1225.6351
Custom,LowCardinality,ARS Gen 3: Apex Baseline,10000,0.3261,122898,14351,0.6349,88647056,0.9813,1403.7740
Custom,LowCardinality,ARS Gen 4: Parallel Apex,10000,0.2080,9990,10000,0.6348,88650400,0.9812,2201.0938
Custom,LowCardinality,ARS Gen 5: Optimized Apex (MAIN),10000,0.1215,9990,0,0.6348,88649201,0.9812,3767.8503
Custom,LowCardinality,ARS Gen 5: Optimized Apex (Stable),10000,0.1279,9990,0,0.6348,88648956,0.9812,3578.9069
Custom,LowCardinality,ARS Gen 6: Aero Architecture,10000,0.2867,9990,0,0.6348,88651994,0.9812,1596.5196
Custom,LowCardinality,ARS Gen 6: Aero (Stable),10000,0.2866,9990,0,0.6348,88652215,0.9812,1597.1713
Custom,LowCardinality,ARS Exp A: Recursive Parallel,10000,0.1394,9990,0,0.6348,88649855,0.9812,3283.6256
Custom,LowCardinality,ARS Exp B: Hierarchical Staging,10000,0.1211,9990,0,0.6348,88649331,0.9812,3781.3895
Custom,LowCardinality,ARS Exp C: Adaptive Hierarchical,10000,0.1256,9990,0,0.6348,88649792,0.9812,3643.3099
Custom,LowCardinality,ARS Exp D: Stream Micro-Batch,10000,0.3040,9990,20000,0.6348,88652403,0.9812,1505.6332
Custom,LowCardinality,Quicksort,100000,0.9584,522721,0,0.6345,88662260,0.9815,4776.3571
Custom,LowCardinality,Timsort,100000,1.5450,535563,0,0.6341,88663015,0.9814,2962.7911
Custom,LowCardinality,ARS Gen 1: Foundation,100000,2.8834,99984,300000,0.6346,88849360,0.9810,1587.5615
Custom,LowCardinality,ARS Gen 2: Grid Mapping,100000,3.0059,99984,300000,0.6346,88863267,0.9811,1522.9026
Custom,LowCardinality,ARS Gen 3: Apex Baseline,100000,2.5558,1145301,108703,0.6346,88671320,0.9815,1791.0575
Custom,LowCardinality,ARS Gen 4: Parallel Apex,100000,1.1187,119528,100000,0.6346,88674426,0.9810,4091.7423
Custom,LowCardinality,ARS Gen 5: Optimized Apex (MAIN),100000,0.9488,119528,0,0.6346,88672367,0.9809,4824.6644
Custom,LowCardinality,ARS Gen 5: Optimized Apex (Stable),100000,0.9294,119779,0,0.6346,88673392,0.9808,4925.4048
Custom,LowCardinality,ARS Gen 6: Aero Architecture,100000,1.0369,99990,0,0.6346,88695591,0.9810,4414.8225
Custom,LowCardinality,ARS Gen 6: Aero (Stable),100000,1.1776,99990,0,0.6346,88697273,0.9810,3887.2825
Custom,LowCardinality,ARS Exp A: Recursive Parallel,100000,1.5960,199986,0,0.6346,88679307,0.9809,2868.1809
Custom,LowCardinality,ARS Exp B: Hierarchical Staging,100000,1.3719,199974,0,0.6346,88671696,0.9809,3336.7058
Custom,LowCardinality,ARS Exp C: Adaptive Hierarchical,100000,1.1901,100002,0,0.6346,88672514,0.9808,3846.5240
Custom,LowCardinality,ARS Exp D: Stream Micro-Batch,100000,1.7863,119528,200000,0.6346,88675323,0.9809,2562.6791
Custom,LowCardinality,Quicksort,1000000,17.4478,5200332,0,0.6335,88677844,0.9829,2623.6151
Custom,LowCardinality,Timsort,1000000,36.3859,6204510,0,0.6306,88680121,0.9817,1258.0796
Custom,LowCardinality,ARS Gen 3: Apex Baseline,1000000,27.2791,12086670,1017407,0.6347,88744830,0.9820,1678.0760
Custom,LowCardinality,ARS Gen 4: Parallel Apex,1000000,14.7041,999988,1000000,0.6355,88691743,0.9740,3113.1699
Custom,LowCardinality,ARS Gen 5: Optimized Apex (MAIN),1000000,14.8974,999988,0,0.6355,88696101,0.9749,3072.7690
Custom,LowCardinality,ARS Gen 5: Optimized Apex (Stable),1000000,15.0764,999988,0,0.6355,88696879,0.9761,3036.2905
Custom,LowCardinality,ARS Gen 6: Aero Architecture,1000000,12.7088,999988,0,0.6353,88947542,0.9783,3601.9428
Custom,LowCardinality,ARS Gen 6: Aero (Stable),1000000,14.9069,999988,0,0.6354,88947781,0.9783,3070.8178
Custom,LowCardinality,ARS Exp A: Recursive Parallel,1000000,17.1639,1999972,0,0.6354,88701241,0.9760,2667.0101
Custom,LowCardinality,ARS Exp B: Hierarchical Staging,1000000,17.2221,1999972,0,0.6355,88691490,0.9748,2657.9992
Custom,LowCardinality,ARS Exp C: Adaptive Hierarchical,1000000,17.4463,1999972,0,0.6354,88705451,0.9754,2623.8508
Custom,LowCardinality,ARS Exp D: Stream Micro-Batch,1000000,43.1024,5484640,2000000,0.6349,88762430,0.9742,1062.0386
Custom,PrefixCollision,Quicksort,1000,0.0305,10337,0,0.6352,88803916,0.9746,1499.9301
Custom,PrefixCollision,Timsort,1000,0.0409,10667,0,0.6352,88804822,0.9746,1118.2696
Custom,PrefixCollision,ARS Gen 1: Foundation,1000,0.3130,0,2000,0.6352,88810936,0.9746,146.2597
Custom,PrefixCollision,ARS Gen 2: Grid Mapping,1000,0.3137,0,2000,0.6352,88811820,0.9746,145.9245
Custom,PrefixCollision,ARS Gen 3: Apex Baseline,1000,0.0256,10337,0,0.6352,88803936,0.9746,1790.5174
Custom,PrefixCollision,ARS Gen 4: Parallel Apex,1000,0.0240,10337,0,0.6352,88803939,0.9746,1905.9192
Custom,PrefixCollision,ARS Gen 5: Optimized Apex (MAIN),1000,0.0231,10337,0,0.6352,88803933,0.9746,1985.4427
Custom,PrefixCollision,ARS Gen 5: Optimized Apex (Stable),1000,0.0318,10667,0,0.6352,88804820,0.9746,1441.6391
Custom,PrefixCollision,ARS Gen 6: Aero Architecture,1000,0.0226,10337,0,0.6352,88803922,0.9746,2024.7862
Custom,PrefixCollision,ARS Gen 6: Aero (Stable),1000,0.0314,10667,0,0.6352,88804830,0.9746,1455.6209
Custom,PrefixCollision,ARS Exp A: Recursive Parallel,1000,0.0225,10337,0,0.6352,88803922,0.9746,2035.5003
Custom,PrefixCollision,ARS Exp B: Hierarchical Staging,1000,0.0225,10337,0,0.6352,88803915,0.9746,2033.6917
Custom,PrefixCollision,ARS Exp C: Adaptive Hierarchical,1000,0.0217,10337,0,0.6352,88803914,0.9746,2109.4128
Custom,PrefixCollision,ARS Exp D: Stream Micro-Batch,1000,0.1152,10337,2000,0.6352,88804480,0.9746,397.2022
Custom,PrefixCollision,Quicksort,10000,0.2767,137946,0,0.6352,88815861,0.9746,1654.6133
Custom,PrefixCollision,Timsort,10000,0.5670,142499,0,0.6352,88824633,0.9746,807.3448
Custom,PrefixCollision,ARS Gen 1: Foundation,10000,5.5472,0,30000,0.6345,88904334,0.9753,82.5219
Custom,PrefixCollision,ARS Gen 2: Grid Mapping,10000,5.6586,0,30000,0.6346,88910105,0.9754,80.8976
Custom,PrefixCollision,ARS Gen 3: Apex Baseline,10000,0.3940,194806,14351,0.6351,88829901,0.9746,1161.8485
Custom,PrefixCollision,ARS Gen 4: Parallel Apex,10000,0.2235,52643,10000,0.6351,88830281,0.9745,2048.3521
Custom,PrefixCollision,ARS Gen 5: Optimized Apex (MAIN),10000,0.1779,52643,0,0.6351,88821962,0.9745,2572.8479
Custom,PrefixCollision,ARS Gen 5: Optimized Apex (Stable),10000,0.1618,58028,0,0.6351,88828790,0.9745,2830.0166
Custom,PrefixCollision,ARS Gen 6: Aero Architecture,10000,0.3059,60571,0,0.6351,88825197,0.9745,1496.3607
Custom,PrefixCollision,ARS Gen 6: Aero (Stable),10000,0.2506,63560,0,0.6351,88832737,0.9745,1826.4666
Custom,PrefixCollision,ARS Exp A: Recursive Parallel,10000,0.1428,52643,0,0.6351,88822045,0.9745,3204.9995
Custom,PrefixCollision,ARS Exp B: Hierarchical Staging,10000,0.1378,52643,0,0.6351,88822837,0.9745,3321.0989
Custom,PrefixCollision,ARS Exp C: Adaptive Hierarchical,10000,0.1430,52643,0,0.6351,88822794,0.9745,3201.0550
Custom,PrefixCollision,ARS Exp D: Stream Micro-Batch,10000,0.3024,52643,20000,0.6351,88825984,0.9745,1513.8138
Custom,PrefixCollision,Quicksort,100000,3.3325,1718970,0,0.6348,88938220,0.9753,1373.6138
Custom,PrefixCollision,Timsort,100000,4.9751,1756228,0,0.6344,89023203,0.9752,920.1163
Custom,PrefixCollision,ARS Gen 1: Foundation,100000,42.0504,5,300000,0.6190,89830669,0.9750,108.8608
Custom,PrefixCollision,ARS Gen 2: Grid Mapping,100000,340.6751,5,300000,0.6186,89898615,0.9752,13.4370
Custom,PrefixCollision,ARS Gen 3: Apex Baseline,100000,4.3277,1893310,108703,0.6348,89020012,0.9749,1057.7638
Custom,PrefixCollision,ARS Gen 4: Parallel Apex,100000,2.3155,888976,100000,0.6349,89015439,0.9746,1976.9189
Custom,PrefixCollision,ARS Gen 5: Optimized Apex (MAIN),100000,2.0322,888976,0,0.6349,88955035,0.9746,2252.5434
Custom,PrefixCollision,ARS Gen 5: Optimized Apex (Stable),100000,2.3705,929234,0,0.6349,89039682,0.9746,1931.0670
Custom,PrefixCollision,ARS Gen 6: Aero Architecture,100000,2.8179,956140,0,0.6349,88962468,0.9745,1624.4748
Custom,PrefixCollision,ARS Gen 6: Aero (Stable),100000,2.2534,992831,0,0.6348,89025134,0.9744,2031.4715
Custom,PrefixCollision,ARS Exp A: Recursive Parallel,100000,1.9907,888976,0,0.6349,88952232,0.9745,2299.5573
Custom,PrefixCollision,ARS Exp B: Hierarchical Staging,100000,1.8779,780493,0,0.6349,88946536,0.9744,2437.5750
Custom,PrefixCollision,ARS Exp C: Adaptive Hierarchical,100000,2.0056,888976,0,0.6349,88953215,0.9745,2282.4412
Custom,PrefixCollision,ARS Exp D: Stream Micro-Batch,100000,3.0290,888976,200000,0.6350,88958849,0.9744,1511.2824
Custom,PrefixCollision,Quicksort,1000000,48.4296,20525437,0,0.6324,89890207,0.9836,945.2144
Custom,PrefixCollision,Timsort,1000000,80.7828,20897754,0,0.6290,90731884,0.9806,566.6596
Custom,PrefixCollision,ARS Gen 3: Apex Baseline,1000000,43.0827,21586005,1017407,0.6327,90556327,0.9785,1062.5238
Custom,PrefixCollision,ARS Gen 4: Parallel Apex,1000000,21.9638,10308690,1000000,0.6353,90489988,0.9724,2084.1723
Custom,PrefixCollision,ARS Gen 5: Optimized Apex (MAIN),1000000,17.5482,10308690,0,0.6353,89917942,0.9727,2608.6024
Custom,PrefixCollision,ARS Gen 5: Optimized Apex (Stable),1000000,19.7565,10708698,0,0.6351,90778549,0.9685,2317.0278
Custom,PrefixCollision,ARS Gen 6: Aero Architecture,1000000,17.8323,13010120,0,0.6348,90033043,0.9702,2567.0454
Custom,PrefixCollision,ARS Gen 6: Aero (Stable),1000000,21.9910,13427133,0,0.6341,90892285,0.9703,2081.5951
Custom,PrefixCollision,ARS Exp A: Recursive Parallel,1000000,19.3823,10308690,0,0.6351,89899863,0.9713,2361.7620
Custom,PrefixCollision,ARS Exp B: Hierarchical Staging,1000000,22.6829,11360616,0,0.6356,89899630,0.9726,2018.1023
Custom,PrefixCollision,ARS Exp C: Adaptive Hierarchical,1000000,20.4457,12417054,0,0.6354,89903109,0.9735,2238.9283
Custom,PrefixCollision,ARS Exp D: Stream Micro-Batch,1000000,48.5343,13659724,2000000,0.6355,90932937,0.9693,943.1759
