Category,Distribution,Algorithm,N,MinTime(ms),MedianTime(ms),CoV(%),Comparisons,Moves,LLC Miss Rate,Branch Misses,IPC,Throughput (MB/s)
i64,Random,Quicksort,1000,0.0190,0.0544,28.40,10106,0,0.5791,602,2.1602,804.1523
i64,Random,Timsort,1000,0.0448,0.0985,24.42,10817,0,0.4848,1268,1.7065,340.7577
i64,Random,ARS Gen 1: Foundation,1000,0.4017,1.1618,25.21,0,2000,0.2964,8216,1.9855,37.9827
i64,Random,ARS Gen 2: Grid Mapping,1000,1.2107,1.3924,6.42,0,2000,0.2726,9013,1.9666,12.6028
i64,Random,ARS Gen 3: Apex Baseline,1000,0.0245,0.0595,21.79,10106,0,0.7479,622,1.9770,624.0048
i64,Random,ARS Gen 4: Parallel Apex,1000,0.0178,0.0584,25.26,10106,0,0.7081,630,1.9809,856.7059
i64,Random,ARS Gen 5: Optimized Apex (MAIN),1000,0.0578,0.0602,10.18,10106,0,0.7508,636,1.9860,263.8194
i64,Random,ARS Gen 5: Optimized Apex (Stable),1000,0.0318,0.0939,26.90,10817,0,0.6236,1289,1.6906,479.5044
i64,Random,ARS Gen 6: Aero Architecture,1000,0.0165,0.0558,22.76,10106,0,0.7741,636,2.1173,926.0660
i64,Random,ARS Gen 6: Aero (Stable),1000,0.0256,0.1029,31.36,10817,0,0.5875,1307,1.7262,595.7904
i64,Random,ARS Exp A: Recursive Parallel,1000,0.0175,0.0588,22.72,10106,0,0.7385,622,2.0134,872.9784
i64,Random,ARS Exp B: Hierarchical Staging,1000,0.0194,0.0603,24.10,10106,0,0.7283,635,1.9876,784.8768
i64,Random,ARS Exp C: Adaptive Hierarchical,1000,0.0581,0.0604,17.41,10106,0,0.7555,615,1.9771,262.5439
i64,Random,ARS Exp D: Stream Micro-Batch,1000,0.4183,0.8927,20.69,10106,2000,0.2597,2182,0.4523,36.4790
i64,Random,Quicksort,10000,0.2180,0.6515,21.59,137237,0,0.1959,17200,0.6212,700.0504
i64,Random,Timsort,10000,0.3905,1.0574,23.14,140791,0,0.1928,23081,0.6698,390.7590
i64,Random,ARS Gen 1: Foundation,10000,10.2263,25.9069,26.71,0,30000,0.0725,106197,1.6040,14.9211
i64,Random,ARS Gen 2: Grid Mapping,10000,23.3804,26.6666,8.42,0,30000,0.1216,110599,1.6098,6.5263
i64,Random,ARS Gen 3: Apex Baseline,10000,0.7865,1.8104,30.80,193309,14351,0.1820,23013,0.7769,194.0176
i64,Random,ARS Gen 4: Parallel Apex,10000,0.4728,1.7116,33.01,51605,10000,0.1680,26141,0.6459,322.7167
i64,Random,ARS Gen 5: Optimized Apex (MAIN),10000,0.5028,1.1349,45.31,51605,0,0.1587,25459,0.5869,303.4648
i64,Random,ARS Gen 5: Optimized Apex (Stable),10000,0.8983,1.3861,30.34,57146,0,0.1580,27958,0.6277,169.8667
i64,Random,ARS Gen 6: Aero Architecture,10000,1.0580,1.7127,21.72,60498,0,0.1770,24029,0.5652,144.2235
i64,Random,ARS Gen 6: Aero (Stable),10000,0.5411,1.5577,32.83,63395,0,0.1848,27323,0.6045,281.9994
i64,Random,ARS Exp A: Recursive Parallel,10000,0.4248,1.2373,28.83,51605,0,0.1536,25799,0.5763,359.2163
i64,Random,ARS Exp B: Hierarchical Staging,10000,0.4187,1.1902,58.90,51605,0,0.1508,26058,0.5759,364.4395
i64,Random,ARS Exp C: Adaptive Hierarchical,10000,0.3092,1.2370,34.22,51605,0,0.1580,24964,0.5698,493.4367
i64,Random,ARS Exp D: Stream Micro-Batch,10000,1.8483,2.7014,34.55,51605,20000,0.1767,29067,0.5767,82.5562
i64,Random,Quicksort,100000,3.1853,7.3817,18.77,1705992,0,0.1711,96679,1.4856,479.0401
i64,Random,Timsort,100000,4.4439,11.8281,20.25,1744939,0,0.1194,148414,1.4509,343.3618
i64,Random,ARS Gen 1: Foundation,100000,66.2728,73.4501,4.89,0,300000,0.0340,1010558,0.9984,23.0242
i64,Random,ARS Gen 2: Grid Mapping,100000,47.4797,72.0142,14.50,0,300000,0.0402,1052565,1.0548,32.1375
i64,Random,ARS Gen 3: Apex Baseline,100000,3.7867,11.7186,38.02,1884009,108703,0.2320,115582,1.1872,402.9550
i64,Random,ARS Gen 4: Parallel Apex,100000,1.2428,6.0406,29.48,880743,100000,0.1718,117851,1.0527,1227.8038
i64,Random,ARS Gen 5: Optimized Apex (MAIN),100000,3.4457,4.7562,27.21,880743,0,0.1375,113084,1.0102,442.8403
i64,Random,ARS Gen 5: Optimized Apex (Stable),100000,3.9011,4.4049,15.33,918240,0,0.1414,168002,1.0493,391.1413
i64,Random,ARS Gen 6: Aero Architecture,100000,1.1045,4.3773,37.31,948744,0,0.1340,123068,0.9886,1381.4622
i64,Random,ARS Gen 6: Aero (Stable),100000,4.5996,5.2614,12.88,987470,0,0.2005,178076,1.0132,331.7430
i64,Random,ARS Exp A: Recursive Parallel,100000,3.4353,4.1547,11.80,880743,0,0.1369,112522,1.0067,444.1711
i64,Random,ARS Exp B: Hierarchical Staging,100000,4.9996,5.4837,10.18,771335,0,0.1434,106972,0.9619,305.2010
i64,Random,ARS Exp C: Adaptive Hierarchical,100000,1.8288,4.4785,34.55,880743,0,0.1239,114119,1.0286,834.3548
i64,Random,ARS Exp D: Stream Micro-Batch,100000,6.4180,7.9607,11.19,880743,200000,0.2264,119509,1.0158,237.7511
i64,Random,Quicksort,1000000,33.4045,37.2752,6.66,20438873,0,0.2873,641192,2.3503,456.7883
i64,Random,Timsort,1000000,36.8442,48.7180,12.98,20798910,0,0.2660,1156676,1.9726,414.1437
i64,Random,ARS Gen 3: Apex Baseline,1000000,38.6870,47.7470,7.26,21496306,1017407,0.3271,756755,1.3951,394.4163
i64,Random,ARS Gen 4: Parallel Apex,1000000,17.5703,24.0500,17.44,10216154,1000000,0.5150,708900,1.2482,868.4410
i64,Random,ARS Gen 5: Optimized Apex (MAIN),1000000,15.3963,21.0671,11.70,10216154,0,0.5003,665555,1.3160,991.0666
i64,Random,ARS Gen 5: Optimized Apex (Stable),1000000,19.1103,24.6993,15.53,10629290,0,0.5019,1195611,1.2165,798.4568
i64,Random,ARS Gen 6: Aero Architecture,1000000,14.1855,21.2497,19.37,12861536,0,0.4766,793820,1.3886,1075.6613
i64,Random,ARS Gen 6: Aero (Stable),1000000,23.2025,25.0733,15.94,13270401,0,0.4663,1332021,1.3302,657.6358
i64,Random,ARS Exp A: Recursive Parallel,1000000,22.6651,24.8854,8.71,10216154,0,0.4664,669781,1.2901,673.2269
i64,Random,ARS Exp B: Hierarchical Staging,1000000,23.6632,28.0078,15.28,11278099,0,0.5117,656424,1.3207,644.8312
i64,Random,ARS Exp C: Adaptive Hierarchical,1000000,17.8350,21.8725,21.71,12316944,0,0.5523,669618,1.3871,855.5536
i64,Random,ARS Exp D: Stream Micro-Batch,1000000,28.4388,38.8644,10.76,12168395,2000000,0.5374,2234389,1.0935,536.5477
i64,Random,Quicksort,10000000,259.0647,262.4669,1.73,237553537,0,0.4049,6264952,2.2378,588.9952
i64,Random,Timsort,10000000,457.3840,476.8788,1.95,241568435,0,0.4067,11417589,1.7712,333.6100
i64,Random,ARS Gen 3: Apex Baseline,10000000,276.6839,281.1822,1.52,247423856,10017407,0.3471,7338176,1.4631,551.4881
i64,Random,ARS Gen 4: Parallel Apex,10000000,144.2392,148.0839,2.22,136733625,10000000,0.6323,6737561,1.0930,1057.8806
i64,Random,ARS Gen 5: Optimized Apex (MAIN),10000000,129.4175,131.7763,1.45,136733625,0,0.6323,6305560,1.0882,1179.0358
i64,Random,ARS Gen 5: Optimized Apex (Stable),10000000,143.3017,146.1502,2.07,140883095,0,0.5443,11513479,1.0705,1064.8019
i64,Random,ARS Gen 6: Aero Architecture,10000000,103.3404,109.9019,2.92,163019324,0,0.5899,7654755,1.2746,1476.5563
i64,Random,ARS Gen 6: Aero (Stable),10000000,118.8479,135.9006,5.31,167029804,0,0.3988,12789400,1.1636,1283.8925
i64,Random,ARS Exp A: Recursive Parallel,10000000,155.4376,159.9004,1.84,46347538,0,0.4478,10137700,0.9251,981.6665
i64,Random,ARS Exp B: Hierarchical Staging,10000000,159.1674,164.1126,1.62,51646902,0,0.4800,5997150,0.9072,958.6630
i64,Random,ARS Exp C: Adaptive Hierarchical,10000000,148.6814,152.6172,4.69,51644969,0,0.4647,6305842,1.0094,1026.2741
i64,Random,ARS Exp D: Stream Micro-Batch,10000000,341.6089,348.9425,3.05,164995932,20000000,0.6464,35460050,0.7720,446.6742
i64,Gaussian,Quicksort,1000,0.0284,0.0557,30.02,10125,0,0.5953,29679034,0.9117,537.4327
i64,Gaussian,Timsort,1000,0.0502,0.1010,15.96,10641,0,0.5953,29679703,0.9117,304.2509
i64,Gaussian,ARS Gen 1: Foundation,1000,0.9186,0.9742,2.85,451,2000,0.5953,29687845,0.9118,16.6103
i64,Gaussian,ARS Gen 2: Grid Mapping,1000,0.2441,1.0491,32.31,451,2000,0.5953,29688157,0.9118,62.5014
i64,Gaussian,ARS Gen 3: Apex Baseline,1000,0.0590,0.0618,38.22,10125,0,0.5953,29679066,0.9117,258.7156
i64,Gaussian,ARS Gen 4: Parallel Apex,1000,0.0218,0.0618,23.76,10125,0,0.5953,29679044,0.9117,698.5985
i64,Gaussian,ARS Gen 5: Optimized Apex (MAIN),1000,0.0180,0.0627,30.44,10125,0,0.5953,29679048,0.9117,846.6287
i64,Gaussian,ARS Gen 5: Optimized Apex (Stable),1000,0.0271,0.1000,40.43,10641,0,0.5953,29679684,0.9117,562.2251
i64,Gaussian,ARS Gen 6: Aero Architecture,1000,0.0163,0.0732,35.03,10125,0,0.5953,29679050,0.9117,937.3296
i64,Gaussian,ARS Gen 6: Aero (Stable),1000,0.0326,0.1029,30.87,10641,0,0.5953,29679719,0.9117,467.8744
i64,Gaussian,ARS Exp A: Recursive Parallel,1000,0.0572,0.0597,20.59,10125,0,0.5953,29679057,0.9117,266.8460
i64,Gaussian,ARS Exp B: Hierarchical Staging,1000,0.0369,0.0626,23.74,10125,0,0.5953,29679056,0.9117,413.4613
i64,Gaussian,ARS Exp C: Adaptive Hierarchical,1000,0.0377,0.0618,63.22,10125,0,0.5953,29679045,0.9117,404.5385
i64,Gaussian,ARS Exp D: Stream Micro-Batch,1000,0.7111,0.8182,17.05,10125,2000,0.5952,29680795,0.9117,21.4590
i64,Gaussian,Quicksort,10000,0.2626,0.6036,22.12,136238,0,0.5947,29696414,0.9116,581.0526
i64,Gaussian,Timsort,10000,0.7881,1.0934,10.18,139989,0,0.5947,29702438,0.9116,193.6215
i64,Gaussian,ARS Gen 1: Foundation,10000,2.6051,6.3245,20.31,53356,30000,0.5944,29786660,0.9119,58.5735
i64,Gaussian,ARS Gen 2: Grid Mapping,10000,3.3833,6.6915,26.27,53350,30000,0.5944,29785519,0.9120,45.1005
i64,Gaussian,ARS Gen 3: Apex Baseline,10000,1.2918,1.8804,14.04,191469,14351,0.5945,29702777,0.9116,118.1164
i64,Gaussian,ARS Gen 4: Parallel Apex,10000,1.4580,1.7230,29.05,60383,10000,0.5944,29706893,0.9115,104.6561
i64,Gaussian,ARS Gen 5: Optimized Apex (MAIN),10000,0.6929,1.0635,26.93,60383,0,0.5943,29705573,0.9115,220.2033
i64,Gaussian,ARS Gen 5: Optimized Apex (Stable),10000,0.3119,1.2455,46.49,63258,0,0.5943,29710270,0.9115,489.2660
i64,Gaussian,ARS Gen 6: Aero Architecture,10000,0.7953,1.4509,20.19,57986,0,0.5944,29705637,0.9116,191.8637
i64,Gaussian,ARS Gen 6: Aero (Stable),10000,0.4538,1.6290,36.63,61011,0,0.5944,29709902,0.9115,336.2418
i64,Gaussian,ARS Exp A: Recursive Parallel,10000,0.7401,1.1292,14.14,60383,0,0.5943,29705615,0.9115,206.1700
i64,Gaussian,ARS Exp B: Hierarchical Staging,10000,0.9028,1.1902,15.26,60383,0,0.5943,29706183,0.9115,169.0103
i64,Gaussian,ARS Exp C: Adaptive Hierarchical,10000,1.0021,1.1414,50.52,60383,0,0.5943,29706024,0.9115,152.2620
i64,Gaussian,ARS Exp D: Stream Micro-Batch,10000,2.0047,2.5030,19.01,60383,20000,0.5942,29708141,0.9115,76.1140
i64,Gaussian,Quicksort,100000,4.1650,5.7604,10.04,1447885,0,0.5930,29757551,0.9128,366.3535
i64,Gaussian,Timsort,100000,8.4304,8.6702,3.73,1450620,0,0.5922,29782994,0.9129,180.9967
i64,Gaussian,ARS Gen 1: Foundation,100000,17.0169,32.4038,17.98,1390284,300000,0.5895,30622236,0.9132,89.6685
i64,Gaussian,ARS Gen 2: Grid Mapping,100000,16.4352,34.2583,27.60,1390350,300000,0.5892,30609493,0.9133,92.8422
i64,Gaussian,ARS Gen 3: Apex Baseline,100000,4.6233,11.3845,21.01,1641821,108703,0.5926,29780147,0.9128,330.0406
i64,Gaussian,ARS Gen 4: Parallel Apex,100000,5.0793,5.8757,22.94,733241,100000,0.5922,29781867,0.9122,300.4086
i64,Gaussian,ARS Gen 5: Optimized Apex (MAIN),100000,0.8196,3.9951,34.62,733241,0,0.5920,29774511,0.9121,1861.7384
i64,Gaussian,ARS Gen 5: Optimized Apex (Stable),100000,3.6764,4.6963,19.21,740691,0,0.5921,29805567,0.9121,415.0422
i64,Gaussian,ARS Gen 6: Aero Architecture,100000,1.2938,4.4815,33.45,705870,0,0.5922,29784428,0.9121,1179.4124
i64,Gaussian,ARS Gen 6: Aero (Stable),100000,1.6904,4.9602,23.95,710829,0,0.5920,29815622,0.9121,902.6578
i64,Gaussian,ARS Exp A: Recursive Parallel,100000,3.0376,3.9911,16.19,733241,0,0.5921,29774224,0.9121,502.3316
i64,Gaussian,ARS Exp B: Hierarchical Staging,100000,2.8115,5.4716,24.55,627560,0,0.5923,29769249,0.9119,542.7346
i64,Gaussian,ARS Exp C: Adaptive Hierarchical,100000,3.4359,3.9479,11.79,733241,0,0.5921,29773410,0.9122,444.1015
i64,Gaussian,ARS Exp D: Stream Micro-Batch,100000,5.7096,7.0157,14.05,733241,200000,0.5923,29780457,0.9121,267.2469
i64,Gaussian,Quicksort,1000000,16.3244,17.5955,8.49,13538941,0,0.5857,29844807,0.9261,934.7242
i64,Gaussian,Timsort,1000000,23.2078,24.2964,5.90,14691957,0,0.5747,29894619,0.9260,657.4857
i64,Gaussian,ARS Gen 3: Apex Baseline,1000000,30.2267,31.9375,10.26,14953783,1017407,0.5846,29940527,0.9227,504.8120
i64,Gaussian,ARS Gen 4: Parallel Apex,1000000,12.2402,13.8752,8.49,4792494,1000000,0.5922,29886023,0.9153,1246.6160
i64,Gaussian,ARS Gen 5: Optimized Apex (MAIN),1000000,12.5127,14.0568,8.45,4792494,0,0.5932,29874427,0.9134,1219.4593
i64,Gaussian,ARS Gen 5: Optimized Apex (Stable),1000000,12.4551,14.3238,10.00,4828822,0,0.5921,29948796,0.9139,1225.1069
i64,Gaussian,ARS Gen 6: Aero Architecture,1000000,9.9212,10.8160,13.63,6193223,0,0.5919,29991886,0.9193,1537.9993
i64,Gaussian,ARS Gen 6: Aero (Stable),1000000,10.5215,11.0450,8.75,6232034,0,0.5906,30064724,0.9197,1450.2439
i64,Gaussian,ARS Exp A: Recursive Parallel,1000000,11.9540,14.3564,10.97,4776517,0,0.5921,29871313,0.9150,1276.4641
i64,Gaussian,ARS Exp B: Hierarchical Staging,1000000,15.4047,16.6183,3.51,2279017,0,0.5876,29876457,0.9148,990.5276
i64,Gaussian,ARS Exp C: Adaptive Hierarchical,1000000,14.3993,15.1904,9.63,2539194,0,0.5891,29889005,0.9169,1059.6890
i64,Gaussian,ARS Exp D: Stream Micro-Batch,1000000,24.0394,26.0638,6.29,11501862,2000000,0.5871,30164569,0.9223,634.7405
i64,Gaussian,Quicksort,10000000,151.6126,157.3649,1.98,132841729,0,0.5514,30779178,1.0510,1006.4329
i64,Gaussian,Timsort,10000000,314.1014,319.7074,1.87,148723832,0,0.5115,31014497,1.0503,485.7918
i64,Gaussian,ARS Gen 3: Apex Baseline,10000000,236.0779,241.7113,4.04,145946763,10017407,0.5421,31488490,1.0156,646.3455
i64,Gaussian,ARS Gen 4: Parallel Apex,10000000,116.7510,121.0775,3.09,47450965,10000000,0.6098,30871420,0.9437,1306.9518
i64,Gaussian,ARS Gen 5: Optimized Apex (MAIN),10000000,114.4029,117.1628,2.78,47450965,0,0.6099,30821363,0.9156,1333.7770
i64,Gaussian,ARS Gen 5: Optimized Apex (Stable),10000000,118.9212,123.5569,2.15,47604105,0,0.5721,30999276,0.9153,1283.1003
i64,Gaussian,ARS Gen 6: Aero Architecture,10000000,84.8791,88.3036,3.35,60469657,0,0.5922,32123179,0.9555,1797.7080
i64,Gaussian,ARS Gen 6: Aero (Stable),10000000,107.3491,110.4565,1.86,60571782,0,0.5553,32265359,0.9327,1421.4170
i64,Gaussian,ARS Exp A: Recursive Parallel,10000000,139.0404,143.9697,4.32,12153004,0,0.5755,30949624,0.9187,1097.4353
i64,Gaussian,ARS Exp B: Hierarchical Staging,10000000,172.1553,176.0113,2.06,10784786,0,0.6275,30866853,0.8776,886.3386
i64,Gaussian,ARS Exp C: Adaptive Hierarchical,10000000,147.6234,151.7912,2.02,12715094,0,0.5907,30918989,0.9013,1033.6296
i64,Gaussian,ARS Exp D: Stream Micro-Batch,10000000,367.9634,375.3885,1.87,178299183,20000000,0.5804,34231483,1.0357,414.6822
i64,NearlySorted,Quicksort,1000,0.0288,0.0555,33.86,9803,0,0.5755,42739474,1.1082,529.7455
i64,NearlySorted,Timsort,1000,0.0327,0.0913,27.01,9687,0,0.5755,42739913,1.1082,465.9315
i64,NearlySorted,ARS Gen 1: Foundation,1000,0.2553,0.4812,17.50,9628,2000,0.5755,42743655,1.1082,59.7627
i64,NearlySorted,ARS Gen 2: Grid Mapping,1000,0.2484,0.5258,19.80,9676,2000,0.5755,42743443,1.1082,61.4347
i64,NearlySorted,ARS Gen 3: Apex Baseline,1000,0.0184,0.0620,26.12,9803,0,0.5755,42739504,1.1082,830.2296
i64,NearlySorted,ARS Gen 4: Parallel Apex,1000,0.0180,0.0608,29.81,9803,0,0.5755,42739484,1.1082,846.8166
i64,NearlySorted,ARS Gen 5: Optimized Apex (MAIN),1000,0.0190,0.0602,26.40,9803,0,0.5755,42739507,1.1082,801.7439
i64,NearlySorted,ARS Gen 5: Optimized Apex (Stable),1000,0.0741,0.0974,17.69,9687,0,0.5755,42739939,1.1082,205.9883
i64,NearlySorted,ARS Gen 6: Aero Architecture,1000,0.0194,0.0560,37.99,9803,0,0.5755,42739482,1.1082,787.7944
i64,NearlySorted,ARS Gen 6: Aero (Stable),1000,0.0916,0.1098,10.37,9687,0,0.5755,42739916,1.1082,166.6698
i64,NearlySorted,ARS Exp A: Recursive Parallel,1000,0.0306,0.0607,27.94,9803,0,0.5755,42739488,1.1082,497.8560
i64,NearlySorted,ARS Exp B: Hierarchical Staging,1000,0.0307,0.0621,25.89,9803,0,0.5755,42739479,1.1082,497.4989
i64,NearlySorted,ARS Exp C: Adaptive Hierarchical,1000,0.0189,0.0618,42.00,9803,0,0.5755,42739499,1.1082,805.3406
i64,NearlySorted,ARS Exp D: Stream Micro-Batch,1000,0.7243,0.8418,12.46,9803,2000,0.5755,42741274,1.1082,21.0667
i64,NearlySorted,Quicksort,10000,0.1861,0.6147,23.43,135107,0,0.5754,42757644,1.1081,819.8581
i64,NearlySorted,Timsort,10000,0.8587,0.9129,12.20,132213,0,0.5754,42760730,1.1081,177.6877
i64,NearlySorted,ARS Gen 1: Foundation,10000,1.5982,4.5093,27.12,130086,30000,0.5753,42797027,1.1083,95.4768
i64,NearlySorted,ARS Gen 2: Grid Mapping,10000,2.0843,4.4799,18.65,129981,30000,0.5753,42792726,1.1083,73.2085
i64,NearlySorted,ARS Gen 3: Apex Baseline,10000,1.8073,1.9156,26.81,186385,14351,0.5753,42763015,1.1081,84.4293
i64,NearlySorted,ARS Gen 4: Parallel Apex,10000,1.4746,1.6416,11.34,45393,10000,0.5753,42766496,1.1081,103.4742
i64,NearlySorted,ARS Gen 5: Optimized Apex (MAIN),10000,0.3155,1.0751,45.09,45393,0,0.5753,42765312,1.1080,483.5770
i64,NearlySorted,ARS Gen 5: Optimized Apex (Stable),10000,0.6080,1.2937,30.72,37030,0,0.5753,42764003,1.1081,250.9500
i64,NearlySorted,ARS Gen 6: Aero Architecture,10000,1.3489,1.5446,9.72,51182,0,0.5753,42767451,1.1081,113.1239
i64,NearlySorted,ARS Gen 6: Aero (Stable),10000,1.4047,1.7018,23.97,45096,0,0.5753,42768872,1.1081,108.6240
i64,NearlySorted,ARS Exp A: Recursive Parallel,10000,0.3315,1.0716,49.58,45393,0,0.5753,42763977,1.1080,460.3633
i64,NearlySorted,ARS Exp B: Hierarchical Staging,10000,0.9288,1.2809,24.92,45393,0,0.5753,42764728,1.1080,164.2857
i64,NearlySorted,ARS Exp C: Adaptive Hierarchical,10000,0.8190,1.2638,26.06,45393,0,0.5753,42765551,1.1080,186.3205
i64,NearlySorted,ARS Exp D: Stream Micro-Batch,10000,1.9372,2.2527,21.62,45393,20000,0.5752,42768834,1.1080,78.7661
i64,NearlySorted,Quicksort,100000,1.8479,7.4756,35.12,1704789,0,0.5750,42834566,1.1086,825.7349
i64,NearlySorted,Timsort,100000,10.2821,10.6084,4.98,1670195,0,0.5747,42857480,1.1086,148.4010
i64,NearlySorted,ARS Gen 1: Foundation,100000,10.5612,30.7759,32.47,1642908,300000,0.5742,43200804,1.1096,144.4803
i64,NearlySorted,ARS Gen 2: Grid Mapping,100000,11.9841,25.6201,36.55,1642836,300000,0.5741,43154471,1.1094,127.3250
i64,NearlySorted,ARS Gen 3: Apex Baseline,100000,3.5874,11.1891,25.73,1828718,108703,0.5750,42851110,1.1084,425.3480
i64,NearlySorted,ARS Gen 4: Parallel Apex,100000,5.0338,5.3936,13.26,829558,100000,0.5747,42853286,1.1081,303.1248
i64,NearlySorted,ARS Gen 5: Optimized Apex (MAIN),100000,1.5946,4.4987,29.51,829558,0,0.5747,42851368,1.1081,956.9123
i64,NearlySorted,ARS Gen 5: Optimized Apex (Stable),100000,0.8471,3.8423,32.81,407054,0,0.5746,42829311,1.1080,1801.3547
i64,NearlySorted,ARS Gen 6: Aero Architecture,100000,1.0140,4.3681,29.13,829558,0,0.5747,42859224,1.1081,1504.8754
i64,NearlySorted,ARS Gen 6: Aero (Stable),100000,2.9842,4.0915,18.77,407054,0,0.5747,42836333,1.1080,511.3117
i64,NearlySorted,ARS Exp A: Recursive Parallel,100000,1.0348,4.3384,30.48,829558,0,0.5746,42851547,1.1081,1474.5199
i64,NearlySorted,ARS Exp B: Hierarchical Staging,100000,4.7945,5.3048,9.45,718749,0,0.5747,42843420,1.1080,318.2544
i64,NearlySorted,ARS Exp C: Adaptive Hierarchical,100000,1.4382,4.3176,30.08,829558,0,0.5746,42851699,1.1081,1060.9909
i64,NearlySorted,ARS Exp D: Stream Micro-Batch,100000,6.0202,7.2610,18.82,829558,200000,0.5749,42853510,1.1081,253.4581
i64,NearlySorted,Quicksort,1000000,42.6577,45.2509,3.18,20743535,0,0.5736,43361159,1.1163,357.7026
i64,NearlySorted,Timsort,1000000,40.0358,53.5821,8.83,19762519,0,0.5702,43572065,1.1161,381.1284
i64,NearlySorted,ARS Gen 3: Apex Baseline,1000000,45.2722,50.6819,6.33,20996656,1017407,0.5740,43450038,1.1128,337.0453
i64,NearlySorted,ARS Gen 4: Parallel Apex,1000000,16.8836,30.0696,21.79,9747020,1000000,0.5748,43405055,1.1107,903.7617
i64,NearlySorted,ARS Gen 5: Optimized Apex (MAIN),1000000,18.6617,26.8267,13.50,9747020,0,0.5748,43385392,1.1104,817.6521
i64,NearlySorted,ARS Gen 5: Optimized Apex (Stable),1000000,17.1902,22.0289,8.75,4120566,0,0.5751,43139366,1.1093,887.6440
i64,NearlySorted,ARS Gen 6: Aero Architecture,1000000,12.3156,28.1366,21.73,12586996,0,0.5743,43504052,1.1117,1238.9767
i64,NearlySorted,ARS Gen 6: Aero (Stable),1000000,12.4941,26.0354,17.87,5680423,0,0.5741,43264828,1.1100,1221.2824
i64,NearlySorted,ARS Exp A: Recursive Parallel,1000000,15.1741,25.6740,21.73,9747020,0,0.5750,43381093,1.1106,1005.5808
i64,NearlySorted,ARS Exp B: Hierarchical Staging,1000000,28.8209,30.2007,14.29,10842040,0,0.5749,43371095,1.1106,529.4346
i64,NearlySorted,ARS Exp C: Adaptive Hierarchical,1000000,13.8991,31.5267,19.95,11927172,0,0.5750,43383852,1.1115,1097.8258
i64,NearlySorted,ARS Exp D: Stream Micro-Batch,1000000,29.1074,40.5922,13.99,14924313,2000000,0.5744,43625216,1.1126,524.2231
i64,NearlySorted,Quicksort,10000000,268.2934,271.9217,0.94,244096088,0,0.5627,50258713,1.2091,568.7352
i64,NearlySorted,Timsort,10000000,448.1121,453.9939,0.98,230737667,0,0.5444,51096714,1.1953,340.5128
i64,NearlySorted,ARS Gen 3: Apex Baseline,10000000,272.8091,282.3060,2.11,244212329,10017407,0.5698,51028156,1.1728,559.3210
i64,NearlySorted,ARS Gen 4: Parallel Apex,10000000,141.5572,146.4819,1.77,133749822,10000000,0.5839,50477326,1.1252,1077.9237
i64,NearlySorted,ARS Gen 5: Optimized Apex (MAIN),10000000,127.9338,133.0972,2.75,133749822,0,0.5839,50239283,1.1265,1192.7099
i64,NearlySorted,ARS Gen 5: Optimized Apex (Stable),10000000,115.8240,118.0262,2.81,48510427,0,0.5829,47740078,1.1121,1317.4122
i64,NearlySorted,ARS Gen 6: Aero Architecture,10000000,104.9347,110.8475,2.97,162283191,0,0.5767,51531524,1.1536,1454.1225
i64,NearlySorted,ARS Gen 6: Aero (Stable),10000000,95.8256,113.5296,7.66,93541156,0,0.5706,49094053,1.1306,1592.3505
i64,NearlySorted,ARS Exp A: Recursive Parallel,10000000,142.5349,147.8387,1.93,23884325,0,0.5711,49915195,1.1059,1070.5301
i64,NearlySorted,ARS Exp B: Hierarchical Staging,10000000,159.9941,165.9065,4.13,45018781,0,0.5690,48553764,1.1090,953.7093
i64,NearlySorted,ARS Exp C: Adaptive Hierarchical,10000000,146.0925,149.8015,1.61,45028020,0,0.5681,48784702,1.1095,1044.4611
i64,NearlySorted,ARS Exp D: Stream Micro-Batch,10000000,410.4198,418.0952,1.07,240103886,20000000,0.5676,53914742,1.1653,371.7850
i64,Duplicates,Quicksort,1000,0.0164,0.0174,39.01,3696,0,0.5692,73419487,1.2198,928.0937
i64,Duplicates,Timsort,1000,0.0121,0.0505,47.19,3708,0,0.5692,73419625,1.2198,1264.7152
i64,Duplicates,ARS Gen 1: Foundation,1000,0.1516,0.1672,16.84,995,2000,0.5692,73421067,1.2198,100.6470
i64,Duplicates,ARS Gen 2: Grid Mapping,1000,0.2194,0.2385,10.55,995,2000,0.5692,73421155,1.2198,69.5329
i64,Duplicates,ARS Gen 3: Apex Baseline,1000,0.0071,0.0194,29.77,3696,0,0.5692,73419490,1.2198,2148.8226
i64,Duplicates,ARS Gen 4: Parallel Apex,1000,0.0067,0.0192,59.40,3696,0,0.5692,73419487,1.2198,2277.7712
i64,Duplicates,ARS Gen 5: Optimized Apex (MAIN),1000,0.0140,0.0192,39.03,3696,0,0.5692,73419484,1.2198,1089.1356
i64,Duplicates,ARS Gen 5: Optimized Apex (Stable),1000,0.0122,0.0410,38.60,3708,0,0.5692,73419631,1.2198,1253.7005
i64,Duplicates,ARS Gen 6: Aero Architecture,1000,0.0119,0.0180,50.51,3696,0,0.5692,73419487,1.2198,1285.9253
i64,Duplicates,ARS Gen 6: Aero (Stable),1000,0.0178,0.0409,27.32,3708,0,0.5692,73419640,1.2198,859.6017
i64,Duplicates,ARS Exp A: Recursive Parallel,1000,0.0181,0.0191,45.74,3696,0,0.5692,73419495,1.2198,843.6796
i64,Duplicates,ARS Exp B: Hierarchical Staging,1000,0.0193,0.0208,15.29,3696,0,0.5692,73419486,1.2198,791.6363
i64,Duplicates,ARS Exp C: Adaptive Hierarchical,1000,0.0076,0.0199,37.87,3696,0,0.5692,73419489,1.2198,1999.8413
i64,Duplicates,ARS Exp D: Stream Micro-Batch,1000,0.5972,0.7308,11.26,3696,2000,0.5692,73420881,1.2197,25.5524
i64,Duplicates,Quicksort,10000,0.0389,0.1297,27.64,36514,0,0.5691,73431535,1.2197,3926.7066
i64,Duplicates,Timsort,10000,0.2495,0.2787,6.70,36706,0,0.5691,73431845,1.2197,611.5600
i64,Duplicates,ARS Gen 1: Foundation,10000,0.4799,1.5260,23.69,9995,30000,0.5691,73444131,1.2197,317.9597
i64,Duplicates,ARS Gen 2: Grid Mapping,10000,0.4654,1.7290,40.26,9995,30000,0.5691,73444860,1.2197,327.8830
i64,Duplicates,ARS Gen 3: Apex Baseline,10000,1.5467,1.6417,19.62,115253,14351,0.5691,73434116,1.2197,98.6561
i64,Duplicates,ARS Gen 4: Parallel Apex,10000,0.7260,1.6164,38.01,9999,10000,0.5691,73439192,1.2197,210.1776
i64,Duplicates,ARS Gen 5: Optimized Apex (MAIN),10000,0.2709,0.8902,25.53,9999,0,0.5691,73438339,1.2197,563.2566
i64,Duplicates,ARS Gen 5: Optimized Apex (Stable),10000,0.9808,1.0840,23.00,9999,0,0.5691,73437719,1.2197,155.5678
i64,Duplicates,ARS Gen 6: Aero Architecture,10000,0.8706,1.3420,14.76,9999,0,0.5691,73442624,1.2197,175.2764
i64,Duplicates,ARS Gen 6: Aero (Stable),10000,0.4105,1.6352,26.14,9999,0,0.5691,73442932,1.2197,371.7259
i64,Duplicates,ARS Exp A: Recursive Parallel,10000,0.8467,1.1712,19.25,9999,0,0.5691,73438396,1.2197,180.2091
i64,Duplicates,ARS Exp B: Hierarchical Staging,10000,0.3656,0.9192,26.66,9999,0,0.5691,73437242,1.2197,417.3367
i64,Duplicates,ARS Exp C: Adaptive Hierarchical,10000,0.2551,1.0389,31.13,9999,0,0.5691,73438470,1.2197,598.0649
i64,Duplicates,ARS Exp D: Stream Micro-Batch,10000,1.0562,2.0644,33.90,9999,20000,0.5690,73441413,1.2196,144.4683
i64,Duplicates,Quicksort,100000,0.3335,1.3492,29.65,362149,0,0.5688,73463134,1.2196,4575.8430
i64,Duplicates,Timsort,100000,2.5215,2.7292,4.65,362807,0,0.5687,73463795,1.2196,605.1375
i64,Duplicates,ARS Gen 1: Foundation,100000,7.5746,8.0382,5.60,99995,300000,0.5688,73579144,1.2195,201.4479
i64,Duplicates,ARS Gen 2: Grid Mapping,100000,2.6626,8.8958,22.98,99995,300000,0.5688,73591589,1.2196,573.0846
i64,Duplicates,ARS Gen 3: Apex Baseline,100000,10.3687,11.0205,5.78,1130042,108703,0.5688,73472230,1.2197,147.1626
i64,Duplicates,ARS Gen 4: Parallel Apex,100000,3.2506,3.8013,18.38,99999,100000,0.5687,73472820,1.2196,469.4073
i64,Duplicates,ARS Gen 5: Optimized Apex (MAIN),100000,1.1750,2.5506,29.07,99999,0,0.5687,73472530,1.2195,1298.6535
i64,Duplicates,ARS Gen 5: Optimized Apex (Stable),100000,3.2648,3.6478,22.01,99999,0,0.5687,73475077,1.2195,467.3749
i64,Duplicates,ARS Gen 6: Aero Architecture,100000,3.0540,4.0384,16.32,99999,0,0.5688,73527577,1.2195,499.6306
i64,Duplicates,ARS Gen 6: Aero (Stable),100000,0.8639,3.5027,43.28,99999,0,0.5687,73527546,1.2195,1766.1658
i64,Duplicates,ARS Exp A: Recursive Parallel,100000,1.7758,3.7689,39.71,199994,0,0.5686,73479040,1.2196,859.2551
i64,Duplicates,ARS Exp B: Hierarchical Staging,100000,2.9531,4.6988,17.26,199994,0,0.5687,73471993,1.2195,516.7046
i64,Duplicates,ARS Exp C: Adaptive Hierarchical,100000,2.6854,3.7073,13.71,199994,0,0.5687,73478239,1.2195,568.2025
i64,Duplicates,ARS Exp D: Stream Micro-Batch,100000,1.5152,6.0667,27.18,99999,200000,0.5687,73475722,1.2195,1007.0179
i64,Duplicates,Quicksort,1000000,4.8415,6.2973,17.25,3806445,0,0.5682,73485120,1.2203,3151.6545
i64,Duplicates,Timsort,1000000,9.5345,11.0192,7.23,4510537,0,0.5674,73486793,1.2201,1600.3754
i64,Duplicates,ARS Gen 3: Apex Baseline,1000000,27.4873,28.3937,3.34,12059615,1017407,0.5687,73553173,1.2210,555.1221
i64,Duplicates,ARS Gen 4: Parallel Apex,1000000,11.0095,12.4970,8.56,1000001,1000000,0.5691,73501862,1.2188,1385.9673
i64,Duplicates,ARS Gen 5: Optimized Apex (MAIN),1000000,10.3159,12.1440,8.08,1000001,0,0.5690,73502279,1.2175,1479.1549
i64,Duplicates,ARS Gen 5: Optimized Apex (Stable),1000000,11.2973,13.2914,8.11,1000001,0,0.5693,73502976,1.2176,1350.6531
i64,Duplicates,ARS Gen 6: Aero Architecture,1000000,7.4897,10.1809,13.62,1000001,0,0.5689,74051173,1.2188,2037.2939
i64,Duplicates,ARS Gen 6: Aero (Stable),1000000,8.1126,10.0322,11.21,1000001,0,0.5689,74052353,1.2189,1880.8851
i64,Duplicates,ARS Exp A: Recursive Parallel,1000000,14.6206,15.4099,5.73,1999996,0,0.5693,73511584,1.2169,1043.6517
i64,Duplicates,ARS Exp B: Hierarchical Staging,1000000,11.3572,12.7156,8.81,1999996,0,0.5690,73499263,1.2184,1343.5331
i64,Duplicates,ARS Exp C: Adaptive Hierarchical,1000000,13.5549,14.9567,6.12,1999996,0,0.5693,73510733,1.2170,1125.7042
i64,Duplicates,ARS Exp D: Stream Micro-Batch,1000000,21.6551,23.3164,5.09,5365058,2000000,0.5673,73562887,1.2194,704.6295
i64,Duplicates,Quicksort,10000000,53.6999,56.5719,2.73,36019091,0,0.5690,73580558,1.2236,2841.4921
i64,Duplicates,Timsort,10000000,183.8064,189.7458,1.17,50543152,0,0.5714,73586479,1.2205,830.1557
i64,Duplicates,ARS Gen 3: Apex Baseline,10000000,187.1202,196.3804,3.19,120059628,10017407,0.5703,74230263,1.2330,815.4538
i64,Duplicates,ARS Gen 4: Parallel Apex,10000000,97.5637,99.2508,1.74,10000003,10000000,0.5750,73606119,1.1923,1563.9821
i64,Duplicates,ARS Gen 5: Optimized Apex (MAIN),10000000,96.8534,99.9386,1.93,10000003,0,0.5750,73605947,1.1925,1575.4525
i64,Duplicates,ARS Gen 5: Optimized Apex (Stable),10000000,97.2572,99.2916,2.92,10000003,0,0.5752,73606539,1.1925,1568.9110
i64,Duplicates,ARS Gen 6: Aero Architecture,10000000,59.2477,60.8879,2.36,10000003,0,0.5724,79152941,1.2024,2575.4222
i64,Duplicates,ARS Gen 6: Aero (Stable),10000000,59.7805,61.8601,2.40,10000003,0,0.5724,79148672,1.2012,2552.4699
i64,Duplicates,ARS Exp A: Recursive Parallel,10000000,122.4167,125.9737,1.56,19999998,0,0.5774,73619961,1.1863,1246.4632
i64,Duplicates,ARS Exp B: Hierarchical Staging,10000000,103.2631,105.5967,1.70,19999998,0,0.5764,73600776,1.1996,1477.6613
i64,Duplicates,ARS Exp C: Adaptive Hierarchical,10000000,124.2124,127.7601,1.90,19999998,0,0.5773,73622370,1.1918,1228.4431
i64,Duplicates,ARS Exp D: Stream Micro-Batch,10000000,339.7035,348.3952,1.27,109768705,20000000,0.5680,74173083,1.2110,449.1796
i64,Zipfian,Quicksort,1000,0.0266,0.0294,9.90,5850,0,0.5657,75519695,1.2239,573.8544
i64,Zipfian,Timsort,1000,0.0178,0.0591,36.84,5919,0,0.5657,75519950,1.2239,856.5616
i64,Zipfian,ARS Gen 1: Foundation,1000,0.1034,0.2226,27.88,4500,2000,0.5657,75520881,1.2239,147.6119
i64,Zipfian,ARS Gen 2: Grid Mapping,1000,0.2254,0.2598,13.25,4500,2000,0.5657,75520918,1.2239,67.6935
i64,Zipfian,ARS Gen 3: Apex Baseline,1000,0.0128,0.0327,29.99,5850,0,0.5657,75519709,1.2239,1188.9348
i64,Zipfian,ARS Gen 4: Parallel Apex,1000,0.0094,0.0316,28.00,5850,0,0.5657,75519700,1.2239,1629.1682
i64,Zipfian,ARS Gen 5: Optimized Apex (MAIN),1000,0.0116,0.0311,22.75,5850,0,0.5657,75519703,1.2239,1319.0516
i64,Zipfian,ARS Gen 5: Optimized Apex (Stable),1000,0.0149,0.0575,37.67,5919,0,0.5657,75519968,1.2239,1021.9536
i64,Zipfian,ARS Gen 6: Aero Architecture,1000,0.0083,0.0302,40.52,5850,0,0.5657,75519714,1.2239,1847.7584
i64,Zipfian,ARS Gen 6: Aero (Stable),1000,0.0166,0.0575,37.26,5919,0,0.5657,75519947,1.2239,916.7191
i64,Zipfian,ARS Exp A: Recursive Parallel,1000,0.0305,0.0320,31.75,5850,0,0.5657,75519713,1.2239,500.6986
i64,Zipfian,ARS Exp B: Hierarchical Staging,1000,0.0127,0.0315,19.91,5850,0,0.5657,75519694,1.2239,1201.9527
i64,Zipfian,ARS Exp C: Adaptive Hierarchical,1000,0.0106,0.0344,37.83,5850,0,0.5657,75519706,1.2239,1445.5086
i64,Zipfian,ARS Exp D: Stream Micro-Batch,1000,0.5681,0.8148,15.71,5850,2000,0.5657,75521377,1.2238,26.8591
i64,Zipfian,Quicksort,10000,0.0557,0.2158,26.61,61801,0,0.5657,75532278,1.2238,2737.8374
i64,Zipfian,Timsort,10000,0.2635,0.3837,15.12,58783,0,0.5657,75533217,1.2238,579.0900
i64,Zipfian,ARS Gen 1: Foundation,10000,0.6522,1.8042,22.12,49663,30000,0.5657,75538755,1.2238,233.9440
i64,Zipfian,ARS Gen 2: Grid Mapping,10000,1.0118,1.9977,21.38,49663,30000,0.5657,75538474,1.2238,150.8073
i64,Zipfian,ARS Gen 3: Apex Baseline,10000,1.5586,1.6983,8.27,126177,14351,0.5657,75535656,1.2238,97.9012
i64,Zipfian,ARS Gen 4: Parallel Apex,10000,1.3679,2.0859,16.92,48406,10000,0.5656,75540758,1.2238,111.5491
i64,Zipfian,ARS Gen 5: Optimized Apex (MAIN),10000,1.1701,1.3838,17.89,48406,0,0.5656,75540391,1.2238,130.4082
i64,Zipfian,ARS Gen 5: Optimized Apex (Stable),10000,0.9682,1.3992,17.14,49001,0,0.5656,75540348,1.2238,157.5958
i64,Zipfian,ARS Gen 6: Aero Architecture,10000,1.8529,2.0811,6.71,47554,0,0.5657,75539601,1.2238,82.3511
i64,Zipfian,ARS Gen 6: Aero (Stable),10000,1.9936,2.3164,10.91,44955,0,0.5656,75540184,1.2238,76.5379
i64,Zipfian,ARS Exp A: Recursive Parallel,10000,1.1349,1.6184,24.17,12994,0,0.5656,75544944,1.2238,134.4536
i64,Zipfian,ARS Exp B: Hierarchical Staging,10000,0.3953,1.4529,25.70,48406,0,0.5656,75539744,1.2238,386.0326
i64,Zipfian,ARS Exp C: Adaptive Hierarchical,10000,0.3764,1.3945,36.39,48406,0,0.5656,75539768,1.2238,405.4156
i64,Zipfian,ARS Exp D: Stream Micro-Batch,10000,0.7120,2.3340,25.06,48406,20000,0.5656,75541692,1.2238,214.3004
i64,Zipfian,Quicksort,100000,1.2499,1.9466,12.06,534636,0,0.5656,75547322,1.2238,1220.7676
i64,Zipfian,Timsort,100000,0.9991,3.5883,24.80,537945,0,0.5655,75550619,1.2238,1527.2060
i64,Zipfian,ARS Gen 1: Foundation,100000,8.8644,9.8533,6.96,510754,300000,0.5655,75605031,1.2238,172.1359
i64,Zipfian,ARS Gen 2: Grid Mapping,100000,4.7311,10.6152,20.11,510754,300000,0.5655,75607359,1.2240,322.5204
i64,Zipfian,ARS Gen 3: Apex Baseline,100000,3.5771,8.9623,32.11,1173602,108703,0.5655,75558105,1.2238,426.5642
i64,Zipfian,ARS Gen 4: Parallel Apex,100000,3.4185,7.8055,30.27,519160,100000,0.5655,75561799,1.2238,446.3626
i64,Zipfian,ARS Gen 5: Optimized Apex (MAIN),100000,1.8542,5.5647,28.39,519160,0,0.5655,75559875,1.2238,822.9276
i64,Zipfian,ARS Gen 5: Optimized Apex (Stable),100000,2.4334,5.3563,26.02,523903,0,0.5654,75562986,1.2238,627.0440
i64,Zipfian,ARS Gen 6: Aero Architecture,100000,4.8119,5.4773,9.16,517480,0,0.5655,75559423,1.2238,317.1028
i64,Zipfian,ARS Gen 6: Aero (Stable),100000,5.5353,6.0377,8.95,509167,0,0.5654,75562161,1.2238,275.6649
i64,Zipfian,ARS Exp A: Recursive Parallel,100000,2.8688,7.5617,28.02,206193,0,0.5652,75586939,1.2237,531.8799
i64,Zipfian,ARS Exp B: Hierarchical Staging,100000,6.7158,7.9125,15.30,182098,0,0.5654,75564501,1.2237,227.2068
i64,Zipfian,ARS Exp C: Adaptive Hierarchical,100000,2.1976,8.6680,35.70,200782,0,0.5653,75583110,1.2238,694.3536
i64,Zipfian,ARS Exp D: Stream Micro-Batch,100000,3.8680,7.5676,20.92,519160,200000,0.5655,75564062,1.2238,394.4896
i64,Zipfian,Quicksort,1000000,4.2107,5.1398,13.25,5272329,0,0.5651,75566226,1.2246,3623.8146
i64,Zipfian,Timsort,1000000,8.9367,10.8375,10.57,6330674,0,0.5642,75577134,1.2242,1707.4234
i64,Zipfian,ARS Gen 3: Apex Baseline,1000000,21.5003,22.4593,4.17,12320111,1017407,0.5655,75638362,1.2247,709.7023
i64,Zipfian,ARS Gen 4: Parallel Apex,1000000,17.1400,18.4092,5.78,5208968,1000000,0.5654,75587860,1.2218,890.2442
i64,Zipfian,ARS Gen 5: Optimized Apex (MAIN),1000000,14.5380,16.3568,5.56,5208968,0,0.5654,75586691,1.2222,1049.5783
i64,Zipfian,ARS Gen 5: Optimized Apex (Stable),1000000,19.8013,21.1633,4.86,6016924,0,0.5649,75598863,1.2214,770.5943
i64,Zipfian,ARS Gen 6: Aero Architecture,1000000,10.0054,11.5220,7.22,5219974,0,0.5653,75582634,1.2234,1525.0618
i64,Zipfian,ARS Gen 6: Aero (Stable),1000000,17.1363,17.4816,5.82,6049952,0,0.5648,75594317,1.2229,890.4350
i64,Zipfian,ARS Exp A: Recursive Parallel,1000000,19.7432,22.0031,4.48,1939509,0,0.5658,75660645,1.2173,772.8633
i64,Zipfian,ARS Exp B: Hierarchical Staging,1000000,26.9411,27.7781,7.25,2076206,0,0.5662,75627951,1.2214,566.3769
i64,Zipfian,ARS Exp C: Adaptive Hierarchical,1000000,31.9022,33.0678,4.61,2063636,0,0.5662,75663431,1.2179,478.2988
i64,Zipfian,ARS Exp D: Stream Micro-Batch,1000000,19.4755,20.8846,5.25,9886880,2000000,0.5650,75675142,1.2236,783.4883
i64,Zipfian,Quicksort,10000000,74.5188,76.6158,1.77,52910303,0,0.5653,75853244,1.2379,2047.6420
i64,Zipfian,Timsort,10000000,205.2979,207.1332,1.38,65720450,0,0.5633,75928394,1.2352,743.2512
i64,Zipfian,ARS Gen 3: Apex Baseline,10000000,204.3626,209.5689,1.27,122355136,10017407,0.5674,76516104,1.2414,746.6528
i64,Zipfian,ARS Gen 4: Parallel Apex,10000000,194.1991,196.8929,1.73,52454409,10000000,0.5702,75898524,1.2197,785.7291
i64,Zipfian,ARS Gen 5: Optimized Apex (MAIN),10000000,170.4130,172.4765,2.51,52454409,0,0.5695,75883461,1.2216,895.4007
i64,Zipfian,ARS Gen 5: Optimized Apex (Stable),10000000,296.3805,304.6473,1.65,65723702,0,0.5685,75957632,1.2187,514.8379
i64,Zipfian,ARS Gen 6: Aero Architecture,10000000,130.1768,131.5993,1.76,52850002,0,0.5682,75878537,1.2265,1172.1585
i64,Zipfian,ARS Gen 6: Aero (Stable),10000000,257.1309,262.5700,1.23,65610667,0,0.5668,75954847,1.2227,593.4251
i64,Zipfian,ARS Exp A: Recursive Parallel,10000000,293.4969,301.3360,1.17,20237960,0,0.5771,76306499,1.1811,519.8961
i64,Zipfian,ARS Exp B: Hierarchical Staging,10000000,282.6183,286.4323,1.02,20109720,0,0.5762,76041177,1.2040,539.9081
i64,Zipfian,ARS Exp C: Adaptive Hierarchical,10000000,330.9282,336.8186,1.42,20324898,0,0.5772,76225970,1.1923,461.0906
i64,Zipfian,ARS Exp D: Stream Micro-Batch,10000000,373.7314,379.7669,1.38,160313749,20000000,0.5634,77005633,1.2334,408.2823
i64,Skewed,Quicksort,1000,0.0166,0.0551,39.45,10107,0,0.5567,79219448,1.2619,921.8141
i64,Skewed,Timsort,1000,0.0534,0.1183,30.64,10872,0,0.5567,79220200,1.2619,285.6381
i64,Skewed,ARS Gen 1: Foundation,1000,0.2913,0.8540,22.69,746,2000,0.5567,79228382,1.2619,52.3840
i64,Skewed,ARS Gen 2: Grid Mapping,1000,0.4451,0.9352,16.90,743,2000,0.5567,79228353,1.2619,34.2815
i64,Skewed,ARS Gen 3: Apex Baseline,1000,0.0260,0.0601,35.58,10107,0,0.5567,79219497,1.2619,587.0346
i64,Skewed,ARS Gen 4: Parallel Apex,1000,0.0190,0.0601,28.26,10107,0,0.5567,79219486,1.2619,802.4606
i64,Skewed,ARS Gen 5: Optimized Apex (MAIN),1000,0.0173,0.0595,35.03,10107,0,0.5567,79219472,1.2619,882.8785
i64,Skewed,ARS Gen 5: Optimized Apex (Stable),1000,0.0984,0.1205,14.81,10872,0,0.5567,79220156,1.2619,155.1084
i64,Skewed,ARS Gen 6: Aero Architecture,1000,0.0233,0.0550,27.97,10107,0,0.5567,79219469,1.2619,654.8555
i64,Skewed,ARS Gen 6: Aero (Stable),1000,0.0999,0.1088,19.85,10872,0,0.5567,79220152,1.2619,152.7575
i64,Skewed,ARS Exp A: Recursive Parallel,1000,0.0236,0.0611,31.06,10107,0,0.5567,79219453,1.2619,647.1621
i64,Skewed,ARS Exp B: Hierarchical Staging,1000,0.0248,0.0597,23.69,10107,0,0.5567,79219477,1.2619,616.1184
i64,Skewed,ARS Exp C: Adaptive Hierarchical,1000,0.0585,0.0726,34.51,10107,0,0.5567,79219471,1.2619,260.8474
i64,Skewed,ARS Exp D: Stream Micro-Batch,1000,0.3953,0.7607,22.34,10107,2000,0.5567,79221314,1.2619,38.6036
i64,Skewed,Quicksort,10000,0.5821,0.6075,3.92,133817,0,0.5566,79236988,1.2619,262.1204
i64,Skewed,Timsort,10000,0.2926,1.0577,32.13,138090,0,0.5566,79242651,1.2619,521.4630
i64,Skewed,ARS Gen 1: Foundation,10000,1.4066,5.1943,29.33,83701,30000,0.5566,79311818,1.2619,108.4836
i64,Skewed,ARS Gen 2: Grid Mapping,10000,1.6983,5.5027,28.62,83702,30000,0.5566,79308605,1.2619,89.8490
i64,Skewed,ARS Gen 3: Apex Baseline,10000,1.7318,1.8917,21.52,188751,14351,0.5566,79243274,1.2619,88.1071
i64,Skewed,ARS Gen 4: Parallel Apex,10000,1.3628,1.8040,33.32,69084,10000,0.5566,79247562,1.2618,111.9627
i64,Skewed,ARS Gen 5: Optimized Apex (MAIN),10000,0.9078,1.1354,13.53,69084,0,0.5566,79245740,1.2618,168.0789
i64,Skewed,ARS Gen 5: Optimized Apex (Stable),10000,0.2700,1.2255,45.36,72073,0,0.5566,79249312,1.2618,565.1675
i64,Skewed,ARS Gen 6: Aero Architecture,10000,0.6982,2.0095,24.85,60156,0,0.5566,79246347,1.2619,218.5494
i64,Skewed,ARS Gen 6: Aero (Stable),10000,1.7143,2.0245,13.85,62784,0,0.5566,79251422,1.2619,89.0067
i64,Skewed,ARS Exp A: Recursive Parallel,10000,0.2585,1.0768,32.30,69084,0,0.5566,79245656,1.2618,590.2500
i64,Skewed,ARS Exp B: Hierarchical Staging,10000,0.9921,1.2962,17.08,69084,0,0.5566,79247011,1.2618,153.7983
i64,Skewed,ARS Exp C: Adaptive Hierarchical,10000,0.9013,1.2464,40.71,69084,0,0.5566,79245887,1.2618,169.3051
i64,Skewed,ARS Exp D: Stream Micro-Batch,10000,2.1437,2.4645,27.67,69084,20000,0.5566,79248929,1.2618,71.1809
i64,Skewed,Quicksort,100000,3.4531,5.3074,11.28,1353832,0,0.5565,79278918,1.2620,441.8854
i64,Skewed,Timsort,100000,2.6914,7.7970,34.21,1355073,0,0.5564,79300207,1.2620,566.9420
i64,Skewed,ARS Gen 1: Foundation,100000,11.0716,29.5582,30.53,1261637,300000,0.5563,80009103,1.2612,137.8193
i64,Skewed,ARS Gen 2: Grid Mapping,100000,10.7296,20.4150,36.62,1261447,300000,0.5563,79984704,1.2613,142.2124
i64,Skewed,ARS Gen 3: Apex Baseline,100000,8.7152,11.1918,10.66,1556552,108703,0.5565,79300210,1.2619,175.0826
i64,Skewed,ARS Gen 4: Parallel Apex,100000,1.8926,5.1968,30.80,767652,100000,0.5564,79296748,1.2619,806.2176
i64,Skewed,ARS Gen 5: Optimized Apex (MAIN),100000,3.0568,3.9076,21.95,767652,0,0.5564,79295970,1.2618,499.1689
i64,Skewed,ARS Gen 5: Optimized Apex (Stable),100000,3.5363,4.9605,20.39,775288,0,0.5564,79320596,1.2618,431.4961
i64,Skewed,ARS Gen 6: Aero Architecture,100000,2.5842,4.1095,21.35,644570,0,0.5564,79305029,1.2618,590.4572
i64,Skewed,ARS Gen 6: Aero (Stable),100000,1.9373,4.7561,28.13,649259,0,0.5564,79331715,1.2618,787.6301
i64,Skewed,ARS Exp A: Recursive Parallel,100000,1.1347,4.1823,33.49,619173,0,0.5564,79294987,1.2618,1344.7824
i64,Skewed,ARS Exp B: Hierarchical Staging,100000,4.6603,5.7847,15.33,665028,0,0.5564,79289770,1.2618,327.4180
i64,Skewed,ARS Exp C: Adaptive Hierarchical,100000,3.2993,4.3172,21.95,767652,0,0.5564,79295540,1.2618,462.4868
i64,Skewed,ARS Exp D: Stream Micro-Batch,100000,6.1664,6.7369,15.15,767652,200000,0.5564,79298900,1.2618,247.4501
i64,Skewed,Quicksort,1000000,13.6105,16.9225,7.76,12911438,0,0.5560,79314981,1.2638,1121.1022
i64,Skewed,Timsort,1000000,21.6943,24.1953,5.98,14001456,0,0.5549,79358481,1.2636,703.3534
i64,Skewed,ARS Gen 3: Apex Baseline,1000000,26.7506,32.5352,8.60,14290655,1017407,0.5559,79405460,1.2626,570.4082
i64,Skewed,ARS Gen 4: Parallel Apex,1000000,12.8516,14.6321,6.33,5276411,1000000,0.5566,79352470,1.2612,1187.3027
i64,Skewed,ARS Gen 5: Optimized Apex (MAIN),1000000,11.3225,14.0077,9.48,5276411,0,0.5566,79340646,1.2613,1347.6461
i64,Skewed,ARS Gen 5: Optimized Apex (Stable),1000000,13.4742,14.9936,6.73,5291556,0,0.5565,79403753,1.2608,1132.4452
i64,Skewed,ARS Gen 6: Aero Architecture,1000000,10.3815,11.3070,8.20,6090737,0,0.5566,79462616,1.2622,1469.8079
i64,Skewed,ARS Gen 6: Aero (Stable),1000000,10.4507,11.4235,6.01,6091424,0,0.5564,79528011,1.2622,1460.0664
i64,Skewed,ARS Exp A: Recursive Parallel,1000000,15.0306,17.3577,4.92,2296097,0,0.5562,79379489,1.2609,1015.1789
i64,Skewed,ARS Exp B: Hierarchical Staging,1000000,15.9460,17.8450,8.50,1816993,0,0.5561,79348504,1.2610,956.9015
i64,Skewed,ARS Exp C: Adaptive Hierarchical,1000000,15.7766,17.5917,10.65,1991681,0,0.5564,79367476,1.2604,967.1814
i64,Skewed,ARS Exp D: Stream Micro-Batch,1000000,22.7097,26.6298,9.57,11847147,2000000,0.5564,79580502,1.2625,671.9071
i64,Skewed,Quicksort,10000000,148.2494,152.5296,1.70,126692640,0,0.5523,80095568,1.2803,1029.2648
i64,Skewed,Timsort,10000000,308.2360,314.8914,1.40,142375057,0,0.5463,80312430,1.2771,495.0360
i64,Skewed,ARS Gen 3: Apex Baseline,10000000,229.0906,234.9462,1.94,139581174,10017407,0.5515,80792761,1.2694,666.0591
i64,Skewed,ARS Gen 4: Parallel Apex,10000000,128.0795,134.8097,2.45,53501188,10000000,0.5593,80181371,1.2428,1191.3534
i64,Skewed,ARS Gen 5: Optimized Apex (MAIN),10000000,126.3607,128.8426,1.59,53501188,0,0.5594,80131175,1.2444,1207.5585
i64,Skewed,ARS Gen 5: Optimized Apex (Stable),10000000,145.6714,152.9721,2.50,53541482,0,0.5546,80276132,1.2416,1047.4797
i64,Skewed,ARS Gen 6: Aero Architecture,10000000,85.6482,88.8912,2.55,60417961,0,0.5574,81439915,1.2525,1781.5659
i64,Skewed,ARS Gen 6: Aero (Stable),10000000,119.1096,125.7962,3.61,60460278,0,0.5538,81565586,1.2378,1281.0712
i64,Skewed,ARS Exp A: Recursive Parallel,10000000,157.7483,159.9305,2.14,17678377,0,0.5569,80461961,1.2397,967.2869
i64,Skewed,ARS Exp B: Hierarchical Staging,10000000,176.6807,178.6149,1.70,16654121,0,0.5635,80214137,1.2325,863.6364
i64,Skewed,ARS Exp C: Adaptive Hierarchical,10000000,163.3294,165.6601,1.76,14022118,0,0.5601,80344282,1.2344,934.2343
i64,Skewed,ARS Exp D: Stream Micro-Batch,10000000,360.5062,369.4996,1.25,181442950,20000000,0.5578,83162540,1.2635,423.2601
i64,Clustered,Quicksort,1000,0.0231,0.0552,41.79,9997,0,0.5618,89617393,1.2623,660.7253
i64,Clustered,Timsort,1000,0.0975,0.1086,13.37,10453,0,0.5618,89618064,1.2623,156.4779
i64,Clustered,ARS Gen 1: Foundation,1000,0.1494,0.5590,35.70,5409,2000,0.5618,89623897,1.2623,102.1625
i64,Clustered,ARS Gen 2: Grid Mapping,1000,0.2612,0.6046,22.78,5409,2000,0.5618,89623839,1.2623,58.4129
i64,Clustered,ARS Gen 3: Apex Baseline,1000,0.0299,0.0602,35.87,9997,0,0.5618,89617406,1.2623,510.0545
i64,Clustered,ARS Gen 4: Parallel Apex,1000,0.0170,0.0597,40.00,9997,0,0.5618,89617380,1.2623,897.1536
i64,Clustered,ARS Gen 5: Optimized Apex (MAIN),1000,0.0162,0.0599,37.22,9997,0,0.5618,89617392,1.2623,941.0873
i64,Clustered,ARS Gen 5: Optimized Apex (Stable),1000,0.0970,0.1023,23.72,10453,0,0.5618,89618046,1.2623,157.2390
i64,Clustered,ARS Gen 6: Aero Architecture,1000,0.0165,0.0558,30.45,9997,0,0.5618,89617380,1.2623,924.7191
i64,Clustered,ARS Gen 6: Aero (Stable),1000,0.0289,0.1077,27.02,10453,0,0.5618,89618058,1.2623,528.6077
i64,Clustered,ARS Exp A: Recursive Parallel,1000,0.0249,0.0597,21.20,9997,0,0.5618,89617363,1.2623,613.0736
i64,Clustered,ARS Exp B: Hierarchical Staging,1000,0.0585,0.0609,15.82,9997,0,0.5618,89617366,1.2623,260.6246
i64,Clustered,ARS Exp C: Adaptive Hierarchical,1000,0.0386,0.0645,22.51,9997,0,0.5618,89617361,1.2623,395.3976
i64,Clustered,ARS Exp D: Stream Micro-Batch,1000,0.3354,0.8074,26.93,9997,2000,0.5618,89619042,1.2623,45.4929
i64,Clustered,Quicksort,10000,0.1894,0.4797,25.29,110175,0,0.5618,89631740,1.2623,805.7404
i64,Clustered,Timsort,10000,0.2540,0.8144,26.80,111041,0,0.5618,89634808,1.2623,600.6664
i64,Clustered,ARS Gen 1: Foundation,10000,0.9318,2.6805,22.81,75791,30000,0.5618,89663000,1.2623,163.7546
i64,Clustered,ARS Gen 2: Grid Mapping,10000,2.5196,2.8769,12.83,76177,30000,0.5618,89662178,1.2623,60.5615
i64,Clustered,ARS Gen 3: Apex Baseline,10000,0.5373,1.7907,29.28,164574,14351,0.5618,89636979,1.2623,283.9933
i64,Clustered,ARS Gen 4: Parallel Apex,10000,1.4390,1.6939,41.62,71469,10000,0.5618,89641325,1.2622,106.0373
i64,Clustered,ARS Gen 5: Optimized Apex (MAIN),10000,0.2875,1.2508,36.72,71469,0,0.5618,89640336,1.2622,530.6980
i64,Clustered,ARS Gen 5: Optimized Apex (Stable),10000,1.1273,1.4290,18.28,71238,0,0.5618,89642174,1.2623,135.3592
i64,Clustered,ARS Gen 6: Aero Architecture,10000,0.9976,1.7396,19.88,59153,0,0.5618,89639951,1.2623,152.9570
i64,Clustered,ARS Gen 6: Aero (Stable),10000,0.5671,1.5971,38.60,59015,0,0.5618,89643273,1.2623,269.0518
i64,Clustered,ARS Exp A: Recursive Parallel,10000,0.3229,1.2923,28.69,71469,0,0.5618,89639946,1.2622,472.6059
i64,Clustered,ARS Exp B: Hierarchical Staging,10000,0.2753,1.1521,39.87,71469,0,0.5618,89640594,1.2622,554.3470
i64,Clustered,ARS Exp C: Adaptive Hierarchical,10000,0.3769,1.2290,34.98,71469,0,0.5618,89640268,1.2622,404.8466
i64,Clustered,ARS Exp D: Stream Micro-Batch,10000,0.9967,2.1832,23.26,71469,20000,0.5617,89643992,1.2622,153.0866
i64,Clustered,Quicksort,100000,0.9889,3.5916,23.78,1019990,0,0.5617,89653936,1.2623,1543.0172
i64,Clustered,Timsort,100000,5.3960,5.5270,4.89,1017755,0,0.5616,89659667,1.2623,282.7815
i64,Clustered,ARS Gen 1: Foundation,100000,11.1548,12.3204,9.18,707587,300000,0.5617,89962831,1.2621,136.7908
i64,Clustered,ARS Gen 2: Grid Mapping,100000,13.0690,13.7545,3.97,709195,300000,0.5617,89957430,1.2621,116.7556
i64,Clustered,ARS Gen 3: Apex Baseline,100000,9.9388,10.9892,3.58,1240476,108703,0.5617,89667624,1.2623,153.5268
i64,Clustered,ARS Gen 4: Parallel Apex,100000,2.5391,4.7722,21.91,663812,100000,0.5616,89671686,1.2623,600.9633
i64,Clustered,ARS Gen 5: Optimized Apex (MAIN),100000,1.2236,3.9248,32.46,663812,0,0.5616,89668034,1.2623,1247.0773
i64,Clustered,ARS Gen 5: Optimized Apex (Stable),100000,1.5619,4.5244,31.38,665362,0,0.5616,89675016,1.2622,976.9470
i64,Clustered,ARS Gen 6: Aero Architecture,100000,3.9269,4.6384,12.89,547659,0,0.5617,89677326,1.2622,388.5687
i64,Clustered,ARS Gen 6: Aero (Stable),100000,4.0681,4.6843,16.11,555469,0,0.5616,89685276,1.2622,375.0842
i64,Clustered,ARS Exp A: Recursive Parallel,100000,1.0200,4.7831,28.04,125749,0,0.5616,89673990,1.2623,1495.9934
i64,Clustered,ARS Exp B: Hierarchical Staging,100000,2.5717,5.6343,27.37,166857,0,0.5616,89667880,1.2622,593.3347
i64,Clustered,ARS Exp C: Adaptive Hierarchical,100000,1.8768,4.1909,25.83,189331,0,0.5616,89674282,1.2622,813.0060
i64,Clustered,ARS Exp D: Stream Micro-Batch,100000,5.5357,6.4481,13.46,663812,200000,0.5616,89672291,1.2622,275.6420
i64,Clustered,Quicksort,1000000,7.7445,8.7253,6.92,9971917,0,0.5612,89675043,1.2635,1970.2710
i64,Clustered,Timsort,1000000,15.1009,16.0803,5.22,11039488,0,0.5604,89683003,1.2630,1010.4583
i64,Clustered,ARS Gen 3: Apex Baseline,1000000,24.0667,24.9849,2.16,12357126,1017407,0.5613,89749828,1.2626,634.0197
i64,Clustered,ARS Gen 4: Parallel Apex,1000000,12.3960,12.9232,9.56,4934772,1000000,0.5617,89703218,1.2606,1230.9468
i64,Clustered,ARS Gen 5: Optimized Apex (MAIN),1000000,11.5457,13.6904,8.08,4934772,0,0.5618,89698027,1.2599,1321.5995
i64,Clustered,ARS Gen 5: Optimized Apex (Stable),1000000,11.8399,15.0827,13.24,4944973,0,0.5614,89715947,1.2599,1288.7590
i64,Clustered,ARS Gen 6: Aero Architecture,1000000,7.1762,9.8128,11.65,5063234,0,0.5617,89820284,1.2615,2126.2910
i64,Clustered,ARS Gen 6: Aero (Stable),1000000,8.6750,9.8317,13.75,5065153,0,0.5612,89837934,1.2619,1758.9283
i64,Clustered,ARS Exp A: Recursive Parallel,1000000,16.4483,17.4342,7.97,1132903,0,0.5617,89724480,1.2591,927.6821
i64,Clustered,ARS Exp B: Hierarchical Staging,1000000,16.6476,18.2006,5.50,1043081,0,0.5619,89699848,1.2582,916.5781
i64,Clustered,ARS Exp C: Adaptive Hierarchical,1000000,16.2331,18.2271,6.41,1038794,0,0.5619,89719088,1.2587,939.9828
i64,Clustered,ARS Exp D: Stream Micro-Batch,1000000,19.3077,20.5835,6.20,10737611,2000000,0.5614,89814785,1.2616,790.2937
i64,Clustered,Quicksort,10000000,125.8356,129.4809,3.04,98371077,0,0.5578,89897978,1.2718,1212.5974
i64,Clustered,Timsort,10000000,275.5224,286.8255,1.74,113777861,0,0.5515,89934371,1.2694,553.8131
i64,Clustered,ARS Gen 3: Apex Baseline,10000000,231.9599,237.5887,1.55,121770051,10017407,0.5589,90559489,1.2662,657.8200
i64,Clustered,ARS Gen 4: Parallel Apex,10000000,150.9735,157.3922,3.31,52183839,10000000,0.5646,89962692,1.2350,1010.6932
i64,Clustered,ARS Gen 5: Optimized Apex (MAIN),10000000,149.4308,154.3850,2.98,52183839,0,0.5647,89935208,1.2382,1021.1274
i64,Clustered,ARS Gen 5: Optimized Apex (Stable),10000000,221.5887,226.3684,1.82,57144706,0,0.5655,89976986,1.2219,688.6087
i64,Clustered,ARS Gen 6: Aero Architecture,10000000,106.8208,113.7962,3.75,52596238,0,0.5632,91242145,1.2470,1428.4472
i64,Clustered,ARS Gen 6: Aero (Stable),10000000,181.1283,190.3668,2.70,58371336,0,0.5648,91281961,1.2248,842.4299
i64,Clustered,ARS Exp A: Recursive Parallel,10000000,182.1117,186.6443,1.73,19784607,0,0.5664,90090650,1.2328,837.8808
i64,Clustered,ARS Exp B: Hierarchical Staging,10000000,181.8145,184.2671,1.10,19725909,0,0.5684,89958607,1.2312,839.2504
i64,Clustered,ARS Exp C: Adaptive Hierarchical,10000000,178.2311,185.8234,2.22,19445166,0,0.5671,90034039,1.2322,856.1238
i64,Clustered,ARS Exp D: Stream Micro-Batch,10000000,353.7430,357.5292,1.10,171902148,20000000,0.5616,91119536,1.2634,431.3524
i64,BucketCollapse,Quicksort,1000,0.0170,0.0550,42.16,10305,0,0.5639,93684677,1.2709,899.2686
i64,BucketCollapse,Timsort,1000,0.0974,0.1209,14.97,10933,0,0.5639,93685330,1.2709,156.5968
i64,BucketCollapse,ARS Gen 1: Foundation,1000,0.4809,1.1207,20.79,0,2000,0.5639,93692264,1.2709,31.7290
i64,BucketCollapse,ARS Gen 2: Grid Mapping,1000,0.3909,1.4134,24.50,0,2000,0.5639,93693080,1.2709,39.0372
i64,BucketCollapse,ARS Gen 3: Apex Baseline,1000,0.0584,0.0699,18.40,10305,0,0.5639,93684669,1.2709,261.3164
i64,BucketCollapse,ARS Gen 4: Parallel Apex,1000,0.0170,0.0597,29.34,10305,0,0.5639,93684673,1.2709,895.7843
i64,BucketCollapse,ARS Gen 5: Optimized Apex (MAIN),1000,0.0585,0.0595,28.29,10305,0,0.5639,93684687,1.2709,260.9544
i64,BucketCollapse,ARS Gen 5: Optimized Apex (Stable),1000,0.0299,0.1189,32.71,10933,0,0.5639,93685351,1.2709,509.8329
i64,BucketCollapse,ARS Gen 6: Aero Architecture,1000,0.0169,0.0552,28.85,10305,0,0.5639,93684693,1.2709,902.1929
i64,BucketCollapse,ARS Gen 6: Aero (Stable),1000,0.0418,0.1156,34.81,10933,0,0.5639,93685302,1.2709,365.2350
i64,BucketCollapse,ARS Exp A: Recursive Parallel,1000,0.0176,0.0610,32.87,10305,0,0.5639,93684668,1.2709,867.7655
i64,BucketCollapse,ARS Exp B: Hierarchical Staging,1000,0.0240,0.0601,42.84,10305,0,0.5639,93684682,1.2709,635.4122
i64,BucketCollapse,ARS Exp C: Adaptive Hierarchical,1000,0.0179,0.0592,35.00,10305,0,0.5639,93684674,1.2709,850.7353
i64,BucketCollapse,ARS Exp D: Stream Micro-Batch,1000,0.3901,0.7871,18.93,10305,2000,0.5639,93686264,1.2709,39.1191
i64,BucketCollapse,Quicksort,10000,0.5996,0.6457,7.75,136672,0,0.5639,93702546,1.2708,254.5040
i64,BucketCollapse,Timsort,10000,0.3021,1.0368,23.63,142159,0,0.5639,93708404,1.2708,505.1726
i64,BucketCollapse,ARS Gen 1: Foundation,10000,25.2917,26.8022,3.83,0,30000,0.5637,93795143,1.2711,6.0331
i64,BucketCollapse,ARS Gen 2: Grid Mapping,10000,7.7671,28.0090,23.99,0,30000,0.5635,93800353,1.2711,19.6455
i64,BucketCollapse,ARS Gen 3: Apex Baseline,10000,1.3738,1.7804,8.39,193327,14351,0.5638,93708361,1.2708,111.0706
i64,BucketCollapse,ARS Gen 4: Parallel Apex,10000,1.6134,1.7127,4.33,52129,10000,0.5638,93709940,1.2708,94.5765
i64,BucketCollapse,ARS Gen 5: Optimized Apex (MAIN),10000,0.9350,1.4082,17.80,52129,0,0.5638,93710141,1.2708,163.1949
i64,BucketCollapse,ARS Gen 5: Optimized Apex (Stable),10000,0.2853,1.1255,39.08,57416,0,0.5638,93713439,1.2708,534.8931
i64,BucketCollapse,ARS Gen 6: Aero Architecture,10000,0.6166,1.4769,28.31,52129,0,0.5638,93709279,1.2708,247.4814
i64,BucketCollapse,ARS Gen 6: Aero (Stable),10000,0.4496,1.4987,36.25,57416,0,0.5638,93712843,1.2708,339.3889
i64,BucketCollapse,ARS Exp A: Recursive Parallel,10000,0.3230,1.1201,29.97,52129,0,0.5638,93709911,1.2708,472.3776
i64,BucketCollapse,ARS Exp B: Hierarchical Staging,10000,0.9645,1.2274,29.08,52129,0,0.5638,93711328,1.2708,158.1991
i64,BucketCollapse,ARS Exp C: Adaptive Hierarchical,10000,0.9424,1.2275,43.17,52129,0,0.5638,93711494,1.2708,161.9093
i64,BucketCollapse,ARS Exp D: Stream Micro-Batch,10000,1.1696,2.0844,20.94,52129,20000,0.5638,93713674,1.2708,130.4623
i64,BucketCollapse,Quicksort,100000,2.4420,7.5547,21.94,1707097,0,0.5637,93792014,1.2709,624.8419
i64,BucketCollapse,Timsort,100000,11.4176,12.0078,3.24,1751146,0,0.5637,93844991,1.2709,133.6427
i64,BucketCollapse,ARS Gen 1: Foundation,100000,44.0220,72.8672,16.82,3,300000,0.5554,94721964,1.2677,34.6617
i64,BucketCollapse,ARS Gen 2: Grid Mapping,100000,65.1499,72.2453,4.66,3,300000,0.5548,94771689,1.2676,23.4210
i64,BucketCollapse,ARS Gen 3: Apex Baseline,100000,5.0745,11.6038,18.58,1885325,108703,0.5637,93812105,1.2708,300.6957
i64,BucketCollapse,ARS Gen 4: Parallel Apex,100000,1.2251,5.4068,30.29,879606,100000,0.5637,93812220,1.2708,1245.5382
i64,BucketCollapse,ARS Gen 5: Optimized Apex (MAIN),100000,3.5696,4.5505,16.35,879606,0,0.5637,93809525,1.2708,427.4641
i64,BucketCollapse,ARS Gen 5: Optimized Apex (Stable),100000,3.8142,4.8198,10.81,917984,0,0.5637,93864014,1.2707,400.0538
i64,BucketCollapse,ARS Gen 6: Aero Architecture,100000,1.5002,4.0874,25.82,957954,0,0.5637,93817559,1.2708,1017.1258
i64,BucketCollapse,ARS Gen 6: Aero (Stable),100000,4.1852,5.2946,12.53,997595,0,0.5637,93871678,1.2708,364.5912
i64,BucketCollapse,ARS Exp A: Recursive Parallel,100000,3.7662,4.5114,12.56,879606,0,0.5637,93807550,1.2708,405.1459
i64,BucketCollapse,ARS Exp B: Hierarchical Staging,100000,2.5079,5.6252,18.69,771914,0,0.5637,93802205,1.2707,608.4284
i64,BucketCollapse,ARS Exp C: Adaptive Hierarchical,100000,1.2277,4.6347,29.22,879606,0,0.5637,93809289,1.2707,1242.8517
i64,BucketCollapse,ARS Exp D: Stream Micro-Batch,100000,3.3581,7.4302,21.42,879606,200000,0.5637,93813467,1.2707,454.3876
i64,BucketCollapse,Quicksort,1000000,40.1681,42.0959,3.38,20415976,0,0.5634,94345049,1.2728,379.8735
i64,BucketCollapse,Timsort,1000000,37.4535,53.9563,14.58,20814811,0,0.5628,94862885,1.2726,407.4063
i64,BucketCollapse,ARS Gen 3: Apex Baseline,1000000,39.4862,48.7886,8.66,21495627,1017407,0.5633,94462776,1.2715,386.4338
i64,BucketCollapse,ARS Gen 4: Parallel Apex,1000000,26.2534,30.6112,16.16,10213516,1000000,0.5637,94410354,1.2710,581.2128
i64,BucketCollapse,ARS Gen 5: Optimized Apex (MAIN),1000000,21.8985,24.4386,13.71,10213516,0,0.5637,94375029,1.2709,696.7975
i64,BucketCollapse,ARS Gen 5: Optimized Apex (Stable),1000000,18.6820,28.1564,19.15,10626903,0,0.5637,94906228,1.2708,816.7641
i64,BucketCollapse,ARS Gen 6: Aero Architecture,1000000,21.8369,26.3719,11.07,12313388,0,0.5637,94501026,1.2713,698.7616
i64,BucketCollapse,ARS Gen 6: Aero (Stable),1000000,14.2892,30.9255,29.33,12746461,0,0.5636,95037422,1.2711,1067.8569
i64,BucketCollapse,ARS Exp A: Recursive Parallel,1000000,22.9780,26.7941,12.49,10213516,0,0.5637,94373888,1.2710,664.0612
i64,BucketCollapse,ARS Exp B: Hierarchical Staging,1000000,14.8298,29.3828,25.54,11275265,0,0.5637,94364148,1.2708,1028.9251
i64,BucketCollapse,ARS Exp C: Adaptive Hierarchical,1000000,18.6333,23.7690,21.66,12313388,0,0.5638,94372331,1.2712,818.8995
i64,BucketCollapse,ARS Exp D: Stream Micro-Batch,1000000,31.5983,44.0662,11.78,13568177,2000000,0.5635,95394044,1.2699,482.8985
i64,BucketCollapse,Quicksort,10000000,253.6977,260.8226,3.82,237608061,0,0.5616,107688535,1.2923,601.4556
i64,BucketCollapse,Timsort,10000000,474.4542,479.2364,1.29,241464906,0,0.5578,112836825,1.2873,321.6072
i64,BucketCollapse,ARS Gen 3: Apex Baseline,10000000,277.4851,285.8930,2.28,247456721,10017407,0.5609,108757585,1.2797,549.8957
i64,BucketCollapse,ARS Gen 4: Parallel Apex,10000000,142.3792,146.1232,1.18,136761715,10000000,0.5664,108184699,1.2613,1071.7004
i64,BucketCollapse,ARS Gen 5: Optimized Apex (MAIN),10000000,128.7195,132.8084,2.91,136761715,0,0.5664,107739025,1.2626,1185.4299
i64,BucketCollapse,ARS Gen 5: Optimized Apex (Stable),10000000,141.9653,145.5580,2.41,140910527,0,0.5648,112936851,1.2619,1074.8251
i64,BucketCollapse,ARS Gen 6: Aero Architecture,10000000,103.0614,108.5355,3.04,157194307,0,0.5655,109084945,1.2671,1480.5532
i64,BucketCollapse,ARS Gen 6: Aero (Stable),10000000,121.5892,136.7725,5.65,161230740,0,0.5613,114209874,1.2646,1254.9466
i64,BucketCollapse,ARS Exp A: Recursive Parallel,10000000,149.7541,154.6006,1.93,46364715,0,0.5614,111643294,1.2555,1018.9230
i64,BucketCollapse,ARS Exp B: Hierarchical Staging,10000000,159.9506,165.5895,2.50,51640382,0,0.5631,107433873,1.2526,953.9686
i64,BucketCollapse,ARS Exp C: Adaptive Hierarchical,10000000,146.5125,153.3610,3.84,51645714,0,0.5624,107780340,1.2610,1041.4664
i64,BucketCollapse,ARS Exp D: Stream Micro-Batch,10000000,468.1230,478.2054,1.62,199083881,20000000,0.5647,127562407,1.2584,325.9569
i64,LowCardinality,Quicksort,1000,0.0219,0.0254,35.87,5551,0,0.5684,174417043,1.2295,697.7360
i64,LowCardinality,Timsort,1000,0.0150,0.0551,31.84,5969,0,0.5684,174417305,1.2295,1018.0671
i64,LowCardinality,ARS Gen 1: Foundation,1000,0.1077,0.2653,27.34,984,2000,0.5684,174419577,1.2295,141.7036
i64,LowCardinality,ARS Gen 2: Grid Mapping,1000,0.2029,0.3190,15.68,984,2000,0.5684,174419591,1.2295,75.2165
i64,LowCardinality,ARS Gen 3: Apex Baseline,1000,0.0092,0.0285,33.38,5551,0,0.5684,174417046,1.2295,1652.9942
i64,LowCardinality,ARS Gen 4: Parallel Apex,1000,0.0097,0.0285,38.00,5551,0,0.5684,174417041,1.2295,1580.8940
i64,LowCardinality,ARS Gen 5: Optimized Apex (MAIN),1000,0.0150,0.0282,21.16,5551,0,0.5684,174417051,1.2295,1017.9312
i64,LowCardinality,ARS Gen 5: Optimized Apex (Stable),1000,0.0251,0.0541,34.34,5969,0,0.5684,174417310,1.2295,609.0604
i64,LowCardinality,ARS Gen 6: Aero Architecture,1000,0.0245,0.0256,26.44,5551,0,0.5684,174417048,1.2295,622.9603
i64,LowCardinality,ARS Gen 6: Aero (Stable),1000,0.0151,0.0539,31.50,5969,0,0.5684,174417291,1.2295,1009.0457
i64,LowCardinality,ARS Exp A: Recursive Parallel,1000,0.0093,0.0283,35.09,5551,0,0.5684,174417056,1.2295,1649.2422
i64,LowCardinality,ARS Exp B: Hierarchical Staging,1000,0.0103,0.0289,34.16,5551,0,0.5684,174417046,1.2295,1478.1351
i64,LowCardinality,ARS Exp C: Adaptive Hierarchical,1000,0.0089,0.0294,36.65,5551,0,0.5684,174417046,1.2295,1711.2021
i64,LowCardinality,ARS Exp D: Stream Micro-Batch,1000,0.6270,0.7666,12.83,5551,2000,0.5683,174418701,1.2295,24.3369
i64,LowCardinality,Quicksort,10000,0.0667,0.1801,35.23,54394,0,0.5683,174429771,1.2295,2288.3607
i64,LowCardinality,Timsort,10000,0.1161,0.3393,26.40,53253,0,0.5683,174430193,1.2295,1314.0309
i64,LowCardinality,ARS Gen 1: Foundation,10000,0.6645,1.7232,22.35,9984,30000,0.5683,174450214,1.2295,229.6167
i64,LowCardinality,ARS Gen 2: Grid Mapping,10000,1.6977,2.0065,12.53,9984,30000,0.5683,174450363,1.2295,89.8802
i64,LowCardinality,ARS Gen 3: Apex Baseline,10000,0.4756,1.7477,24.70,122450,14351,0.5683,174432596,1.2295,320.8621
i64,LowCardinality,ARS Gen 4: Parallel Apex,10000,0.4493,1.6004,48.84,9988,10000,0.5683,174437055,1.2295,339.6488
i64,LowCardinality,ARS Gen 5: Optimized Apex (MAIN),10000,0.8327,1.0364,18.36,9988,0,0.5683,174437526,1.2295,183.2403
i64,LowCardinality,ARS Gen 5: Optimized Apex (Stable),10000,0.8748,1.2407,17.54,9988,0,0.5683,174436906,1.2295,174.4226
i64,LowCardinality,ARS Gen 6: Aero Architecture,10000,0.3703,1.4460,54.10,9988,0,0.5683,174437585,1.2295,412.0344
i64,LowCardinality,ARS Gen 6: Aero (Stable),10000,1.2270,1.6806,15.67,9988,0,0.5683,174438148,1.2295,124.3557
i64,LowCardinality,ARS Exp A: Recursive Parallel,10000,0.8158,1.0094,61.69,9988,0,0.5683,174437132,1.2295,187.0497
i64,LowCardinality,ARS Exp B: Hierarchical Staging,10000,0.4252,1.1521,26.61,9988,0,0.5683,174437256,1.2295,358.8665
i64,LowCardinality,ARS Exp C: Adaptive Hierarchical,10000,0.3741,1.5541,50.90,9988,0,0.5683,174437575,1.2295,407.8625
i64,LowCardinality,ARS Exp D: Stream Micro-Batch,10000,1.8504,2.2512,14.21,9988,20000,0.5683,174439207,1.2295,82.4618
i64,LowCardinality,Quicksort,100000,1.8520,1.9871,7.51,529352,0,0.5682,174460961,1.2295,823.8971
i64,LowCardinality,Timsort,100000,2.0603,3.3061,12.27,535711,0,0.5682,174461748,1.2295,740.5953
i64,LowCardinality,ARS Gen 1: Foundation,100000,2.4130,8.2939,25.25,99984,300000,0.5682,174650418,1.2294,632.3463
i64,LowCardinality,ARS Gen 2: Grid Mapping,100000,9.2685,10.4840,6.49,99984,300000,0.5682,174662697,1.2294,164.6302
i64,LowCardinality,ARS Gen 3: Apex Baseline,100000,3.4018,10.8387,22.68,1144467,108703,0.5682,174470167,1.2295,448.5557
i64,LowCardinality,ARS Gen 4: Parallel Apex,100000,1.5049,4.3844,27.63,99990,100000,0.5682,174473347,1.2295,1013.9108
i64,LowCardinality,ARS Gen 5: Optimized Apex (MAIN),100000,0.7919,2.9803,33.96,99990,0,0.5682,174471102,1.2295,1926.9578
i64,LowCardinality,ARS Gen 5: Optimized Apex (Stable),100000,1.9076,3.0170,31.86,99990,0,0.5682,174470880,1.2295,799.8812
i64,LowCardinality,ARS Gen 6: Aero Architecture,100000,2.8039,3.4651,7.79,99990,0,0.5682,174495318,1.2295,544.2036
i64,LowCardinality,ARS Gen 6: Aero (Stable),100000,1.4868,3.4706,25.38,99990,0,0.5682,174495615,1.2295,1026.2922
i64,LowCardinality,ARS Exp A: Recursive Parallel,100000,0.8214,3.9333,45.53,199974,0,0.5682,174477081,1.2295,1857.7491
i64,LowCardinality,ARS Exp B: Hierarchical Staging,100000,1.3307,4.8032,24.47,199974,0,0.5682,174469702,1.2295,1146.6652
i64,LowCardinality,ARS Exp C: Adaptive Hierarchical,100000,0.9722,3.1769,37.11,99990,0,0.5682,174473077,1.2295,1569.4629
i64,LowCardinality,ARS Exp D: Stream Micro-Batch,100000,5.1990,5.9732,15.83,99990,200000,0.5682,174476265,1.2295,293.4939
i64,LowCardinality,Quicksort,1000000,5.4831,6.1406,8.39,5262225,0,0.5679,174476962,1.2299,2782.8585
i64,LowCardinality,Timsort,1000000,10.3074,11.7646,10.78,6171924,0,0.5675,174478742,1.2297,1480.3766
i64,LowCardinality,ARS Gen 3: Apex Baseline,1000000,22.8401,24.1106,5.34,12090683,1017407,0.5682,174545632,1.2299,668.0708
i64,LowCardinality,ARS Gen 4: Parallel Apex,1000000,11.3093,13.3184,7.35,999988,1000000,0.5684,174496468,1.2287,1349.2202
i64,LowCardinality,ARS Gen 5: Optimized Apex (MAIN),1000000,10.7134,13.1502,9.10,999988,0,0.5684,174494906,1.2282,1424.2778
i64,LowCardinality,ARS Gen 5: Optimized Apex (Stable),1000000,10.5878,12.5118,9.84,999988,0,0.5684,174492695,1.2279,1441.1662
i64,LowCardinality,ARS Gen 6: Aero Architecture,1000000,6.4624,8.3162,13.98,999988,0,0.5683,174744155,1.2290,2361.1750
i64,LowCardinality,ARS Gen 6: Aero (Stable),1000000,6.6023,8.6578,8.98,999988,0,0.5683,174744506,1.2291,2311.1393
i64,LowCardinality,ARS Exp A: Recursive Parallel,1000000,12.7670,13.9123,8.16,1999972,0,0.5684,174501483,1.2278,1195.1729
i64,LowCardinality,ARS Exp B: Hierarchical Staging,1000000,10.5557,12.3196,7.61,1999972,0,0.5683,174490234,1.2284,1445.5519
i64,LowCardinality,ARS Exp C: Adaptive Hierarchical,1000000,13.8119,14.4797,5.96,1999972,0,0.5684,174502713,1.2277,1104.7536
i64,LowCardinality,ARS Exp D: Stream Micro-Batch,1000000,20.0648,20.7810,5.21,5484601,2000000,0.5681,174550889,1.2292,760.4773
i64,LowCardinality,Quicksort,10000000,79.4670,80.3964,2.13,51920218,0,0.5682,174558871,1.2328,1920.1425
i64,LowCardinality,Timsort,10000000,222.6340,226.4450,4.80,66331581,0,0.5671,174565679,1.2315,685.3754
i64,LowCardinality,ARS Gen 3: Apex Baseline,10000000,195.1523,199.3365,2.74,120088471,10017407,0.5689,175213490,1.2347,781.8913
i64,LowCardinality,ARS Gen 4: Parallel Apex,10000000,99.1962,103.3069,2.55,9999988,10000000,0.5709,174590150,1.2175,1538.2431
i64,LowCardinality,ARS Gen 5: Optimized Apex (MAIN),10000000,99.7780,105.5366,3.38,9999988,0,0.5709,174590317,1.2175,1529.2738
i64,LowCardinality,ARS Gen 5: Optimized Apex (Stable),10000000,99.5928,103.1843,3.09,9999988,0,0.5710,174587598,1.2173,1532.1179
i64,LowCardinality,ARS Gen 6: Aero Architecture,10000000,62.1699,64.0421,2.46,9999988,0,0.5700,177135017,1.2236,2454.3678
i64,LowCardinality,ARS Gen 6: Aero (Stable),10000000,61.4937,64.8061,3.78,9999988,0,0.5700,177136726,1.2226,2481.3575
i64,LowCardinality,ARS Exp A: Recursive Parallel,10000000,124.4161,129.4466,2.21,19999972,0,0.5718,174593218,1.2164,1226.4322
i64,LowCardinality,ARS Exp B: Hierarchical Staging,10000000,105.7547,108.1079,3.31,19999972,0,0.5714,174577839,1.2178,1442.8479
i64,LowCardinality,ARS Exp C: Adaptive Hierarchical,10000000,123.4825,128.3150,1.59,19999972,0,0.5718,174602106,1.2155,1235.7041
i64,LowCardinality,ARS Exp D: Stream Micro-Batch,10000000,342.2893,348.0052,1.15,114690054,20000000,0.5680,175218376,1.2289,445.7863
i64,PrefixCollision,Quicksort,1000,0.0164,0.0551,32.84,10305,0,0.5696,176785290,1.2233,928.0937
i64,PrefixCollision,Timsort,1000,0.0233,0.0995,43.68,10933,0,0.5696,176785941,1.2233,655.6998
i64,PrefixCollision,ARS Gen 1: Foundation,1000,0.8335,1.1849,11.27,0,2000,0.5696,176792971,1.2234,18.3065
i64,PrefixCollision,ARS Gen 2: Grid Mapping,1000,0.3971,1.4035,23.82,0,2000,0.5696,176793531,1.2234,38.4292
i64,PrefixCollision,ARS Gen 3: Apex Baseline,1000,0.0308,0.0667,29.96,10305,0,0.5696,176785294,1.2233,495.9144
i64,PrefixCollision,ARS Gen 4: Parallel Apex,1000,0.0143,0.0614,66.14,10305,0,0.5696,176785288,1.2233,1066.1535
i64,PrefixCollision,ARS Gen 5: Optimized Apex (MAIN),1000,0.0160,0.0598,40.71,10305,0,0.5696,176785290,1.2233,953.1382
i64,PrefixCollision,ARS Gen 5: Optimized Apex (Stable),1000,0.0283,0.0990,24.50,10933,0,0.5696,176785914,1.2233,539.5802
i64,PrefixCollision,ARS Gen 6: Aero Architecture,1000,0.0211,0.0710,35.25,10305,0,0.5696,176785275,1.2233,722.4805
i64,PrefixCollision,ARS Gen 6: Aero (Stable),1000,0.0234,0.1023,28.25,10933,0,0.5696,176785927,1.2233,650.9445
i64,PrefixCollision,ARS Exp A: Recursive Parallel,1000,0.0192,0.0594,26.63,10305,0,0.5696,176785269,1.2233,794.8942
i64,PrefixCollision,ARS Exp B: Hierarchical Staging,1000,0.0242,0.0594,32.62,10305,0,0.5696,176785283,1.2233,629.2803
i64,PrefixCollision,ARS Exp C: Adaptive Hierarchical,1000,0.0591,0.0615,15.34,10305,0,0.5696,176785283,1.2233,257.9982
i64,PrefixCollision,ARS Exp D: Stream Micro-Batch,1000,0.2463,0.7819,31.96,10305,2000,0.5696,176786766,1.2233,61.9538
i64,PrefixCollision,Quicksort,10000,0.2098,0.6426,23.23,136672,0,0.5696,176802441,1.2233,727.1457
i64,PrefixCollision,Timsort,10000,0.2893,1.0712,32.23,142159,0,0.5696,176808215,1.2233,527.4711
i64,PrefixCollision,ARS Gen 1: Foundation,10000,24.6156,27.3297,5.54,0,30000,0.5694,176895025,1.2235,6.1988
i64,PrefixCollision,ARS Gen 2: Grid Mapping,10000,25.0874,28.0454,11.79,0,30000,0.5693,176899810,1.2235,6.0823
i64,PrefixCollision,ARS Gen 3: Apex Baseline,10000,0.5089,1.9145,43.24,193327,14351,0.5695,176808198,1.2233,299.8151
i64,PrefixCollision,ARS Gen 4: Parallel Apex,10000,0.4327,1.6971,24.77,52129,10000,0.5695,176811229,1.2233,352.6177
i64,PrefixCollision,ARS Gen 5: Optimized Apex (MAIN),10000,0.2925,1.3951,35.22,52129,0,0.5695,176809735,1.2233,521.5806
i64,PrefixCollision,ARS Gen 5: Optimized Apex (Stable),10000,1.0569,1.3545,35.82,57416,0,0.5695,176813305,1.2233,144.3699
i64,PrefixCollision,ARS Gen 6: Aero Architecture,10000,1.0093,1.5852,19.47,52129,0,0.5695,176809572,1.2233,151.1803
i64,PrefixCollision,ARS Gen 6: Aero (Stable),10000,0.7498,1.4768,26.04,57416,0,0.5695,176812722,1.2233,203.5042
i64,PrefixCollision,ARS Exp A: Recursive Parallel,10000,0.3132,1.1930,38.96,52129,0,0.5695,176810879,1.2233,487.2304
i64,PrefixCollision,ARS Exp B: Hierarchical Staging,10000,0.9540,1.1790,18.00,52129,0,0.5695,176810268,1.2233,159.9393
i64,PrefixCollision,ARS Exp C: Adaptive Hierarchical,10000,0.4821,1.3107,31.66,52129,0,0.5695,176810513,1.2233,316.5343
i64,PrefixCollision,ARS Exp D: Stream Micro-Batch,10000,1.1942,2.2773,28.52,52129,20000,0.5695,176814115,1.2233,127.7701
i64,PrefixCollision,Quicksort,100000,2.6046,7.8460,24.72,1707097,0,0.5695,176888267,1.2234,585.8321
i64,PrefixCollision,Timsort,100000,3.7869,11.5850,24.77,1751146,0,0.5694,176940617,1.2234,402.9338
i64,PrefixCollision,ARS Gen 1: Foundation,100000,49.2882,71.3547,10.30,3,300000,0.5627,177819088,1.2213,30.9583
i64,PrefixCollision,ARS Gen 2: Grid Mapping,100000,45.9008,72.5153,14.05,3,300000,0.5632,177865270,1.2213,33.2430
i64,PrefixCollision,ARS Gen 3: Apex Baseline,100000,3.1464,11.6140,34.45,1885325,108703,0.5694,176907400,1.2233,484.9613
i64,PrefixCollision,ARS Gen 4: Parallel Apex,100000,3.6144,5.7399,16.39,879606,100000,0.5694,176906877,1.2233,422.1640
i64,PrefixCollision,ARS Gen 5: Optimized Apex (MAIN),100000,3.7632,4.5076,17.40,879606,0,0.5694,176903799,1.2233,405.4710
i64,PrefixCollision,ARS Gen 5: Optimized Apex (Stable),100000,3.8715,5.2192,16.22,917984,0,0.5694,176958018,1.2233,394.1338
i64,PrefixCollision,ARS Gen 6: Aero Architecture,100000,4.1677,4.9534,9.87,957954,0,0.5694,176914519,1.2233,366.1207
i64,PrefixCollision,ARS Gen 6: Aero (Stable),100000,1.2974,5.3159,27.75,997595,0,0.5694,176969236,1.2232,1176.0952
i64,PrefixCollision,ARS Exp A: Recursive Parallel,100000,3.3972,4.3355,14.51,879606,0,0.5694,176903679,1.2233,449.1599
i64,PrefixCollision,ARS Exp B: Hierarchical Staging,100000,4.8612,5.5841,7.64,771914,0,0.5694,176896989,1.2232,313.8912
i64,PrefixCollision,ARS Exp C: Adaptive Hierarchical,100000,2.3795,4.3555,17.35,879606,0,0.5694,176904039,1.2233,641.2490
i64,PrefixCollision,ARS Exp D: Stream Micro-Batch,100000,6.5621,7.3522,14.36,879606,200000,0.5694,176909591,1.2233,232.5305
i64,PrefixCollision,Quicksort,1000000,33.2406,41.4783,6.78,20415976,0,0.5692,177434945,1.2249,459.0408
i64,PrefixCollision,Timsort,1000000,36.2207,53.5098,12.58,20814811,0,0.5686,177951320,1.2248,421.2724
i64,PrefixCollision,ARS Gen 3: Apex Baseline,1000000,31.7875,49.8630,12.11,21495627,1017407,0.5691,177549780,1.2240,480.0248
i64,PrefixCollision,ARS Gen 4: Parallel Apex,1000000,18.6654,27.5753,13.89,10213516,1000000,0.5695,177501438,1.2235,817.4918
i64,PrefixCollision,ARS Gen 5: Optimized Apex (MAIN),1000000,22.2262,26.0078,11.44,10213516,0,0.5694,177461547,1.2236,686.5214
i64,PrefixCollision,ARS Gen 5: Optimized Apex (Stable),1000000,19.1882,30.2838,23.77,10626903,0,0.5695,177995397,1.2234,795.2165
i64,PrefixCollision,ARS Gen 6: Aero Architecture,1000000,14.6583,28.6158,23.89,12313388,0,0.5694,177586723,1.2238,1040.9645
i64,PrefixCollision,ARS Gen 6: Aero (Stable),1000000,15.2624,29.9045,24.42,12746461,0,0.5695,178128569,1.2237,999.7665
i64,PrefixCollision,ARS Exp A: Recursive Parallel,1000000,22.7328,25.6898,12.97,10213516,0,0.5695,177461337,1.2236,671.2237
i64,PrefixCollision,ARS Exp B: Hierarchical Staging,1000000,26.4513,28.8587,13.35,11275265,0,0.5695,177452967,1.2235,576.8624
i64,PrefixCollision,ARS Exp C: Adaptive Hierarchical,1000000,23.6682,33.9493,15.73,12313388,0,0.5695,177461790,1.2238,644.6946
i64,PrefixCollision,ARS Exp D: Stream Micro-Batch,1000000,29.8433,46.3268,12.28,13713898,2000000,0.5694,178483851,1.2235,511.2970
i64,PrefixCollision,Quicksort,10000000,258.1012,264.3274,1.35,237608061,0,0.5676,189916209,1.2412,591.1941
i64,PrefixCollision,Timsort,10000000,464.4107,474.8237,1.27,241464906,0,0.5643,195078042,1.2378,328.5624
i64,PrefixCollision,ARS Gen 3: Apex Baseline,10000000,278.7550,285.6695,1.54,247456721,10017407,0.5672,190991321,1.2317,547.3907
i64,PrefixCollision,ARS Gen 4: Parallel Apex,10000000,142.1835,147.7756,2.01,136761715,10000000,0.5713,190406243,1.2215,1073.1759
i64,PrefixCollision,ARS Gen 5: Optimized Apex (MAIN),10000000,130.4984,133.3855,1.36,136761715,0,0.5714,189964264,1.2206,1169.2700
i64,PrefixCollision,ARS Gen 5: Optimized Apex (Stable),10000000,140.6205,143.7954,2.55,140910527,0,0.5702,195164577,1.2190,1085.1044
i64,PrefixCollision,ARS Gen 6: Aero Architecture,10000000,103.4041,108.5139,3.65,157194307,0,0.5706,191309752,1.2236,1475.6464
i64,PrefixCollision,ARS Gen 6: Aero (Stable),10000000,122.9515,136.8102,5.24,161230740,0,0.5673,196432609,1.2219,1241.0417
i64,PrefixCollision,ARS Exp A: Recursive Parallel,10000000,152.2499,156.2280,1.92,46364715,0,0.5674,193874437,1.2135,1002.2199
i64,PrefixCollision,ARS Exp B: Hierarchical Staging,10000000,162.5337,165.2080,1.51,51640382,0,0.5687,189672893,1.2129,938.8077
i64,PrefixCollision,ARS Exp C: Adaptive Hierarchical,10000000,149.4378,152.4892,1.37,51645714,0,0.5682,190008091,1.2153,1021.0799
i64,PrefixCollision,ARS Exp D: Stream Micro-Batch,10000000,468.7277,477.6118,1.28,199083830,20000000,0.5703,209751878,1.2177,325.5363
f64,Random,Quicksort,1000,0.0222,0.0782,30.33,10310,0,0.5713,271384276,1.2035,688.2629
f64,Random,Timsort,1000,0.0621,0.1605,24.38,10766,0,0.5713,271384920,1.2035,245.7330
f64,Random,ARS Gen 1: Foundation,1000,0.5753,1.1919,22.74,0,2000,0.5713,271391784,1.2035,26.5248
f64,Random,ARS Gen 2: Grid Mapping,1000,1.1815,1.4323,22.21,0,2000,0.5713,271392537,1.2035,12.9150
f64,Random,ARS Gen 3: Apex Baseline,1000,0.0686,0.0828,12.42,10310,0,0.5713,271384289,1.2035,222.4832
f64,Random,ARS Gen 4: Parallel Apex,1000,0.0404,0.0832,44.24,10310,0,0.5713,271384266,1.2035,377.8518
f64,Random,ARS Gen 5: Optimized Apex (MAIN),1000,0.0273,0.0883,31.69,10310,0,0.5713,271384295,1.2035,558.1939
f64,Random,ARS Gen 5: Optimized Apex (Stable),1000,0.1284,0.1328,11.34,10766,0,0.5713,271384957,1.2035,118.8768
f64,Random,ARS Gen 6: Aero Architecture,1000,0.0243,0.0808,32.01,10310,0,0.5713,271384300,1.2035,627.3915
f64,Random,ARS Gen 6: Aero (Stable),1000,0.0387,0.1313,30.17,10766,0,0.5713,271384941,1.2035,394.4063
f64,Random,ARS Exp A: Recursive Parallel,1000,0.0282,0.0797,30.01,10310,0,0.5713,271384260,1.2035,541.8027
f64,Random,ARS Exp B: Hierarchical Staging,1000,0.0358,0.0844,28.20,10310,0,0.5713,271384306,1.2035,425.8782
f64,Random,ARS Exp C: Adaptive Hierarchical,1000,0.0828,0.0945,20.35,10310,0,0.5713,271384325,1.2035,184.3517
f64,Random,ARS Exp D: Stream Micro-Batch,1000,0.3567,0.8364,21.50,10310,2000,0.5713,271386113,1.2035,42.7801
f64,Random,Quicksort,10000,0.9052,0.9326,5.35,135714,0,0.5713,271402700,1.2035,168.5695
f64,Random,Timsort,10000,0.4499,1.5220,23.24,141521,0,0.5713,271407973,1.2035,339.1867
f64,Random,ARS Gen 1: Foundation,10000,13.8597,27.1015,16.15,0,30000,0.5712,271494127,1.2037,11.0095
f64,Random,ARS Gen 2: Grid Mapping,10000,27.2585,28.9474,2.60,0,30000,0.5710,271499913,1.2037,5.5978
f64,Random,ARS Gen 3: Apex Baseline,10000,0.7325,2.2250,22.28,193952,14351,0.5713,271408025,1.2035,208.3000
f64,Random,ARS Gen 4: Parallel Apex,10000,1.5713,1.7426,18.46,69701,10000,0.5713,271412257,1.2035,97.1067
f64,Random,ARS Gen 5: Optimized Apex (MAIN),10000,1.0079,1.2393,24.70,69701,0,0.5713,271411545,1.2035,151.3854
f64,Random,ARS Gen 5: Optimized Apex (Stable),10000,0.3631,1.3723,36.60,72569,0,0.5713,271416451,1.2035,420.2192
f64,Random,ARS Gen 6: Aero Architecture,10000,0.3989,1.3097,24.59,62514,0,0.5713,271411303,1.2035,382.4977
f64,Random,ARS Gen 6: Aero (Stable),10000,0.8695,1.6216,35.15,65598,0,0.5713,271416615,1.2035,175.4848
f64,Random,ARS Exp A: Recursive Parallel,10000,1.1312,1.5109,33.41,69701,0,0.5713,271411278,1.2035,134.8920
f64,Random,ARS Exp B: Hierarchical Staging,10000,0.3087,1.2085,37.61,69701,0,0.5713,271412275,1.2035,494.3431
f64,Random,ARS Exp C: Adaptive Hierarchical,10000,0.3502,1.3850,54.07,69701,0,0.5713,271411752,1.2035,435.7027
f64,Random,ARS Exp D: Stream Micro-Batch,10000,1.2306,2.1889,25.12,69701,20000,0.5713,271414004,1.2035,123.9934
f64,Random,Quicksort,100000,4.9261,11.0644,17.94,1706698,0,0.5713,271491608,1.2036,309.7540
f64,Random,Timsort,100000,17.0322,17.5232,5.63,1745198,0,0.5712,271540835,1.2036,89.5878
f64,Random,ARS Gen 1: Foundation,100000,46.7396,68.5092,12.65,0,300000,0.5656,272408413,1.2023,32.6464
f64,Random,ARS Gen 2: Grid Mapping,100000,65.8568,70.0268,3.98,0,300000,0.5648,272463530,1.2019,23.1697
f64,Random,ARS Gen 3: Apex Baseline,100000,13.7663,14.4130,5.52,1886258,108703,0.5713,271504904,1.2035,110.8415
f64,Random,ARS Gen 4: Parallel Apex,100000,1.9373,6.5388,29.45,1093083,100000,0.5712,271506155,1.2035,787.6398
f64,Random,ARS Gen 5: Optimized Apex (MAIN),100000,1.6691,5.6507,29.52,1093083,0,0.5712,271505676,1.2035,914.2014
f64,Random,ARS Gen 5: Optimized Apex (Stable),100000,5.6292,7.0328,18.96,1131207,0,0.5712,271558267,1.2034,271.0641
f64,Random,ARS Gen 6: Aero Architecture,100000,2.9255,4.5701,24.25,984738,0,0.5712,271518199,1.2035,521.5783
f64,Random,ARS Gen 6: Aero (Stable),100000,4.8781,5.6523,12.96,1026694,0,0.5712,271571772,1.2035,312.8021
f64,Random,ARS Exp A: Recursive Parallel,100000,4.6181,5.4141,19.29,1093083,0,0.5712,271507455,1.2035,330.4125
f64,Random,ARS Exp B: Hierarchical Staging,100000,5.6300,6.7164,15.77,985491,0,0.5712,271500749,1.2035,271.0286
f64,Random,ARS Exp C: Adaptive Hierarchical,100000,4.6814,5.3978,13.31,1093083,0,0.5712,271506696,1.2035,325.9469
f64,Random,ARS Exp D: Stream Micro-Batch,100000,2.6604,8.5742,24.72,1093083,200000,0.5712,271509761,1.2035,573.5421
f64,Random,Quicksort,1000000,33.9045,46.4005,8.49,20434861,0,0.5710,272114062,1.2053,450.0519
f64,Random,Timsort,1000000,50.6290,63.8008,11.53,20809630,0,0.5706,272594029,1.2049,301.3845
f64,Random,ARS Gen 3: Apex Baseline,1000000,47.4412,52.6837,4.39,21497315,1017407,0.5709,272168337,1.2040,321.6360
f64,Random,ARS Gen 4: Parallel Apex,1000000,18.6391,29.4397,12.69,12621941,1000000,0.5713,272123894,1.2039,818.6432
f64,Random,ARS Gen 5: Optimized Apex (MAIN),1000000,22.8139,26.1150,9.36,12621941,0,0.5713,272130971,1.2040,668.8382
f64,Random,ARS Gen 5: Optimized Apex (Stable),1000000,17.9011,27.3519,26.17,13031943,0,0.5713,272644299,1.2037,852.3916
f64,Random,ARS Gen 6: Aero Architecture,1000000,13.8692,23.5567,15.63,13370552,0,0.5712,272273937,1.2044,1100.1885
f64,Random,ARS Gen 6: Aero (Stable),1000000,21.9182,27.8748,24.24,13799291,0,0.5712,272788908,1.2039,696.1712
f64,Random,ARS Exp A: Recursive Parallel,1000000,17.2459,24.5632,17.23,6373946,0,0.5711,272171860,1.2037,884.7756
f64,Random,ARS Exp B: Hierarchical Staging,1000000,18.1924,29.7343,21.31,5848191,0,0.5710,272069476,1.2039,838.7435
f64,Random,ARS Exp C: Adaptive Hierarchical,1000000,20.4626,26.7742,20.19,7359383,0,0.5711,272133089,1.2039,745.6907
f64,Random,ARS Exp D: Stream Micro-Batch,1000000,32.2907,40.6233,9.23,14404301,2000000,0.5713,273681069,1.2036,472.5440
f64,Random,Quicksort,10000000,329.7222,333.7391,1.64,237626959,0,0.5691,278466619,1.2243,462.7771
f64,Random,Timsort,10000000,605.5097,616.5352,0.74,241455097,0,0.5664,283249654,1.2170,251.9991
f64,Random,ARS Gen 3: Apex Baseline,10000000,318.9100,329.3742,3.54,247420456,10017407,0.5685,278909239,1.2108,478.4669
f64,Random,ARS Gen 4: Parallel Apex,10000000,176.4693,179.8900,1.73,165371492,10000000,0.5722,278308557,1.1981,864.6709
f64,Random,ARS Gen 5: Optimized Apex (MAIN),10000000,152.9454,156.0699,1.83,165371492,0,0.5722,278441576,1.2001,997.6628
f64,Random,ARS Gen 5: Optimized Apex (Stable),10000000,185.6154,192.3588,2.02,169379491,0,0.5698,283390701,1.1937,822.0650
f64,Random,ARS Gen 6: Aero Architecture,10000000,131.6173,135.1743,2.33,171381149,0,0.5712,279976110,1.2087,1159.3304
f64,Random,ARS Gen 6: Aero (Stable),10000000,173.2179,175.6614,2.49,175305245,0,0.5684,284952851,1.1993,880.9015
f64,Random,ARS Exp A: Recursive Parallel,10000000,169.5285,176.3176,2.98,74378611,0,0.5718,278330027,1.1927,900.0720
f64,Random,ARS Exp B: Hierarchical Staging,10000000,192.4176,201.2048,2.15,83436719,0,0.5740,278183746,1.1929,793.0039
f64,Random,ARS Exp C: Adaptive Hierarchical,10000000,177.1874,184.1076,2.14,85006721,0,0.5731,278369276,1.1926,861.1666
f64,Random,ARS Exp D: Stream Micro-Batch,10000000,370.0287,379.6958,1.91,181177264,20000000,0.5727,308902869,1.1892,412.3677
f64,Gaussian,Quicksort,1000,0.0414,0.0880,24.24,10127,0,0.5712,294396563,1.1876,368.4986
f64,Gaussian,Timsort,1000,0.0382,0.1490,27.51,10659,0,0.5712,294397150,1.1876,399.5598
f64,Gaussian,ARS Gen 1: Foundation,1000,0.7623,1.1695,19.36,0,2000,0.5712,294404059,1.1876,20.0155
f64,Gaussian,ARS Gen 2: Grid Mapping,1000,0.5382,1.4095,20.39,0,2000,0.5712,294404794,1.1876,28.3504
f64,Gaussian,ARS Gen 3: Apex Baseline,1000,0.0330,0.0829,25.77,10127,0,0.5712,294396558,1.1876,462.2895
f64,Gaussian,ARS Gen 4: Parallel Apex,1000,0.0789,0.0835,7.56,10127,0,0.5712,294396543,1.1876,193.3499
f64,Gaussian,ARS Gen 5: Optimized Apex (MAIN),1000,0.0355,0.0853,30.53,10127,0,0.5712,294396586,1.1876,430.0310
f64,Gaussian,ARS Gen 5: Optimized Apex (Stable),1000,0.1281,0.1361,5.93,10659,0,0.5712,294397164,1.1876,119.1199
f64,Gaussian,ARS Gen 6: Aero Architecture,1000,0.0224,0.0799,32.28,10127,0,0.5712,294396547,1.1876,681.8961
f64,Gaussian,ARS Gen 6: Aero (Stable),1000,0.0833,0.1502,19.24,10659,0,0.5712,294397188,1.1876,183.0820
f64,Gaussian,ARS Exp A: Recursive Parallel,1000,0.0781,0.0802,25.35,10127,0,0.5712,294396559,1.1876,195.3675
f64,Gaussian,ARS Exp B: Hierarchical Staging,1000,0.0284,0.0839,32.73,10127,0,0.5712,294396586,1.1876,536.4313
f64,Gaussian,ARS Exp C: Adaptive Hierarchical,1000,0.0250,0.0839,26.09,10127,0,0.5712,294396602,1.1876,610.4004
f64,Gaussian,ARS Exp D: Stream Micro-Batch,1000,0.2649,0.8172,24.99,10127,2000,0.5712,294398246,1.1876,57.5949
f64,Gaussian,Quicksort,10000,0.9030,0.9485,9.54,136381,0,0.5712,294414751,1.1876,168.9820
f64,Gaussian,Timsort,10000,1.4230,1.5191,6.89,141768,0,0.5712,294420080,1.1876,107.2333
f64,Gaussian,ARS Gen 1: Foundation,10000,7.1284,27.7447,28.69,0,30000,0.5710,294506603,1.1878,21.4058
f64,Gaussian,ARS Gen 2: Grid Mapping,10000,26.7211,27.9571,7.89,0,30000,0.5710,294512372,1.1878,5.7104
f64,Gaussian,ARS Gen 3: Apex Baseline,10000,2.0801,2.3895,17.77,192917,14351,0.5712,294420394,1.1876,73.3572
f64,Gaussian,ARS Gen 4: Parallel Apex,10000,0.6523,2.4547,25.01,124728,10000,0.5712,294422044,1.1876,233.9053
f64,Gaussian,ARS Gen 5: Optimized Apex (MAIN),10000,1.6209,1.9283,27.06,124728,0,0.5712,294422698,1.1876,94.1356
f64,Gaussian,ARS Gen 5: Optimized Apex (Stable),10000,1.7365,2.1001,9.23,129515,0,0.5712,294428815,1.1876,87.8734
f64,Gaussian,ARS Gen 6: Aero Architecture,10000,0.6223,1.8300,44.13,109062,0,0.5712,294424018,1.1876,245.1940
f64,Gaussian,ARS Gen 6: Aero (Stable),10000,0.8011,2.2360,22.39,113473,0,0.5712,294430280,1.1876,190.4810
f64,Gaussian,ARS Exp A: Recursive Parallel,10000,0.4568,1.7801,61.75,48646,0,0.5711,294430502,1.1876,334.0285
f64,Gaussian,ARS Exp B: Hierarchical Staging,10000,0.5049,2.0291,27.07,124728,0,0.5712,294423885,1.1876,302.2081
f64,Gaussian,ARS Exp C: Adaptive Hierarchical,10000,0.5428,1.6955,36.31,124728,0,0.5712,294423219,1.1876,281.1250
f64,Gaussian,ARS Exp D: Stream Micro-Batch,10000,2.4492,2.8764,24.46,124728,20000,0.5712,294427454,1.1876,62.3017
f64,Gaussian,Quicksort,100000,10.8781,11.2108,5.56,1712018,0,0.5711,294499686,1.1877,140.2710
f64,Gaussian,Timsort,100000,17.3475,17.5452,3.48,1750974,0,0.5711,294549155,1.1877,87.9598
f64,Gaussian,ARS Gen 1: Foundation,100000,68.4674,71.7240,2.84,0,300000,0.5655,295417330,1.1866,22.2862
f64,Gaussian,ARS Gen 2: Grid Mapping,100000,68.7542,75.0442,3.78,0,300000,0.5646,295473781,1.1862,22.1932
f64,Gaussian,ARS Gen 3: Apex Baseline,100000,13.9616,14.7337,4.19,1886096,108703,0.5711,294513887,1.1876,109.2908
f64,Gaussian,ARS Gen 4: Parallel Apex,100000,10.5546,11.9168,18.74,1585452,100000,0.5711,294512486,1.1877,144.5695
f64,Gaussian,ARS Gen 5: Optimized Apex (MAIN),100000,8.2910,9.0921,19.35,1585452,0,0.5711,294514660,1.1877,184.0411
f64,Gaussian,ARS Gen 5: Optimized Apex (Stable),100000,10.6735,11.5087,22.32,1628590,0,0.5711,294565537,1.1877,142.9602
f64,Gaussian,ARS Gen 6: Aero Architecture,100000,2.0353,7.4015,28.03,1442845,0,0.5711,294529729,1.1877,749.7130
f64,Gaussian,ARS Gen 6: Aero (Stable),100000,4.1201,10.1830,24.92,1482185,0,0.5711,294582288,1.1876,370.3540
f64,Gaussian,ARS Exp A: Recursive Parallel,100000,6.0346,6.9101,17.12,834252,0,0.5710,294524617,1.1876,252.8552
f64,Gaussian,ARS Exp B: Hierarchical Staging,100000,2.1345,8.6324,37.51,639489,0,0.5710,294518313,1.1876,714.8497
f64,Gaussian,ARS Exp C: Adaptive Hierarchical,100000,5.7872,7.2481,10.66,834252,0,0.5710,294525089,1.1876,263.6654
f64,Gaussian,ARS Exp D: Stream Micro-Batch,100000,3.3763,12.2321,34.75,1585452,200000,0.5711,294518645,1.1877,451.9410
f64,Gaussian,Quicksort,1000000,34.3476,36.5255,6.35,20415776,0,0.5709,295012515,1.1893,444.2457
f64,Gaussian,Timsort,1000000,51.1096,54.2193,2.95,20815819,0,0.5705,295492663,1.1889,298.5505
f64,Gaussian,ARS Gen 3: Apex Baseline,1000000,40.1999,42.7167,3.79,21501814,1017407,0.5709,295068969,1.1881,379.5727
f64,Gaussian,ARS Gen 4: Parallel Apex,1000000,31.4852,34.7839,12.00,17736085,1000000,0.5711,295018701,1.1889,484.6333
f64,Gaussian,ARS Gen 5: Optimized Apex (MAIN),1000000,26.5344,30.9055,11.72,17736085,0,0.5711,295034552,1.1886,575.0579
f64,Gaussian,ARS Gen 5: Optimized Apex (Stable),1000000,34.1174,38.2647,8.13,18129686,0,0.5708,295524732,1.1884,447.2442
f64,Gaussian,ARS Gen 6: Aero Architecture,1000000,21.1358,23.8478,11.18,17761552,0,0.5710,295224756,1.1887,721.9411
f64,Gaussian,ARS Gen 6: Aero (Stable),1000000,23.3733,29.3932,11.55,18146609,0,0.5708,295717002,1.1881,652.8313
f64,Gaussian,ARS Exp A: Recursive Parallel,1000000,22.1236,24.6545,8.44,9154383,0,0.5711,295084983,1.1873,689.7068
f64,Gaussian,ARS Exp B: Hierarchical Staging,1000000,24.0676,26.3092,4.45,9616261,0,0.5712,295034546,1.1875,633.9972
f64,Gaussian,ARS Exp C: Adaptive Hierarchical,1000000,22.2007,23.0232,5.44,11739315,0,0.5713,295050670,1.1873,687.3101
f64,Gaussian,ARS Exp D: Stream Micro-Batch,1000000,28.2946,35.4762,15.38,19214890,2000000,0.5711,296566990,1.1879,539.2820
f64,Gaussian,Quicksort,10000000,328.1087,340.2124,1.51,237632035,0,0.5688,301753533,1.2075,465.0529
f64,Gaussian,Timsort,10000000,605.7382,611.5855,1.25,241445188,0,0.5660,306541092,1.2012,251.9040
f64,Gaussian,ARS Gen 3: Apex Baseline,10000000,333.9558,352.0117,3.34,247397600,10017407,0.5682,302195944,1.1954,456.9104
f64,Gaussian,ARS Gen 4: Parallel Apex,10000000,321.4272,332.7877,2.60,210671163,10000000,0.5709,301598191,1.1986,474.7199
f64,Gaussian,ARS Gen 5: Optimized Apex (MAIN),10000000,270.1356,283.7026,3.15,210671163,0,0.5707,301788839,1.1973,564.8567
f64,Gaussian,ARS Gen 5: Optimized Apex (Stable),10000000,385.1270,393.7933,1.98,214571359,0,0.5682,306673248,1.1944,396.2015
f64,Gaussian,ARS Gen 6: Aero Architecture,10000000,211.7261,224.0325,2.85,210894295,0,0.5707,303955445,1.1961,720.6852
f64,Gaussian,ARS Gen 6: Aero (Stable),10000000,310.7239,329.0433,2.51,214718921,0,0.5694,308831692,1.1866,491.0723
f64,Gaussian,ARS Exp A: Recursive Parallel,10000000,199.1724,219.0517,3.24,97142082,0,0.5728,301918960,1.1765,766.1097
f64,Gaussian,ARS Exp B: Hierarchical Staging,10000000,222.6121,231.4239,1.96,68882615,0,0.5729,301134559,1.1820,685.4430
f64,Gaussian,ARS Exp C: Adaptive Hierarchical,10000000,219.6911,223.1028,1.50,88331953,0,0.5730,301592466,1.1788,694.5566
f64,Gaussian,ARS Exp D: Stream Micro-Batch,10000000,427.2883,435.0219,3.23,229232377,20000000,0.5716,332160473,1.1816,357.1076
f64,NearlySorted,Quicksort,1000,0.0261,0.0765,39.93,9803,0,0.5677,314718811,1.1941,584.9641
f64,NearlySorted,Timsort,1000,0.1170,0.1370,16.24,9687,0,0.5677,314719250,1.1941,130.4683
f64,NearlySorted,ARS Gen 1: Foundation,1000,0.3545,0.6440,15.23,0,2000,0.5677,314721563,1.1941,43.0397
f64,NearlySorted,ARS Gen 2: Grid Mapping,1000,0.5495,0.9438,13.47,0,2000,0.5677,314722844,1.1941,27.7693
f64,NearlySorted,ARS Gen 3: Apex Baseline,1000,0.0804,0.0976,20.16,9803,0,0.5677,314718827,1.1941,189.8969
f64,NearlySorted,ARS Gen 4: Parallel Apex,1000,0.0787,0.0819,11.95,9803,0,0.5677,314718811,1.1941,193.9151
f64,NearlySorted,ARS Gen 5: Optimized Apex (MAIN),1000,0.0280,0.0920,48.25,9803,0,0.5677,314718825,1.1941,544.0047
f64,NearlySorted,ARS Gen 5: Optimized Apex (Stable),1000,0.0348,0.1288,30.16,9687,0,0.5677,314719238,1.1941,438.6474
f64,NearlySorted,ARS Gen 6: Aero Architecture,1000,0.0505,0.0784,25.61,9803,0,0.5677,314718804,1.1941,302.1363
f64,NearlySorted,ARS Gen 6: Aero (Stable),1000,0.0574,0.1227,26.55,9687,0,0.5677,314719275,1.1941,265.7400
f64,NearlySorted,ARS Exp A: Recursive Parallel,1000,0.0760,0.0780,16.47,9803,0,0.5677,314718807,1.1941,200.8898
f64,NearlySorted,ARS Exp B: Hierarchical Staging,1000,0.0550,0.0808,15.53,9803,0,0.5677,314718835,1.1941,277.3569
f64,NearlySorted,ARS Exp C: Adaptive Hierarchical,1000,0.0804,0.0963,18.11,9803,0,0.5677,314718839,1.1941,189.7907
f64,NearlySorted,ARS Exp D: Stream Micro-Batch,1000,0.3801,0.8156,21.10,9803,2000,0.5677,314720439,1.1941,40.1392
f64,NearlySorted,Quicksort,10000,0.5881,0.9375,15.92,135107,0,0.5677,314735889,1.1941,259.4609
f64,NearlySorted,Timsort,10000,0.4330,1.3556,23.16,132213,0,0.5677,314739096,1.1941,352.4360
f64,NearlySorted,ARS Gen 1: Foundation,10000,3.3554,11.9931,28.31,0,30000,0.5677,314771186,1.1942,45.4759
f64,NearlySorted,ARS Gen 2: Grid Mapping,10000,4.1779,13.6731,29.32,0,30000,0.5676,314779229,1.1942,36.5229
f64,NearlySorted,ARS Gen 3: Apex Baseline,10000,0.5674,2.1681,31.65,186385,14351,0.5677,314741100,1.1941,268.9238
f64,NearlySorted,ARS Gen 4: Parallel Apex,10000,0.9153,2.6874,35.08,128713,10000,0.5677,314743929,1.1941,166.7101
f64,NearlySorted,ARS Gen 5: Optimized Apex (MAIN),10000,0.6443,2.1923,34.02,128713,0,0.5677,314745617,1.1941,236.8300
f64,NearlySorted,ARS Gen 5: Optimized Apex (Stable),10000,0.6288,2.7356,35.16,123613,0,0.5677,314747863,1.1941,242.6733
f64,NearlySorted,ARS Gen 6: Aero Architecture,10000,1.4039,1.7600,11.75,110871,0,0.5677,314745748,1.1941,108.6899
f64,NearlySorted,ARS Gen 6: Aero (Stable),10000,1.6494,1.9959,7.85,102906,0,0.5677,314747705,1.1941,92.5118
f64,NearlySorted,ARS Exp A: Recursive Parallel,10000,1.4834,1.6674,14.39,52132,0,0.5677,314749229,1.1941,102.8613
f64,NearlySorted,ARS Exp B: Hierarchical Staging,10000,0.6586,2.3909,27.55,128713,0,0.5677,314744501,1.1941,231.6873
f64,NearlySorted,ARS Exp C: Adaptive Hierarchical,10000,2.1182,2.4297,37.11,128713,0,0.5677,314745523,1.1941,72.0352
f64,NearlySorted,ARS Exp D: Stream Micro-Batch,10000,2.9623,3.1631,7.21,128713,20000,0.5677,314748677,1.1941,51.5105
f64,NearlySorted,Quicksort,100000,7.4068,10.9574,10.83,1704789,0,0.5677,314804349,1.1942,206.0112
f64,NearlySorted,Timsort,100000,15.3992,15.7295,1.65,1670195,0,0.5676,314826787,1.1942,99.0882
f64,NearlySorted,ARS Gen 1: Foundation,100000,24.8743,50.8801,22.37,0,300000,0.5663,315133298,1.1943,61.3437
f64,NearlySorted,ARS Gen 2: Grid Mapping,100000,42.3967,52.5396,8.41,0,300000,0.5661,315213238,1.1942,35.9905
f64,NearlySorted,ARS Gen 3: Apex Baseline,100000,13.6956,14.1091,2.27,1828718,108703,0.5677,314816265,1.1941,111.4138
f64,NearlySorted,ARS Gen 4: Parallel Apex,100000,5.1886,17.9113,29.99,1666654,100000,0.5676,314819353,1.1942,294.0849
f64,NearlySorted,ARS Gen 5: Optimized Apex (MAIN),100000,4.8070,13.3348,21.51,1666654,0,0.5676,314820969,1.1942,317.4271
f64,NearlySorted,ARS Gen 5: Optimized Apex (Stable),100000,9.2540,17.2169,16.36,1599062,0,0.5676,314840840,1.1942,164.8879
f64,NearlySorted,ARS Gen 6: Aero Architecture,100000,2.5538,8.1996,32.42,1472980,0,0.5676,314844226,1.1942,597.4916
f64,NearlySorted,ARS Gen 6: Aero (Stable),100000,8.6915,10.4487,11.97,1374476,0,0.5676,314859480,1.1941,175.5608
f64,NearlySorted,ARS Exp A: Recursive Parallel,100000,6.0588,7.1334,10.80,817349,0,0.5676,314831136,1.1941,251.8450
f64,NearlySorted,ARS Exp B: Hierarchical Staging,100000,7.9358,9.1190,8.29,629587,0,0.5676,314811866,1.1941,192.2784
f64,NearlySorted,ARS Exp C: Adaptive Hierarchical,100000,2.4098,7.2883,28.64,817349,0,0.5676,314830798,1.1941,633.1921
f64,NearlySorted,ARS Exp D: Stream Micro-Batch,100000,15.4988,16.4009,8.22,1666654,200000,0.5676,314824403,1.1942,98.4517
f64,NearlySorted,Quicksort,1000000,51.0725,54.3106,3.26,20743535,0,0.5675,315273306,1.1957,298.7672
f64,NearlySorted,Timsort,1000000,54.4750,66.5302,7.20,19762519,0,0.5671,315481491,1.1953,280.1063
f64,NearlySorted,ARS Gen 3: Apex Baseline,1000000,38.3120,56.2172,13.01,20996656,1017407,0.5676,315324389,1.1946,398.2773
f64,NearlySorted,ARS Gen 4: Parallel Apex,1000000,40.9033,47.3032,9.76,18441046,1000000,0.5676,315288014,1.1954,373.0451
f64,NearlySorted,ARS Gen 5: Optimized Apex (MAIN),1000000,38.5956,42.9814,16.62,18441046,0,0.5676,315302399,1.1955,395.3501
f64,NearlySorted,ARS Gen 5: Optimized Apex (Stable),1000000,43.8953,50.5062,13.89,17472779,0,0.5672,315464190,1.1951,347.6180
f64,NearlySorted,ARS Gen 6: Aero Architecture,1000000,40.3686,47.7888,7.53,18465647,0,0.5676,315557877,1.1955,377.9869
f64,NearlySorted,ARS Gen 6: Aero (Stable),1000000,32.1723,46.9017,12.08,17496592,0,0.5673,315725251,1.1951,474.2836
f64,NearlySorted,ARS Exp A: Recursive Parallel,1000000,31.1535,33.9401,8.70,8907286,0,0.5677,315332128,1.1943,489.7944
f64,NearlySorted,ARS Exp B: Hierarchical Staging,1000000,35.1048,43.2016,17.11,9609774,0,0.5677,315284314,1.1947,434.6645
f64,NearlySorted,ARS Exp C: Adaptive Hierarchical,1000000,33.6198,35.8165,23.47,11846806,0,0.5678,315315145,1.1947,453.8638
f64,NearlySorted,ARS Exp D: Stream Micro-Batch,1000000,30.7260,41.7974,11.03,16754686,2000000,0.5676,315568897,1.1949,496.6088
f64,NearlySorted,Quicksort,10000000,343.0692,349.4863,0.89,244096088,0,0.5657,321141494,1.2138,444.7729
f64,NearlySorted,Timsort,10000000,580.3501,589.9445,0.71,230737667,0,0.5630,321868535,1.2075,262.9239
f64,NearlySorted,ARS Gen 3: Apex Baseline,10000000,329.6278,342.2547,1.73,244212329,10017407,0.5666,321529806,1.2020,462.9097
f64,NearlySorted,ARS Gen 4: Parallel Apex,10000000,352.7538,356.7487,3.45,221657406,10000000,0.5681,321039245,1.2042,432.5620
f64,NearlySorted,ARS Gen 5: Optimized Apex (MAIN),10000000,293.4880,306.5495,2.92,221657406,0,0.5679,321156565,1.2034,519.9119
f64,NearlySorted,ARS Gen 5: Optimized Apex (Stable),10000000,409.7617,421.5832,2.30,208473942,0,0.5661,321615689,1.1962,372.3820
f64,NearlySorted,ARS Gen 6: Aero Architecture,10000000,273.6750,284.4757,2.51,221324522,0,0.5671,323706461,1.2084,557.5514
f64,NearlySorted,ARS Gen 6: Aero (Stable),10000000,397.2245,403.8958,2.97,210348987,0,0.5652,324254346,1.2010,384.1352
f64,NearlySorted,ARS Exp A: Recursive Parallel,10000000,197.4292,201.6272,2.98,95609819,0,0.5706,321022232,1.1871,772.8740
f64,NearlySorted,ARS Exp B: Hierarchical Staging,10000000,221.6712,230.9810,2.45,53909853,0,0.5692,319443751,1.1901,688.3523
f64,NearlySorted,ARS Exp C: Adaptive Hierarchical,10000000,209.0349,214.4894,1.39,88073203,0,0.5699,320363789,1.1881,729.9638
f64,NearlySorted,ARS Exp D: Stream Micro-Batch,10000000,381.2929,387.2960,3.47,215171310,20000000,0.5685,326077258,1.1918,400.1855
f64,Duplicates,Quicksort,1000,0.0068,0.0234,53.74,3696,0,0.5643,329023747,1.1995,2241.6320
f64,Duplicates,Timsort,1000,0.0475,0.0502,26.44,3708,0,0.5643,329023904,1.1995,320.9201
f64,Duplicates,ARS Gen 1: Foundation,1000,0.0445,0.1796,26.44,995,2000,0.5643,329025279,1.1995,342.7401
f64,Duplicates,ARS Gen 2: Grid Mapping,1000,0.1201,0.2197,28.50,995,2000,0.5643,329024696,1.1995,127.0105
f64,Duplicates,ARS Gen 3: Apex Baseline,1000,0.0090,0.0252,27.48,3696,0,0.5643,329023750,1.1995,1690.7245
f64,Duplicates,ARS Gen 4: Parallel Apex,1000,0.0112,0.0259,37.83,3696,0,0.5643,329023747,1.1995,1366.1733
f64,Duplicates,ARS Gen 5: Optimized Apex (MAIN),1000,0.0077,0.0251,27.44,3696,0,0.5643,329023758,1.1995,1980.3750
f64,Duplicates,ARS Gen 5: Optimized Apex (Stable),1000,0.0185,0.0560,66.75,3708,0,0.5643,329023888,1.1995,825.3348
f64,Duplicates,ARS Gen 6: Aero Architecture,1000,0.0241,0.0248,37.69,3696,0,0.5643,329023753,1.1995,632.4100
f64,Duplicates,ARS Gen 6: Aero (Stable),1000,0.0404,0.0519,35.23,3708,0,0.5643,329023906,1.1995,377.6274
f64,Duplicates,ARS Exp A: Recursive Parallel,1000,0.0229,0.0248,30.79,3696,0,0.5643,329023742,1.1995,667.4302
f64,Duplicates,ARS Exp B: Hierarchical Staging,1000,0.0136,0.0253,18.03,3696,0,0.5643,329023749,1.1995,1123.1259
f64,Duplicates,ARS Exp C: Adaptive Hierarchical,1000,0.0137,0.0268,39.08,3696,0,0.5643,329023750,1.1995,1111.3466
f64,Duplicates,ARS Exp D: Stream Micro-Batch,1000,0.3232,0.6928,20.07,3696,2000,0.5643,329025369,1.1995,47.2110
f64,Duplicates,Quicksort,10000,0.1333,0.1984,18.68,36514,0,0.5643,329036310,1.1995,1144.8414
f64,Duplicates,Timsort,10000,0.1247,0.3831,22.19,36706,0,0.5643,329036632,1.1995,1223.4633
f64,Duplicates,ARS Gen 1: Foundation,10000,1.3944,1.5453,8.33,9995,30000,0.5643,329048763,1.1995,109.4283
f64,Duplicates,ARS Gen 2: Grid Mapping,10000,0.4378,1.7318,37.79,9995,30000,0.5643,329045658,1.1995,348.5293
f64,Duplicates,ARS Gen 3: Apex Baseline,10000,0.5354,1.8868,24.59,115253,14351,0.5643,329038851,1.1995,285.0064
f64,Duplicates,ARS Gen 4: Parallel Apex,10000,0.4337,1.4743,33.68,9999,10000,0.5643,329042520,1.1995,351.8631
f64,Duplicates,ARS Gen 5: Optimized Apex (MAIN),10000,0.8969,1.2878,24.72,9999,0,0.5643,329042467,1.1995,170.1313
f64,Duplicates,ARS Gen 5: Optimized Apex (Stable),10000,0.2597,1.0281,40.03,9999,0,0.5643,329043733,1.1995,587.4413
f64,Duplicates,ARS Gen 6: Aero Architecture,10000,1.3920,1.5296,7.72,9999,0,0.5643,329047586,1.1995,109.6170
f64,Duplicates,ARS Gen 6: Aero (Stable),10000,1.2879,1.4150,15.23,9999,0,0.5643,329047748,1.1995,118.4767
f64,Duplicates,ARS Exp A: Recursive Parallel,10000,0.4467,1.1547,42.26,9999,0,0.5643,329042470,1.1995,341.5724
f64,Duplicates,ARS Exp B: Hierarchical Staging,10000,0.5710,1.1772,40.92,9999,0,0.5643,329043350,1.1995,267.2143
f64,Duplicates,ARS Exp C: Adaptive Hierarchical,10000,0.7859,1.3883,23.33,9999,0,0.5643,329043606,1.1995,194.1613
f64,Duplicates,ARS Exp D: Stream Micro-Batch,10000,1.4654,2.1486,35.71,9999,20000,0.5643,329048486,1.1995,104.1248
f64,Duplicates,Quicksort,100000,0.6310,1.9349,26.41,362149,0,0.5643,329065613,1.1995,2418.0575
f64,Duplicates,Timsort,100000,3.6558,3.9416,7.18,362807,0,0.5642,329066285,1.1995,417.3869
f64,Duplicates,ARS Gen 1: Foundation,100000,7.1691,8.2194,9.20,99995,300000,0.5643,329180440,1.1995,212.8402
f64,Duplicates,ARS Gen 2: Grid Mapping,100000,7.8778,9.2933,7.34,99995,300000,0.5643,329182675,1.1995,193.6944
f64,Duplicates,ARS Gen 3: Apex Baseline,100000,4.2805,13.0119,22.00,1130042,108703,0.5643,329074473,1.1995,356.4708
f64,Duplicates,ARS Gen 4: Parallel Apex,100000,1.1393,4.2047,25.31,99999,100000,0.5642,329076669,1.1995,1339.2727
f64,Duplicates,ARS Gen 5: Optimized Apex (MAIN),100000,2.8076,4.4817,19.80,99999,0,0.5643,329076513,1.1995,543.4860
f64,Duplicates,ARS Gen 5: Optimized Apex (Stable),100000,1.3035,3.2599,35.94,99999,0,0.5642,329074900,1.1995,1170.5870
f64,Duplicates,ARS Gen 6: Aero Architecture,100000,1.5218,3.1664,24.75,99999,0,0.5642,329130124,1.1995,1002.6520
f64,Duplicates,ARS Gen 6: Aero (Stable),100000,0.9659,4.1092,42.76,99999,0,0.5642,329130138,1.1995,1579.7189
f64,Duplicates,ARS Exp A: Recursive Parallel,100000,2.8892,4.2153,18.84,199994,0,0.5642,329078711,1.1995,528.1316
f64,Duplicates,ARS Exp B: Hierarchical Staging,100000,1.8981,5.2758,25.05,199994,0,0.5642,329074588,1.1995,803.9057
f64,Duplicates,ARS Exp C: Adaptive Hierarchical,100000,1.1301,3.8953,35.67,199994,0,0.5642,329081092,1.1995,1350.2063
f64,Duplicates,ARS Exp D: Stream Micro-Batch,100000,1.5855,5.6963,25.05,99999,200000,0.5642,329080886,1.1995,962.4173
f64,Duplicates,Quicksort,1000000,6.0225,7.6129,11.30,3806445,0,0.5641,329092419,1.1997,2533.6216
f64,Duplicates,Timsort,1000000,12.7248,14.7641,6.54,4510537,0,0.5640,329094172,1.1996,1199.1413
f64,Duplicates,ARS Gen 3: Apex Baseline,1000000,32.5485,34.0290,2.16,12059615,1017407,0.5642,329158415,1.1997,468.8022
f64,Duplicates,ARS Gen 4: Parallel Apex,1000000,11.4591,13.4705,10.45,1000001,1000000,0.5644,329107016,1.1992,1331.5832
f64,Duplicates,ARS Gen 5: Optimized Apex (MAIN),1000000,11.3492,12.6849,7.34,1000001,0,0.5643,329108627,1.1991,1344.4783
f64,Duplicates,ARS Gen 5: Optimized Apex (Stable),1000000,11.0620,12.8469,9.24,1000001,0,0.5643,329109404,1.1991,1379.3819
f64,Duplicates,ARS Gen 6: Aero Architecture,1000000,7.7952,9.3340,10.96,1000001,0,0.5643,329658891,1.1994,1957.4571
f64,Duplicates,ARS Gen 6: Aero (Stable),1000000,8.2254,10.3604,11.59,1000001,0,0.5643,329659446,1.1994,1855.0840
f64,Duplicates,ARS Exp A: Recursive Parallel,1000000,13.8375,15.1220,6.80,1999996,0,0.5644,329115693,1.1992,1102.7113
f64,Duplicates,ARS Exp B: Hierarchical Staging,1000000,11.8682,13.7702,7.22,1999996,0,0.5643,329104626,1.1993,1285.6903
f64,Duplicates,ARS Exp C: Adaptive Hierarchical,1000000,13.2606,15.6736,12.45,1999996,0,0.5643,329119689,1.1988,1150.6892
f64,Duplicates,ARS Exp D: Stream Micro-Batch,1000000,25.5630,25.8534,5.44,5365058,2000000,0.5641,329159176,1.1996,596.9096
f64,Duplicates,Quicksort,10000000,59.0386,59.6289,3.03,36019091,0,0.5643,329208359,1.2013,2584.5430
f64,Duplicates,Timsort,10000000,217.7674,224.2849,1.45,50543152,0,0.5653,329215817,1.2001,700.6921
f64,Duplicates,ARS Gen 3: Apex Baseline,10000000,230.1191,240.9689,3.49,120059628,10017407,0.5646,329844221,1.2019,663.0823
f64,Duplicates,ARS Gen 4: Parallel Apex,10000000,94.4175,96.6664,3.00,10000003,10000000,0.5658,329231369,1.1921,1616.0979
f64,Duplicates,ARS Gen 5: Optimized Apex (MAIN),10000000,95.0101,98.7980,3.57,10000003,0,0.5658,329232258,1.1929,1606.0179
f64,Duplicates,ARS Gen 5: Optimized Apex (Stable),10000000,95.0903,97.9646,2.20,10000003,0,0.5658,329232322,1.1916,1604.6627
f64,Duplicates,ARS Gen 6: Aero Architecture,10000000,60.2632,63.0828,2.22,10000003,0,0.5650,334782787,1.1966,2532.0231
f64,Duplicates,ARS Gen 6: Aero (Stable),10000000,60.0329,62.1267,3.41,10000003,0,0.5650,334781751,1.1966,2541.7383
f64,Duplicates,ARS Exp A: Recursive Parallel,10000000,121.9813,125.8678,2.79,19999998,0,0.5664,329248502,1.1897,1250.9122
f64,Duplicates,ARS Exp B: Hierarchical Staging,10000000,105.0930,107.6049,2.09,19999998,0,0.5659,329227651,1.1938,1451.9322
f64,Duplicates,ARS Exp C: Adaptive Hierarchical,10000000,120.8464,125.7276,2.49,19999998,0,0.5664,329246540,1.1908,1262.6595
f64,Duplicates,ARS Exp D: Stream Micro-Batch,10000000,362.9194,368.8129,2.28,109767496,20000000,0.5646,329824658,1.2011,420.4457
f64,Zipfian,Quicksort,1000,0.0380,0.0405,17.00,5850,0,0.5641,331064178,1.2154,401.5576
f64,Zipfian,Timsort,1000,0.0188,0.0820,44.19,5919,0,0.5641,331064434,1.2154,812.5886
f64,Zipfian,ARS Gen 1: Foundation,1000,0.1147,0.2685,25.81,905,2000,0.5641,331066610,1.2154,133.0704
f64,Zipfian,ARS Gen 2: Grid Mapping,1000,0.2932,0.3294,21.40,905,2000,0.5641,331066743,1.2154,52.0394
f64,Zipfian,ARS Gen 3: Apex Baseline,1000,0.0398,0.0456,26.69,5850,0,0.5641,331064200,1.2154,382.9825
f64,Zipfian,ARS Gen 4: Parallel Apex,1000,0.0395,0.0413,30.72,5850,0,0.5641,331064188,1.2154,386.7783
f64,Zipfian,ARS Gen 5: Optimized Apex (MAIN),1000,0.0157,0.0414,28.35,5850,0,0.5641,331064191,1.2154,971.6498
f64,Zipfian,ARS Gen 5: Optimized Apex (Stable),1000,0.0203,0.0744,31.80,5919,0,0.5641,331064439,1.2154,751.5904
f64,Zipfian,ARS Gen 6: Aero Architecture,1000,0.0127,0.0408,27.39,5850,0,0.5641,331064177,1.2154,1203.1848
f64,Zipfian,ARS Gen 6: Aero (Stable),1000,0.0336,0.0734,22.93,5919,0,0.5641,331064430,1.2154,454.7803
f64,Zipfian,ARS Exp A: Recursive Parallel,1000,0.0134,0.0397,47.86,5850,0,0.5641,331064189,1.2154,1137.5271
f64,Zipfian,ARS Exp B: Hierarchical Staging,1000,0.0415,0.0436,21.09,5850,0,0.5641,331064201,1.2154,367.6197
f64,Zipfian,ARS Exp C: Adaptive Hierarchical,1000,0.0136,0.0427,24.36,5850,0,0.5641,331064173,1.2154,1126.0268
f64,Zipfian,ARS Exp D: Stream Micro-Batch,1000,0.3608,0.7707,18.67,5850,2000,0.5641,331065909,1.2154,42.2901
f64,Zipfian,Quicksort,10000,0.2881,0.3086,12.55,61801,0,0.5641,331077400,1.2154,529.7050
f64,Zipfian,Timsort,10000,0.2406,0.5386,30.55,58783,0,0.5641,331078335,1.2154,634.3213
f64,Zipfian,ARS Gen 1: Foundation,10000,1.8486,2.0442,9.25,9660,30000,0.5641,331096588,1.2154,82.5434
f64,Zipfian,ARS Gen 2: Grid Mapping,10000,0.5977,2.1076,26.23,9660,30000,0.5641,331096702,1.2154,255.2743
f64,Zipfian,ARS Gen 3: Apex Baseline,10000,0.7814,2.1128,23.26,126177,14351,0.5641,331080607,1.2154,195.2628
f64,Zipfian,ARS Gen 4: Parallel Apex,10000,1.1720,1.6168,16.18,10892,10000,0.5641,331083555,1.2154,130.1982
f64,Zipfian,ARS Gen 5: Optimized Apex (MAIN),10000,0.9898,1.1262,18.22,10892,0,0.5641,331084535,1.2154,154.1645
f64,Zipfian,ARS Gen 5: Optimized Apex (Stable),10000,0.3111,1.1512,36.88,10906,0,0.5641,331085125,1.2154,490.4959
f64,Zipfian,ARS Gen 6: Aero Architecture,10000,0.4943,1.8851,32.88,14583,0,0.5641,331085092,1.2154,308.6849
f64,Zipfian,ARS Gen 6: Aero (Stable),10000,1.2390,1.8927,13.84,14792,0,0.5641,331085615,1.2154,123.1579
f64,Zipfian,ARS Exp A: Recursive Parallel,10000,1.0382,1.3050,27.34,10892,0,0.5641,331084906,1.2154,146.9756
f64,Zipfian,ARS Exp B: Hierarchical Staging,10000,0.5510,1.1318,50.83,10892,0,0.5641,331085522,1.2154,276.9466
f64,Zipfian,ARS Exp C: Adaptive Hierarchical,10000,0.2548,1.0174,32.35,10892,0,0.5641,331085218,1.2154,598.9123
f64,Zipfian,ARS Exp D: Stream Micro-Batch,10000,0.6300,2.2673,28.47,10892,20000,0.5641,331088301,1.2154,242.2049
f64,Zipfian,Quicksort,100000,0.7867,2.7639,24.25,534636,0,0.5640,331107218,1.2154,1939.6807
f64,Zipfian,Timsort,100000,4.9248,5.2024,3.65,537945,0,0.5640,331110428,1.2154,309.8380
f64,Zipfian,ARS Gen 1: Foundation,100000,3.1067,11.3551,24.95,98709,300000,0.5640,331292452,1.2154,491.1603
f64,Zipfian,ARS Gen 2: Grid Mapping,100000,8.7179,12.2170,12.49,98709,300000,0.5640,331296706,1.2154,175.0286
f64,Zipfian,ARS Gen 3: Apex Baseline,100000,4.2662,9.4701,36.03,1173602,108703,0.5640,331117733,1.2154,357.6631
f64,Zipfian,ARS Gen 4: Parallel Apex,100000,3.7300,4.3831,11.26,122042,100000,0.5640,331118987,1.2154,409.0779
f64,Zipfian,ARS Gen 5: Optimized Apex (MAIN),100000,1.8708,2.9654,38.43,122042,0,0.5640,331118966,1.2154,815.6204
f64,Zipfian,ARS Gen 5: Optimized Apex (Stable),100000,2.6925,3.9004,24.88,121972,0,0.5640,331121864,1.2154,566.7143
f64,Zipfian,ARS Gen 6: Aero Architecture,100000,1.4461,4.2369,24.64,155142,0,0.5640,331128919,1.2154,1055.1815
f64,Zipfian,ARS Gen 6: Aero (Stable),100000,3.6458,4.4359,19.25,155964,0,0.5640,331132769,1.2154,418.5312
f64,Zipfian,ARS Exp A: Recursive Parallel,100000,1.1310,4.3563,30.26,191811,0,0.5640,331123015,1.2154,1349.0865
f64,Zipfian,ARS Exp B: Hierarchical Staging,100000,1.6945,5.1485,30.06,182245,0,0.5640,331115414,1.2154,900.4940
f64,Zipfian,ARS Exp C: Adaptive Hierarchical,100000,2.1068,3.9740,34.59,186400,0,0.5640,331122727,1.2154,724.2713
f64,Zipfian,ARS Exp D: Stream Micro-Batch,100000,5.1758,6.5607,30.52,122042,200000,0.5640,331122059,1.2154,294.8110
f64,Zipfian,Quicksort,1000000,5.3837,6.2444,10.16,5272329,0,0.5639,331133797,1.2157,2834.2822
f64,Zipfian,Timsort,1000000,12.8092,14.1229,9.65,6330674,0,0.5637,331144723,1.2155,1191.2370
f64,Zipfian,ARS Gen 3: Apex Baseline,1000000,26.0912,26.9517,1.54,12320111,1017407,0.5640,331201695,1.2155,584.8260
f64,Zipfian,ARS Gen 4: Parallel Apex,1000000,10.6875,12.3316,6.77,1097231,1000000,0.5641,331152594,1.2145,1427.7258
f64,Zipfian,ARS Gen 5: Optimized Apex (MAIN),1000000,10.3404,11.8478,10.18,1097231,0,0.5641,331150303,1.2144,1475.6436
f64,Zipfian,ARS Gen 5: Optimized Apex (Stable),1000000,10.8086,11.8479,9.37,1099032,0,0.5641,331158685,1.2147,1411.7207
f64,Zipfian,ARS Gen 6: Aero Architecture,1000000,7.3761,8.3668,7.17,1528416,0,0.5641,331273053,1.2152,2068.6689
f64,Zipfian,ARS Gen 6: Aero (Stable),1000000,7.8547,9.0955,8.31,1533326,0,0.5641,331286046,1.2151,1942.6272
f64,Zipfian,ARS Exp A: Recursive Parallel,1000000,12.6971,14.8179,5.94,1991394,0,0.5641,331159362,1.2142,1201.7513
f64,Zipfian,ARS Exp B: Hierarchical Staging,1000000,11.0293,12.4581,9.36,2058356,0,0.5641,331145444,1.2147,1383.4806
f64,Zipfian,ARS Exp C: Adaptive Hierarchical,1000000,13.1924,14.0920,4.67,2122811,0,0.5641,331161282,1.2142,1156.6385
f64,Zipfian,ARS Exp D: Stream Micro-Batch,1000000,20.0202,22.4280,7.06,5811564,2000000,0.5637,331244704,1.2155,762.1704
f64,Zipfian,Quicksort,10000000,80.0891,81.7289,2.35,52910303,0,0.5639,331391642,1.2179,1905.2269
f64,Zipfian,Timsort,10000000,246.2049,252.6412,2.82,65720450,0,0.5636,331473021,1.2165,619.7596
f64,Zipfian,ARS Gen 3: Apex Baseline,10000000,242.2194,249.6910,1.49,122355136,10017407,0.5645,332028457,1.2168,629.9572
f64,Zipfian,ARS Gen 4: Parallel Apex,10000000,100.1635,103.8181,3.53,11104102,10000000,0.5656,331417083,1.2079,1523.3885
f64,Zipfian,ARS Gen 5: Optimized Apex (MAIN),10000000,99.6321,102.4605,2.83,11104102,0,0.5656,331418387,1.2084,1531.5137
f64,Zipfian,ARS Gen 5: Optimized Apex (Stable),10000000,99.9259,102.5663,3.45,11122191,0,0.5656,331454992,1.2080,1527.0100
f64,Zipfian,ARS Gen 6: Aero Architecture,10000000,66.6340,67.1979,2.76,15044247,0,0.5649,332691292,1.2127,2289.9417
f64,Zipfian,ARS Gen 6: Aero (Stable),10000000,69.5487,73.1580,3.32,15062892,0,0.5647,332734050,1.2130,2193.9708
f64,Zipfian,ARS Exp A: Recursive Parallel,10000000,124.9741,131.7483,3.11,20253803,0,0.5661,331428091,1.2081,1220.9560
f64,Zipfian,ARS Exp B: Hierarchical Staging,10000000,112.0692,114.4756,2.16,20501519,0,0.5657,331415383,1.2093,1361.5508
f64,Zipfian,ARS Exp C: Adaptive Hierarchical,10000000,124.6300,131.7308,2.59,20518118,0,0.5661,331434436,1.2059,1224.3271
f64,Zipfian,ARS Exp D: Stream Micro-Batch,10000000,361.7854,368.6484,1.41,119927431,20000000,0.5643,332541087,1.2181,421.7635
f64,Skewed,Quicksort,1000,0.0766,0.0787,7.51,10053,0,0.5636,335348951,1.2296,199.0788
f64,Skewed,Timsort,1000,0.0410,0.1339,30.84,10849,0,0.5636,335349551,1.2296,371.7757
f64,Skewed,ARS Gen 1: Foundation,1000,1.0990,1.1794,12.25,0,2000,0.5636,335356408,1.2296,13.8845
f64,Skewed,ARS Gen 2: Grid Mapping,1000,0.4630,1.4121,23.40,0,2000,0.5636,335357239,1.2296,32.9593
f64,Skewed,ARS Gen 3: Apex Baseline,1000,0.0819,0.0833,11.62,10053,0,0.5636,335348983,1.2296,186.2895
f64,Skewed,ARS Gen 4: Parallel Apex,1000,0.0244,0.0850,27.10,10053,0,0.5636,335348970,1.2296,624.8736
f64,Skewed,ARS Gen 5: Optimized Apex (MAIN),1000,0.0250,0.0839,22.74,10053,0,0.5636,335349019,1.2296,610.3760
f64,Skewed,ARS Gen 5: Optimized Apex (Stable),1000,0.0786,0.1338,19.85,10849,0,0.5636,335349574,1.2296,194.0532
f64,Skewed,ARS Gen 6: Aero Architecture,1000,0.0526,0.0790,20.27,10053,0,0.5636,335348986,1.2296,289.8541
f64,Skewed,ARS Gen 6: Aero (Stable),1000,0.0439,0.1619,27.05,10849,0,0.5636,335349599,1.2296,347.4223
f64,Skewed,ARS Exp A: Recursive Parallel,1000,0.0602,0.0942,23.12,10053,0,0.5636,335348967,1.2296,253.6747
f64,Skewed,ARS Exp B: Hierarchical Staging,1000,0.0816,0.0949,21.71,10053,0,0.5636,335348999,1.2296,187.0500
f64,Skewed,ARS Exp C: Adaptive Hierarchical,1000,0.0301,0.0841,27.89,10053,0,0.5636,335348999,1.2296,506.4822
f64,Skewed,ARS Exp D: Stream Micro-Batch,1000,0.3176,0.8494,24.14,10053,2000,0.5636,335350797,1.2296,48.0463
f64,Skewed,Quicksort,10000,0.3374,0.9199,20.56,137368,0,0.5636,335367256,1.2296,452.2396
f64,Skewed,Timsort,10000,1.4485,1.5475,12.15,142702,0,0.5636,335372451,1.2296,105.3435
f64,Skewed,ARS Gen 1: Foundation,10000,8.2345,26.6715,22.75,0,30000,0.5635,335458531,1.2297,18.5303
f64,Skewed,ARS Gen 2: Grid Mapping,10000,10.5839,28.5242,22.40,0,30000,0.5635,335464468,1.2297,14.4169
f64,Skewed,ARS Gen 3: Apex Baseline,10000,0.7360,2.4106,27.29,192264,14351,0.5636,335372836,1.2296,207.3126
f64,Skewed,ARS Gen 4: Parallel Apex,10000,0.5569,1.8249,27.40,65398,10000,0.5636,335376223,1.2296,273.9853
f64,Skewed,ARS Gen 5: Optimized Apex (MAIN),10000,0.3417,1.1741,29.39,65398,0,0.5636,335376327,1.2296,446.5943
f64,Skewed,ARS Gen 5: Optimized Apex (Stable),10000,0.4751,1.3395,31.83,68511,0,0.5636,335380862,1.2296,321.1599
f64,Skewed,ARS Gen 6: Aero Architecture,10000,0.6201,1.5092,22.11,59344,0,0.5636,335376349,1.2296,246.0603
f64,Skewed,ARS Gen 6: Aero (Stable),10000,0.4648,1.6187,29.64,63109,0,0.5636,335380651,1.2296,328.2731
f64,Skewed,ARS Exp A: Recursive Parallel,10000,0.2973,1.2651,29.43,65398,0,0.5636,335375850,1.2296,513.2472
f64,Skewed,ARS Exp B: Hierarchical Staging,10000,0.9995,1.3958,32.06,65398,0,0.5636,335376138,1.2296,152.6712
f64,Skewed,ARS Exp C: Adaptive Hierarchical,10000,1.0010,1.2750,36.73,65398,0,0.5636,335376814,1.2296,152.4355
f64,Skewed,ARS Exp D: Stream Micro-Batch,10000,0.5401,2.2698,35.06,65398,20000,0.5636,335378319,1.2296,282.5320
f64,Skewed,Quicksort,100000,8.7097,11.0023,8.27,1709967,0,0.5636,335460692,1.2297,175.1926
f64,Skewed,Timsort,100000,16.8462,17.1718,1.27,1750501,0,0.5635,335509540,1.2296,90.5768
f64,Skewed,ARS Gen 1: Foundation,100000,67.8107,71.1465,4.38,0,300000,0.5589,336379289,1.2284,22.5020
f64,Skewed,ARS Gen 2: Grid Mapping,100000,45.3779,68.6548,16.62,0,300000,0.5587,336430938,1.2284,33.6260
f64,Skewed,ARS Gen 3: Apex Baseline,100000,12.2520,13.3284,8.67,1886197,108703,0.5636,335474378,1.2296,124.5412
f64,Skewed,ARS Gen 4: Parallel Apex,100000,1.5042,5.5197,34.00,1067004,100000,0.5635,335475917,1.2296,1014.4318
f64,Skewed,ARS Gen 5: Optimized Apex (MAIN),100000,2.4966,5.4653,24.30,1067004,0,0.5635,335477020,1.2296,611.1796
f64,Skewed,ARS Gen 5: Optimized Apex (Stable),100000,5.3203,6.0302,10.13,1110977,0,0.5635,335531491,1.2296,286.8019
f64,Skewed,ARS Gen 6: Aero Architecture,100000,3.6259,5.5753,21.62,969682,0,0.5635,335486208,1.2296,420.8237
f64,Skewed,ARS Gen 6: Aero (Stable),100000,5.1773,6.7294,12.81,1008646,0,0.5635,335539189,1.2296,294.7256
f64,Skewed,ARS Exp A: Recursive Parallel,100000,4.4188,5.4786,18.72,1067004,0,0.5635,335473767,1.2296,345.3116
f64,Skewed,ARS Exp B: Hierarchical Staging,100000,5.7433,6.6291,17.10,964586,0,0.5635,335469799,1.2296,265.6815
f64,Skewed,ARS Exp C: Adaptive Hierarchical,100000,4.4315,5.5327,11.62,1067004,0,0.5635,335474920,1.2296,344.3249
f64,Skewed,ARS Exp D: Stream Micro-Batch,100000,6.9346,8.5975,15.18,1067004,200000,0.5635,335480289,1.2296,220.0380
f64,Skewed,Quicksort,1000000,30.0712,35.8820,5.93,20447241,0,0.5634,336091778,1.2308,507.4227
f64,Skewed,Timsort,1000000,51.2387,54.0071,3.08,20847648,0,0.5630,336572315,1.2305,297.7983
f64,Skewed,ARS Gen 3: Apex Baseline,1000000,37.1799,41.9953,5.15,21507713,1017407,0.5633,336146089,1.2299,410.4039
f64,Skewed,ARS Gen 4: Parallel Apex,1000000,18.7087,19.9145,3.75,12175428,1000000,0.5636,336097164,1.2295,815.5987
f64,Skewed,ARS Gen 5: Optimized Apex (MAIN),1000000,15.5986,17.9735,5.04,12175428,0,0.5636,336104073,1.2297,978.2165
f64,Skewed,ARS Gen 5: Optimized Apex (Stable),1000000,18.5134,19.7939,5.14,12600161,0,0.5635,336623016,1.2294,824.2007
f64,Skewed,ARS Gen 6: Aero Architecture,1000000,15.6460,17.0325,6.03,13233794,0,0.5635,336230222,1.2300,975.2519
f64,Skewed,ARS Gen 6: Aero (Stable),1000000,18.3475,19.5224,7.11,13668875,0,0.5635,336747762,1.2297,831.6560
f64,Skewed,ARS Exp A: Recursive Parallel,1000000,16.8247,19.4016,6.18,7210611,0,0.5634,336175669,1.2295,906.9256
f64,Skewed,ARS Exp B: Hierarchical Staging,1000000,19.4983,21.7752,7.97,6297511,0,0.5634,336059038,1.2297,782.5707
f64,Skewed,ARS Exp C: Adaptive Hierarchical,1000000,17.9797,21.0281,6.03,7116313,0,0.5634,336102070,1.2295,848.6690
f64,Skewed,ARS Exp D: Stream Micro-Batch,1000000,29.3542,31.0440,9.12,14003368,2000000,0.5636,337659615,1.2294,519.8164
f64,Skewed,Quicksort,10000000,325.7747,334.9676,2.50,237595346,0,0.5619,342516002,1.2427,468.3847
f64,Skewed,Timsort,10000000,601.8663,609.6966,0.97,241521896,0,0.5598,347302610,1.2377,253.5245
f64,Skewed,ARS Gen 3: Apex Baseline,10000000,328.5192,350.6575,2.88,247426529,10017407,0.5615,342954046,1.2330,464.4718
f64,Skewed,ARS Gen 4: Parallel Apex,10000000,172.6697,176.6143,1.62,157303578,10000000,0.5643,342357648,1.2239,883.6979
f64,Skewed,ARS Gen 5: Optimized Apex (MAIN),10000000,149.8884,152.4226,1.54,157303578,0,0.5644,342492083,1.2263,1018.0103
f64,Skewed,ARS Gen 5: Optimized Apex (Stable),10000000,180.2066,185.4609,1.77,161361446,0,0.5626,347456833,1.2224,846.7384
f64,Skewed,ARS Gen 6: Aero Architecture,10000000,131.4760,133.3219,2.90,167739468,0,0.5636,343802412,1.2322,1160.5756
f64,Skewed,ARS Gen 6: Aero (Stable),10000000,170.4827,175.2346,3.98,171743389,0,0.5616,348789393,1.2268,895.0342
f64,Skewed,ARS Exp A: Recursive Parallel,10000000,164.4066,168.0317,1.71,68133992,0,0.5634,342308488,1.2220,928.1131
f64,Skewed,ARS Exp B: Hierarchical Staging,10000000,192.0996,196.0825,2.01,75446404,0,0.5653,342192553,1.2221,794.3166
f64,Skewed,ARS Exp C: Adaptive Hierarchical,10000000,172.4445,177.4255,1.98,78835451,0,0.5645,342401233,1.2213,884.8524
f64,Skewed,ARS Exp D: Stream Micro-Batch,10000000,371.2247,378.7320,0.86,176121228,20000000,0.5649,372974917,1.2182,411.0392
f64,Clustered,Quicksort,1000,0.0695,0.0793,14.08,10085,0,0.5639,356302490,1.2178,219.5983
f64,Clustered,Timsort,1000,0.0800,0.1568,17.62,10643,0,0.5639,356303052,1.2178,190.7301
f64,Clustered,ARS Gen 1: Foundation,1000,0.7958,1.1534,16.16,0,2000,0.5639,356309879,1.2178,19.1736
f64,Clustered,ARS Gen 2: Grid Mapping,1000,0.4893,1.4774,23.69,0,2000,0.5639,356310735,1.2178,31.1830
f64,Clustered,ARS Gen 3: Apex Baseline,1000,0.0239,0.0836,29.24,10085,0,0.5639,356302490,1.2178,638.9243
f64,Clustered,ARS Gen 4: Parallel Apex,1000,0.0797,0.1006,15.25,10085,0,0.5639,356302488,1.2178,191.3592
f64,Clustered,ARS Gen 5: Optimized Apex (MAIN),1000,0.0291,0.0837,46.52,10085,0,0.5639,356302495,1.2178,523.7091
f64,Clustered,ARS Gen 5: Optimized Apex (Stable),1000,0.0369,0.1402,31.03,10643,0,0.5639,356303095,1.2178,413.1590
f64,Clustered,ARS Gen 6: Aero Architecture,1000,0.0367,0.0795,27.34,10085,0,0.5639,356302464,1.2178,415.4652
f64,Clustered,ARS Gen 6: Aero (Stable),1000,0.0828,0.1309,19.52,10643,0,0.5639,356303069,1.2178,184.1959
f64,Clustered,ARS Exp A: Recursive Parallel,1000,0.0232,0.0886,30.27,10085,0,0.5639,356302489,1.2178,656.4332
f64,Clustered,ARS Exp B: Hierarchical Staging,1000,0.0287,0.0838,31.72,10085,0,0.5639,356302500,1.2178,531.7763
f64,Clustered,ARS Exp C: Adaptive Hierarchical,1000,0.0512,0.0841,15.17,10085,0,0.5639,356302504,1.2178,298.0232
f64,Clustered,ARS Exp D: Stream Micro-Batch,1000,0.6540,0.8440,57.76,10085,2000,0.5639,356304127,1.2178,23.3330
f64,Clustered,Quicksort,10000,0.6750,0.9149,13.94,136330,0,0.5639,356321720,1.2177,226.0648
f64,Clustered,Timsort,10000,0.4456,1.5063,31.62,141437,0,0.5639,356327307,1.2177,342.4301
f64,Clustered,ARS Gen 1: Foundation,10000,7.9699,26.9686,30.66,0,30000,0.5637,356413548,1.2179,19.1454
f64,Clustered,ARS Gen 2: Grid Mapping,10000,15.6717,28.1089,13.96,0,30000,0.5638,356419273,1.2179,9.7365
f64,Clustered,ARS Gen 3: Apex Baseline,10000,1.4093,2.5692,20.66,192985,14351,0.5639,356327662,1.2177,108.2700
f64,Clustered,ARS Gen 4: Parallel Apex,10000,0.7351,2.4018,29.65,127386,10000,0.5639,356330700,1.2177,207.5774
f64,Clustered,ARS Gen 5: Optimized Apex (MAIN),10000,0.7522,1.9016,20.25,127386,0,0.5639,356331033,1.2177,202.8638
f64,Clustered,ARS Gen 5: Optimized Apex (Stable),10000,1.9511,2.3731,16.37,131312,0,0.5639,356336221,1.2177,78.2079
f64,Clustered,ARS Gen 6: Aero Architecture,10000,1.9710,2.3943,11.74,114293,0,0.5639,356332263,1.2177,77.4172
f64,Clustered,ARS Gen 6: Aero (Stable),10000,0.7591,2.8478,26.32,119337,0,0.5639,356339349,1.2177,201.0190
f64,Clustered,ARS Exp A: Recursive Parallel,10000,0.4533,1.8082,36.21,103740,0,0.5639,356335344,1.2177,336.6246
f64,Clustered,ARS Exp B: Hierarchical Staging,10000,1.4844,1.9486,21.18,127386,0,0.5639,356330962,1.2177,102.7937
f64,Clustered,ARS Exp C: Adaptive Hierarchical,10000,1.7176,1.9787,32.18,127386,0,0.5639,356329842,1.2177,88.8357
f64,Clustered,ARS Exp D: Stream Micro-Batch,10000,1.3880,2.8901,44.81,127386,20000,0.5639,356334265,1.2177,109.9304
f64,Clustered,Quicksort,100000,2.6830,10.9820,24.67,1704812,0,0.5638,356396544,1.2178,568.7258
f64,Clustered,Timsort,100000,5.3103,17.0360,23.34,1751115,0,0.5638,356446179,1.2178,287.3437
f64,Clustered,ARS Gen 1: Foundation,100000,63.6017,67.1502,3.27,0,300000,0.5593,357312777,1.2166,23.9912
f64,Clustered,ARS Gen 2: Grid Mapping,100000,49.1987,68.3865,9.56,0,300000,0.5600,357368293,1.2169,31.0146
f64,Clustered,ARS Gen 3: Apex Baseline,100000,4.4230,10.6313,44.09,1885890,108703,0.5638,356411198,1.2178,344.9863
f64,Clustered,ARS Gen 4: Parallel Apex,100000,4.1584,9.2007,45.45,1607356,100000,0.5638,356409202,1.2178,366.9427
f64,Clustered,ARS Gen 5: Optimized Apex (MAIN),100000,2.2779,9.2490,46.71,1607356,0,0.5638,356410512,1.2178,669.8745
f64,Clustered,ARS Gen 5: Optimized Apex (Stable),100000,3.0082,11.8565,37.61,1648722,0,0.5638,356462176,1.2178,507.2427
f64,Clustered,ARS Gen 6: Aero Architecture,100000,2.7286,6.8365,54.01,1567959,0,0.5638,356464091,1.2178,559.2129
f64,Clustered,ARS Gen 6: Aero (Stable),100000,3.1207,8.3424,55.54,1611246,0,0.5638,356517110,1.2178,488.9484
f64,Clustered,ARS Exp A: Recursive Parallel,100000,2.2239,8.5025,25.99,745151,0,0.5638,356435852,1.2177,686.1269
f64,Clustered,ARS Exp B: Hierarchical Staging,100000,5.8343,10.0798,20.09,993675,0,0.5638,356414399,1.2177,261.5375
f64,Clustered,ARS Exp C: Adaptive Hierarchical,100000,4.1529,9.1031,20.83,993048,0,0.5638,356427475,1.2178,367.4254
f64,Clustered,ARS Exp D: Stream Micro-Batch,100000,3.7263,8.8602,56.44,1607356,200000,0.5638,356415109,1.2178,409.4845
f64,Clustered,Quicksort,1000000,27.3053,28.6140,3.27,20426723,0,0.5637,356914833,1.2188,558.8224
f64,Clustered,Timsort,1000000,43.7741,46.2059,3.57,20820518,0,0.5633,357391013,1.2185,348.5802
f64,Clustered,ARS Gen 3: Apex Baseline,1000000,31.8404,32.8316,1.83,21500495,1017407,0.5636,356969374,1.2180,479.2279
f64,Clustered,ARS Gen 4: Parallel Apex,1000000,29.3754,34.4263,15.13,18907750,1000000,0.5638,356914335,1.2182,519.4415
f64,Clustered,ARS Gen 5: Optimized Apex (MAIN),1000000,22.5964,29.4223,12.30,18907750,0,0.5638,356935790,1.2182,675.2743
f64,Clustered,ARS Gen 5: Optimized Apex (Stable),1000000,34.4756,37.5749,9.17,19283314,0,0.5636,357426765,1.2179,442.5968
f64,Clustered,ARS Gen 6: Aero Architecture,1000000,18.3189,25.8716,16.22,19459121,0,0.5638,357484124,1.2184,832.9512
f64,Clustered,ARS Gen 6: Aero (Stable),1000000,28.8246,34.9091,9.87,19837631,0,0.5636,357971806,1.2179,529.3664
f64,Clustered,ARS Exp A: Recursive Parallel,1000000,22.9529,25.3667,4.96,6385600,0,0.5637,357025815,1.2163,664.7867
f64,Clustered,ARS Exp B: Hierarchical Staging,1000000,23.2109,26.7398,8.69,6103657,0,0.5639,356875770,1.2174,657.3989
f64,Clustered,ARS Exp C: Adaptive Hierarchical,1000000,25.1829,26.2848,10.14,7939094,0,0.5640,356954048,1.2166,605.9196
f64,Clustered,ARS Exp D: Stream Micro-Batch,1000000,26.8507,34.3254,14.53,20689690,2000000,0.5639,357967660,1.2176,568.2833
f64,Clustered,Quicksort,10000000,335.8206,341.9479,1.54,237620849,0,0.5627,367034722,1.2307,454.3732
f64,Clustered,Timsort,10000000,601.6465,608.4270,0.65,241538603,0,0.5609,371815330,1.2259,253.6172
f64,Clustered,ARS Gen 3: Apex Baseline,10000000,332.5533,353.8360,2.51,247441240,10017407,0.5622,367475536,1.2216,458.8375
f64,Clustered,ARS Gen 4: Parallel Apex,10000000,344.7926,380.6948,9.29,220392561,10000000,0.5644,366885098,1.2243,442.5497
f64,Clustered,ARS Gen 5: Optimized Apex (MAIN),10000000,283.2462,312.1794,10.10,220392561,0,0.5641,367067926,1.2240,538.7113
f64,Clustered,ARS Gen 5: Optimized Apex (Stable),10000000,420.6225,472.2527,10.12,224177041,0,0.5624,371937522,1.2198,362.7669
f64,Clustered,ARS Gen 6: Aero Architecture,10000000,256.1908,287.2147,7.15,220392561,0,0.5639,374959549,1.2260,595.6026
f64,Clustered,ARS Gen 6: Aero (Stable),10000000,380.0423,444.0484,8.21,224177041,0,0.5630,379747663,1.2213,401.5024
f64,Clustered,ARS Exp A: Recursive Parallel,10000000,230.0493,239.0625,2.21,82410094,0,0.5647,367350198,1.2064,663.2834
f64,Clustered,ARS Exp B: Hierarchical Staging,10000000,267.2074,278.2813,2.68,96497764,0,0.5672,366625875,1.2113,571.0467
f64,Clustered,ARS Exp C: Adaptive Hierarchical,10000000,259.4886,275.1894,6.28,102496240,0,0.5674,367005028,1.2080,588.0331
f64,Clustered,ARS Exp D: Stream Micro-Batch,10000000,567.4797,660.7611,6.86,271656515,20000000,0.5649,388769608,1.2195,268.8870
f64,BucketCollapse,Quicksort,1000,0.0779,0.0794,11.36,10160,0,0.5655,459909523,1.2288,195.9974
f64,BucketCollapse,Timsort,1000,0.0776,0.1340,19.31,10742,0,0.5655,459910185,1.2288,196.5326
f64,BucketCollapse,ARS Gen 1: Foundation,1000,0.3194,1.1295,24.77,2,2000,0.5655,459917085,1.2288,47.7794
f64,BucketCollapse,ARS Gen 2: Grid Mapping,1000,0.4749,1.4127,24.56,2,2000,0.5655,459917976,1.2288,32.1276
f64,BucketCollapse,ARS Gen 3: Apex Baseline,1000,0.0285,0.0862,29.59,10160,0,0.5655,459909533,1.2288,534.5146
f64,BucketCollapse,ARS Gen 4: Parallel Apex,1000,0.0246,0.0826,22.76,10160,0,0.5655,459909519,1.2288,620.4273
f64,BucketCollapse,ARS Gen 5: Optimized Apex (MAIN),1000,0.0231,0.0831,39.43,10160,0,0.5655,459909581,1.2288,659.8110
f64,BucketCollapse,ARS Gen 5: Optimized Apex (Stable),1000,0.0402,0.1362,28.41,10742,0,0.5655,459910177,1.2288,379.8837
f64,BucketCollapse,ARS Gen 6: Aero Architecture,1000,0.0793,0.0803,15.90,10160,0,0.5655,459909525,1.2288,192.5083
f64,BucketCollapse,ARS Gen 6: Aero (Stable),1000,0.0390,0.1369,30.02,10742,0,0.5655,459910179,1.2288,390.9803
f64,BucketCollapse,ARS Exp A: Recursive Parallel,1000,0.0237,0.0809,39.81,10160,0,0.5655,459909540,1.2288,643.6407
f64,BucketCollapse,ARS Exp B: Hierarchical Staging,1000,0.0822,0.0845,15.20,10160,0,0.5655,459909555,1.2288,185.6165
f64,BucketCollapse,ARS Exp C: Adaptive Hierarchical,1000,0.0284,0.0830,33.74,10160,0,0.5655,459909577,1.2288,537.1489
f64,BucketCollapse,ARS Exp D: Stream Micro-Batch,1000,0.2370,0.8421,32.96,10160,2000,0.5655,459911270,1.2288,64.3958
f64,BucketCollapse,Quicksort,10000,0.2337,0.8877,33.43,136996,0,0.5655,459927620,1.2288,652.8914
f64,BucketCollapse,Timsort,10000,1.1443,1.5241,16.71,141829,0,0.5655,459933022,1.2288,133.3414
f64,BucketCollapse,ARS Gen 1: Foundation,10000,8.6651,26.3081,21.88,44,30000,0.5654,460019868,1.2289,17.6096
f64,BucketCollapse,ARS Gen 2: Grid Mapping,10000,26.4158,27.7076,3.13,44,30000,0.5654,460025635,1.2289,5.7764
f64,BucketCollapse,ARS Gen 3: Apex Baseline,10000,1.5733,2.2527,14.66,193234,14351,0.5655,459933170,1.2288,96.9872
f64,BucketCollapse,ARS Gen 4: Parallel Apex,10000,1.5105,1.7232,11.70,52358,10000,0.5655,459936303,1.2288,101.0192
f64,BucketCollapse,ARS Gen 5: Optimized Apex (MAIN),10000,0.3142,1.1915,34.48,52358,0,0.5655,459935415,1.2288,485.7028
f64,BucketCollapse,ARS Gen 5: Optimized Apex (Stable),10000,0.3313,1.3538,32.17,57703,0,0.5655,459938076,1.2288,460.5342
f64,BucketCollapse,ARS Gen 6: Aero Architecture,10000,0.4262,1.6184,41.29,57911,0,0.5655,459936264,1.2288,357.9917
f64,BucketCollapse,ARS Gen 6: Aero (Stable),10000,0.5221,1.7745,29.89,60501,0,0.5655,459937368,1.2288,292.2406
f64,BucketCollapse,ARS Exp A: Recursive Parallel,10000,1.0143,1.1893,23.16,52358,0,0.5655,459934917,1.2288,150.4303
f64,BucketCollapse,ARS Exp B: Hierarchical Staging,10000,1.0526,1.3621,34.69,52358,0,0.5655,459935678,1.2288,144.9685
f64,BucketCollapse,ARS Exp C: Adaptive Hierarchical,10000,0.3000,1.2068,38.53,52358,0,0.5655,459935661,1.2288,508.6755
f64,BucketCollapse,ARS Exp D: Stream Micro-Batch,10000,0.7211,2.4664,39.19,52358,20000,0.5655,459939375,1.2288,211.6167
f64,BucketCollapse,Quicksort,100000,10.7743,11.1917,1.86,1708661,0,0.5655,460017360,1.2288,141.6217
f64,BucketCollapse,Timsort,100000,7.2156,17.4258,19.16,1748978,0,0.5654,460066812,1.2288,211.4707
f64,BucketCollapse,ARS Gen 1: Foundation,100000,63.7070,75.2076,5.94,2102,300000,0.5616,460944076,1.2278,23.9515
f64,BucketCollapse,ARS Gen 2: Grid Mapping,100000,49.0838,74.7840,10.97,2102,300000,0.5621,461037215,1.2281,31.0872
f64,BucketCollapse,ARS Gen 3: Apex Baseline,100000,13.6723,14.5825,5.04,1886943,108703,0.5655,460031445,1.2288,111.6034
f64,BucketCollapse,ARS Gen 4: Parallel Apex,100000,2.8531,6.0299,21.20,881461,100000,0.5654,460030474,1.2288,534.8080
f64,BucketCollapse,ARS Gen 5: Optimized Apex (MAIN),100000,4.4354,5.8896,13.87,881461,0,0.5654,460032677,1.2288,344.0228
f64,BucketCollapse,ARS Gen 5: Optimized Apex (Stable),100000,4.5484,5.9460,18.24,922226,0,0.5654,460082599,1.2287,335.4757
f64,BucketCollapse,ARS Gen 6: Aero Architecture,100000,4.8121,5.6395,17.84,933682,0,0.5654,460040775,1.2288,317.0891
f64,BucketCollapse,ARS Gen 6: Aero (Stable),100000,5.1861,6.1540,19.32,973015,0,0.5654,460092656,1.2288,294.2233
f64,BucketCollapse,ARS Exp A: Recursive Parallel,100000,4.3319,4.9193,9.38,881461,0,0.5654,460032055,1.2288,352.2401
f64,BucketCollapse,ARS Exp B: Hierarchical Staging,100000,5.9231,6.7256,10.52,769868,0,0.5654,460024955,1.2288,257.6131
f64,BucketCollapse,ARS Exp C: Adaptive Hierarchical,100000,4.4333,5.4503,8.33,881461,0,0.5654,460029599,1.2288,344.1860
f64,BucketCollapse,ARS Exp D: Stream Micro-Batch,100000,2.6400,7.0336,23.21,881461,200000,0.5654,460036483,1.2288,577.9912
f64,BucketCollapse,Quicksort,1000000,40.9171,47.2722,5.65,20371770,0,0.5653,460602290,1.2298,372.9197
f64,BucketCollapse,Timsort,1000000,51.8659,63.5297,6.20,20790377,0,0.5650,461083716,1.2295,294.1970
f64,BucketCollapse,ARS Gen 3: Apex Baseline,1000000,44.4669,52.5662,5.61,21441624,1017407,0.5652,460658471,1.2290,343.1497
f64,BucketCollapse,ARS Gen 4: Parallel Apex,1000000,21.3427,27.1735,12.34,10165513,1000000,0.5654,460606282,1.2289,714.9416
f64,BucketCollapse,ARS Gen 5: Optimized Apex (MAIN),1000000,20.4878,25.2455,9.34,10165513,0,0.5655,460619077,1.2289,744.7734
f64,BucketCollapse,ARS Gen 5: Optimized Apex (Stable),1000000,20.8630,24.7452,19.96,10580504,0,0.5654,461128228,1.2288,731.3788
f64,BucketCollapse,ARS Gen 6: Aero Architecture,1000000,20.2126,23.8195,30.74,12890329,0,0.5655,460743350,1.2291,754.9131
f64,BucketCollapse,ARS Gen 6: Aero (Stable),1000000,24.4675,27.3719,5.86,13317079,0,0.5655,461266448,1.2289,623.6360
f64,BucketCollapse,ARS Exp A: Recursive Parallel,1000000,16.3999,23.4545,15.58,10165513,0,0.5655,460615810,1.2288,930.4181
f64,BucketCollapse,ARS Exp B: Hierarchical Staging,1000000,15.6281,24.5014,24.86,11219057,0,0.5655,460600982,1.2290,976.3663
f64,BucketCollapse,ARS Exp C: Adaptive Hierarchical,1000000,18.6062,24.0902,11.72,12282561,0,0.5655,460618593,1.2290,820.0905
f64,BucketCollapse,ARS Exp D: Stream Micro-Batch,1000000,30.6115,45.0939,12.78,13707893,2000000,0.5655,461593641,1.2289,498.4651
f64,BucketCollapse,Quicksort,10000000,317.2665,329.1061,2.52,229710139,0,0.5647,472416367,1.2408,480.9455
f64,BucketCollapse,Timsort,10000000,601.1201,615.3761,1.48,238765827,0,0.5629,478189663,1.2366,253.8393
f64,BucketCollapse,ARS Gen 3: Apex Baseline,10000000,327.1278,342.6363,2.21,239580345,10017407,0.5641,472967184,1.2328,466.4474
f64,BucketCollapse,ARS Gen 4: Parallel Apex,10000000,157.3268,161.6968,1.36,128920493,10000000,0.5667,472405924,1.2255,969.8785
f64,BucketCollapse,ARS Gen 5: Optimized Apex (MAIN),10000000,139.8192,142.9328,1.28,128920493,0,0.5667,472399824,1.2269,1091.3229
f64,BucketCollapse,ARS Gen 5: Optimized Apex (Stable),10000000,156.6728,163.3254,3.77,131078234,0,0.5659,476953762,1.2248,973.9274
f64,BucketCollapse,ARS Gen 6: Aero Architecture,10000000,121.5326,126.1442,4.44,154376529,0,0.5663,473707308,1.2303,1255.5302
f64,BucketCollapse,ARS Gen 6: Aero (Stable),10000000,157.3923,163.4270,3.05,156481034,0,0.5644,478153313,1.2277,969.4750
f64,BucketCollapse,ARS Exp A: Recursive Parallel,10000000,153.2056,158.7622,2.44,31143816,0,0.5644,472793754,1.2239,995.9680
f64,BucketCollapse,ARS Exp B: Hierarchical Staging,10000000,169.6722,173.6273,1.31,45654340,0,0.5652,471658275,1.2241,899.3101
f64,BucketCollapse,ARS Exp C: Adaptive Hierarchical,10000000,151.4752,153.9378,1.28,45663918,0,0.5648,472004655,1.2249,1007.3454
f64,BucketCollapse,ARS Exp D: Stream Micro-Batch,10000000,580.1563,600.2824,2.04,199050033,20000000,0.5661,492531747,1.2279,263.0117
f64,LowCardinality,Quicksort,1000,0.0218,0.0362,40.36,5523,0,0.5677,549260438,1.2228,700.1693
f64,LowCardinality,Timsort,1000,0.0202,0.0692,41.11,5690,0,0.5677,549260687,1.2228,756.7718
f64,LowCardinality,ARS Gen 1: Foundation,1000,0.0760,0.2498,23.23,984,2000,0.5677,549262926,1.2228,200.6758
f64,LowCardinality,ARS Gen 2: Grid Mapping,1000,0.1354,0.3201,20.58,984,2000,0.5677,549262905,1.2228,112.6567
f64,LowCardinality,ARS Gen 3: Apex Baseline,1000,0.0143,0.0383,38.93,5523,0,0.5677,549260441,1.2228,1068.4678
f64,LowCardinality,ARS Gen 4: Parallel Apex,1000,0.0361,0.0372,22.61,5523,0,0.5677,549260452,1.2228,423.0327
f64,LowCardinality,ARS Gen 5: Optimized Apex (MAIN),1000,0.0171,0.0376,30.51,5523,0,0.5677,549260448,1.2228,892.4312
f64,LowCardinality,ARS Gen 5: Optimized Apex (Stable),1000,0.0646,0.0698,18.85,5690,0,0.5677,549260695,1.2228,236.2846
f64,LowCardinality,ARS Gen 6: Aero Architecture,1000,0.0307,0.0360,27.97,5523,0,0.5677,549260440,1.2228,496.7215
f64,LowCardinality,ARS Gen 6: Aero (Stable),1000,0.0513,0.0676,22.05,5690,0,0.5677,549260711,1.2228,297.4017
f64,LowCardinality,ARS Exp A: Recursive Parallel,1000,0.0345,0.0446,27.62,5523,0,0.5677,549260447,1.2228,442.5403
f64,LowCardinality,ARS Exp B: Hierarchical Staging,1000,0.0352,0.0375,21.85,5523,0,0.5677,549260447,1.2228,434.0926
f64,LowCardinality,ARS Exp C: Adaptive Hierarchical,1000,0.0356,0.0380,19.79,5523,0,0.5677,549260446,1.2228,428.2207
f64,LowCardinality,ARS Exp D: Stream Micro-Batch,1000,0.2631,0.7751,23.22,5523,2000,0.5677,549262038,1.2228,58.0072
f64,LowCardinality,Quicksort,10000,0.1556,0.2858,22.54,53926,0,0.5677,549272829,1.2228,980.6483
f64,LowCardinality,Timsort,10000,0.1412,0.5194,24.00,54499,0,0.5677,549273318,1.2228,1080.9187
f64,LowCardinality,ARS Gen 1: Foundation,10000,1.6699,1.8707,9.52,9984,30000,0.5677,549292500,1.2228,91.3729
f64,LowCardinality,ARS Gen 2: Grid Mapping,10000,1.8986,2.3812,7.12,9984,30000,0.5677,549293096,1.2228,80.3671
f64,LowCardinality,ARS Gen 3: Apex Baseline,10000,0.5101,1.9412,24.57,122534,14351,0.5677,549275550,1.2228,299.1192
f64,LowCardinality,ARS Gen 4: Parallel Apex,10000,1.5332,1.8699,15.94,9988,10000,0.5677,549280141,1.2228,99.5223
f64,LowCardinality,ARS Gen 5: Optimized Apex (MAIN),10000,0.3115,1.0452,27.40,9988,0,0.5677,549280886,1.2228,489.8975
f64,LowCardinality,ARS Gen 5: Optimized Apex (Stable),10000,0.2661,1.1961,31.60,9988,0,0.5677,549280071,1.2228,573.4425
f64,LowCardinality,ARS Gen 6: Aero Architecture,10000,1.2979,1.4721,28.77,9988,0,0.5677,549281276,1.2228,117.5656
f64,LowCardinality,ARS Gen 6: Aero (Stable),10000,1.1558,1.5796,15.77,9988,0,0.5677,549281588,1.2228,132.0219
f64,LowCardinality,ARS Exp A: Recursive Parallel,10000,0.2891,1.0477,32.05,9988,0,0.5677,549279732,1.2228,527.8378
f64,LowCardinality,ARS Exp B: Hierarchical Staging,10000,0.8616,1.1047,30.01,9988,0,0.5677,549279160,1.2228,177.1028
f64,LowCardinality,ARS Exp C: Adaptive Hierarchical,10000,0.7439,1.0143,17.98,9988,0,0.5677,549279686,1.2228,205.1097
f64,LowCardinality,ARS Exp D: Stream Micro-Batch,10000,0.5385,2.0782,25.05,9988,20000,0.5677,549282886,1.2228,283.3731
f64,LowCardinality,Quicksort,100000,0.7552,2.7451,23.82,529535,0,0.5677,549305300,1.2228,2020.4349
f64,LowCardinality,Timsort,100000,1.4908,4.9710,23.69,529496,0,0.5677,549306105,1.2228,1023.5069
f64,LowCardinality,ARS Gen 1: Foundation,100000,8.3279,8.9126,5.07,99984,300000,0.5677,549492616,1.2228,183.2246
f64,LowCardinality,ARS Gen 2: Grid Mapping,100000,2.8576,10.0564,24.45,99984,300000,0.5677,549505957,1.2228,533.9656
f64,LowCardinality,ARS Gen 3: Apex Baseline,100000,12.4142,12.8524,3.34,1144577,108703,0.5677,549314464,1.2228,122.9141
f64,LowCardinality,ARS Gen 4: Parallel Apex,100000,3.4592,4.3896,11.50,99988,100000,0.5677,549317721,1.2228,441.1110
f64,LowCardinality,ARS Gen 5: Optimized Apex (MAIN),100000,0.7963,3.2568,35.28,99988,0,0.5677,549317346,1.2228,1916.2087
f64,LowCardinality,ARS Gen 5: Optimized Apex (Stable),100000,1.6723,3.6178,25.17,99988,0,0.5677,549318061,1.2228,912.4504
f64,LowCardinality,ARS Gen 6: Aero Architecture,100000,3.3729,3.8363,7.68,99988,0,0.5677,549339437,1.2228,452.3955
f64,LowCardinality,ARS Gen 6: Aero (Stable),100000,1.7056,3.1537,26.71,99988,0,0.5677,549339331,1.2228,894.6262
f64,LowCardinality,ARS Exp A: Recursive Parallel,100000,3.7154,5.5511,16.61,199972,0,0.5677,549324343,1.2228,410.6933
f64,LowCardinality,ARS Exp B: Hierarchical Staging,100000,4.2270,4.8303,14.30,199972,0,0.5677,549313007,1.2228,360.9848
f64,LowCardinality,ARS Exp C: Adaptive Hierarchical,100000,2.4834,3.8835,26.00,99988,0,0.5677,549317024,1.2228,614.4388
f64,LowCardinality,ARS Exp D: Stream Micro-Batch,100000,1.6432,6.0544,27.67,99988,200000,0.5677,549319693,1.2228,928.5919
f64,LowCardinality,Quicksort,1000000,6.9012,7.6863,7.76,5137070,0,0.5675,549333128,1.2230,2211.0214
f64,LowCardinality,Timsort,1000000,13.9862,14.2915,5.69,6203899,0,0.5673,549334892,1.2229,1090.9857
f64,LowCardinality,ARS Gen 3: Apex Baseline,1000000,27.5468,29.0511,6.73,12087813,1017407,0.5677,549399267,1.2229,553.9225
f64,LowCardinality,ARS Gen 4: Parallel Apex,1000000,10.7737,12.8085,8.86,999988,1000000,0.5677,549352720,1.2222,1416.3047
f64,LowCardinality,ARS Gen 5: Optimized Apex (MAIN),1000000,11.1587,12.1222,7.85,999988,0,0.5677,549351794,1.2221,1367.4381
f64,LowCardinality,ARS Gen 5: Optimized Apex (Stable),1000000,10.1276,12.7754,11.07,999988,0,0.5677,549353322,1.2223,1506.6564
f64,LowCardinality,ARS Gen 6: Aero Architecture,1000000,7.0782,8.1467,12.85,999988,0,0.5677,549599455,1.2227,2155.7546
f64,LowCardinality,ARS Gen 6: Aero (Stable),1000000,7.0155,9.0073,13.04,999988,0,0.5677,549600369,1.2227,2175.0069
f64,LowCardinality,ARS Exp A: Recursive Parallel,1000000,13.0199,14.9360,5.99,1999972,0,0.5677,549358214,1.2222,1171.9607
f64,LowCardinality,ARS Exp B: Hierarchical Staging,1000000,11.8648,13.0961,5.34,1999972,0,0.5677,549344367,1.2225,1286.0596
f64,LowCardinality,ARS Exp C: Adaptive Hierarchical,1000000,12.0062,15.3232,11.86,1999976,0,0.5677,549360513,1.2222,1270.9066
f64,LowCardinality,ARS Exp D: Stream Micro-Batch,1000000,19.7276,23.0637,6.09,5660775,2000000,0.5675,549416106,1.2229,773.4734
f64,LowCardinality,Quicksort,10000000,85.1387,87.6011,4.06,51295534,0,0.5678,549431974,1.2250,1792.2282
f64,LowCardinality,Timsort,10000000,265.6138,271.7331,1.10,66963952,0,0.5677,549443340,1.2239,574.4727
f64,LowCardinality,ARS Gen 3: Apex Baseline,10000000,234.3076,241.4579,4.76,120086692,10017407,0.5680,550069074,1.2240,651.2290
f64,LowCardinality,ARS Gen 4: Parallel Apex,10000000,97.2541,99.6301,3.19,9999990,10000000,0.5690,549460864,1.2176,1568.9604
f64,LowCardinality,ARS Gen 5: Optimized Apex (MAIN),10000000,97.9834,99.9938,3.07,9999990,0,0.5690,549456648,1.2174,1557.2829
f64,LowCardinality,ARS Gen 5: Optimized Apex (Stable),10000000,96.6182,103.3089,2.69,9999990,0,0.5690,549459877,1.2181,1579.2866
f64,LowCardinality,ARS Gen 6: Aero Architecture,10000000,61.5440,63.2423,3.82,9999990,0,0.5685,552003397,1.2207,2479.3319
f64,LowCardinality,ARS Gen 6: Aero (Stable),10000000,60.8867,64.5896,8.93,9999990,0,0.5685,552004463,1.2211,2506.0963
f64,LowCardinality,ARS Exp A: Recursive Parallel,10000000,125.7982,128.7787,1.27,19999974,0,0.5695,549467009,1.2166,1212.9573
f64,LowCardinality,ARS Exp B: Hierarchical Staging,10000000,107.9112,110.3826,7.29,19999974,0,0.5691,549448737,1.2189,1414.0130
f64,LowCardinality,ARS Exp C: Adaptive Hierarchical,10000000,124.2845,126.8283,2.32,19999974,0,0.5694,549465838,1.2161,1227.7303
f64,LowCardinality,ARS Exp D: Stream Micro-Batch,10000000,363.8968,370.4872,2.49,117027284,20000000,0.5680,550161117,1.2242,419.3164
f64,PrefixCollision,Quicksort,1000,0.0418,0.0781,19.70,10160,0,0.5689,551672058,1.2269,365.2088
f64,PrefixCollision,Timsort,1000,0.0445,0.1348,24.35,10742,0,0.5689,551672698,1.2269,342.5477
f64,PrefixCollision,ARS Gen 1: Foundation,1000,0.3290,1.1212,23.25,2,2000,0.5689,551679548,1.2269,46.3804
f64,PrefixCollision,ARS Gen 2: Grid Mapping,1000,0.3808,1.3893,24.67,2,2000,0.5689,551680478,1.2269,40.0712
f64,PrefixCollision,ARS Gen 3: Apex Baseline,1000,0.0243,0.0830,34.22,10160,0,0.5689,551672059,1.2269,628.2957
f64,PrefixCollision,ARS Gen 4: Parallel Apex,1000,0.0202,0.0829,28.68,10160,0,0.5689,551672065,1.2269,755.1613
f64,PrefixCollision,ARS Gen 5: Optimized Apex (MAIN),1000,0.0285,0.0834,30.52,10160,0,0.5689,551672086,1.2269,535.7345
f64,PrefixCollision,ARS Gen 5: Optimized Apex (Stable),1000,0.0428,0.1363,24.68,10742,0,0.5689,551672702,1.2269,356.8556
f64,PrefixCollision,ARS Gen 6: Aero Architecture,1000,0.0640,0.0785,24.03,10160,0,0.5689,551672045,1.2269,238.3813
f64,PrefixCollision,ARS Gen 6: Aero (Stable),1000,0.0452,0.1611,27.63,10742,0,0.5689,551672684,1.2269,337.8679
f64,PrefixCollision,ARS Exp A: Recursive Parallel,1000,0.0234,0.0792,25.88,10160,0,0.5689,551672046,1.2269,653.1736
f64,PrefixCollision,ARS Exp B: Hierarchical Staging,1000,0.0226,0.1007,28.18,10160,0,0.5689,551672090,1.2269,675.7956
f64,PrefixCollision,ARS Exp C: Adaptive Hierarchical,1000,0.0820,0.0833,7.28,10160,0,0.5689,551672095,1.2269,186.1373
f64,PrefixCollision,ARS Exp D: Stream Micro-Batch,1000,0.2102,0.8278,36.94,10160,2000,0.5689,551673909,1.2269,72.6014
f64,PrefixCollision,Quicksort,10000,0.2276,0.9107,35.95,136996,0,0.5689,551690492,1.2269,670.4419
f64,PrefixCollision,Timsort,10000,0.6292,1.5627,20.50,141829,0,0.5689,551695888,1.2269,242.5098
f64,PrefixCollision,ARS Gen 1: Foundation,10000,21.9193,27.2525,17.91,44,30000,0.5688,551782496,1.2270,6.9614
f64,PrefixCollision,ARS Gen 2: Grid Mapping,10000,15.8218,27.0547,19.80,44,30000,0.5688,551788343,1.2270,9.6441
f64,PrefixCollision,ARS Gen 3: Apex Baseline,10000,0.6256,2.1580,24.42,193234,14351,0.5689,551695936,1.2269,243.9049
f64,PrefixCollision,ARS Gen 4: Parallel Apex,10000,1.4858,1.7443,13.41,52358,10000,0.5689,551698185,1.2269,102.6975
f64,PrefixCollision,ARS Gen 5: Optimized Apex (MAIN),10000,1.0124,1.4779,24.45,52358,0,0.5689,551697026,1.2269,150.7135
f64,PrefixCollision,ARS Gen 5: Optimized Apex (Stable),10000,1.0340,1.2272,44.96,57703,0,0.5689,551701571,1.2269,147.5639
f64,PrefixCollision,ARS Gen 6: Aero Architecture,10000,1.4976,1.9481,24.04,57911,0,0.5689,551697649,1.2269,101.8883
f64,PrefixCollision,ARS Gen 6: Aero (Stable),10000,0.4530,1.7816,42.23,60501,0,0.5689,551703377,1.2269,336.8386
f64,PrefixCollision,ARS Exp A: Recursive Parallel,10000,1.0633,1.3984,16.51,52358,0,0.5689,551696888,1.2269,143.5062
f64,PrefixCollision,ARS Exp B: Hierarchical Staging,10000,1.0825,1.2803,13.68,52358,0,0.5689,551698826,1.2269,140.9630
f64,PrefixCollision,ARS Exp C: Adaptive Hierarchical,10000,0.3120,1.2900,46.63,52358,0,0.5689,551697782,1.2269,489.0402
f64,PrefixCollision,ARS Exp D: Stream Micro-Batch,10000,0.6113,2.2719,32.06,52358,20000,0.5689,551701299,1.2269,249.6211
f64,PrefixCollision,Quicksort,100000,8.0911,11.0948,9.15,1708661,0,0.5689,551783744,1.2269,188.5863
f64,PrefixCollision,Timsort,100000,5.6942,17.7486,34.21,1748978,0,0.5689,551832849,1.2269,267.9696
f64,PrefixCollision,ARS Gen 1: Foundation,100000,46.6371,74.3350,12.10,2102,300000,0.5652,552715803,1.2258,32.7181
f64,PrefixCollision,ARS Gen 2: Grid Mapping,100000,45.2375,74.8698,14.68,2102,300000,0.5654,552801162,1.2261,33.7304
f64,PrefixCollision,ARS Gen 3: Apex Baseline,100000,4.1683,14.5954,25.04,1886943,108703,0.5689,551797517,1.2269,366.0661
f64,PrefixCollision,ARS Gen 4: Parallel Apex,100000,1.4147,6.2192,26.81,881461,100000,0.5689,551796987,1.2269,1078.6135
f64,PrefixCollision,ARS Gen 5: Optimized Apex (MAIN),100000,4.0437,5.0679,15.36,881461,0,0.5689,551798395,1.2269,377.3497
f64,PrefixCollision,ARS Gen 5: Optimized Apex (Stable),100000,2.2776,5.0137,19.47,922226,0,0.5689,551848341,1.2269,669.9489
f64,PrefixCollision,ARS Gen 6: Aero Architecture,100000,4.5063,5.5692,18.23,933682,0,0.5689,551807556,1.2269,338.6065
f64,PrefixCollision,ARS Gen 6: Aero (Stable),100000,2.4971,5.9115,22.56,973015,0,0.5689,551860521,1.2269,611.0672
f64,PrefixCollision,ARS Exp A: Recursive Parallel,100000,4.6872,5.4141,12.98,881461,0,0.5689,551797260,1.2269,325.5430
f64,PrefixCollision,ARS Exp B: Hierarchical Staging,100000,2.9203,6.0455,28.66,769868,0,0.5689,551790530,1.2269,522.5074
f64,PrefixCollision,ARS Exp C: Adaptive Hierarchical,100000,4.2563,5.2172,25.23,881461,0,0.5689,551797817,1.2269,358.5024
f64,PrefixCollision,ARS Exp D: Stream Micro-Batch,100000,6.5208,8.4212,10.61,881461,200000,0.5689,551802876,1.2269,234.0023
f64,PrefixCollision,Quicksort,1000000,36.2265,44.9765,7.93,20371770,0,0.5688,552379481,1.2278,421.2049
f64,PrefixCollision,Timsort,1000000,49.3836,63.0262,8.63,20790377,0,0.5685,552860163,1.2276,308.9851
f64,PrefixCollision,ARS Gen 3: Apex Baseline,1000000,47.1600,51.6486,4.85,21441624,1017407,0.5687,552435027,1.2271,323.5536
f64,PrefixCollision,ARS Gen 4: Parallel Apex,1000000,20.4576,25.0587,10.06,10165513,1000000,0.5689,552380777,1.2270,745.8742
f64,PrefixCollision,ARS Gen 5: Optimized Apex (MAIN),1000000,19.9559,22.1831,8.18,10165513,0,0.5689,552394006,1.2270,764.6266
f64,PrefixCollision,ARS Gen 5: Optimized Apex (Stable),1000000,19.5213,26.0587,10.64,10580504,0,0.5689,552905678,1.2269,781.6481
f64,PrefixCollision,ARS Gen 6: Aero Architecture,1000000,17.4306,24.5961,25.36,12890329,0,0.5689,552519559,1.2271,875.4019
f64,PrefixCollision,ARS Gen 6: Aero (Stable),1000000,14.5047,29.6393,17.67,13317079,0,0.5689,553038702,1.2270,1051.9878
f64,PrefixCollision,ARS Exp A: Recursive Parallel,1000000,21.6932,24.2007,15.99,10165513,0,0.5689,552396749,1.2270,703.3913
f64,PrefixCollision,ARS Exp B: Hierarchical Staging,1000000,24.8767,26.9950,25.13,11219057,0,0.5689,552379914,1.2272,613.3760
f64,PrefixCollision,ARS Exp C: Adaptive Hierarchical,1000000,21.4360,25.3357,19.81,12282561,0,0.5689,552394921,1.2272,711.8304
f64,PrefixCollision,ARS Exp D: Stream Micro-Batch,1000000,27.2424,44.6250,14.73,13659325,2000000,0.5689,553352168,1.2270,560.1127
f64,PrefixCollision,Quicksort,10000000,317.9111,323.2718,1.32,229710139,0,0.5681,563825674,1.2374,479.9703
f64,PrefixCollision,Timsort,10000000,602.2729,609.9215,0.89,238765827,0,0.5667,569586937,1.2338,253.3534
f64,PrefixCollision,ARS Gen 3: Apex Baseline,10000000,326.1421,338.3100,3.75,239580345,10017407,0.5678,564369598,1.2304,467.8571
f64,PrefixCollision,ARS Gen 4: Parallel Apex,10000000,156.1002,163.2369,2.95,128920493,10000000,0.5699,563805231,1.2249,977.4998
f64,PrefixCollision,ARS Gen 5: Optimized Apex (MAIN),10000000,137.9759,142.8255,2.65,128920493,0,0.5699,563797405,1.2251,1105.9027
f64,PrefixCollision,ARS Gen 5: Optimized Apex (Stable),10000000,157.6024,162.1593,2.16,131078234,0,0.5693,568365194,1.2228,968.1822
f64,PrefixCollision,ARS Gen 6: Aero Architecture,10000000,121.8464,127.1009,2.12,154376529,0,0.5696,565110722,1.2292,1252.2971
f64,PrefixCollision,ARS Gen 6: Aero (Stable),10000000,149.9840,164.4852,3.99,156481034,0,0.5679,569566185,1.2258,1017.3610
f64,PrefixCollision,ARS Exp A: Recursive Parallel,10000000,150.1277,155.9169,2.09,31143816,0,0.5680,564164285,1.2230,1016.3871
f64,PrefixCollision,ARS Exp B: Hierarchical Staging,10000000,168.4097,171.4312,2.31,45654340,0,0.5684,563054912,1.2240,906.0515
f64,PrefixCollision,ARS Exp C: Adaptive Hierarchical,10000000,151.7069,154.3220,2.34,45663918,0,0.5682,563399853,1.2235,1005.8074
f64,PrefixCollision,ARS Exp D: Stream Micro-Batch,10000000,569.2396,586.5272,2.01,199050009,20000000,0.5694,583914605,1.2263,268.0557
String,Random,Quicksort,1000,0.0752,0.1887,30.20,5530,0,0.5707,650173059,1.2229,811.9292
String,Random,Timsort,1000,0.2193,0.2608,15.15,6109,0,0.5707,650173315,1.2229,278.3333
String,Random,ARS Gen 1: Foundation,1000,0.3031,0.7378,20.50,984,2000,0.5707,650174610,1.2229,201.3830
String,Random,ARS Gen 2: Grid Mapping,1000,0.3259,0.7517,23.65,984,2000,0.5707,650174766,1.2229,187.3100
String,Random,ARS Gen 3: Apex Baseline,1000,0.1836,0.2004,8.86,5530,0,0.5707,650172946,1.2229,332.4029
String,Random,ARS Gen 4: Parallel Apex,1000,0.1768,0.1979,27.41,5530,0,0.5707,650172980,1.2229,345.2078
String,Random,ARS Gen 5: Optimized Apex (MAIN),1000,0.1748,0.1914,27.29,5530,0,0.5707,650172966,1.2229,349.2433
String,Random,ARS Gen 5: Optimized Apex (Stable),1000,0.0596,0.2376,30.08,6109,0,0.5707,650173219,1.2229,1023.6676
String,Random,ARS Gen 6: Aero Architecture,1000,0.1180,0.2075,28.03,5530,0,0.5707,650173086,1.2229,517.4400
String,Random,ARS Gen 6: Aero (Stable),1000,0.0688,0.2296,29.56,6109,0,0.5707,650173227,1.2229,887.1647
String,Random,ARS Exp A: Recursive Parallel,1000,0.1796,0.2308,17.73,5530,0,0.5707,650173031,1.2229,339.9284
String,Random,ARS Exp B: Hierarchical Staging,1000,0.1433,0.1831,8.90,5530,0,0.5707,650173016,1.2229,426.0476
String,Random,ARS Exp C: Adaptive Hierarchical,1000,0.0617,0.1829,34.16,5530,0,0.5707,650173001,1.2229,989.0963
String,Random,ARS Exp D: Stream Micro-Batch,1000,0.4325,1.2713,33.56,5530,2000,0.5707,650175831,1.2229,141.1358
String,Random,Quicksort,10000,0.4272,1.8418,35.91,53207,0,0.5706,650197514,1.2229,1428.6854
String,Random,Timsort,10000,2.1087,2.2494,5.67,53257,0,0.5706,650196565,1.2229,289.4471
String,Random,ARS Gen 1: Foundation,10000,2.8189,9.9035,23.19,9984,30000,0.5706,650217673,1.2229,216.5247
String,Random,ARS Gen 2: Grid Mapping,10000,9.0280,9.8198,5.80,9984,30000,0.5706,650217849,1.2229,67.6065
String,Random,ARS Gen 3: Apex Baseline,10000,3.3759,11.5195,29.92,122576,14351,0.5706,650222954,1.2229,180.7959
String,Random,ARS Gen 4: Parallel Apex,10000,1.0724,3.8187,34.18,12651,10000,0.5706,650194316,1.2229,569.1221
String,Random,ARS Gen 5: Optimized Apex (MAIN),10000,1.0265,1.5262,23.17,12651,0,0.5706,650193134,1.2229,594.5977
String,Random,ARS Gen 5: Optimized Apex (Stable),10000,0.3469,1.5929,37.99,12634,0,0.5706,650193166,1.2229,1759.6177
String,Random,ARS Gen 6: Aero Architecture,10000,1.9699,2.3475,17.11,9990,0,0.5706,650194287,1.2229,309.8349
String,Random,ARS Gen 6: Aero (Stable),10000,1.5032,2.1989,25.05,9990,0,0.5706,650194488,1.2229,406.0478
String,Random,ARS Exp A: Recursive Parallel,10000,0.3490,1.4829,31.38,12651,0,0.5706,650192681,1.2229,1748.8934
String,Random,ARS Exp B: Hierarchical Staging,10000,0.4152,1.6485,27.96,12651,0,0.5706,650190889,1.2229,1470.1882
String,Random,ARS Exp C: Adaptive Hierarchical,10000,1.0458,1.3599,14.39,12651,0,0.5706,650192908,1.2229,583.6072
String,Random,ARS Exp D: Stream Micro-Batch,10000,4.0406,6.9580,17.50,12651,20000,0.5706,650204820,1.2229,151.0557
String,Random,Quicksort,100000,6.0852,10.6793,18.01,516801,0,0.5705,650301204,1.2229,1003.0029
String,Random,Timsort,100000,13.1676,14.7983,10.90,523232,0,0.5705,650301920,1.2229,463.5244
String,Random,ARS Gen 1: Foundation,100000,23.6545,30.8025,9.28,99984,300000,0.5705,650500554,1.2230,258.0277
String,Random,ARS Gen 2: Grid Mapping,100000,24.6980,31.2644,8.58,99984,300000,0.5705,650506697,1.2230,247.1257
String,Random,ARS Gen 3: Apex Baseline,100000,23.8530,29.2146,7.43,1144061,108703,0.5706,650362222,1.2230,255.8807
String,Random,ARS Gen 4: Parallel Apex,100000,9.7425,10.4667,9.34,99988,100000,0.5706,650226898,1.2229,626.4806
String,Random,ARS Gen 5: Optimized Apex (MAIN),100000,3.4990,5.2361,32.70,99988,0,0.5705,650227128,1.2228,1744.3530
String,Random,ARS Gen 5: Optimized Apex (Stable),100000,3.4309,4.8962,16.74,99988,0,0.5706,650228089,1.2228,1778.9885
String,Random,ARS Gen 6: Aero Architecture,100000,3.9190,5.4369,22.43,99988,0,0.5706,650251085,1.2229,1557.4257
String,Random,ARS Gen 6: Aero (Stable),100000,4.9790,6.9633,15.96,99988,0,0.5706,650251380,1.2228,1225.8396
String,Random,ARS Exp A: Recursive Parallel,100000,3.1217,6.6893,25.19,199972,0,0.5705,650231391,1.2228,1955.1684
String,Random,ARS Exp B: Hierarchical Staging,100000,7.0891,9.1120,10.77,199972,0,0.5705,650224435,1.2228,860.9689
String,Random,ARS Exp C: Adaptive Hierarchical,100000,5.1426,6.1755,12.47,99988,0,0.5706,650229215,1.2229,1186.8540
String,Random,ARS Exp D: Stream Micro-Batch,100000,21.4399,22.1738,2.49,99988,200000,0.5704,650289356,1.2229,284.6805
String,Random,Quicksort,1000000,439.6719,445.2540,0.79,19595153,0,0.5717,654413991,1.2217,138.8198
String,Random,Timsort,1000000,569.3888,578.5611,0.82,20426759,0,0.5710,655013431,1.2200,107.1942
String,Random,ARS Gen 3: Apex Baseline,1000000,248.4968,253.2518,1.62,20672327,1017407,0.5699,654088601,1.2224,245.6175
String,Random,ARS Gen 4: Parallel Apex,1000000,85.5206,88.2446,2.52,11334517,1000000,0.5707,654053226,1.2194,713.6898
String,Random,ARS Gen 5: Optimized Apex (MAIN),1000000,67.7885,69.8739,4.06,11334517,0,0.5709,652261680,1.2202,900.3766
String,Random,ARS Gen 5: Optimized Apex (Stable),1000000,75.2195,78.0713,2.21,11566000,0,0.5706,652590754,1.2196,811.4268
String,Random,ARS Gen 6: Aero Architecture,1000000,84.4081,86.7622,2.77,12332487,0,0.5710,652325352,1.2197,723.0956
String,Random,ARS Gen 6: Aero (Stable),1000000,96.7898,103.2589,3.06,12561492,0,0.5708,652755694,1.2184,630.5950
String,Random,ARS Exp A: Recursive Parallel,1000000,66.8805,73.4902,4.56,8485673,0,0.5711,652207895,1.2198,912.6006
String,Random,ARS Exp B: Hierarchical Staging,1000000,90.1176,92.0479,1.79,7026293,0,0.5717,652229573,1.2186,677.2835
String,Random,ARS Exp C: Adaptive Hierarchical,1000000,75.0428,76.5974,2.77,7792026,0,0.5714,652225775,1.2195,813.3383
String,Random,ARS Exp D: Stream Micro-Batch,1000000,371.1393,481.5586,9.43,15103346,2000000,0.5723,655095562,1.2193,164.4535
String,Random,Quicksort,10000000,8797.5169,9097.4107,1.62,182952038,0,0.5982,687353964,1.1625,69.3777
String,Random,Timsort,10000000,10710.3793,10746.4885,0.66,202525310,0,0.5944,694344117,1.1443,56.9869
String,Random,ARS Gen 3: Apex Baseline,10000000,2926.1778,2957.8580,0.50,192878458,10017407,0.5648,689241871,1.1773,208.5832
String,Random,ARS Gen 6: Aero Architecture,10000000,1830.4439,1905.8234,2.27,110900253,0,0.5858,682617359,1.1372,333.4446
String,Random,ARS Gen 6: Aero (Stable),10000000,2548.6752,2611.3301,1.18,110924473,0,0.5862,683913732,1.1048,239.4780
String,Random,ARS Exp A: Recursive Parallel,10000000,835.3839,841.5747,0.66,34176169,0,0.5788,668383188,1.1801,730.6240
String,Random,ARS Exp B: Hierarchical Staging,10000000,1137.8604,1145.2580,0.28,40132484,0,0.5850,670176297,1.1684,536.4028
String,Random,ARS Exp C: Adaptive Hierarchical,10000000,859.2156,872.8790,0.62,41266054,0,0.5790,670666196,1.1766,710.3591
String,Random,ARS Exp D: Stream Micro-Batch,10000000,9915.0859,10078.7592,2.35,212961539,20000000,0.5966,713036461,1.1593,61.5579
String,Gaussian,Quicksort,1000,0.0669,0.2139,38.40,5530,0,0.6178,836263277,1.1023,912.6889
String,Gaussian,Timsort,1000,0.0920,0.2479,25.00,6109,0,0.6178,836263399,1.1023,663.3175
String,Gaussian,ARS Gen 1: Foundation,1000,0.3143,0.7481,20.27,984,2000,0.6178,836264634,1.1023,194.1791
String,Gaussian,ARS Gen 2: Grid Mapping,1000,0.7226,0.8263,25.52,984,2000,0.6178,836264758,1.1023,84.4618
String,Gaussian,ARS Gen 3: Apex Baseline,1000,0.1283,0.1994,19.65,5530,0,0.6178,836263266,1.1023,475.7036
String,Gaussian,ARS Gen 4: Parallel Apex,1000,0.1938,0.2036,11.30,5530,0,0.6178,836263247,1.1023,314.8658
String,Gaussian,ARS Gen 5: Optimized Apex (MAIN),1000,0.0773,0.1938,23.79,5530,0,0.6178,836263298,1.1023,789.7413
String,Gaussian,ARS Gen 5: Optimized Apex (Stable),1000,0.0715,0.2719,36.07,6109,0,0.6178,836263615,1.1023,853.6505
String,Gaussian,ARS Gen 6: Aero Architecture,1000,0.1890,0.2044,26.15,5530,0,0.6178,836263338,1.1023,322.8844
String,Gaussian,ARS Gen 6: Aero (Stable),1000,0.2345,0.2929,25.61,6109,0,0.6178,836263440,1.1023,260.3167
String,Gaussian,ARS Exp A: Recursive Parallel,1000,0.1902,0.2058,35.57,5530,0,0.6178,836263276,1.1023,320.9404
String,Gaussian,ARS Exp B: Hierarchical Staging,1000,0.1851,0.2111,19.34,5530,0,0.6178,836263372,1.1023,329.6774
String,Gaussian,ARS Exp C: Adaptive Hierarchical,1000,0.1875,0.2150,9.97,5530,0,0.6178,836263194,1.1023,325.5712
String,Gaussian,ARS Exp D: Stream Micro-Batch,1000,0.5305,1.7488,23.80,5530,2000,0.6178,836265809,1.1023,115.0448
String,Gaussian,Quicksort,10000,0.6600,1.9430,23.68,53207,0,0.6177,836288641,1.1023,924.7779
String,Gaussian,Timsort,10000,1.2359,2.4125,17.87,53257,0,0.6177,836290666,1.1023,493.8363
String,Gaussian,ARS Gen 1: Foundation,10000,2.8216,8.7458,22.44,9984,30000,0.6177,836308248,1.1023,216.3105
String,Gaussian,ARS Gen 2: Grid Mapping,10000,8.6863,9.3031,11.55,9984,30000,0.6177,836307681,1.1023,70.2662
String,Gaussian,ARS Gen 3: Apex Baseline,10000,3.6129,11.3214,22.38,122576,14351,0.6177,836305104,1.1023,168.9345
String,Gaussian,ARS Gen 4: Parallel Apex,10000,3.8477,4.1626,5.99,12651,10000,0.6177,836284777,1.1023,158.6273
String,Gaussian,ARS Gen 5: Optimized Apex (MAIN),10000,1.2769,1.6504,34.53,12651,0,0.6177,836282849,1.1023,478.0023
String,Gaussian,ARS Gen 5: Optimized Apex (Stable),10000,0.3913,1.4456,30.67,12634,0,0.6177,836283078,1.1023,1559.9522
String,Gaussian,ARS Gen 6: Aero Architecture,10000,1.7937,2.2381,22.76,9990,0,0.6177,836283930,1.1023,340.2680
String,Gaussian,ARS Gen 6: Aero (Stable),10000,0.5241,2.0496,34.50,9990,0,0.6177,836283376,1.1023,1164.5042
String,Gaussian,ARS Exp A: Recursive Parallel,10000,0.7163,1.4345,21.29,12651,0,0.6177,836282121,1.1023,852.0798
String,Gaussian,ARS Exp B: Hierarchical Staging,10000,0.6217,1.5724,24.17,12651,0,0.6177,836282210,1.1023,981.7066
String,Gaussian,ARS Exp C: Adaptive Hierarchical,10000,0.3945,1.5112,47.45,12651,0,0.6177,836283142,1.1023,1547.0189
String,Gaussian,ARS Exp D: Stream Micro-Batch,10000,2.1975,6.9666,22.75,12651,20000,0.6177,836294609,1.1023,277.7469
String,Gaussian,Quicksort,100000,10.8156,12.2048,10.98,516801,0,0.6176,836402285,1.1023,564.3267
String,Gaussian,Timsort,100000,10.0308,15.3319,12.50,523232,0,0.6176,836401107,1.1023,608.4767
String,Gaussian,ARS Gen 1: Foundation,100000,26.0243,32.0445,7.66,99984,300000,0.6176,836597611,1.1024,234.5316
String,Gaussian,ARS Gen 2: Grid Mapping,100000,24.3105,31.1687,9.76,99984,300000,0.6176,836605411,1.1024,251.0650
String,Gaussian,ARS Gen 3: Apex Baseline,100000,22.7427,29.8393,11.14,1144061,108703,0.6177,836504767,1.1024,268.3726
String,Gaussian,ARS Gen 4: Parallel Apex,100000,6.9098,11.0141,18.42,99988,100000,0.6177,836321016,1.1023,883.3068
String,Gaussian,ARS Gen 5: Optimized Apex (MAIN),100000,4.0932,4.9912,20.16,99988,0,0.6177,836313168,1.1023,1491.1282
String,Gaussian,ARS Gen 5: Optimized Apex (Stable),100000,3.6804,5.1126,21.95,99988,0,0.6177,836315579,1.1023,1658.3730
String,Gaussian,ARS Gen 6: Aero Architecture,100000,2.4761,6.1514,23.53,99988,0,0.6177,836336916,1.1023,2464.9236
String,Gaussian,ARS Gen 6: Aero (Stable),100000,4.3010,6.0216,19.67,99988,0,0.6177,836337812,1.1023,1419.0932
String,Gaussian,ARS Exp A: Recursive Parallel,100000,4.5943,6.8313,16.91,199972,0,0.6176,836313934,1.1023,1328.5046
String,Gaussian,ARS Exp B: Hierarchical Staging,100000,5.1085,6.9981,14.68,199972,0,0.6177,836310809,1.1023,1194.7840
String,Gaussian,ARS Exp C: Adaptive Hierarchical,100000,2.7955,5.3434,27.26,99988,0,0.6177,836311936,1.1023,2183.3211
String,Gaussian,ARS Exp D: Stream Micro-Batch,100000,14.3970,24.1476,20.36,99988,200000,0.6176,836372237,1.1023,423.9423
String,Gaussian,Quicksort,1000000,282.4508,288.5722,1.22,19595153,0,0.6179,839442546,1.1035,216.0913
String,Gaussian,Timsort,1000000,357.4173,362.7915,0.76,20426759,0,0.6173,839726401,1.1030,170.7672
String,Gaussian,ARS Gen 3: Apex Baseline,1000000,227.1779,230.1603,1.20,20672327,1017407,0.6174,841353917,1.1028,268.6668
String,Gaussian,ARS Gen 4: Parallel Apex,1000000,86.0248,88.0644,2.80,11334517,1000000,0.6176,840186573,1.1004,709.5063
String,Gaussian,ARS Gen 5: Optimized Apex (MAIN),1000000,72.5288,74.6511,2.40,11334517,0,0.6177,840390469,1.1005,841.5302
String,Gaussian,ARS Gen 5: Optimized Apex (Stable),1000000,83.6822,87.1606,3.52,11566000,0,0.6175,840795993,1.1000,729.3685
String,Gaussian,ARS Gen 6: Aero Architecture,1000000,94.5242,97.5010,3.08,12332487,0,0.6178,840576964,1.1001,645.7096
String,Gaussian,ARS Gen 6: Aero (Stable),1000000,106.6237,112.7279,2.61,12561492,0,0.6176,841091307,1.0992,572.4351
String,Gaussian,ARS Exp A: Recursive Parallel,1000000,72.8235,74.1471,2.10,8485673,0,0.6178,839988595,1.1004,838.1242
String,Gaussian,ARS Exp B: Hierarchical Staging,1000000,95.2962,98.7925,3.58,7026293,0,0.6182,839816448,1.0998,640.4783
String,Gaussian,ARS Exp C: Adaptive Hierarchical,1000000,78.7629,79.4431,3.14,7792026,0,0.6181,839885877,1.1001,774.9223
String,Gaussian,ARS Exp D: Stream Micro-Batch,1000000,372.7961,480.4437,9.27,15103346,2000000,0.6184,841186060,1.1005,163.7226
String,Gaussian,Quicksort,10000000,8081.6100,8281.5135,1.11,182952038,0,0.6308,872501026,1.0719,75.5235
String,Gaussian,Timsort,10000000,10261.1107,10370.5949,0.66,202525310,0,0.6270,879493183,1.0580,59.4820
String,Gaussian,ARS Gen 3: Apex Baseline,10000000,2775.9183,2843.9233,1.59,192878458,10017407,0.6113,865811560,1.0825,219.8737
String,Gaussian,ARS Gen 6: Aero Architecture,10000000,1822.8826,1902.4717,1.97,110900253,0,0.6239,868393297,1.0503,334.8277
String,Gaussian,ARS Gen 6: Aero (Stable),10000000,2490.5494,2573.0102,1.63,110924473,0,0.6237,869792025,1.0294,245.0670
String,Gaussian,ARS Exp A: Recursive Parallel,10000000,842.1299,850.1293,0.78,34176169,0,0.6211,854134050,1.0773,724.7713
String,Gaussian,ARS Exp B: Hierarchical Staging,10000000,1150.4154,1159.0272,1.10,40132484,0,0.6246,855912644,1.0683,530.5488
String,Gaussian,ARS Exp C: Adaptive Hierarchical,10000000,873.3528,879.3310,0.88,41266054,0,0.6211,856396907,1.0758,698.8603
String,Gaussian,ARS Exp D: Stream Micro-Batch,10000000,10080.2423,10235.3193,2.29,212961532,20000000,0.6273,898406343,1.0659,60.5493
String,NearlySorted,Quicksort,1000,0.1878,0.2236,18.75,5669,0,0.6278,1000633038,1.0387,324.9455
String,NearlySorted,Timsort,1000,0.0626,0.2212,41.69,5836,0,0.6278,1000632826,1.0387,975.3764
String,NearlySorted,ARS Gen 1: Foundation,1000,0.1845,0.6250,36.85,984,2000,0.6278,1000633201,1.0387,330.8766
String,NearlySorted,ARS Gen 2: Grid Mapping,1000,0.2092,0.6827,33.04,984,2000,0.6278,1000632436,1.0387,291.7620
String,NearlySorted,ARS Gen 3: Apex Baseline,1000,0.0741,0.1767,19.15,5669,0,0.6278,1000632727,1.0387,823.5085
String,NearlySorted,ARS Gen 4: Parallel Apex,1000,0.1734,0.1817,16.97,5669,0,0.6278,1000632750,1.0387,351.9114
String,NearlySorted,ARS Gen 5: Optimized Apex (MAIN),1000,0.1670,0.1758,13.42,5669,0,0.6278,1000632753,1.0387,365.5610
String,NearlySorted,ARS Gen 5: Optimized Apex (Stable),1000,0.2067,0.2511,20.53,5836,0,0.6278,1000632914,1.0387,295.3409
String,NearlySorted,ARS Gen 6: Aero Architecture,1000,0.0616,0.1802,26.60,5669,0,0.6278,1000632745,1.0387,991.1040
String,NearlySorted,ARS Gen 6: Aero (Stable),1000,0.0708,0.2182,39.51,5836,0,0.6278,1000632853,1.0387,862.4074
String,NearlySorted,ARS Exp A: Recursive Parallel,1000,0.0520,0.2077,26.52,5669,0,0.6278,1000632740,1.0387,1173.4145
String,NearlySorted,ARS Exp B: Hierarchical Staging,1000,0.0681,0.1677,23.10,5669,0,0.6278,1000632746,1.0387,896.7845
String,NearlySorted,ARS Exp C: Adaptive Hierarchical,1000,0.0641,0.1721,23.25,5669,0,0.6278,1000632772,1.0387,951.5037
String,NearlySorted,ARS Exp D: Stream Micro-Batch,1000,0.4192,1.3546,34.93,5669,2000,0.6278,1000635322,1.0387,145.6092
String,NearlySorted,Quicksort,10000,1.7860,1.8430,2.32,53884,0,0.6278,1000657701,1.0387,341.7340
String,NearlySorted,Timsort,10000,2.1659,2.4278,12.23,54110,0,0.6278,1000656463,1.0387,281.8043
String,NearlySorted,ARS Gen 1: Foundation,10000,8.2417,8.6150,8.00,9984,30000,0.6278,1000667964,1.0387,74.0563
String,NearlySorted,ARS Gen 2: Grid Mapping,10000,8.9539,10.0314,6.27,9984,30000,0.6278,1000662597,1.0387,68.1657
String,NearlySorted,ARS Gen 3: Apex Baseline,10000,5.9476,11.2476,16.72,119348,14351,0.6278,1000670952,1.0387,102.6214
String,NearlySorted,ARS Gen 4: Parallel Apex,10000,3.2082,4.0436,21.71,9988,10000,0.6278,1000654815,1.0387,190.2495
String,NearlySorted,ARS Gen 5: Optimized Apex (MAIN),10000,0.3220,1.1354,34.64,9988,0,0.6278,1000653214,1.0387,1895.6136
String,NearlySorted,ARS Gen 5: Optimized Apex (Stable),10000,0.4581,1.3322,36.63,9988,0,0.6278,1000653093,1.0387,1332.3253
String,NearlySorted,ARS Gen 6: Aero Architecture,10000,1.3977,2.0782,16.47,12637,0,0.6278,1000654505,1.0387,436.6734
String,NearlySorted,ARS Gen 6: Aero (Stable),10000,0.5889,1.9507,26.55,12601,0,0.6278,1000654166,1.0387,1036.3561
String,NearlySorted,ARS Exp A: Recursive Parallel,10000,0.7895,1.4026,19.43,9988,0,0.6278,1000653696,1.0387,773.1038
String,NearlySorted,ARS Exp B: Hierarchical Staging,10000,1.1371,1.5101,28.59,9988,0,0.6278,1000653518,1.0387,536.7469
String,NearlySorted,ARS Exp C: Adaptive Hierarchical,10000,0.2875,1.4918,44.89,9988,0,0.6278,1000653031,1.0387,2122.8733
String,NearlySorted,ARS Exp D: Stream Micro-Batch,10000,1.8747,6.9170,26.47,9988,20000,0.6278,1000656102,1.0387,325.5813
String,NearlySorted,Quicksort,100000,6.8050,15.3170,21.01,523034,0,0.6277,1000760249,1.0387,896.9124
String,NearlySorted,Timsort,100000,15.1150,18.0307,7.81,517886,0,0.6277,1000760744,1.0387,403.8060
String,NearlySorted,ARS Gen 1: Foundation,100000,24.8017,32.9194,20.12,99984,300000,0.6277,1000839419,1.0388,246.0926
String,NearlySorted,ARS Gen 2: Grid Mapping,100000,24.5997,33.9904,11.88,99984,300000,0.6277,1000843293,1.0388,248.1134
String,NearlySorted,ARS Gen 3: Apex Baseline,100000,22.5440,32.0828,13.20,1137109,108703,0.6278,1000810302,1.0388,270.7383
String,NearlySorted,ARS Gen 4: Parallel Apex,100000,11.3611,13.4690,19.57,163660,100000,0.6278,1000683800,1.0387,537.2302
String,NearlySorted,ARS Gen 5: Optimized Apex (MAIN),100000,5.8712,8.3776,13.26,163660,0,0.6278,1000680205,1.0387,1039.5627
String,NearlySorted,ARS Gen 5: Optimized Apex (Stable),100000,6.0735,8.0860,16.23,163894,0,0.6278,1000679179,1.0387,1004.9469
String,NearlySorted,ARS Gen 6: Aero Architecture,100000,2.7767,6.5332,37.92,99996,0,0.6277,1000697067,1.0387,2198.1106
String,NearlySorted,ARS Gen 6: Aero (Stable),100000,4.6851,7.2971,22.79,99996,0,0.6277,1000698359,1.0387,1302.7592
String,NearlySorted,ARS Exp A: Recursive Parallel,100000,5.4528,8.6398,20.34,199990,0,0.6277,1000684842,1.0387,1119.3363
String,NearlySorted,ARS Exp B: Hierarchical Staging,100000,5.6025,7.8536,21.56,199984,0,0.6277,1000674140,1.0387,1089.4196
String,NearlySorted,ARS Exp C: Adaptive Hierarchical,100000,3.3121,6.7466,20.57,100006,0,0.6278,1000678531,1.0387,1842.8061
String,NearlySorted,ARS Exp D: Stream Micro-Batch,100000,15.3178,26.6225,14.37,163660,200000,0.6277,1000709971,1.0387,398.4584
String,NearlySorted,Quicksort,1000000,201.0596,202.7331,1.93,20615107,0,0.6274,1004018157,1.0404,303.5675
String,NearlySorted,Timsort,1000000,225.3852,232.4949,3.05,20372372,0,0.6271,1003819924,1.0402,270.8037
String,NearlySorted,ARS Gen 3: Apex Baseline,1000000,247.6349,254.6712,2.05,20913840,1017407,0.6279,1003567042,1.0401,246.4724
String,NearlySorted,ARS Gen 4: Parallel Apex,1000000,63.7555,66.0872,4.43,11679273,1000000,0.6277,1004199064,1.0387,957.3318
String,NearlySorted,ARS Gen 5: Optimized Apex (MAIN),1000000,44.7789,46.1769,1.25,11679273,0,0.6277,1003832367,1.0388,1363.0337
String,NearlySorted,ARS Gen 5: Optimized Apex (Stable),1000000,39.9881,41.2797,3.55,7094571,0,0.6276,1002932052,1.0383,1526.3328
String,NearlySorted,ARS Gen 6: Aero Architecture,1000000,61.8408,63.6670,5.47,12943434,0,0.6276,1003976347,1.0386,986.9723
String,NearlySorted,ARS Gen 6: Aero (Stable),1000000,57.4851,60.5118,4.20,7863282,0,0.6275,1002903921,1.0381,1061.7562
String,NearlySorted,ARS Exp A: Recursive Parallel,1000000,44.7197,45.6272,1.28,8901000,0,0.6277,1003603439,1.0386,1364.8398
String,NearlySorted,ARS Exp B: Hierarchical Staging,1000000,58.6147,61.3931,3.25,7210714,0,0.6277,1003366423,1.0384,1041.2952
String,NearlySorted,ARS Exp C: Adaptive Hierarchical,1000000,46.1758,50.3124,4.63,7979979,0,0.6277,1003745166,1.0384,1321.7984
String,NearlySorted,ARS Exp D: Stream Micro-Batch,1000000,277.1999,348.2551,10.93,13334812,2000000,0.6280,1004624095,1.0387,220.1846
String,NearlySorted,Quicksort,10000000,2876.7464,2911.8257,0.48,184895325,0,0.6233,1017987662,1.0483,212.1673
String,NearlySorted,Timsort,10000000,4006.7488,4064.5729,0.80,204590586,0,0.6224,1021050422,1.0440,152.3309
String,NearlySorted,ARS Gen 3: Apex Baseline,10000000,3222.7151,3309.0057,2.08,192482624,10017407,0.6263,1020732549,1.0422,189.3905
String,NearlySorted,ARS Gen 6: Aero Architecture,10000000,791.8236,806.5677,1.20,110993593,0,0.6256,1019692249,1.0286,770.8176
String,NearlySorted,ARS Gen 6: Aero (Stable),10000000,990.6138,1017.0427,1.76,136377742,0,0.6263,1029302659,1.0221,616.1347
String,NearlySorted,ARS Exp A: Recursive Parallel,10000000,513.6699,523.6312,1.97,34558745,0,0.6287,1012544750,1.0319,1188.2175
String,NearlySorted,ARS Exp B: Hierarchical Staging,10000000,710.8731,721.4748,1.20,40451339,0,0.6302,1014154682,1.0267,858.5942
String,NearlySorted,ARS Exp C: Adaptive Hierarchical,10000000,524.4078,529.1037,0.57,41413397,0,0.6288,1014415337,1.0314,1163.8873
String,NearlySorted,ARS Exp D: Stream Micro-Batch,10000000,6292.1142,6362.8607,1.11,212130074,20000000,0.6356,1052645812,1.0352,97.0026
String,Duplicates,Quicksort,1000,0.0696,0.1961,26.77,5532,0,0.6389,1131719420,1.0345,877.2822
String,Duplicates,Timsort,1000,0.0880,0.2494,27.97,5597,0,0.6389,1131719578,1.0345,693.7153
String,Duplicates,ARS Gen 1: Foundation,1000,0.2026,0.7338,35.27,984,2000,0.6389,1131720747,1.0345,301.2103
String,Duplicates,ARS Gen 2: Grid Mapping,1000,0.2174,0.8078,28.60,984,2000,0.6389,1131720922,1.0345,280.7195
String,Duplicates,ARS Gen 3: Apex Baseline,1000,0.1575,0.2227,16.10,5532,0,0.6389,1131719424,1.0345,387.6060
String,Duplicates,ARS Gen 4: Parallel Apex,1000,0.1916,0.1970,19.69,5532,0,0.6389,1131719382,1.0345,318.5983
String,Duplicates,ARS Gen 5: Optimized Apex (MAIN),1000,0.1848,0.2117,22.25,5532,0,0.6389,1131719314,1.0345,330.3644
String,Duplicates,ARS Gen 5: Optimized Apex (Stable),1000,0.0802,0.2390,23.25,5597,0,0.6389,1131719485,1.0345,760.7713
String,Duplicates,ARS Gen 6: Aero Architecture,1000,0.1068,0.2197,21.85,5532,0,0.6389,1131719113,1.0345,571.5170
String,Duplicates,ARS Gen 6: Aero (Stable),1000,0.0966,0.2543,24.58,5597,0,0.6389,1131719592,1.0345,631.7816
String,Duplicates,ARS Exp A: Recursive Parallel,1000,0.0597,0.1936,37.78,5532,0,0.6389,1131719365,1.0345,1022.9127
String,Duplicates,ARS Exp B: Hierarchical Staging,1000,0.1886,0.2093,9.07,5532,0,0.6389,1131719289,1.0345,323.6566
String,Duplicates,ARS Exp C: Adaptive Hierarchical,1000,0.1863,0.2278,32.39,5532,0,0.6389,1131719341,1.0345,327.6123
String,Duplicates,ARS Exp D: Stream Micro-Batch,1000,0.3442,1.8191,36.71,5532,2000,0.6389,1131722253,1.0345,177.3432
String,Duplicates,Quicksort,10000,1.8910,2.0473,6.27,54031,0,0.6389,1131745745,1.0345,322.7674
String,Duplicates,Timsort,10000,1.0146,2.3616,20.75,54467,0,0.6389,1131745183,1.0345,601.5497
String,Duplicates,ARS Gen 1: Foundation,10000,1.9958,10.3393,27.23,9984,30000,0.6389,1131764160,1.0345,305.8137
String,Duplicates,ARS Gen 2: Grid Mapping,10000,4.6264,9.7870,17.90,9984,30000,0.6389,1131763419,1.0345,131.9277
String,Duplicates,ARS Gen 3: Apex Baseline,10000,10.5339,10.9878,3.07,122654,14351,0.6389,1131767279,1.0345,57.9418
String,Duplicates,ARS Gen 4: Parallel Apex,10000,1.9237,3.9345,17.87,18115,10000,0.6389,1131740756,1.0345,317.2782
String,Duplicates,ARS Gen 5: Optimized Apex (MAIN),10000,0.3839,1.7269,29.14,18115,0,0.6389,1131738661,1.0345,1590.0369
String,Duplicates,ARS Gen 5: Optimized Apex (Stable),10000,1.1475,1.6794,23.10,18210,0,0.6389,1131739305,1.0345,531.8773
String,Duplicates,ARS Gen 6: Aero Architecture,10000,0.8171,1.9811,28.68,12047,0,0.6389,1131740315,1.0345,746.9866
String,Duplicates,ARS Gen 6: Aero (Stable),10000,0.8149,2.0888,34.19,12077,0,0.6389,1131740604,1.0345,749.0079
String,Duplicates,ARS Exp A: Recursive Parallel,10000,0.3995,1.5414,38.85,18115,0,0.6389,1131738023,1.0345,1527.7389
String,Duplicates,ARS Exp B: Hierarchical Staging,10000,1.1334,1.3687,12.86,18115,0,0.6389,1131739421,1.0345,538.5067
String,Duplicates,ARS Exp C: Adaptive Hierarchical,10000,0.4746,1.5639,29.31,18115,0,0.6389,1131738430,1.0345,1286.0472
String,Duplicates,ARS Exp D: Stream Micro-Batch,10000,5.8827,6.4108,8.51,18115,20000,0.6389,1131750050,1.0345,103.7533
String,Duplicates,Quicksort,100000,5.8532,11.4552,23.36,523301,0,0.6388,1131851631,1.0345,1042.7661
String,Duplicates,Timsort,100000,12.4617,14.3602,8.62,523890,0,0.6388,1131852143,1.0345,489.7819
String,Duplicates,ARS Gen 1: Foundation,100000,26.8718,32.0386,10.04,99984,300000,0.6388,1132050576,1.0346,227.1348
String,Duplicates,ARS Gen 2: Grid Mapping,100000,23.1898,31.8639,10.97,99984,300000,0.6388,1132058708,1.0346,263.1983
String,Duplicates,ARS Gen 3: Apex Baseline,100000,21.3050,30.4395,10.68,1146595,108703,0.6388,1132004961,1.0346,286.4827
String,Duplicates,ARS Gen 4: Parallel Apex,100000,9.0715,10.3373,16.57,150813,100000,0.6389,1131776285,1.0345,672.8259
String,Duplicates,ARS Gen 5: Optimized Apex (MAIN),100000,3.6079,4.8091,22.72,150813,0,0.6388,1131765790,1.0345,1691.6899
String,Duplicates,ARS Gen 5: Optimized Apex (Stable),100000,4.6503,5.7873,17.37,150914,0,0.6388,1131769731,1.0345,1312.5101
String,Duplicates,ARS Gen 6: Aero Architecture,100000,2.6851,4.9629,35.08,125502,0,0.6388,1131788282,1.0345,2273.1064
String,Duplicates,ARS Gen 6: Aero (Stable),100000,4.2728,6.6506,23.17,125610,0,0.6388,1131789370,1.0345,1428.4714
String,Duplicates,ARS Exp A: Recursive Parallel,100000,3.4030,6.6711,19.61,199984,0,0.6388,1131769391,1.0345,1793.5696
String,Duplicates,ARS Exp B: Hierarchical Staging,100000,4.2796,8.4619,18.41,199980,0,0.6388,1131763706,1.0345,1426.1820
String,Duplicates,ARS Exp C: Adaptive Hierarchical,100000,3.3781,5.7446,16.29,100000,0,0.6388,1131766904,1.0345,1806.8018
String,Duplicates,ARS Exp D: Stream Micro-Batch,100000,21.7402,25.2935,8.57,150813,200000,0.6388,1131837558,1.0345,280.7478
String,Duplicates,Quicksort,1000000,104.5998,106.9500,1.58,5137660,0,0.6392,1133159556,1.0345,583.5111
String,Duplicates,Timsort,1000000,181.8580,188.5397,1.99,6204570,0,0.6392,1133293833,1.0342,335.6198
String,Duplicates,ARS Gen 3: Apex Baseline,1000000,174.4868,179.8463,2.11,12089575,1017407,0.6388,1133579588,1.0355,349.7982
String,Duplicates,ARS Gen 4: Parallel Apex,1000000,33.7260,42.3327,18.45,1189071,1000000,0.6389,1131876733,1.0338,1809.7375
String,Duplicates,ARS Gen 5: Optimized Apex (MAIN),1000000,24.4536,31.0879,19.05,1189071,0,0.6389,1131806608,1.0336,2495.9534
String,Duplicates,ARS Gen 5: Optimized Apex (Stable),1000000,25.9967,33.2929,19.15,1189803,0,0.6389,1131808794,1.0336,2347.8023
String,Duplicates,ARS Gen 6: Aero Architecture,1000000,28.1464,34.2443,15.31,1189071,0,0.6389,1132055476,1.0337,2168.4898
String,Duplicates,ARS Gen 6: Aero (Stable),1000000,28.8345,35.5816,21.14,1189803,0,0.6389,1132055662,1.0337,2116.7433
String,Duplicates,ARS Exp A: Recursive Parallel,1000000,32.8894,43.4331,13.96,1999984,0,0.6388,1131810921,1.0334,1855.7690
String,Duplicates,ARS Exp B: Hierarchical Staging,1000000,41.9783,48.0077,12.87,1999994,0,0.6389,1131800024,1.0333,1453.9694
String,Duplicates,ARS Exp C: Adaptive Hierarchical,1000000,38.5337,44.0273,10.45,1999980,0,0.6389,1131815674,1.0333,1583.9402
String,Duplicates,ARS Exp D: Stream Micro-Batch,1000000,356.4737,361.1519,1.59,6332736,2000000,0.6396,1133083138,1.0338,171.2192
String,Duplicates,Quicksort,10000000,1141.1182,1164.4167,1.06,52542717,0,0.6431,1145779326,1.0338,534.8715
String,Duplicates,Timsort,10000000,2378.7713,2415.2339,0.93,66326091,0,0.6457,1148256933,1.0297,256.5827
String,Duplicates,ARS Gen 3: Apex Baseline,10000000,1689.5542,1779.5503,2.78,120087685,10017407,0.6390,1148638646,1.0449,361.2501
String,Duplicates,ARS Gen 6: Aero Architecture,10000000,322.4575,413.8288,11.77,9999988,0,0.6400,1135088235,1.0288,1892.8125
String,Duplicates,ARS Gen 6: Aero (Stable),10000000,356.0204,548.4879,19.51,9999988,0,0.6401,1135805898,1.0287,1714.3724
String,Duplicates,ARS Exp A: Recursive Parallel,10000000,509.6106,538.2892,2.78,19999972,0,0.6407,1133266231,1.0267,1197.6821
String,Duplicates,ARS Exp B: Hierarchical Staging,10000000,560.1437,623.4561,6.31,19999982,0,0.6409,1133252350,1.0250,1089.6339
String,Duplicates,ARS Exp C: Adaptive Hierarchical,10000000,527.6239,541.9315,4.02,19999972,0,0.6407,1133274070,1.0265,1156.7928
String,Duplicates,ARS Exp D: Stream Micro-Batch,10000000,5694.5193,5783.5003,1.03,116949377,20000000,0.6559,1152213723,1.0282,107.1823
String,Zipfian,Quicksort,1000,0.0598,0.1860,33.57,5530,0,0.6755,1172652558,1.0146,1019.8532
String,Zipfian,Timsort,1000,0.0715,0.2333,40.57,6109,0,0.6755,1172652702,1.0146,853.4356
String,Zipfian,ARS Gen 1: Foundation,1000,0.2460,0.6941,21.59,984,2000,0.6755,1172654297,1.0146,248.1497
String,Zipfian,ARS Gen 2: Grid Mapping,1000,0.7118,0.7595,11.31,984,2000,0.6755,1172654440,1.0146,85.7447
String,Zipfian,ARS Gen 3: Apex Baseline,1000,0.0613,0.1798,22.92,5530,0,0.6755,1172652643,1.0146,996.1508
String,Zipfian,ARS Gen 4: Parallel Apex,1000,0.0792,0.1778,22.65,5530,0,0.6755,1172652582,1.0146,771.0548
String,Zipfian,ARS Gen 5: Optimized Apex (MAIN),1000,0.0736,0.1978,23.85,5530,0,0.6755,1172652600,1.0146,829.5751
String,Zipfian,ARS Gen 5: Optimized Apex (Stable),1000,0.0723,0.2404,35.76,6109,0,0.6755,1172652819,1.0146,843.6913
String,Zipfian,ARS Gen 6: Aero Architecture,1000,0.0492,0.1769,35.17,5530,0,0.6755,1172652637,1.0146,1241.6624
String,Zipfian,ARS Gen 6: Aero (Stable),1000,0.0631,0.2518,38.08,6109,0,0.6755,1172652718,1.0146,966.8782
String,Zipfian,ARS Exp A: Recursive Parallel,1000,0.1718,0.1889,9.63,5530,0,0.6755,1172652615,1.0146,355.2645
String,Zipfian,ARS Exp B: Hierarchical Staging,1000,0.1680,0.1748,5.33,5530,0,0.6755,1172652527,1.0146,363.3023
String,Zipfian,ARS Exp C: Adaptive Hierarchical,1000,0.1730,0.1804,9.11,5530,0,0.6755,1172652593,1.0146,352.8900
String,Zipfian,ARS Exp D: Stream Micro-Batch,1000,0.5122,1.3056,31.24,5530,2000,0.6755,1172655596,1.0146,119.1590
String,Zipfian,Quicksort,10000,0.6849,1.7142,20.24,53207,0,0.6755,1172675373,1.0146,891.1699
String,Zipfian,Timsort,10000,0.5995,2.0676,29.20,53257,0,0.6755,1172675560,1.0146,1018.0263
String,Zipfian,ARS Gen 1: Foundation,10000,8.6500,9.5521,7.12,9984,30000,0.6755,1172697885,1.0146,70.5613
String,Zipfian,ARS Gen 2: Grid Mapping,10000,8.9759,9.6679,7.72,9984,30000,0.6755,1172698085,1.0146,67.9989
String,Zipfian,ARS Gen 3: Apex Baseline,10000,4.4663,10.8825,19.01,122576,14351,0.6755,1172692301,1.0146,136.6581
String,Zipfian,ARS Gen 4: Parallel Apex,10000,1.5990,4.0417,20.95,12651,10000,0.6755,1172675285,1.0146,381.7181
String,Zipfian,ARS Gen 5: Optimized Apex (MAIN),10000,0.4813,1.5978,41.79,12651,0,0.6755,1172674338,1.0146,1268.0127
String,Zipfian,ARS Gen 5: Optimized Apex (Stable),10000,1.3310,1.8225,23.64,12634,0,0.6755,1172673927,1.0146,458.5700
String,Zipfian,ARS Gen 6: Aero Architecture,10000,0.6622,2.1820,32.11,9990,0,0.6755,1172675338,1.0146,921.7362
String,Zipfian,ARS Gen 6: Aero (Stable),10000,1.6251,2.3159,37.80,9990,0,0.6755,1172675432,1.0146,375.5892
String,Zipfian,ARS Exp A: Recursive Parallel,10000,0.4077,1.4930,25.84,12651,0,0.6755,1172672218,1.0146,1497.0972
String,Zipfian,ARS Exp B: Hierarchical Staging,10000,1.2226,2.2674,41.91,12651,0,0.6755,1172672882,1.0146,499.2238
String,Zipfian,ARS Exp C: Adaptive Hierarchical,10000,0.4667,1.4569,31.29,12651,0,0.6755,1172674022,1.0146,1307.8925
String,Zipfian,ARS Exp D: Stream Micro-Batch,10000,1.6447,6.5335,26.41,12651,20000,0.6755,1172683948,1.0146,371.1113
String,Zipfian,Quicksort,100000,7.7077,12.7805,16.23,516801,0,0.6754,1172830429,1.0146,791.8769
String,Zipfian,Timsort,100000,12.0686,16.3558,11.43,523232,0,0.6754,1172833803,1.0146,505.7370
String,Zipfian,ARS Gen 1: Foundation,100000,25.5444,33.3475,11.17,99984,300000,0.6754,1172987656,1.0147,238.9373
String,Zipfian,ARS Gen 2: Grid Mapping,100000,25.4019,31.2113,9.47,99984,300000,0.6754,1172993573,1.0147,240.2783
String,Zipfian,ARS Gen 3: Apex Baseline,100000,23.8955,32.2984,9.96,1144061,108703,0.6755,1172914438,1.0147,255.4258
String,Zipfian,ARS Gen 4: Parallel Apex,100000,5.2356,9.7521,26.58,99988,100000,0.6755,1172712787,1.0146,1165.7809
String,Zipfian,ARS Gen 5: Optimized Apex (MAIN),100000,3.5592,4.8628,23.05,99988,0,0.6755,1172703410,1.0146,1714.8527
String,Zipfian,ARS Gen 5: Optimized Apex (Stable),100000,3.3543,5.7339,27.13,99988,0,0.6755,1172701615,1.0146,1819.5936
String,Zipfian,ARS Gen 6: Aero Architecture,100000,4.3159,5.8136,18.94,99988,0,0.6755,1172725597,1.0146,1414.1835
String,Zipfian,ARS Gen 6: Aero (Stable),100000,4.2792,5.9793,15.85,99988,0,0.6755,1172725147,1.0146,1426.3330
String,Zipfian,ARS Exp A: Recursive Parallel,100000,5.2322,6.3479,13.57,199972,0,0.6755,1172710970,1.0146,1166.5302
String,Zipfian,ARS Exp B: Hierarchical Staging,100000,4.8098,7.8434,16.64,199972,0,0.6755,1172701407,1.0146,1268.9644
String,Zipfian,ARS Exp C: Adaptive Hierarchical,100000,4.2616,5.3043,22.91,99988,0,0.6755,1172703650,1.0146,1432.2179
String,Zipfian,ARS Exp D: Stream Micro-Batch,100000,20.8544,22.9414,6.57,99988,200000,0.6754,1172762913,1.0146,292.6722
String,Zipfian,Quicksort,1000000,485.6372,488.2514,0.44,19595153,0,0.6754,1176139879,1.0143,125.6806
String,Zipfian,Timsort,1000000,624.5508,632.4956,1.80,20426759,0,0.6751,1176651124,1.0137,97.7265
String,Zipfian,ARS Gen 3: Apex Baseline,1000000,246.5705,250.8368,1.05,20672327,1017407,0.6750,1177225512,1.0150,247.5364
String,Zipfian,ARS Gen 4: Parallel Apex,1000000,81.6407,83.3781,4.19,11334517,1000000,0.6753,1176547057,1.0137,747.6068
String,Zipfian,ARS Gen 5: Optimized Apex (MAIN),1000000,72.4335,76.0916,2.66,11334517,0,0.6752,1176698782,1.0135,842.6377
String,Zipfian,ARS Gen 5: Optimized Apex (Stable),1000000,92.0183,96.1805,3.40,11566000,0,0.6751,1176998346,1.0128,663.2939
String,Zipfian,ARS Gen 6: Aero Architecture,1000000,92.6156,94.8489,3.69,12332487,0,0.6752,1176839469,1.0133,659.0158
String,Zipfian,ARS Gen 6: Aero (Stable),1000000,123.1175,128.8559,3.03,12561492,0,0.6751,1177212708,1.0123,495.7473
String,Zipfian,ARS Exp A: Recursive Parallel,1000000,69.1186,71.1487,1.82,8485673,0,0.6754,1176283519,1.0135,883.0497
String,Zipfian,ARS Exp B: Hierarchical Staging,1000000,95.4537,96.8351,2.58,7026293,0,0.6756,1176110794,1.0131,639.4214
String,Zipfian,ARS Exp C: Adaptive Hierarchical,1000000,71.9535,75.6941,3.00,7792026,0,0.6755,1176170493,1.0135,848.2584
String,Zipfian,ARS Exp D: Stream Micro-Batch,1000000,444.8612,563.8670,9.15,15054769,2000000,0.6754,1177889805,1.0136,137.2005
String,Zipfian,Quicksort,10000000,10459.4692,10692.1182,1.68,182952038,0,0.6794,1206361097,0.9867,58.3540
String,Zipfian,Timsort,10000000,7720.0103,11387.7285,14.64,202525310,0,0.6726,1213736815,0.9982,79.0610
String,Zipfian,ARS Gen 3: Apex Baseline,10000000,2388.8874,2487.3593,1.60,192878458,10017407,0.6680,1200221683,1.0110,255.4962
String,Zipfian,ARS Gen 6: Aero Architecture,10000000,1402.3584,1452.6141,1.63,110900253,0,0.6765,1203337039,0.9881,435.2322
String,Zipfian,ARS Gen 6: Aero (Stable),10000000,1812.1835,1866.3974,1.55,110924473,0,0.6751,1203188643,0.9793,336.8045
String,Zipfian,ARS Exp A: Recursive Parallel,10000000,694.4007,700.2492,0.46,34176169,0,0.6765,1189695889,1.0019,878.9617
String,Zipfian,ARS Exp B: Hierarchical Staging,10000000,947.8572,954.2095,0.40,40132484,0,0.6781,1191461439,0.9974,643.9277
String,Zipfian,ARS Exp C: Adaptive Hierarchical,10000000,708.4603,718.5215,0.89,41266054,0,0.6765,1191932278,1.0021,861.5184
String,Zipfian,ARS Exp D: Stream Micro-Batch,10000000,9221.0887,9431.6808,2.13,212961497,20000000,0.6738,1234019068,0.9998,66.1908
String,Skewed,Quicksort,1000,0.1873,0.2100,13.09,5530,0,0.6667,1342638097,0.9918,325.8128
String,Skewed,Timsort,1000,0.0893,0.2354,23.52,6109,0,0.6667,1342638393,0.9918,683.2396
String,Skewed,ARS Gen 1: Foundation,1000,0.6806,0.7084,15.59,984,2000,0.6667,1342639534,0.9918,89.6721
String,Skewed,ARS Gen 2: Grid Mapping,1000,0.2620,0.7890,23.31,984,2000,0.6667,1342639682,0.9918,232.9319
String,Skewed,ARS Gen 3: Apex Baseline,1000,0.0527,0.1852,24.39,5530,0,0.6667,1342637910,0.9918,1159.2182
String,Skewed,ARS Gen 4: Parallel Apex,1000,0.0591,0.1904,38.03,5530,0,0.6667,1342637835,0.9918,1033.6007
String,Skewed,ARS Gen 5: Optimized Apex (MAIN),1000,0.1688,0.1741,9.64,5530,0,0.6667,1342637883,0.9918,361.5313
String,Skewed,ARS Gen 5: Optimized Apex (Stable),1000,0.1122,0.2212,24.96,6109,0,0.6667,1342638052,0.9918,544.1308
String,Skewed,ARS Gen 6: Aero Architecture,1000,0.0654,0.1827,24.85,5530,0,0.6667,1342637885,0.9918,933.0738
String,Skewed,ARS Gen 6: Aero (Stable),1000,0.0947,0.2640,22.74,6109,0,0.6667,1342638041,0.9918,644.5991
String,Skewed,ARS Exp A: Recursive Parallel,1000,0.0981,0.1833,17.00,5530,0,0.6667,1342637866,0.9918,622.3314
String,Skewed,ARS Exp B: Hierarchical Staging,1000,0.1708,0.1865,8.95,5530,0,0.6667,1342637788,0.9918,357.3403
String,Skewed,ARS Exp C: Adaptive Hierarchical,1000,0.0704,0.1838,30.15,5530,0,0.6667,1342637875,0.9918,866.6074
String,Skewed,ARS Exp D: Stream Micro-Batch,1000,1.7259,1.9646,11.60,5530,2000,0.6667,1342640587,0.9918,35.3643
String,Skewed,Quicksort,10000,0.5772,1.8512,26.43,53207,0,0.6667,1342662643,0.9918,1057.4241
String,Skewed,Timsort,10000,1.0829,2.2353,17.17,53257,0,0.6667,1342662929,0.9918,563.6212
String,Skewed,ARS Gen 1: Foundation,10000,8.8094,9.0876,5.24,9984,30000,0.6667,1342683204,0.9918,69.2838
String,Skewed,ARS Gen 2: Grid Mapping,10000,4.8263,9.2543,17.54,9984,30000,0.6667,1342682846,0.9918,126.4646
String,Skewed,ARS Gen 3: Apex Baseline,10000,10.4136,11.2098,4.20,122576,14351,0.6667,1342682998,0.9918,58.6110
String,Skewed,ARS Gen 4: Parallel Apex,10000,1.4485,3.8113,23.69,12651,10000,0.6667,1342661000,0.9918,421.3604
String,Skewed,ARS Gen 5: Optimized Apex (MAIN),10000,0.6351,1.4225,32.71,12651,0,0.6667,1342659079,0.9918,961.0685
String,Skewed,ARS Gen 5: Optimized Apex (Stable),10000,1.4118,1.7393,14.77,12634,0,0.6667,1342658803,0.9918,432.3069
String,Skewed,ARS Gen 6: Aero Architecture,10000,1.3946,2.0986,19.25,9990,0,0.6667,1342659863,0.9918,437.6617
String,Skewed,ARS Gen 6: Aero (Stable),10000,2.0359,2.2838,12.79,9990,0,0.6667,1342660885,0.9918,299.7949
String,Skewed,ARS Exp A: Recursive Parallel,10000,0.6006,1.5081,30.16,12651,0,0.6667,1342658087,0.9918,1016.2211
String,Skewed,ARS Exp B: Hierarchical Staging,10000,0.4204,1.6285,31.21,12651,0,0.6667,1342659633,0.9918,1451.8837
String,Skewed,ARS Exp C: Adaptive Hierarchical,10000,1.1596,1.7504,18.57,12651,0,0.6667,1342659069,0.9918,526.3394
String,Skewed,ARS Exp D: Stream Micro-Batch,10000,2.3672,7.1398,28.47,12651,20000,0.6667,1342667443,0.9918,257.8399
String,Skewed,Quicksort,100000,9.3132,11.0700,9.26,516801,0,0.6666,1342779677,0.9918,655.3645
String,Skewed,Timsort,100000,6.1824,11.7453,20.43,523232,0,0.6666,1342784790,0.9918,987.2424
String,Skewed,ARS Gen 1: Foundation,100000,21.9511,28.9393,11.32,99984,300000,0.6666,1342973662,0.9918,278.0502
String,Skewed,ARS Gen 2: Grid Mapping,100000,20.5622,29.5739,14.47,99984,300000,0.6666,1342981705,0.9919,296.8319
String,Skewed,ARS Gen 3: Apex Baseline,100000,23.1499,28.1463,7.86,1144061,108703,0.6667,1342879989,0.9919,263.6521
String,Skewed,ARS Gen 4: Parallel Apex,100000,8.8072,11.6375,17.78,99988,100000,0.6667,1342699802,0.9918,693.0121
String,Skewed,ARS Gen 5: Optimized Apex (MAIN),100000,2.0777,4.4615,29.86,99988,0,0.6667,1342690842,0.9918,2937.6917
String,Skewed,ARS Gen 5: Optimized Apex (Stable),100000,2.5557,5.6858,29.91,99988,0,0.6667,1342694160,0.9918,2388.1570
String,Skewed,ARS Gen 6: Aero Architecture,100000,3.1152,6.3364,20.66,99988,0,0.6667,1342719123,0.9918,1959.2907
String,Skewed,ARS Gen 6: Aero (Stable),100000,3.2990,5.4873,24.83,99988,0,0.6667,1342716081,0.9918,1850.1136
String,Skewed,ARS Exp A: Recursive Parallel,100000,3.6775,6.8450,27.23,199972,0,0.6667,1342701793,0.9918,1659.6857
String,Skewed,ARS Exp B: Hierarchical Staging,100000,2.5967,6.6644,34.72,199972,0,0.6667,1342690428,0.9918,2350.5083
String,Skewed,ARS Exp C: Adaptive Hierarchical,100000,3.1354,4.8481,22.84,99988,0,0.6667,1342688293,0.9918,1946.6639
String,Skewed,ARS Exp D: Stream Micro-Batch,100000,18.2810,22.6251,10.30,99988,200000,0.6666,1342749826,0.9918,333.8717
String,Skewed,Quicksort,1000000,235.8722,246.1393,1.53,19595153,0,0.6664,1345067216,0.9928,258.7637
String,Skewed,Timsort,1000000,283.1610,289.0772,1.43,20426759,0,0.6660,1345511745,0.9926,215.5493
String,Skewed,ARS Gen 3: Apex Baseline,1000000,187.8968,189.0718,1.08,20672327,1017407,0.6664,1346938119,0.9926,324.8334
String,Skewed,ARS Gen 4: Parallel Apex,1000000,66.6956,68.2424,5.34,11334517,1000000,0.6664,1346575040,0.9915,915.1299
String,Skewed,ARS Gen 5: Optimized Apex (MAIN),1000000,53.7062,56.1661,4.27,11334517,0,0.6665,1344766253,0.9914,1136.4628
String,Skewed,ARS Gen 5: Optimized Apex (Stable),1000000,69.2583,70.8755,4.89,11566000,0,0.6663,1345082289,0.9909,881.2682
String,Skewed,ARS Gen 6: Aero Architecture,1000000,64.3237,70.7177,3.96,12332487,0,0.6664,1344835144,0.9913,948.8745
String,Skewed,ARS Gen 6: Aero (Stable),1000000,86.3744,93.5248,4.37,12561492,0,0.6663,1345185270,0.9905,706.6346
String,Skewed,ARS Exp A: Recursive Parallel,1000000,53.5718,55.6580,1.79,8485673,0,0.6666,1344735583,0.9912,1139.3152
String,Skewed,ARS Exp B: Hierarchical Staging,1000000,74.9319,76.2913,1.64,7026293,0,0.6667,1344685162,0.9909,814.5420
String,Skewed,ARS Exp C: Adaptive Hierarchical,1000000,56.6619,58.4973,3.31,7792026,0,0.6667,1344717337,0.9912,1077.1811
String,Skewed,ARS Exp D: Stream Micro-Batch,1000000,404.5570,522.3632,9.46,15054769,2000000,0.6664,1348107538,0.9912,150.8691
String,Skewed,Quicksort,10000000,8172.9717,8275.7306,0.75,182952038,0,0.6661,1365176433,0.9747,74.6793
String,Skewed,Timsort,10000000,9302.1716,9485.9308,0.91,202525310,0,0.6639,1364140177,0.9716,65.6139
String,Skewed,ARS Gen 3: Apex Baseline,10000000,2446.9450,2513.6336,2.77,192878458,10017407,0.6608,1370645747,0.9897,249.4341
String,Skewed,ARS Gen 6: Aero Architecture,10000000,1449.1412,1486.7548,1.88,110900253,0,0.6659,1362423108,0.9690,421.1816
String,Skewed,ARS Gen 6: Aero (Stable),10000000,1996.7472,2080.8613,2.14,110924473,0,0.6636,1364726121,0.9568,305.6729
String,Skewed,ARS Exp A: Recursive Parallel,10000000,690.7192,698.2328,0.75,34176169,0,0.6668,1357440674,0.9813,883.6465
String,Skewed,ARS Exp B: Hierarchical Staging,10000000,958.5635,963.3743,0.90,40132484,0,0.6681,1358494098,0.9771,636.7357
String,Skewed,ARS Exp C: Adaptive Hierarchical,10000000,711.3707,716.1834,0.49,41266054,0,0.6667,1358873603,0.9815,857.9937
String,Skewed,ARS Exp D: Stream Micro-Batch,10000000,9271.2404,9416.7391,1.50,212961525,20000000,0.6655,1406932208,0.9805,65.8328
String,Clustered,Quicksort,1000,0.0723,0.1862,28.76,5530,0,0.6609,1487166679,0.9834,844.6603
String,Clustered,Timsort,1000,0.0813,0.2354,22.05,6109,0,0.6609,1487166855,0.9834,751.1187
String,Clustered,ARS Gen 1: Foundation,1000,0.6847,0.7088,2.93,984,2000,0.6609,1487168372,0.9834,89.1387
String,Clustered,ARS Gen 2: Grid Mapping,1000,0.1847,0.7700,24.99,984,2000,0.6609,1487168468,0.9834,330.3751
String,Clustered,ARS Gen 3: Apex Baseline,1000,0.0657,0.1923,31.77,5530,0,0.6609,1487166792,0.9834,928.4608
String,Clustered,ARS Gen 4: Parallel Apex,1000,0.1771,0.2063,10.33,5530,0,0.6609,1487166685,0.9834,344.5841
String,Clustered,ARS Gen 5: Optimized Apex (MAIN),1000,0.0586,0.1865,25.34,5530,0,0.6609,1487166738,0.9834,1041.1292
String,Clustered,ARS Gen 5: Optimized Apex (Stable),1000,0.2315,0.2453,15.22,6109,0,0.6609,1487167044,0.9834,263.6929
String,Clustered,ARS Gen 6: Aero Architecture,1000,0.0582,0.1933,24.60,5530,0,0.6609,1487166921,0.9834,1048.4258
String,Clustered,ARS Gen 6: Aero (Stable),1000,0.1620,0.2371,14.18,6109,0,0.6609,1487167084,0.9834,376.7044
String,Clustered,ARS Exp A: Recursive Parallel,1000,0.1811,0.1997,13.05,5530,0,0.6609,1487166780,0.9834,337.0749
String,Clustered,ARS Exp B: Hierarchical Staging,1000,0.0631,0.1971,25.09,5530,0,0.6609,1487166768,0.9834,967.3073
String,Clustered,ARS Exp C: Adaptive Hierarchical,1000,0.1718,0.2083,8.25,5530,0,0.6609,1487166672,0.9834,355.3390
String,Clustered,ARS Exp D: Stream Micro-Batch,1000,1.2684,1.4151,8.29,5530,2000,0.6609,1487169093,0.9834,48.1190
String,Clustered,Quicksort,10000,1.8628,1.8922,7.22,53207,0,0.6609,1487192731,0.9834,327.6491
String,Clustered,Timsort,10000,2.2483,2.3629,15.18,53257,0,0.6609,1487193528,0.9834,271.4727
String,Clustered,ARS Gen 1: Foundation,10000,8.4695,9.0152,9.20,9984,30000,0.6609,1487211986,0.9834,72.0643
String,Clustered,ARS Gen 2: Grid Mapping,10000,8.7355,9.1553,6.44,9984,30000,0.6609,1487211524,0.9834,69.8705
String,Clustered,ARS Gen 3: Apex Baseline,10000,4.0965,10.7725,27.43,122576,14351,0.6609,1487207390,0.9834,148.9929
String,Clustered,ARS Gen 4: Parallel Apex,10000,1.4299,4.0052,22.33,12651,10000,0.6609,1487188916,0.9834,426.8527
String,Clustered,ARS Gen 5: Optimized Apex (MAIN),10000,0.5110,1.4354,33.99,12651,0,0.6609,1487186940,0.9834,1194.3697
String,Clustered,ARS Gen 5: Optimized Apex (Stable),10000,1.0987,1.5716,25.13,12634,0,0.6609,1487186538,0.9834,555.5292
String,Clustered,ARS Gen 6: Aero Architecture,10000,1.8452,2.1646,15.33,9990,0,0.6609,1487188389,0.9834,330.7818
String,Clustered,ARS Gen 6: Aero (Stable),10000,1.2395,2.3060,18.05,9990,0,0.6609,1487189067,0.9834,492.4283
String,Clustered,ARS Exp A: Recursive Parallel,10000,0.5945,1.5955,25.82,12651,0,0.6609,1487187583,0.9834,1026.6136
String,Clustered,ARS Exp B: Hierarchical Staging,10000,1.1167,1.5669,20.60,12651,0,0.6609,1487187036,0.9834,546.5730
String,Clustered,ARS Exp C: Adaptive Hierarchical,10000,1.1515,1.6481,13.70,12651,0,0.6609,1487186820,0.9834,530.0399
String,Clustered,ARS Exp D: Stream Micro-Batch,10000,6.2257,6.6342,7.79,12651,20000,0.6609,1487197964,0.9834,98.0379
String,Clustered,Quicksort,100000,7.2873,11.8889,14.16,516801,0,0.6608,1487305685,0.9835,837.5580
String,Clustered,Timsort,100000,6.4693,13.3710,24.79,523232,0,0.6608,1487305077,0.9835,943.4656
String,Clustered,ARS Gen 1: Foundation,100000,24.0002,30.4151,8.49,99984,300000,0.6608,1487493289,0.9835,254.3115
String,Clustered,ARS Gen 2: Grid Mapping,100000,23.4434,30.3941,11.17,99984,300000,0.6608,1487502233,0.9835,260.3508
String,Clustered,ARS Gen 3: Apex Baseline,100000,22.9333,30.7946,10.01,1144061,108703,0.6609,1487357413,0.9835,266.1421
String,Clustered,ARS Gen 4: Parallel Apex,100000,9.4718,11.3719,11.85,99988,100000,0.6609,1487217402,0.9835,644.3879
String,Clustered,ARS Gen 5: Optimized Apex (MAIN),100000,3.3917,4.9666,20.54,99988,0,0.6609,1487210974,0.9834,1799.5531
String,Clustered,ARS Gen 5: Optimized Apex (Stable),100000,2.1674,4.8686,27.12,99988,0,0.6609,1487210223,0.9834,2816.0892
String,Clustered,ARS Gen 6: Aero Architecture,100000,2.8790,6.0730,38.15,99988,0,0.6609,1487234826,0.9834,2120.0146
String,Clustered,ARS Gen 6: Aero (Stable),100000,2.5967,4.9241,22.02,99988,0,0.6609,1487235689,0.9834,2350.4785
String,Clustered,ARS Exp A: Recursive Parallel,100000,4.1191,5.5472,20.12,199972,0,0.6608,1487215974,0.9834,1481.7595
String,Clustered,ARS Exp B: Hierarchical Staging,100000,5.7679,6.9177,12.58,199972,0,0.6608,1487207489,0.9834,1058.1877
String,Clustered,ARS Exp C: Adaptive Hierarchical,100000,2.4742,5.3120,21.94,99988,0,0.6609,1487210228,0.9834,2466.8802
String,Clustered,ARS Exp D: Stream Micro-Batch,100000,19.9525,21.5755,7.43,99988,200000,0.6608,1487280189,0.9835,305.9018
String,Clustered,Quicksort,1000000,359.5260,378.3673,3.04,19595153,0,0.6606,1488948003,0.9838,169.7656
String,Clustered,Timsort,1000000,473.3401,487.1770,1.98,20426759,0,0.6603,1489512730,0.9833,128.9457
String,Clustered,ARS Gen 3: Apex Baseline,1000000,219.1922,223.1116,1.00,20672327,1017407,0.6605,1491288446,0.9840,278.4550
String,Clustered,ARS Gen 4: Parallel Apex,1000000,66.9710,69.0195,4.34,11334517,1000000,0.6607,1491068377,0.9831,911.3672
String,Clustered,ARS Gen 5: Optimized Apex (MAIN),1000000,60.6341,61.2394,2.64,11334517,0,0.6606,1491349210,0.9828,1006.6135
String,Clustered,ARS Gen 5: Optimized Apex (Stable),1000000,75.7120,77.2816,3.00,11566000,0,0.6605,1491779662,0.9823,806.1493
String,Clustered,ARS Gen 6: Aero Architecture,1000000,74.3665,75.9912,4.31,12332487,0,0.6606,1491560221,0.9828,820.7350
String,Clustered,ARS Gen 6: Aero (Stable),1000000,97.6451,102.1251,3.36,12561492,0,0.6605,1491891861,0.9821,625.0711
String,Clustered,ARS Exp A: Recursive Parallel,1000000,57.3382,60.3253,3.67,8485673,0,0.6607,1490899394,0.9828,1064.4769
String,Clustered,ARS Exp B: Hierarchical Staging,1000000,76.2776,78.9657,4.95,7026293,0,0.6609,1490690163,0.9828,800.1710
String,Clustered,ARS Exp C: Adaptive Hierarchical,1000000,63.4058,65.1728,1.48,7792026,0,0.6608,1490851135,0.9826,962.6112
String,Clustered,ARS Exp D: Stream Micro-Batch,1000000,398.8339,516.6497,9.81,15103346,2000000,0.6606,1492484476,0.9830,153.0340
String,Clustered,Quicksort,10000000,8627.0957,8685.6202,0.50,182952038,0,0.6603,1522286847,0.9658,70.7482
String,Clustered,Timsort,10000000,9985.3769,10109.8051,0.57,202525310,0,0.6584,1526085611,0.9626,61.1245
String,Clustered,ARS Gen 3: Apex Baseline,10000000,2480.6259,2497.2503,0.93,192878458,10017407,0.6554,1523534713,0.9813,246.0474
String,Clustered,ARS Gen 6: Aero Architecture,10000000,1447.0176,1522.5582,1.99,110900253,0,0.6603,1518358081,0.9615,421.7997
String,Clustered,ARS Gen 6: Aero (Stable),10000000,2033.6341,2108.1593,2.98,110924473,0,0.6582,1519766848,0.9499,300.1285
String,Clustered,ARS Exp A: Recursive Parallel,10000000,699.7394,703.7446,0.39,34176169,0,0.6611,1504927798,0.9739,872.2555
String,Clustered,ARS Exp B: Hierarchical Staging,10000000,968.0068,974.8824,0.42,40132484,0,0.6623,1506681612,0.9698,630.5241
String,Clustered,ARS Exp C: Adaptive Hierarchical,10000000,724.6462,729.4506,0.54,41266054,0,0.6609,1507176025,0.9738,842.2752
String,Clustered,ARS Exp D: Stream Micro-Batch,10000000,9179.0433,9332.9384,1.14,212961489,20000000,0.6604,1550863937,0.9732,66.4940
String,BucketCollapse,Quicksort,1000,0.1795,0.1957,9.77,5530,0,0.6570,1675620089,0.9622,339.9700
String,BucketCollapse,Timsort,1000,0.0742,0.2395,31.59,6109,0,0.6570,1675620295,0.9622,822.7536
String,BucketCollapse,ARS Gen 1: Foundation,1000,0.6679,0.7236,4.13,984,2000,0.6570,1675621512,0.9622,91.3875
String,BucketCollapse,ARS Gen 2: Grid Mapping,1000,0.2629,0.7770,26.77,984,2000,0.6570,1675621659,0.9622,232.1505
String,BucketCollapse,ARS Gen 3: Apex Baseline,1000,0.0584,0.1776,22.67,5530,0,0.6570,1675619829,0.9622,1044.6753
String,BucketCollapse,ARS Gen 4: Parallel Apex,1000,0.1278,0.1817,12.90,5530,0,0.6570,1675619824,0.9622,477.5759
String,BucketCollapse,ARS Gen 5: Optimized Apex (MAIN),1000,0.0839,0.1814,21.13,5530,0,0.6570,1675619860,0.9622,727.8047
String,BucketCollapse,ARS Gen 5: Optimized Apex (Stable),1000,0.1741,0.2509,11.46,6109,0,0.6570,1675620091,0.9622,350.6518
String,BucketCollapse,ARS Gen 6: Aero Architecture,1000,0.0509,0.1767,25.22,5530,0,0.6570,1675619835,0.9622,1200.0149
String,BucketCollapse,ARS Gen 6: Aero (Stable),1000,0.2213,0.2363,8.73,6109,0,0.6570,1675620011,0.9622,275.8252
String,BucketCollapse,ARS Exp A: Recursive Parallel,1000,0.0616,0.1899,23.97,5530,0,0.6570,1675619732,0.9622,990.5410
String,BucketCollapse,ARS Exp B: Hierarchical Staging,1000,0.0482,0.1894,27.57,5530,0,0.6570,1675619682,0.9622,1266.5523
String,BucketCollapse,ARS Exp C: Adaptive Hierarchical,1000,0.0518,0.1693,25.00,5530,0,0.6570,1675619721,0.9622,1177.7619
String,BucketCollapse,ARS Exp D: Stream Micro-Batch,1000,1.4035,1.8772,8.63,5530,2000,0.6570,1675622420,0.9622,43.4871
String,BucketCollapse,Quicksort,10000,0.5600,1.7376,22.03,53207,0,0.6570,1675642708,0.9622,1089.9914
String,BucketCollapse,Timsort,10000,1.6314,2.1340,8.12,53257,0,0.6570,1675642965,0.9622,374.1178
String,BucketCollapse,ARS Gen 1: Foundation,10000,2.4816,9.1118,29.63,9984,30000,0.6570,1675664965,0.9622,245.9508
String,BucketCollapse,ARS Gen 2: Grid Mapping,10000,2.5480,9.0642,30.46,9984,30000,0.6570,1675664344,0.9622,239.5378
String,BucketCollapse,ARS Gen 3: Apex Baseline,10000,3.7399,11.1028,22.38,122576,14351,0.6570,1675666875,0.9622,163.2010
String,BucketCollapse,ARS Gen 4: Parallel Apex,10000,1.1225,3.8773,23.72,12651,10000,0.6570,1675642344,0.9622,543.7421
String,BucketCollapse,ARS Gen 5: Optimized Apex (MAIN),10000,1.2309,1.4329,12.77,12651,0,0.6570,1675640510,0.9622,495.8729
String,BucketCollapse,ARS Gen 5: Optimized Apex (Stable),10000,0.6733,1.3395,28.79,12634,0,0.6570,1675640719,0.9622,906.5237
String,BucketCollapse,ARS Gen 6: Aero Architecture,10000,0.6965,1.9824,33.90,9990,0,0.6570,1675641649,0.9622,876.2746
String,BucketCollapse,ARS Gen 6: Aero (Stable),10000,0.9418,2.0149,24.08,9990,0,0.6570,1675642044,0.9622,648.0561
String,BucketCollapse,ARS Exp A: Recursive Parallel,10000,0.3847,1.6724,36.10,12651,0,0.6570,1675640144,0.9622,1586.4413
String,BucketCollapse,ARS Exp B: Hierarchical Staging,10000,1.1280,1.5428,14.74,12651,0,0.6570,1675640570,0.9622,541.0760
String,BucketCollapse,ARS Exp C: Adaptive Hierarchical,10000,0.5077,1.3644,44.16,12651,0,0.6570,1675640474,0.9622,1202.1563
String,BucketCollapse,ARS Exp D: Stream Micro-Batch,10000,6.2090,6.6938,8.16,12651,20000,0.6570,1675649774,0.9622,98.3006
String,BucketCollapse,Quicksort,100000,5.4135,11.8294,25.32,516801,0,0.6570,1675766696,0.9622,1127.4618
String,BucketCollapse,Timsort,100000,5.8885,14.0236,26.65,523232,0,0.6569,1675764950,0.9622,1036.5157
String,BucketCollapse,ARS Gen 1: Foundation,100000,27.7183,30.3402,5.36,99984,300000,0.6570,1675946616,0.9623,220.1984
String,BucketCollapse,ARS Gen 2: Grid Mapping,100000,22.0132,30.4143,10.97,99984,300000,0.6570,1675954110,0.9623,277.2659
String,BucketCollapse,ARS Gen 3: Apex Baseline,100000,23.8529,29.9766,11.13,1144061,108703,0.6570,1675854564,0.9623,255.8816
String,BucketCollapse,ARS Gen 4: Parallel Apex,100000,4.6711,11.0527,28.73,99988,100000,0.6570,1675674247,0.9622,1306.6535
String,BucketCollapse,ARS Gen 5: Optimized Apex (MAIN),100000,3.8436,5.4727,19.85,99988,0,0.6570,1675676344,0.9622,1587.9734
String,BucketCollapse,ARS Gen 5: Optimized Apex (Stable),100000,3.2472,4.4356,20.91,99988,0,0.6570,1675670227,0.9622,1879.6439
String,BucketCollapse,ARS Gen 6: Aero Architecture,100000,3.7652,5.7053,22.05,99988,0,0.6570,1675692040,0.9622,1621.0168
String,BucketCollapse,ARS Gen 6: Aero (Stable),100000,2.0757,4.3376,42.04,99988,0,0.6570,1675698309,0.9622,2940.4684
String,BucketCollapse,ARS Exp A: Recursive Parallel,100000,3.7549,6.5098,24.49,199972,0,0.6570,1675682352,0.9622,1625.4620
String,BucketCollapse,ARS Exp B: Hierarchical Staging,100000,3.3356,8.2863,29.79,199972,0,0.6570,1675671696,0.9622,1829.8093
String,BucketCollapse,ARS Exp C: Adaptive Hierarchical,100000,2.6588,5.2502,26.07,99988,0,0.6570,1675678745,0.9622,2295.5619
String,BucketCollapse,ARS Exp D: Stream Micro-Batch,100000,20.0938,22.9541,7.15,99988,200000,0.6569,1675723148,0.9622,303.7508
String,BucketCollapse,Quicksort,1000000,400.2695,402.5870,0.74,19595153,0,0.6568,1678397528,0.9624,152.4852
String,BucketCollapse,Timsort,1000000,500.1964,506.0694,0.79,20426759,0,0.6565,1678812984,0.9620,122.0224
String,BucketCollapse,ARS Gen 3: Apex Baseline,1000000,205.2667,207.0363,2.46,20672327,1017407,0.6567,1678998573,0.9628,297.3456
String,BucketCollapse,ARS Gen 4: Parallel Apex,1000000,66.0150,67.1645,1.18,11334517,1000000,0.6568,1679608497,0.9619,924.5645
String,BucketCollapse,ARS Gen 5: Optimized Apex (MAIN),1000000,53.7047,57.5133,7.87,11334517,0,0.6569,1677678767,0.9619,1136.4963
String,BucketCollapse,ARS Gen 5: Optimized Apex (Stable),1000000,69.1378,70.4251,1.78,11566000,0,0.6567,1678044206,0.9615,882.8040
String,BucketCollapse,ARS Gen 6: Aero Architecture,1000000,66.4808,69.6529,6.10,12332487,0,0.6568,1677806373,0.9618,918.0864
String,BucketCollapse,ARS Gen 6: Aero (Stable),1000000,89.9933,92.8179,2.31,12561492,0,0.6567,1678191097,0.9612,678.2191
String,BucketCollapse,ARS Exp A: Recursive Parallel,1000000,52.6950,54.1658,3.28,8485673,0,0.6569,1677688148,0.9617,1158.2722
String,BucketCollapse,ARS Exp B: Hierarchical Staging,1000000,73.4656,75.5031,2.82,7026293,0,0.6570,1677649806,0.9615,830.7997
String,BucketCollapse,ARS Exp C: Adaptive Hierarchical,1000000,57.5854,58.7007,2.00,7792026,0,0.6570,1677698001,0.9617,1059.9069
String,BucketCollapse,ARS Exp D: Stream Micro-Batch,1000000,408.9730,517.4494,8.70,15103346,2000000,0.6568,1681133323,0.9618,149.2400
String,BucketCollapse,Quicksort,10000000,8698.8494,8763.6957,0.62,182952038,0,0.6566,1712091175,0.9473,70.1646
String,BucketCollapse,Timsort,10000000,10025.9619,10092.4450,0.54,202525310,0,0.6550,1718688969,0.9445,60.8771
String,BucketCollapse,ARS Gen 3: Apex Baseline,10000000,2350.7372,2403.8243,1.03,192878458,10017407,0.6525,1698633073,0.9620,259.6426
String,BucketCollapse,ARS Gen 6: Aero Architecture,10000000,1427.5460,1475.6178,4.37,110900253,0,0.6569,1693730382,0.9452,427.5530
String,BucketCollapse,ARS Gen 6: Aero (Stable),10000000,2026.7219,2073.4081,2.33,110924473,0,0.6549,1707786104,0.9337,301.1521
String,BucketCollapse,ARS Exp A: Recursive Parallel,10000000,693.4469,702.3324,0.76,34176169,0,0.6573,1692916940,0.9544,880.1705
String,BucketCollapse,ARS Exp B: Hierarchical Staging,10000000,957.2952,967.1145,1.14,40132484,0,0.6583,1694622606,0.9506,637.5793
String,BucketCollapse,ARS Exp C: Adaptive Hierarchical,10000000,715.3453,723.5131,0.49,41266054,0,0.6572,1695112995,0.9541,853.2265
String,BucketCollapse,ARS Exp D: Stream Micro-Batch,10000000,9316.7632,9460.3076,1.64,212961542,20000000,0.6568,1738723572,0.9543,65.5111
String,LowCardinality,Quicksort,1000,0.0778,0.2084,23.44,5532,0,0.6538,1856418712,0.9502,784.6245
String,LowCardinality,Timsort,1000,0.2333,0.2700,8.42,5597,0,0.6538,1856419125,0.9502,261.6604
String,LowCardinality,ARS Gen 1: Foundation,1000,0.1931,0.6984,23.81,984,2000,0.6538,1856420167,0.9502,316.1182
String,LowCardinality,ARS Gen 2: Grid Mapping,1000,0.4255,0.7676,15.02,984,2000,0.6538,1856420211,0.9502,143.4333
String,LowCardinality,ARS Gen 3: Apex Baseline,1000,0.1729,0.1914,12.50,5532,0,0.6538,1856418524,0.9502,352.9574
String,LowCardinality,ARS Gen 4: Parallel Apex,1000,0.0761,0.1818,19.71,5532,0,0.6538,1856418536,0.9502,801.5649
String,LowCardinality,ARS Gen 5: Optimized Apex (MAIN),1000,0.0665,0.1769,23.46,5532,0,0.6538,1856418563,0.9502,917.4770
String,LowCardinality,ARS Gen 5: Optimized Apex (Stable),1000,0.1118,0.2315,17.98,5597,0,0.6538,1856418774,0.9502,546.0440
String,LowCardinality,ARS Gen 6: Aero Architecture,1000,0.1784,0.2008,23.24,5532,0,0.6538,1856418625,0.9502,342.1809
String,LowCardinality,ARS Gen 6: Aero (Stable),1000,0.0990,0.2337,21.56,5597,0,0.6538,1856418785,0.9502,616.5479
String,LowCardinality,ARS Exp A: Recursive Parallel,1000,0.0586,0.1847,29.72,5532,0,0.6538,1856418658,0.9502,1041.4134
String,LowCardinality,ARS Exp B: Hierarchical Staging,1000,0.1714,0.1786,7.82,5532,0,0.6538,1856418609,0.9502,356.1580
String,LowCardinality,ARS Exp C: Adaptive Hierarchical,1000,0.1517,0.1770,9.58,5532,0,0.6538,1856418583,0.9502,402.2908
String,LowCardinality,ARS Exp D: Stream Micro-Batch,1000,0.5703,1.6884,22.43,5532,2000,0.6538,1856421424,0.9502,107.0310
String,LowCardinality,Quicksort,10000,1.0267,1.9004,15.41,54031,0,0.6538,1856445323,0.9502,594.4917
String,LowCardinality,Timsort,10000,1.5130,2.3492,12.37,54467,0,0.6538,1856445927,0.9502,403.3934
String,LowCardinality,ARS Gen 1: Foundation,10000,8.4592,9.1009,6.93,9984,30000,0.6538,1856463724,0.9502,72.1521
String,LowCardinality,ARS Gen 2: Grid Mapping,10000,3.0911,9.8478,24.56,9984,30000,0.6538,1856463268,0.9502,197.4568
String,LowCardinality,ARS Gen 3: Apex Baseline,10000,3.7287,10.8160,21.24,122654,14351,0.6538,1856466229,0.9502,163.6910
String,LowCardinality,ARS Gen 4: Parallel Apex,10000,1.8290,4.0743,18.42,18115,10000,0.6538,1856441632,0.9502,333.7023
String,LowCardinality,ARS Gen 5: Optimized Apex (MAIN),10000,0.6412,1.4779,22.49,18115,0,0.6538,1856439608,0.9502,951.8999
String,LowCardinality,ARS Gen 5: Optimized Apex (Stable),10000,0.4421,1.7111,28.41,18210,0,0.6538,1856440276,0.9502,1380.6953
String,LowCardinality,ARS Gen 6: Aero Architecture,10000,1.0564,1.9030,21.81,12047,0,0.6538,1856440798,0.9502,577.7902
String,LowCardinality,ARS Gen 6: Aero (Stable),10000,0.5603,2.0066,24.50,12077,0,0.6538,1856441107,0.9502,1089.4135
String,LowCardinality,ARS Exp A: Recursive Parallel,10000,0.4898,1.6524,34.81,18115,0,0.6538,1856439093,0.9502,1246.2182
String,LowCardinality,ARS Exp B: Hierarchical Staging,10000,1.1753,1.5358,13.50,18115,0,0.6538,1856440019,0.9502,519.3341
String,LowCardinality,ARS Exp C: Adaptive Hierarchical,10000,1.1672,1.7859,18.57,18115,0,0.6538,1856439420,0.9502,522.9029
String,LowCardinality,ARS Exp D: Stream Micro-Batch,10000,2.8063,6.3350,23.29,18115,20000,0.6538,1856448280,0.9502,217.4905
String,LowCardinality,Quicksort,100000,4.9868,11.7093,23.86,523301,0,0.6538,1856559005,0.9502,1223.9272
String,LowCardinality,Timsort,100000,7.0779,13.9979,22.29,523890,0,0.6537,1856561444,0.9502,862.3377
String,LowCardinality,ARS Gen 1: Foundation,100000,20.7196,30.1247,12.12,99984,300000,0.6538,1856754526,0.9502,294.5763
String,LowCardinality,ARS Gen 2: Grid Mapping,100000,26.4483,31.2370,7.97,99984,300000,0.6538,1856761354,0.9502,230.7714
String,LowCardinality,ARS Gen 3: Apex Baseline,100000,24.3823,29.6860,10.61,1146595,108703,0.6538,1856674181,0.9502,250.3256
String,LowCardinality,ARS Gen 4: Parallel Apex,100000,4.7757,10.5180,26.83,150813,100000,0.6538,1856479442,0.9502,1278.0240
String,LowCardinality,ARS Gen 5: Optimized Apex (MAIN),100000,3.3495,4.8249,28.60,150813,0,0.6538,1856481706,0.9502,1822.2115
String,LowCardinality,ARS Gen 5: Optimized Apex (Stable),100000,2.0654,5.4473,24.73,150914,0,0.6538,1856480977,0.9502,2955.1424
String,LowCardinality,ARS Gen 6: Aero Architecture,100000,1.7624,5.8828,26.57,125502,0,0.6538,1856504178,0.9502,3463.1841
String,LowCardinality,ARS Gen 6: Aero (Stable),100000,3.9689,5.4414,17.42,125610,0,0.6538,1856504575,0.9502,1537.8228
String,LowCardinality,ARS Exp A: Recursive Parallel,100000,4.6337,6.3262,14.45,199984,0,0.6538,1856480109,0.9502,1317.2090
String,LowCardinality,ARS Exp B: Hierarchical Staging,100000,6.2893,7.1731,18.19,199980,0,0.6538,1856470395,0.9502,970.4538
String,LowCardinality,ARS Exp C: Adaptive Hierarchical,100000,1.8701,4.5334,35.20,100000,0,0.6538,1856473308,0.9502,3263.6974
String,LowCardinality,ARS Exp D: Stream Micro-Batch,100000,16.2742,21.6472,8.67,150813,200000,0.6537,1856539954,0.9502,375.0425
String,LowCardinality,Quicksort,1000000,93.7626,96.5197,1.45,5137660,0,0.6539,1857807005,0.9502,650.9539
String,LowCardinality,Timsort,1000000,163.2642,168.6772,1.31,6204570,0,0.6539,1858021767,0.9501,373.8428
String,LowCardinality,ARS Gen 3: Apex Baseline,1000000,163.4228,172.6982,2.60,12089575,1017407,0.6537,1858600955,0.9508,373.4802
String,LowCardinality,ARS Gen 4: Parallel Apex,1000000,27.1667,36.8252,15.21,1189071,1000000,0.6538,1856576925,0.9499,2246.6876
String,LowCardinality,ARS Gen 5: Optimized Apex (MAIN),1000000,18.7673,28.7190,24.80,1189071,0,0.6538,1856615325,0.9497,3252.2133
String,LowCardinality,ARS Gen 5: Optimized Apex (Stable),1000000,19.0852,27.0533,24.66,1189803,0,0.6538,1856617696,0.9497,3198.0325
String,LowCardinality,ARS Gen 6: Aero Architecture,1000000,23.1843,31.2367,19.71,1189071,0,0.6538,1856864193,0.9498,2632.6032
String,LowCardinality,ARS Gen 6: Aero (Stable),1000000,23.5879,30.7212,24.45,1189803,0,0.6538,1856865938,0.9498,2587.5610
String,LowCardinality,ARS Exp A: Recursive Parallel,1000000,31.1563,36.0841,11.58,1999984,0,0.6538,1856624739,0.9496,1958.9976
String,LowCardinality,ARS Exp B: Hierarchical Staging,1000000,35.4186,39.5926,16.30,1999994,0,0.6538,1856609955,0.9496,1723.2529
String,LowCardinality,ARS Exp C: Adaptive Hierarchical,1000000,33.4291,37.7068,11.09,1999980,0,0.6538,1856620706,0.9496,1825.8116
String,LowCardinality,ARS Exp D: Stream Micro-Batch,1000000,313.5217,320.1154,1.53,6332736,2000000,0.6540,1857806732,0.9501,194.6760
String,LowCardinality,Quicksort,10000000,1057.2329,1069.4347,0.91,52542717,0,0.6556,1871050496,0.9504,577.3104
String,LowCardinality,Timsort,10000000,2175.9684,2214.4015,0.86,66326091,0,0.6567,1872124400,0.9485,280.4965
String,LowCardinality,ARS Gen 3: Apex Baseline,10000000,1671.0522,1806.5806,3.79,120087685,10017407,0.6536,1877158022,0.9572,365.2498
String,LowCardinality,ARS Gen 6: Aero Architecture,10000000,280.8651,351.2368,11.11,9999988,0,0.6541,1860502962,0.9477,2173.1132
String,LowCardinality,ARS Gen 6: Aero (Stable),10000000,275.6273,460.8399,23.33,9999988,0,0.6541,1860512162,0.9474,2214.4089
String,LowCardinality,ARS Exp A: Recursive Parallel,10000000,403.2614,428.6474,3.69,19999972,0,0.6544,1857967157,0.9466,1513.5383
String,LowCardinality,ARS Exp B: Hierarchical Staging,10000000,446.4470,505.3074,6.15,19999982,0,0.6544,1857952871,0.9461,1367.1312
String,LowCardinality,ARS Exp C: Adaptive Hierarchical,10000000,418.8402,438.4577,4.58,19999972,0,0.6545,1857967110,0.9469,1457.2422
String,LowCardinality,ARS Exp D: Stream Micro-Batch,10000000,5032.7569,5107.6414,1.34,116948525,20000000,0.6605,1876609234,0.9506,121.2758
String,PrefixCollision,Quicksort,1000,0.1854,0.1967,10.09,5563,0,0.6674,1894736726,0.9450,329.2115
String,PrefixCollision,Timsort,1000,0.2387,0.2486,4.83,5867,0,0.6674,1894736956,0.9450,255.7003
String,PrefixCollision,ARS Gen 1: Foundation,1000,0.2123,0.7476,25.43,5563,2000,0.6674,1894737785,0.9450,287.5409
String,PrefixCollision,ARS Gen 2: Grid Mapping,1000,0.3388,0.7697,18.13,5563,2000,0.6674,1894737806,0.9450,180.1691
String,PrefixCollision,ARS Gen 3: Apex Baseline,1000,0.1863,0.2015,8.83,5563,0,0.6674,1894736747,0.9450,327.6229
String,PrefixCollision,ARS Gen 4: Parallel Apex,1000,0.1866,0.1989,5.52,5563,0,0.6674,1894736734,0.9450,327.0839
String,PrefixCollision,ARS Gen 5: Optimized Apex (MAIN),1000,0.1840,0.2005,8.43,5563,0,0.6674,1894736744,0.9450,331.7543
String,PrefixCollision,ARS Gen 5: Optimized Apex (Stable),1000,0.0817,0.2801,23.97,5867,0,0.6674,1894736986,0.9450,747.0643
String,PrefixCollision,ARS Gen 6: Aero Architecture,1000,0.0577,0.2014,28.79,5563,0,0.6674,1894736740,0.9450,1058.5538
String,PrefixCollision,ARS Gen 6: Aero (Stable),1000,0.2425,0.2595,16.08,5867,0,0.6674,1894737000,0.9450,251.7163
String,PrefixCollision,ARS Exp A: Recursive Parallel,1000,0.1884,0.2053,20.23,5563,0,0.6674,1894736749,0.9450,323.9606
String,PrefixCollision,ARS Exp B: Hierarchical Staging,1000,0.0696,0.2103,24.05,5563,0,0.6674,1894736713,0.9450,876.7655
String,PrefixCollision,ARS Exp C: Adaptive Hierarchical,1000,0.0689,0.2172,28.83,5563,0,0.6674,1894736756,0.9450,885.9028
String,PrefixCollision,ARS Exp D: Stream Micro-Batch,1000,1.3380,1.5014,26.95,5563,2000,0.6674,1894739623,0.9450,45.6155
String,PrefixCollision,Quicksort,10000,2.0250,2.1538,9.64,54514,0,0.6673,1894760968,0.9450,301.4076
String,PrefixCollision,Timsort,10000,1.2402,2.6961,17.41,53540,0,0.6673,1894761412,0.9450,492.1241
String,PrefixCollision,ARS Gen 1: Foundation,10000,4.6989,11.1250,20.62,54514,30000,0.6673,1894771811,0.9450,129.8934
String,PrefixCollision,ARS Gen 2: Grid Mapping,10000,10.7853,11.5954,11.30,54514,30000,0.6673,1894771528,0.9450,56.5910
String,PrefixCollision,ARS Gen 3: Apex Baseline,10000,4.9988,13.3084,26.46,122405,14351,0.6673,1894773687,0.9450,122.0998
String,PrefixCollision,ARS Gen 4: Parallel Apex,10000,2.1652,6.4055,30.82,54518,10000,0.6673,1894768991,0.9450,281.8956
String,PrefixCollision,ARS Gen 5: Optimized Apex (MAIN),10000,1.1601,3.5814,24.34,54518,0,0.6673,1894768105,0.9450,526.1393
String,PrefixCollision,ARS Gen 5: Optimized Apex (Stable),10000,3.0802,3.9809,14.56,53544,0,0.6673,1894768105,0.9450,198.1503
String,PrefixCollision,ARS Gen 6: Aero Architecture,10000,1.0907,3.5100,23.80,54518,0,0.6673,1894767078,0.9450,559.6003
String,PrefixCollision,ARS Gen 6: Aero (Stable),10000,4.1260,4.3463,7.25,53544,0,0.6673,1894766466,0.9450,147.9275
String,PrefixCollision,ARS Exp A: Recursive Parallel,10000,2.6355,2.7133,6.24,54518,0,0.6673,1894765074,0.9450,231.5884
String,PrefixCollision,ARS Exp B: Hierarchical Staging,10000,0.9029,3.3792,26.74,54518,0,0.6673,1894768047,0.9450,676.0082
String,PrefixCollision,ARS Exp C: Adaptive Hierarchical,10000,3.3285,3.6610,6.87,54518,0,0.6673,1894768128,0.9450,183.3686
String,PrefixCollision,ARS Exp D: Stream Micro-Batch,10000,8.9658,9.4482,11.04,54518,20000,0.6673,1894778115,0.9450,68.0751
String,PrefixCollision,Quicksort,100000,12.5987,14.3080,10.25,516569,0,0.6673,1894862265,0.9450,484.4578
String,PrefixCollision,Timsort,100000,16.4158,18.1147,6.82,517546,0,0.6673,1894862066,0.9450,371.8084
String,PrefixCollision,ARS Gen 1: Foundation,100000,41.6940,43.1006,2.76,516569,300000,0.6673,1894946928,0.9450,146.3884
String,PrefixCollision,ARS Gen 2: Grid Mapping,100000,40.9730,43.3334,2.47,516569,300000,0.6673,1894947345,0.9450,148.9642
String,PrefixCollision,ARS Gen 3: Apex Baseline,100000,27.5824,30.9123,8.39,1144035,108703,0.6673,1894906721,0.9450,221.2831
String,PrefixCollision,ARS Gen 4: Parallel Apex,100000,15.0536,20.9012,11.38,516575,100000,0.6673,1894876273,0.9450,405.4519
String,PrefixCollision,ARS Gen 5: Optimized Apex (MAIN),100000,12.1723,18.4550,17.30,516575,0,0.6673,1894872505,0.9450,501.4272
String,PrefixCollision,ARS Gen 5: Optimized Apex (Stable),100000,18.0919,21.4968,10.59,517552,0,0.6673,1894871518,0.9450,337.3613
String,PrefixCollision,ARS Gen 6: Aero Architecture,100000,11.7359,17.3243,14.85,516575,0,0.6673,1894871358,0.9450,520.0742
String,PrefixCollision,ARS Gen 6: Aero (Stable),100000,15.1492,21.6243,10.74,517552,0,0.6673,1894871582,0.9450,402.8933
String,PrefixCollision,ARS Exp A: Recursive Parallel,100000,10.9958,13.3864,19.93,516575,0,0.6673,1894868450,0.9450,555.0753
String,PrefixCollision,ARS Exp B: Hierarchical Staging,100000,10.5165,13.5105,19.03,516575,0,0.6673,1894865998,0.9450,580.3734
String,PrefixCollision,ARS Exp C: Adaptive Hierarchical,100000,11.9823,14.8720,10.82,516575,0,0.6673,1894867612,0.9450,509.3788
String,PrefixCollision,ARS Exp D: Stream Micro-Batch,100000,33.3618,35.3385,3.18,516575,200000,0.6673,1894943436,0.9450,182.9490
String,PrefixCollision,Quicksort,1000000,608.8727,615.8170,0.94,19583931,0,0.6672,1896479769,0.9445,100.2429
String,PrefixCollision,Timsort,1000000,793.0756,803.4860,0.62,20441738,0,0.6670,1897045517,0.9440,76.9601
String,PrefixCollision,ARS Gen 3: Apex Baseline,1000000,272.8273,279.6950,1.15,20678990,1017407,0.6670,1897029311,0.9451,223.7135
String,PrefixCollision,ARS Gen 4: Parallel Apex,1000000,661.3337,674.2299,0.74,19583935,1000000,0.6672,1896500004,0.9445,92.2910
String,PrefixCollision,ARS Gen 5: Optimized Apex (MAIN),1000000,625.3726,637.9317,0.99,19583935,0,0.6672,1896483929,0.9445,97.5981
String,PrefixCollision,ARS Gen 5: Optimized Apex (Stable),1000000,809.0191,819.2498,0.90,20441742,0,0.6670,1897061496,0.9440,75.4434
String,PrefixCollision,ARS Gen 6: Aero Architecture,1000000,636.1503,642.8608,0.70,19583935,0,0.6672,1896488851,0.9443,95.9446
String,PrefixCollision,ARS Gen 6: Aero (Stable),1000000,803.1746,828.1970,1.27,20441742,0,0.6670,1897063535,0.9439,75.9924
String,PrefixCollision,ARS Exp A: Recursive Parallel,1000000,616.5716,627.1980,1.40,19583935,0,0.6672,1896489840,0.9445,98.9912
String,PrefixCollision,ARS Exp B: Hierarchical Staging,1000000,619.7281,626.2806,0.99,19583935,0,0.6672,1896478797,0.9445,98.4870
String,PrefixCollision,ARS Exp C: Adaptive Hierarchical,1000000,612.6201,623.6134,1.08,19583935,0,0.6672,1896489970,0.9445,99.6297
String,PrefixCollision,ARS Exp D: Stream Micro-Batch,1000000,710.5067,715.8170,0.86,21805929,2000000,0.6676,1898217066,0.9440,85.9037
String,PrefixCollision,Quicksort,10000000,10532.8090,10996.4165,3.79,182931219,0,0.6715,1919077332,0.9266,57.9477
String,PrefixCollision,Timsort,10000000,12546.0734,12666.1776,0.67,202590997,0,0.6691,1923057938,0.9219,48.6488
String,PrefixCollision,ARS Gen 3: Apex Baseline,10000000,3248.3300,3365.7587,1.84,192901248,10017407,0.6654,1921001379,0.9349,187.8970
String,PrefixCollision,ARS Gen 6: Aero Architecture,10000000,11380.7352,11526.5502,0.67,182931225,0,0.6721,1919163977,0.9237,53.6302
String,PrefixCollision,ARS Gen 6: Aero (Stable),10000000,13370.9988,13661.9696,0.84,202591003,0,0.6695,1923115135,0.9189,45.6474
String,PrefixCollision,ARS Exp A: Recursive Parallel,10000000,10916.4657,11196.8293,1.49,182931225,0,0.6717,1919186180,0.9251,55.9111
String,PrefixCollision,ARS Exp B: Hierarchical Staging,10000000,11195.1166,11331.4841,0.73,182931225,0,0.6717,1919076563,0.9251,54.5194
String,PrefixCollision,ARS Exp C: Adaptive Hierarchical,10000000,11139.7398,11245.5121,0.66,182931225,0,0.6716,1919078583,0.9249,54.7905
String,PrefixCollision,ARS Exp D: Stream Micro-Batch,10000000,12007.4928,12090.9848,0.72,281474124,20000000,0.6736,1942838526,0.9302,50.8309
Custom,Random,Quicksort,1000,0.0431,0.0973,28.16,10385,0,0.6795,2006673700,0.9132,1061.8011
Custom,Random,Timsort,1000,0.0488,0.1940,26.40,10594,0,0.6795,2006674604,0.9132,937.0994
Custom,Random,ARS Gen 1: Foundation,1000,1.1965,1.2517,5.68,0,2000,0.6795,2006680906,0.9132,38.2579
Custom,Random,ARS Gen 2: Grid Mapping,1000,0.6472,1.4723,19.14,0,2000,0.6795,2006681781,0.9132,70.7282
Custom,Random,ARS Gen 3: Apex Baseline,1000,0.0323,0.0964,23.95,10385,0,0.6795,2006673680,0.9132,1415.3408
Custom,Random,ARS Gen 4: Parallel Apex,1000,0.0765,0.0963,13.51,10385,0,0.6795,2006673704,0.9132,598.6813
Custom,Random,ARS Gen 5: Optimized Apex (MAIN),1000,0.0955,0.0972,9.83,10385,0,0.6795,2006673689,0.9132,479.2634
Custom,Random,ARS Gen 5: Optimized Apex (Stable),1000,0.1524,0.1847,15.19,10594,0,0.6795,2006674640,0.9132,300.3226
Custom,Random,ARS Gen 6: Aero Architecture,1000,0.0426,0.0986,21.13,10385,0,0.6795,2006673703,0.9132,1075.5473
Custom,Random,ARS Gen 6: Aero (Stable),1000,0.0820,0.1739,28.02,10594,0,0.6795,2006674618,0.9132,558.1667
Custom,Random,ARS Exp A: Recursive Parallel,1000,0.0944,0.0967,11.41,10385,0,0.6795,2006673705,0.9132,484.9911
Custom,Random,ARS Exp B: Hierarchical Staging,1000,0.0322,0.0963,29.49,10385,0,0.6795,2006673711,0.9132,1423.5273
Custom,Random,ARS Exp C: Adaptive Hierarchical,1000,0.0950,0.0965,18.03,10385,0,0.6795,2006673702,0.9132,481.6993
Custom,Random,ARS Exp D: Stream Micro-Batch,1000,0.5740,1.4412,21.59,10385,2000,0.6795,2006675471,0.9132,79.7557
Custom,Random,Quicksort,10000,1.1742,1.2737,6.18,137508,0,0.6795,2006696009,0.9132,389.8559
Custom,Random,Timsort,10000,1.9349,1.9943,15.68,142586,0,0.6795,2006704461,0.9132,236.5847
Custom,Random,ARS Gen 1: Foundation,10000,11.3186,26.7985,25.98,0,30000,0.6795,2006783371,0.9132,40.4436
Custom,Random,ARS Gen 2: Grid Mapping,10000,27.8623,29.1348,2.72,0,30000,0.6795,2006788624,0.9132,16.4295
Custom,Random,ARS Gen 3: Apex Baseline,10000,2.7822,2.8993,13.03,193983,14351,0.6795,2006710688,0.9132,164.5307
Custom,Random,ARS Gen 4: Parallel Apex,10000,1.6898,1.9303,9.94,53118,10000,0.6795,2006712304,0.9132,270.8969
Custom,Random,ARS Gen 5: Optimized Apex (MAIN),10000,0.3809,1.3750,29.50,53118,0,0.6795,2006704865,0.9132,1201.7381
Custom,Random,ARS Gen 5: Optimized Apex (Stable),10000,1.1214,1.4685,17.61,58251,0,0.6795,2006711364,0.9132,408.1898
Custom,Random,ARS Gen 6: Aero Architecture,10000,0.4925,1.9622,26.66,60899,0,0.6795,2006704837,0.9132,929.3882
Custom,Random,ARS Gen 6: Aero (Stable),10000,1.3804,2.1245,28.06,63941,0,0.6795,2006711311,0.9132,331.6112
Custom,Random,ARS Exp A: Recursive Parallel,10000,1.2124,1.3253,17.71,53118,0,0.6795,2006704434,0.9132,377.5760
Custom,Random,ARS Exp B: Hierarchical Staging,10000,0.4059,1.4942,37.23,53118,0,0.6795,2006704064,0.9132,1127.9051
Custom,Random,ARS Exp C: Adaptive Hierarchical,10000,1.1290,1.3218,16.46,53118,0,0.6795,2006704208,0.9132,405.4555
Custom,Random,ARS Exp D: Stream Micro-Batch,10000,1.0953,3.1879,22.36,53118,20000,0.6795,2006708197,0.9132,417.9337
Custom,Random,Quicksort,100000,4.7356,14.7401,22.78,1712659,0,0.6795,2006834840,0.9132,966.6406
Custom,Random,Timsort,100000,7.6081,23.1872,31.17,1755445,0,0.6794,2006916352,0.9132,601.6771
Custom,Random,ARS Gen 1: Foundation,100000,50.1657,68.4448,8.53,0,300000,0.6789,2007715505,0.9132,91.2504
Custom,Random,ARS Gen 2: Grid Mapping,100000,44.3925,68.1824,14.48,0,300000,0.6788,2007767831,0.9132,103.1174
Custom,Random,ARS Gen 3: Apex Baseline,100000,17.7208,19.0191,3.35,1896422,108703,0.6794,2006914651,0.9132,258.3204
Custom,Random,ARS Gen 4: Parallel Apex,100000,6.4491,7.4082,7.09,891444,100000,0.6795,2006911070,0.9132,709.8059
Custom,Random,ARS Gen 5: Optimized Apex (MAIN),100000,1.8237,5.6548,23.44,891444,0,0.6795,2006849864,0.9132,2510.0780
Custom,Random,ARS Gen 5: Optimized Apex (Stable),100000,5.7266,6.1952,14.06,929862,0,0.6795,2006930851,0.9132,799.3666
Custom,Random,ARS Gen 6: Aero Architecture,100000,6.1864,6.6642,8.83,952336,0,0.6794,2006859724,0.9132,739.9456
Custom,Random,ARS Gen 6: Aero (Stable),100000,2.5994,7.7028,22.46,989613,0,0.6794,2006941812,0.9132,1761.0251
Custom,Random,ARS Exp A: Recursive Parallel,100000,5.4847,6.0106,12.98,891444,0,0.6794,2006850079,0.9132,834.6263
Custom,Random,ARS Exp B: Hierarchical Staging,100000,2.1646,6.3479,33.68,781111,0,0.6795,2006842288,0.9132,2114.8126
Custom,Random,ARS Exp C: Adaptive Hierarchical,100000,1.7434,6.7442,25.32,891444,0,0.6795,2006849971,0.9132,2625.7402
Custom,Random,ARS Exp D: Stream Micro-Batch,100000,4.8839,10.4415,18.55,891444,200000,0.6794,2006853603,0.9132,937.2888
Custom,Random,Quicksort,1000000,46.7492,48.5257,3.14,20511100,0,0.6793,2007798617,0.9135,979.1903
Custom,Random,Timsort,1000000,76.7177,78.7028,2.49,20889747,0,0.6792,2008607844,0.9134,596.6857
Custom,Random,ARS Gen 3: Apex Baseline,1000000,45.9638,49.0953,5.15,21592913,1017407,0.6794,2008424920,0.9133,995.9227
Custom,Random,ARS Gen 4: Parallel Apex,1000000,24.2319,25.9082,3.69,10312686,1000000,0.6795,2008366637,0.9132,1889.0938
Custom,Random,ARS Gen 5: Optimized Apex (MAIN),1000000,22.8540,23.7883,3.40,10312686,0,0.6795,2007809330,0.9132,2002.9892
Custom,Random,ARS Gen 5: Optimized Apex (Stable),1000000,23.8703,25.8886,3.51,10715019,0,0.6794,2008640117,0.9131,1917.7140
Custom,Random,ARS Gen 6: Aero Architecture,1000000,22.5701,23.5577,5.89,13219998,0,0.6794,2007931282,0.9133,2028.1854
Custom,Random,ARS Gen 6: Aero (Stable),1000000,24.9670,26.8954,6.75,13636241,0,0.6794,2008765858,0.9132,1833.4718
Custom,Random,ARS Exp A: Recursive Parallel,1000000,25.0971,26.3037,30.18,10312686,0,0.6794,2007817465,0.9133,1823.9686
Custom,Random,ARS Exp B: Hierarchical Staging,1000000,25.5026,26.6723,6.40,11365129,0,0.6795,2007793610,0.9132,1794.9718
Custom,Random,ARS Exp C: Adaptive Hierarchical,1000000,26.5220,27.0002,3.60,12417106,0,0.6795,2007811551,0.9132,1725.9760
Custom,Random,ARS Exp D: Stream Micro-Batch,1000000,46.8886,48.3281,3.45,12264258,2000000,0.6795,2009360376,0.9131,976.2795
Custom,Random,Quicksort,10000000,598.8228,602.9982,0.51,238498488,0,0.6783,2019257227,0.9172,764.4393
Custom,Random,Timsort,10000000,1077.2993,1082.8114,0.72,242343619,0,0.6769,2027341090,0.9157,424.9178
Custom,Random,ARS Gen 3: Apex Baseline,10000000,467.2895,558.2142,35.96,248249406,10017407,0.6783,2025307264,0.9152,979.6148
Custom,Random,ARS Gen 4: Parallel Apex,10000000,252.2013,257.2584,11.43,137656336,10000000,0.6791,2024727245,0.9132,1815.0725
Custom,Random,ARS Gen 5: Optimized Apex (MAIN),10000000,230.6349,235.1050,1.67,137656336,0,0.6791,2019112415,0.9131,1984.7983
Custom,Random,ARS Gen 5: Optimized Apex (Stable),10000000,254.0673,257.3957,1.18,141707686,0,0.6783,2027350260,0.9126,1801.7417
Custom,Random,ARS Gen 6: Aero Architecture,10000000,227.9785,233.8170,13.05,164725544,0,0.6788,2020432204,0.9138,2007.9244
Custom,Random,ARS Gen 6: Aero (Stable),10000000,293.1168,355.9825,7.43,168735751,0,0.6779,2028575195,0.9124,1561.7108
Custom,Random,ARS Exp A: Recursive Parallel,10000000,268.4299,271.3091,1.38,46888036,0,0.6786,2020997050,0.9116,1705.3382
Custom,Random,ARS Exp B: Hierarchical Staging,10000000,308.4879,314.1280,1.08,52539700,0,0.6793,2019028215,0.9107,1483.8953
Custom,Random,ARS Exp C: Adaptive Hierarchical,10000000,274.8699,279.6552,1.81,52577969,0,0.6789,2019388948,0.9117,1665.3832
Custom,Random,ARS Exp D: Stream Micro-Batch,10000000,761.3938,797.8471,3.79,162224971,20000000,0.6797,2048551797,0.9107,601.2180
Custom,Gaussian,Quicksort,1000,0.0387,0.0955,19.22,10072,0,0.6796,2050329493,0.9109,1182.1798
Custom,Gaussian,Timsort,1000,0.0698,0.1923,22.32,10668,0,0.6796,2050330395,0.9109,655.6716
Custom,Gaussian,ARS Gen 1: Foundation,1000,0.3246,1.0047,32.53,415,2000,0.6796,2050337902,0.9109,141.0296
Custom,Gaussian,ARS Gen 2: Grid Mapping,1000,0.7858,1.0784,11.01,415,2000,0.6796,2050338174,0.9109,58.2564
Custom,Gaussian,ARS Gen 3: Apex Baseline,1000,0.0954,0.0982,21.41,10072,0,0.6796,2050329489,0.9109,480.0022
Custom,Gaussian,ARS Gen 4: Parallel Apex,1000,0.0955,0.0971,11.66,10072,0,0.6796,2050329480,0.9109,479.5496
Custom,Gaussian,ARS Gen 5: Optimized Apex (MAIN),1000,0.0280,0.0973,24.37,10072,0,0.6796,2050329498,0.9109,1636.3898
Custom,Gaussian,ARS Gen 5: Optimized Apex (Stable),1000,0.1704,0.1875,23.88,10668,0,0.6796,2050330385,0.9109,268.6643
Custom,Gaussian,ARS Gen 6: Aero Architecture,1000,0.0691,0.0982,22.49,10072,0,0.6796,2050329490,0.9109,662.9260
Custom,Gaussian,ARS Gen 6: Aero (Stable),1000,0.0813,0.1805,19.01,10668,0,0.6796,2050330388,0.9109,563.0965
Custom,Gaussian,ARS Exp A: Recursive Parallel,1000,0.0519,0.0959,14.64,10072,0,0.6796,2050329505,0.9109,881.3486
Custom,Gaussian,ARS Exp B: Hierarchical Staging,1000,0.0330,0.0964,22.52,10072,0,0.6796,2050329486,0.9109,1386.8264
Custom,Gaussian,ARS Exp C: Adaptive Hierarchical,1000,0.0954,0.0973,16.28,10072,0,0.6796,2050329470,0.9109,479.9971
Custom,Gaussian,ARS Exp D: Stream Micro-Batch,1000,0.4050,1.4586,23.60,10072,2000,0.6796,2050331113,0.9109,113.0359
Custom,Gaussian,Quicksort,10000,0.3404,1.1924,30.30,137379,0,0.6796,2050351705,0.9109,1344.9397
Custom,Gaussian,Timsort,10000,1.4640,2.0173,13.34,139385,0,0.6796,2050359584,0.9109,312.6846
Custom,Gaussian,ARS Gen 1: Foundation,10000,1.9530,8.0087,27.61,53782,30000,0.6796,2050442448,0.9109,234.3923
Custom,Gaussian,ARS Gen 2: Grid Mapping,10000,7.9648,8.3236,4.19,53776,30000,0.6796,2050444744,0.9109,57.4731
Custom,Gaussian,ARS Gen 3: Apex Baseline,10000,1.5092,2.8667,17.27,191502,14351,0.6796,2050365977,0.9109,303.3213
Custom,Gaussian,ARS Gen 4: Parallel Apex,10000,0.7833,1.9654,24.90,60924,10000,0.6796,2050367789,0.9109,584.4234
Custom,Gaussian,ARS Gen 5: Optimized Apex (MAIN),10000,0.4372,1.4099,28.46,60924,0,0.6796,2050360807,0.9109,1047.0062
Custom,Gaussian,ARS Gen 5: Optimized Apex (Stable),10000,1.1743,1.5741,14.88,64183,0,0.6796,2050368061,0.9109,389.8090
Custom,Gaussian,ARS Gen 6: Aero Architecture,10000,0.6921,2.0040,22.12,58018,0,0.6796,2050361677,0.9109,661.3897
Custom,Gaussian,ARS Gen 6: Aero (Stable),10000,0.7420,2.0923,31.13,61360,0,0.6796,2050368774,0.9109,616.9006
Custom,Gaussian,ARS Exp A: Recursive Parallel,10000,0.3822,1.3074,37.17,60924,0,0.6796,2050360660,0.9109,1197.8012
Custom,Gaussian,ARS Exp B: Hierarchical Staging,10000,1.0294,1.4696,17.94,60924,0,0.6796,2050360779,0.9109,444.6773
Custom,Gaussian,ARS Exp C: Adaptive Hierarchical,10000,0.4625,1.2877,25.04,60924,0,0.6796,2050360797,0.9109,989.7679
Custom,Gaussian,ARS Exp D: Stream Micro-Batch,10000,1.0610,3.3201,24.87,60924,20000,0.6796,2050363420,0.9109,431.4630
Custom,Gaussian,Quicksort,100000,3.6374,10.9713,21.55,1425231,0,0.6796,2050411028,0.9109,1258.4873
Custom,Gaussian,Timsort,100000,17.7485,18.5866,3.13,1429721,0,0.6795,2050435279,0.9109,257.9167
Custom,Gaussian,ARS Gen 1: Foundation,100000,14.1163,34.2935,31.67,1357174,300000,0.6795,2051268527,0.9109,324.2792
Custom,Gaussian,ARS Gen 2: Grid Mapping,100000,32.8241,36.1538,6.55,1357228,300000,0.6795,2051292442,0.9109,139.4596
Custom,Gaussian,ARS Gen 3: Apex Baseline,100000,6.0255,16.5084,28.50,1617850,108703,0.6795,2050443515,0.9109,759.7136
Custom,Gaussian,ARS Gen 4: Parallel Apex,100000,2.1283,6.4528,28.40,706001,100000,0.6796,2050438126,0.9109,2150.8560
Custom,Gaussian,ARS Gen 5: Optimized Apex (MAIN),100000,4.0985,4.5606,12.04,706001,0,0.6796,2050427207,0.9109,1116.9024
Custom,Gaussian,ARS Gen 5: Optimized Apex (Stable),100000,1.9238,5.5465,28.51,713292,0,0.6796,2050455380,0.9109,2379.4950
Custom,Gaussian,ARS Gen 6: Aero Architecture,100000,3.8990,6.1263,16.32,674072,0,0.6796,2050437626,0.9109,1174.0562
Custom,Gaussian,ARS Gen 6: Aero (Stable),100000,2.0246,6.0773,29.70,681861,0,0.6795,2050465821,0.9109,2261.0515
Custom,Gaussian,ARS Exp A: Recursive Parallel,100000,3.4734,5.9666,20.07,706001,0,0.6796,2050428476,0.9109,1317.9287
Custom,Gaussian,ARS Exp B: Hierarchical Staging,100000,4.9553,6.3274,14.19,602446,0,0.6796,2050421905,0.9109,923.7934
Custom,Gaussian,ARS Exp C: Adaptive Hierarchical,100000,3.0947,5.4025,19.00,706001,0,0.6796,2050426623,0.9109,1479.1988
Custom,Gaussian,ARS Exp D: Stream Micro-Batch,100000,4.3005,9.9088,19.05,706001,200000,0.6796,2050430363,0.9109,1064.4355
Custom,Gaussian,Quicksort,1000000,28.8727,29.9801,4.20,13509237,0,0.6794,2050481944,0.9112,1585.4526
Custom,Gaussian,Timsort,1000000,54.0414,56.3294,3.17,14657477,0,0.6793,2050585191,0.9111,847.0619
Custom,Gaussian,ARS Gen 3: Apex Baseline,1000000,40.2519,41.6366,2.38,14935986,1017407,0.6795,2050587742,0.9110,1137.2470
Custom,Gaussian,ARS Gen 4: Parallel Apex,1000000,20.1499,20.9504,5.16,4726150,1000000,0.6796,2050524663,0.9109,2271.7869
Custom,Gaussian,ARS Gen 5: Optimized Apex (MAIN),1000000,19.7015,21.2908,3.62,4726150,0,0.6796,2050508627,0.9108,2323.5007
Custom,Gaussian,ARS Gen 5: Optimized Apex (Stable),1000000,20.0585,22.3735,5.42,4750059,0,0.6795,2050580336,0.9108,2282.1379
Custom,Gaussian,ARS Gen 6: Aero Architecture,1000000,18.3108,20.0189,4.34,6313227,0,0.6795,2050626682,0.9109,2499.9661
Custom,Gaussian,ARS Gen 6: Aero (Stable),1000000,22.0222,22.5204,6.26,6334846,0,0.6795,2050696265,0.9109,2078.6508
Custom,Gaussian,ARS Exp A: Recursive Parallel,1000000,20.4629,22.5866,7.49,4696239,0,0.6796,2050508067,0.9109,2237.0396
Custom,Gaussian,ARS Exp B: Hierarchical Staging,1000000,25.7228,26.7946,2.42,2303700,0,0.6795,2050514470,0.9108,1779.6032
Custom,Gaussian,ARS Exp C: Adaptive Hierarchical,1000000,25.7073,27.7926,4.83,2597927,0,0.6795,2050530779,0.9108,1780.6739
Custom,Gaussian,ARS Exp D: Stream Micro-Batch,1000000,45.7778,47.4874,2.19,11435042,2000000,0.6795,2050858967,0.9109,999.9697
Custom,Gaussian,Quicksort,10000000,409.5825,416.8533,0.95,132718769,0,0.6784,2051385328,0.9134,1117.6348
Custom,Gaussian,Timsort,10000000,818.0263,827.6162,1.04,148730332,0,0.6769,2051595846,0.9125,559.5953
Custom,Gaussian,ARS Gen 3: Apex Baseline,10000000,385.0308,388.5834,1.39,145964994,10017407,0.6784,2052097661,0.9117,1188.9016
Custom,Gaussian,ARS Gen 4: Parallel Apex,10000000,212.3009,215.1244,1.12,47306515,10000000,0.6793,2051479224,0.9098,2156.2020
Custom,Gaussian,ARS Gen 5: Optimized Apex (MAIN),10000000,208.8102,214.1836,1.48,47306515,0,0.6793,2051431343,0.9097,2192.2481
Custom,Gaussian,ARS Gen 5: Optimized Apex (Stable),10000000,280.3020,285.2865,2.08,47373283,0,0.6786,2051618692,0.9088,1633.1090
Custom,Gaussian,ARS Gen 6: Aero Architecture,10000000,203.5985,207.6393,2.58,60307375,0,0.6790,2052700978,0.9100,2248.3647
Custom,Gaussian,ARS Gen 6: Aero (Stable),10000000,337.1904,346.1879,2.05,60414728,0,0.6785,2052846679,0.9082,1357.5820
Custom,Gaussian,ARS Exp A: Recursive Parallel,10000000,272.5836,280.6227,1.26,12103155,0,0.6793,2051592407,0.9092,1679.3513
Custom,Gaussian,ARS Exp B: Hierarchical Staging,10000000,298.0960,302.3749,0.81,10738780,0,0.6797,2051475270,0.9084,1535.6248
Custom,Gaussian,ARS Exp C: Adaptive Hierarchical,10000000,276.8473,280.2032,1.51,12704704,0,0.6795,2051544680,0.9091,1653.4880
Custom,Gaussian,ARS Exp D: Stream Micro-Batch,10000000,1165.0143,1177.7791,0.71,177038151,20000000,0.6796,2055247616,0.9114,392.9254
Custom,NearlySorted,Quicksort,1000,0.0310,0.0888,22.39,9584,0,0.6796,2063822355,0.9117,1476.4665
Custom,NearlySorted,Timsort,1000,0.1364,0.1411,15.91,9396,0,0.6796,2063822642,0.9117,335.5473
Custom,NearlySorted,ARS Gen 1: Foundation,1000,0.4202,0.6342,20.09,9525,2000,0.6796,2063826966,0.9117,108.9299
Custom,NearlySorted,ARS Gen 2: Grid Mapping,1000,0.6171,0.6730,14.85,9577,2000,0.6796,2063826766,0.9117,74.1778
Custom,NearlySorted,ARS Gen 3: Apex Baseline,1000,0.0299,0.0924,25.86,9584,0,0.6796,2063822359,0.9117,1530.4703
Custom,NearlySorted,ARS Gen 4: Parallel Apex,1000,0.0332,0.0902,23.26,9584,0,0.6796,2063822349,0.9117,1377.1885
Custom,NearlySorted,ARS Gen 5: Optimized Apex (MAIN),1000,0.0667,0.0897,16.58,9584,0,0.6796,2063822338,0.9117,685.7883
Custom,NearlySorted,ARS Gen 5: Optimized Apex (Stable),1000,0.0770,0.1641,28.96,9396,0,0.6796,2063822651,0.9117,594.1510
Custom,NearlySorted,ARS Gen 6: Aero Architecture,1000,0.0603,0.0921,21.69,9584,0,0.6796,2063822373,0.9117,759.5216
Custom,NearlySorted,ARS Gen 6: Aero (Stable),1000,0.1231,0.1692,22.92,9396,0,0.6796,2063822642,0.9117,371.8663
Custom,NearlySorted,ARS Exp A: Recursive Parallel,1000,0.0804,0.0977,17.11,9584,0,0.6796,2063822340,0.9117,569.3790
Custom,NearlySorted,ARS Exp B: Hierarchical Staging,1000,0.0592,0.1024,16.72,9584,0,0.6796,2063822364,0.9117,772.7795
Custom,NearlySorted,ARS Exp C: Adaptive Hierarchical,1000,0.0456,0.0894,17.88,9584,0,0.6796,2063822352,0.9117,1002.9220
Custom,NearlySorted,ARS Exp D: Stream Micro-Batch,1000,0.4294,1.4107,25.23,9584,2000,0.6796,2063824083,0.9117,106.5982
Custom,NearlySorted,Quicksort,10000,0.4928,1.1404,23.85,132340,0,0.6796,2063842946,0.9117,928.8527
Custom,NearlySorted,Timsort,10000,0.5208,1.6349,24.94,127962,0,0.6796,2063844878,0.9117,878.9895
Custom,NearlySorted,ARS Gen 1: Foundation,10000,4.6389,7.5443,16.41,126689,30000,0.6796,2063883102,0.9117,98.6802
Custom,NearlySorted,ARS Gen 2: Grid Mapping,10000,2.0373,7.0198,26.08,126634,30000,0.6796,2063878488,0.9117,224.6962
Custom,NearlySorted,ARS Gen 3: Apex Baseline,10000,0.9176,2.8248,22.72,183481,14351,0.6796,2063851139,0.9117,498.8532
Custom,NearlySorted,ARS Gen 4: Parallel Apex,10000,1.6934,1.8703,13.11,42063,10000,0.6796,2063852329,0.9117,270.3267
Custom,NearlySorted,ARS Gen 5: Optimized Apex (MAIN),10000,0.6378,1.2331,27.58,42063,0,0.6796,2063848911,0.9117,717.7195
Custom,NearlySorted,ARS Gen 5: Optimized Apex (Stable),10000,0.5741,1.2505,28.93,34337,0,0.6796,2063849496,0.9117,797.3518
Custom,NearlySorted,ARS Gen 6: Aero Architecture,10000,0.6516,1.8638,26.61,48574,0,0.6796,2063851841,0.9117,702.4956
Custom,NearlySorted,ARS Gen 6: Aero (Stable),10000,1.5953,1.9953,10.55,43350,0,0.6796,2063851053,0.9117,286.9501
Custom,NearlySorted,ARS Exp A: Recursive Parallel,10000,1.1437,1.5216,13.44,42063,0,0.6796,2063848640,0.9117,400.2508
Custom,NearlySorted,ARS Exp B: Hierarchical Staging,10000,0.7791,1.3215,29.12,42063,0,0.6796,2063848685,0.9117,587.5311
Custom,NearlySorted,ARS Exp C: Adaptive Hierarchical,10000,0.6011,1.1558,17.88,42063,0,0.6796,2063849114,0.9117,761.5205
Custom,NearlySorted,ARS Exp D: Stream Micro-Batch,10000,0.8768,3.1067,28.27,42063,20000,0.6796,2063853012,0.9117,522.1012
Custom,NearlySorted,Quicksort,100000,6.0911,14.2290,20.18,1683670,0,0.6796,2063954157,0.9117,751.5342
Custom,NearlySorted,Timsort,100000,11.9366,18.4172,20.77,1626828,0,0.6795,2063965447,0.9117,383.4968
Custom,NearlySorted,ARS Gen 1: Foundation,100000,34.1286,37.3579,8.13,1609521,300000,0.6795,2064300209,0.9118,134.1291
Custom,NearlySorted,ARS Gen 2: Grid Mapping,100000,17.9600,38.4307,31.69,1609162,300000,0.6795,2064254433,0.9118,254.8796
Custom,NearlySorted,ARS Gen 3: Apex Baseline,100000,16.2417,16.7368,2.20,1798710,108703,0.6795,2063995030,0.9117,281.8455
Custom,NearlySorted,ARS Gen 4: Parallel Apex,100000,5.7552,6.9665,11.05,800253,100000,0.6795,2063997943,0.9117,795.3909
Custom,NearlySorted,ARS Gen 5: Optimized Apex (MAIN),100000,1.3872,4.5180,27.73,800253,0,0.6795,2063959733,0.9117,3299.9444
Custom,NearlySorted,ARS Gen 5: Optimized Apex (Stable),100000,1.7802,4.0024,24.50,405566,0,0.6795,2063934710,0.9117,2571.4705
Custom,NearlySorted,ARS Gen 6: Aero Architecture,100000,6.0103,7.0995,11.53,871884,0,0.6795,2063969872,0.9117,761.6344
Custom,NearlySorted,ARS Gen 6: Aero (Stable),100000,4.6612,5.6702,18.40,434645,0,0.6795,2063943458,0.9117,982.0646
Custom,NearlySorted,ARS Exp A: Recursive Parallel,100000,2.3394,5.3076,27.92,800253,0,0.6795,2063960184,0.9117,1956.7316
Custom,NearlySorted,ARS Exp B: Hierarchical Staging,100000,5.0614,6.5506,15.09,691231,0,0.6795,2063950846,0.9117,904.4128
Custom,NearlySorted,ARS Exp C: Adaptive Hierarchical,100000,4.8798,6.2234,14.23,800253,0,0.6795,2063960608,0.9117,938.0778
Custom,NearlySorted,ARS Exp D: Stream Micro-Batch,100000,9.9749,10.6752,5.60,800253,200000,0.6795,2063965595,0.9117,458.9148
Custom,NearlySorted,Quicksort,1000000,47.5688,50.4241,3.41,20534409,0,0.6795,2064743449,0.9121,962.3182
Custom,NearlySorted,Timsort,1000000,72.1478,74.5588,2.18,19242442,0,0.6793,2064741997,0.9120,634.4804
Custom,NearlySorted,ARS Gen 3: Apex Baseline,1000000,45.5368,47.8139,3.01,20724738,1017407,0.6795,2065088834,0.9119,1005.2606
Custom,NearlySorted,ARS Gen 4: Parallel Apex,1000000,23.8135,24.9022,10.05,9495241,1000000,0.6796,2065040724,0.9118,1922.2883
Custom,NearlySorted,ARS Gen 5: Optimized Apex (MAIN),1000000,22.1770,23.6020,4.04,9495241,0,0.6796,2064697694,0.9117,2064.1393
Custom,NearlySorted,ARS Gen 5: Optimized Apex (Stable),1000000,20.1761,20.5950,4.42,4133458,0,0.6796,2064375797,0.9116,2268.8459
Custom,NearlySorted,ARS Gen 6: Aero Architecture,1000000,20.3839,23.0427,5.87,12338615,0,0.6795,2064825338,0.9118,2245.7071
Custom,NearlySorted,ARS Gen 6: Aero (Stable),1000000,18.4223,21.5589,6.20,5639882,0,0.6795,2064477924,0.9117,2484.8349
Custom,NearlySorted,ARS Exp A: Recursive Parallel,1000000,25.1105,26.1037,5.07,9495241,0,0.6796,2064702517,0.9117,1823.0005
Custom,NearlySorted,ARS Exp B: Hierarchical Staging,1000000,25.4832,26.6937,2.31,10586609,0,0.6795,2064686512,0.9118,1796.3373
Custom,NearlySorted,ARS Exp C: Adaptive Hierarchical,1000000,25.3058,27.2293,3.05,11698023,0,0.6796,2064708458,0.9118,1808.9287
Custom,NearlySorted,ARS Exp D: Stream Micro-Batch,1000000,49.8043,52.8462,3.28,14647039,2000000,0.6795,2064849963,0.9118,919.1256
Custom,NearlySorted,Quicksort,10000000,586.2839,601.5686,1.71,242094386,0,0.6783,2075114317,0.9163,780.7885
Custom,NearlySorted,Timsort,10000000,1003.6029,1007.8772,0.45,225241414,0,0.6769,2074615403,0.9148,456.1203
Custom,NearlySorted,ARS Gen 3: Apex Baseline,10000000,383.0095,409.4825,3.24,241839376,10017407,0.6790,2078773915,0.9146,1195.1757
Custom,NearlySorted,ARS Gen 4: Parallel Apex,10000000,209.5920,214.8006,1.65,131502249,10000000,0.6792,2078231673,0.9128,2184.0701
Custom,NearlySorted,ARS Gen 5: Optimized Apex (MAIN),10000000,196.0585,201.5001,1.67,131502249,0,0.6793,2074659239,0.9126,2334.8321
Custom,NearlySorted,ARS Gen 5: Optimized Apex (Stable),10000000,177.3859,179.2075,1.23,48686386,0,0.6792,2070983383,0.9112,2580.6094
Custom,NearlySorted,ARS Gen 6: Aero Architecture,10000000,209.9838,217.9164,1.89,159739203,0,0.6791,2076019913,0.9129,2179.9951
Custom,NearlySorted,ARS Gen 6: Aero (Stable),10000000,195.1125,237.7555,7.99,91790712,0,0.6786,2072251406,0.9115,2346.1526
Custom,NearlySorted,ARS Exp A: Recursive Parallel,10000000,226.0231,231.2484,1.32,23888954,0,0.6790,2071965059,0.9113,2025.2959
Custom,NearlySorted,ARS Exp B: Hierarchical Staging,10000000,285.0187,288.3021,0.62,41658392,0,0.6793,2072177261,0.9103,1606.0832
Custom,NearlySorted,ARS Exp C: Adaptive Hierarchical,10000000,241.1763,247.2756,1.30,41677150,0,0.6791,2072409473,0.9112,1898.0455
Custom,NearlySorted,ARS Exp D: Stream Micro-Batch,10000000,1221.9275,1231.3870,0.51,237087205,20000000,0.6792,2076740251,0.9135,374.6243
Custom,Duplicates,Quicksort,1000,0.0310,0.0323,15.42,3786,0,0.6786,2096238071,0.9158,1476.0856
Custom,Duplicates,Timsort,1000,0.0708,0.0758,13.37,3800,0,0.6786,2096238198,0.9158,646.8969
Custom,Duplicates,ARS Gen 1: Foundation,1000,0.1043,0.2558,19.84,995,2000,0.6786,2096239694,0.9158,438.7609
Custom,Duplicates,ARS Gen 2: Grid Mapping,1000,0.2714,0.3287,9.55,995,2000,0.6786,2096239753,0.9158,168.6980
Custom,Duplicates,ARS Gen 3: Apex Baseline,1000,0.0276,0.0322,21.40,3786,0,0.6786,2096238072,0.9158,1658.9247
Custom,Duplicates,ARS Gen 4: Parallel Apex,1000,0.0301,0.0315,4.02,3786,0,0.6786,2096238077,0.9158,1523.3400
Custom,Duplicates,ARS Gen 5: Optimized Apex (MAIN),1000,0.0134,0.0321,19.23,3786,0,0.6786,2096238074,0.9158,3413.3448
Custom,Duplicates,ARS Gen 5: Optimized Apex (Stable),1000,0.0687,0.0796,28.20,3800,0,0.6786,2096238196,0.9158,666.3712
Custom,Duplicates,ARS Gen 6: Aero Architecture,1000,0.0120,0.0335,32.71,3786,0,0.6786,2096238068,0.9158,3827.1355
Custom,Duplicates,ARS Gen 6: Aero (Stable),1000,0.0251,0.0741,24.28,3800,0,0.6786,2096238196,0.9158,1826.1606
Custom,Duplicates,ARS Exp A: Recursive Parallel,1000,0.0295,0.0324,14.01,3786,0,0.6786,2096238074,0.9158,1551.2680
Custom,Duplicates,ARS Exp B: Hierarchical Staging,1000,0.0100,0.0324,28.96,3786,0,0.6786,2096238072,0.9158,4597.8673
Custom,Duplicates,ARS Exp C: Adaptive Hierarchical,1000,0.0102,0.0317,30.33,3786,0,0.6786,2096238072,0.9158,4474.2808
Custom,Duplicates,ARS Exp D: Stream Micro-Batch,1000,0.4389,1.2693,21.99,3786,2000,0.6786,2096239864,0.9158,104.2934
Custom,Duplicates,Quicksort,10000,0.2573,0.3027,24.84,38638,0,0.6786,2096251280,0.9157,1778.9043
Custom,Duplicates,Timsort,10000,0.6730,0.6995,7.86,38754,0,0.6786,2096251567,0.9157,680.2242
Custom,Duplicates,ARS Gen 1: Foundation,10000,2.5425,2.8370,8.48,9995,30000,0.6786,2096263858,0.9157,180.0434
Custom,Duplicates,ARS Gen 2: Grid Mapping,10000,0.8663,2.9145,24.56,9995,30000,0.6786,2096264760,0.9158,528.4045
Custom,Duplicates,ARS Gen 3: Apex Baseline,10000,1.3658,2.7566,17.05,115245,14351,0.6786,2096254156,0.9158,335.1520
Custom,Duplicates,ARS Gen 4: Parallel Apex,10000,0.3903,1.6435,46.16,10003,10000,0.6786,2096257669,0.9157,1172.9049
Custom,Duplicates,ARS Gen 5: Optimized Apex (MAIN),10000,0.3985,1.0435,45.82,10003,0,0.6786,2096257943,0.9157,1148.7370
Custom,Duplicates,ARS Gen 5: Optimized Apex (Stable),10000,0.2904,1.0987,34.05,10003,0,0.6786,2096257801,0.9157,1576.4460
Custom,Duplicates,ARS Gen 6: Aero Architecture,10000,0.5706,1.6261,29.73,10003,0,0.6786,2096263171,0.9157,802.1906
Custom,Duplicates,ARS Gen 6: Aero (Stable),10000,1.1310,1.8765,15.21,10003,0,0.6786,2096262932,0.9157,404.7571
Custom,Duplicates,ARS Exp A: Recursive Parallel,10000,0.9330,1.0811,15.85,10003,0,0.6786,2096258461,0.9157,490.6563
Custom,Duplicates,ARS Exp B: Hierarchical Staging,10000,0.3477,1.1051,33.68,10003,0,0.6786,2096258025,0.9157,1316.6803
Custom,Duplicates,ARS Exp C: Adaptive Hierarchical,10000,0.8756,1.2622,34.52,10003,0,0.6786,2096257589,0.9157,522.8078
Custom,Duplicates,ARS Exp D: Stream Micro-Batch,10000,0.7898,2.8240,25.79,10003,20000,0.6786,2096260034,0.9157,579.6113
Custom,Duplicates,Quicksort,100000,2.8757,3.1196,2.73,381839,0,0.6786,2096275764,0.9158,1591.8488
Custom,Duplicates,Timsort,100000,2.8232,7.7474,21.32,382404,0,0.6785,2096276495,0.9158,1621.4298
Custom,Duplicates,ARS Gen 1: Foundation,100000,17.6827,20.5315,5.37,99995,300000,0.6786,2096392035,0.9157,258.8759
Custom,Duplicates,ARS Gen 2: Grid Mapping,100000,19.0596,20.7509,6.09,99995,300000,0.6786,2096406907,0.9158,240.1742
Custom,Duplicates,ARS Gen 3: Apex Baseline,100000,12.0355,17.6967,11.72,1130007,108703,0.6786,2096285075,0.9158,380.3436
Custom,Duplicates,ARS Gen 4: Parallel Apex,100000,4.7182,4.9411,3.85,100001,100000,0.6786,2096286353,0.9157,970.2101
Custom,Duplicates,ARS Gen 5: Optimized Apex (MAIN),100000,0.9489,3.4831,27.05,100001,0,0.6786,2096285729,0.9157,4823.9831
Custom,Duplicates,ARS Gen 5: Optimized Apex (Stable),100000,1.5397,3.6121,22.49,100001,0,0.6786,2096286623,0.9157,2973.0281
Custom,Duplicates,ARS Gen 6: Aero Architecture,100000,3.9724,4.1994,9.83,100001,0,0.6786,2096340053,0.9157,1152.3637
Custom,Duplicates,ARS Gen 6: Aero (Stable),100000,1.9176,4.4001,24.02,100001,0,0.6786,2096340811,0.9157,2387.2034
Custom,Duplicates,ARS Exp A: Recursive Parallel,100000,1.3576,4.8198,29.27,199996,0,0.6786,2096290303,0.9157,3371.7430
Custom,Duplicates,ARS Exp B: Hierarchical Staging,100000,2.9085,4.3097,18.36,199996,0,0.6786,2096284604,0.9158,1573.8866
Custom,Duplicates,ARS Exp C: Adaptive Hierarchical,100000,4.0498,5.1594,19.03,199996,0,0.6786,2096292420,0.9158,1130.3474
Custom,Duplicates,ARS Exp D: Stream Micro-Batch,100000,2.4992,8.9057,25.13,100001,200000,0.6786,2096289884,0.9157,1831.6093
Custom,Duplicates,Quicksort,1000000,11.1721,12.8849,6.24,3606185,0,0.6785,2096297583,0.9158,4097.3759
Custom,Duplicates,Timsort,1000000,30.8536,32.4304,6.45,4711109,0,0.6785,2096299562,0.9158,1483.6622
Custom,Duplicates,ARS Gen 3: Apex Baseline,1000000,32.0016,33.6994,4.46,12063052,1017407,0.6785,2096364020,0.9158,1430.4384
Custom,Duplicates,ARS Gen 4: Parallel Apex,1000000,17.2701,18.3815,5.94,999999,1000000,0.6786,2096313025,0.9156,2650.6124
Custom,Duplicates,ARS Gen 5: Optimized Apex (MAIN),1000000,17.7598,18.0784,7.38,999999,0,0.6786,2096313251,0.9156,2577.5276
Custom,Duplicates,ARS Gen 5: Optimized Apex (Stable),1000000,17.8647,19.0540,3.75,999999,0,0.6786,2096314063,0.9156,2562.3932
Custom,Duplicates,ARS Gen 6: Aero Architecture,1000000,14.9581,15.4530,5.89,999999,0,0.6786,2096867638,0.9157,3060.2964
Custom,Duplicates,ARS Gen 6: Aero (Stable),1000000,14.8807,15.9284,5.02,999999,0,0.6786,2096867845,0.9156,3076.2342
Custom,Duplicates,ARS Exp A: Recursive Parallel,1000000,20.9499,22.0772,2.82,1999994,0,0.6786,2096322343,0.9156,2185.0349
Custom,Duplicates,ARS Exp B: Hierarchical Staging,1000000,19.7672,20.9243,3.15,1999994,0,0.6786,2096311058,0.9156,2315.7776
Custom,Duplicates,ARS Exp C: Adaptive Hierarchical,1000000,20.8755,22.1929,5.21,1999994,0,0.6786,2096321971,0.9156,2192.8273
Custom,Duplicates,ARS Exp D: Stream Micro-Batch,1000000,45.1239,46.3122,3.72,5365259,2000000,0.6785,2096377347,0.9156,1014.4588
Custom,Duplicates,Quicksort,10000000,147.4962,154.7501,2.62,38019843,0,0.6785,2096471013,0.9161,3103.5633
Custom,Duplicates,Timsort,10000000,429.8732,445.6145,1.54,51536944,0,0.6784,2096477495,0.9158,1064.8806
Custom,Duplicates,ARS Gen 3: Apex Baseline,10000000,342.9872,352.9056,1.30,120066201,10017407,0.6784,2097117678,0.9162,1334.6377
Custom,Duplicates,ARS Gen 4: Parallel Apex,10000000,138.3500,140.8840,2.68,10000007,10000000,0.6785,2096495680,0.9148,3308.7372
Custom,Duplicates,ARS Gen 5: Optimized Apex (MAIN),10000000,138.6102,141.0425,1.39,10000007,0,0.6785,2096493201,0.9148,3302.5246
Custom,Duplicates,ARS Gen 5: Optimized Apex (Stable),10000000,138.1657,141.4056,1.65,10000007,0,0.6785,2096494710,0.9148,3313.1493
Custom,Duplicates,ARS Gen 6: Aero Architecture,10000000,118.8667,121.0463,3.09,10000007,0,0.6785,2102038094,0.9148,3851.0681
Custom,Duplicates,ARS Gen 6: Aero (Stable),10000000,118.8536,119.4338,1.46,10000007,0,0.6785,2102044560,0.9148,3851.4933
Custom,Duplicates,ARS Exp A: Recursive Parallel,10000000,169.3115,174.8847,3.44,20000002,0,0.6786,2096505944,0.9148,2703.6768
Custom,Duplicates,ARS Exp B: Hierarchical Staging,10000000,159.4768,162.3815,1.84,20000002,0,0.6786,2096491465,0.9144,2870.4093
Custom,Duplicates,ARS Exp C: Adaptive Hierarchical,10000000,170.6762,172.3240,1.96,20000002,0,0.6786,2096506368,0.9148,2682.0586
Custom,Duplicates,ARS Exp D: Stream Micro-Batch,10000000,1169.6077,1179.6118,0.56,109681151,20000000,0.6786,2097160846,0.9148,391.3822
Custom,Zipfian,Quicksort,1000,0.0454,0.0474,26.17,5543,0,0.6785,2098536302,0.9139,1007.4911
Custom,Zipfian,Timsort,1000,0.0470,0.0968,27.18,5717,0,0.6785,2098536577,0.9139,973.4682
Custom,Zipfian,ARS Gen 1: Foundation,1000,0.2403,0.2693,8.59,4495,2000,0.6785,2098537522,0.9139,190.4896
Custom,Zipfian,ARS Gen 2: Grid Mapping,1000,0.2859,0.3174,26.45,4495,2000,0.6785,2098537502,0.9139,160.1283
Custom,Zipfian,ARS Gen 3: Apex Baseline,1000,0.0457,0.0532,72.77,5543,0,0.6785,2098536318,0.9139,1002.5705
Custom,Zipfian,ARS Gen 4: Parallel Apex,1000,0.0457,0.0506,18.29,5543,0,0.6785,2098536306,0.9139,1001.9999
Custom,Zipfian,ARS Gen 5: Optimized Apex (MAIN),1000,0.0474,0.0525,21.90,5543,0,0.6785,2098536318,0.9139,965.7054
Custom,Zipfian,ARS Gen 5: Optimized Apex (Stable),1000,0.0840,0.1110,17.88,5717,0,0.6785,2098536566,0.9139,544.7363
Custom,Zipfian,ARS Gen 6: Aero Architecture,1000,0.0143,0.0491,29.24,5543,0,0.6785,2098536306,0.9139,3200.2494
Custom,Zipfian,ARS Gen 6: Aero (Stable),1000,0.0878,0.1213,17.86,5717,0,0.6785,2098536570,0.9139,521.4481
Custom,Zipfian,ARS Exp A: Recursive Parallel,1000,0.0465,0.0487,22.09,5543,0,0.6785,2098536313,0.9139,984.2898
Custom,Zipfian,ARS Exp B: Hierarchical Staging,1000,0.0192,0.0512,23.02,5543,0,0.6785,2098536312,0.9139,2383.9375
Custom,Zipfian,ARS Exp C: Adaptive Hierarchical,1000,0.0469,0.0506,25.73,5543,0,0.6785,2098536313,0.9139,976.9585
Custom,Zipfian,ARS Exp D: Stream Micro-Batch,1000,1.2438,1.3726,7.43,5543,2000,0.6785,2098538153,0.9139,36.8033
Custom,Zipfian,Quicksort,10000,0.1706,0.4223,19.46,53161,0,0.6785,2098550294,0.9139,2683.8392
Custom,Zipfian,Timsort,10000,0.2374,0.8687,32.11,54050,0,0.6785,2098551331,0.9139,1928.1485
Custom,Zipfian,ARS Gen 1: Foundation,10000,2.7549,3.4483,7.74,48280,30000,0.6785,2098556749,0.9139,166.1665
Custom,Zipfian,ARS Gen 2: Grid Mapping,10000,1.3212,3.9038,22.87,48280,30000,0.6785,2098556680,0.9139,346.4639
Custom,Zipfian,ARS Gen 3: Apex Baseline,10000,1.8574,3.0024,13.43,124997,14351,0.6785,2098554521,0.9139,246.4539
Custom,Zipfian,ARS Gen 4: Parallel Apex,10000,2.3217,2.5117,7.06,52916,10000,0.6785,2098558222,0.9139,197.1639
Custom,Zipfian,ARS Gen 5: Optimized Apex (MAIN),10000,1.3485,1.6096,11.00,52916,0,0.6785,2098557642,0.9139,339.4619
Custom,Zipfian,ARS Gen 5: Optimized Apex (Stable),10000,0.6030,2.0422,27.86,50927,0,0.6785,2098557212,0.9139,759.0934
Custom,Zipfian,ARS Gen 6: Aero Architecture,10000,0.6390,2.5384,25.87,46974,0,0.6785,2098557530,0.9139,716.3571
Custom,Zipfian,ARS Gen 6: Aero (Stable),10000,1.8168,2.8643,16.22,45111,0,0.6785,2098558983,0.9139,251.9640
Custom,Zipfian,ARS Exp A: Recursive Parallel,10000,0.5478,1.7294,24.90,12797,0,0.6785,2098562353,0.9139,835.5883
Custom,Zipfian,ARS Exp B: Hierarchical Staging,10000,0.5359,1.7034,26.63,52916,0,0.6785,2098557562,0.9139,854.2598
Custom,Zipfian,ARS Exp C: Adaptive Hierarchical,10000,1.3930,1.5260,38.22,52916,0,0.6785,2098557597,0.9139,328.6200
Custom,Zipfian,ARS Exp D: Stream Micro-Batch,10000,0.8573,3.2037,30.86,52916,20000,0.6785,2098560653,0.9139,533.9298
Custom,Zipfian,Quicksort,100000,3.9354,4.2697,4.49,532153,0,0.6785,2098566204,0.9139,1163.2081
Custom,Zipfian,Timsort,100000,5.5508,8.5382,13.57,535821,0,0.6785,2098569772,0.9139,824.6869
Custom,Zipfian,ARS Gen 1: Foundation,100000,13.0155,15.9307,14.77,513174,300000,0.6785,2098621754,0.9139,351.7076
Custom,Zipfian,ARS Gen 2: Grid Mapping,100000,6.7006,16.8582,31.27,513072,300000,0.6785,2098624067,0.9139,683.1633
Custom,Zipfian,ARS Gen 3: Apex Baseline,100000,4.2158,11.6294,37.63,1173331,108703,0.6785,2098579037,0.9139,1085.8261
Custom,Zipfian,ARS Gen 4: Parallel Apex,100000,3.1410,8.9313,30.67,516174,100000,0.6785,2098579832,0.9139,1457.3745
Custom,Zipfian,ARS Gen 5: Optimized Apex (MAIN),100000,4.7453,8.1546,21.83,516174,0,0.6785,2098578538,0.9139,964.6630
Custom,Zipfian,ARS Gen 5: Optimized Apex (Stable),100000,4.8215,10.6607,20.13,519053,0,0.6784,2098579399,0.9139,949.4296
Custom,Zipfian,ARS Gen 6: Aero Architecture,100000,3.3283,8.5170,25.60,503503,0,0.6785,2098577990,0.9139,1375.3600
Custom,Zipfian,ARS Gen 6: Aero (Stable),100000,4.9395,7.0744,28.14,505145,0,0.6784,2098582519,0.9139,926.7340
Custom,Zipfian,ARS Exp A: Recursive Parallel,100000,4.0769,8.6060,23.16,202261,0,0.6784,2098609945,0.9139,1122.8320
Custom,Zipfian,ARS Exp B: Hierarchical Staging,100000,4.9076,8.6060,19.01,181345,0,0.6785,2098582862,0.9139,932.7580
Custom,Zipfian,ARS Exp C: Adaptive Hierarchical,100000,6.3782,11.1335,19.07,207416,0,0.6784,2098607203,0.9139,717.6975
Custom,Zipfian,ARS Exp D: Stream Micro-Batch,100000,5.7253,9.3121,24.32,516174,200000,0.6785,2098581062,0.9139,799.5394
Custom,Zipfian,Quicksort,1000000,12.8116,13.3932,9.19,5295042,0,0.6784,2098587480,0.9139,3573.0359
Custom,Zipfian,Timsort,1000000,33.7824,34.9811,7.25,6316098,0,0.6783,2098607303,0.9139,1355.0357
Custom,Zipfian,ARS Gen 3: Apex Baseline,1000000,29.6110,31.1603,4.15,12311175,1017407,0.6785,2098664565,0.9139,1545.9219
Custom,Zipfian,ARS Gen 4: Parallel Apex,1000000,29.9672,31.0561,2.37,5214844,1000000,0.6784,2098616529,0.9138,1527.5470
Custom,Zipfian,ARS Gen 5: Optimized Apex (MAIN),1000000,27.7286,29.3791,4.96,5214844,0,0.6784,2098604031,0.9138,1650.8700
Custom,Zipfian,ARS Gen 5: Optimized Apex (Stable),1000000,50.7810,51.7640,5.91,6532668,0,0.6783,2098633110,0.9138,901.4471
Custom,Zipfian,ARS Gen 6: Aero Architecture,1000000,25.8125,27.2846,4.02,5227326,0,0.6784,2098604642,0.9138,1773.4191
Custom,Zipfian,ARS Gen 6: Aero (Stable),1000000,46.3637,48.5449,2.61,6531874,0,0.6783,2098630267,0.9138,987.3318
Custom,Zipfian,ARS Exp A: Recursive Parallel,1000000,34.2406,35.3389,2.70,1936223,0,0.6785,2098686168,0.9135,1336.9013
Custom,Zipfian,ARS Exp B: Hierarchical Staging,1000000,45.7391,47.1150,4.75,2060175,0,0.6785,2098666120,0.9136,1000.8144
Custom,Zipfian,ARS Exp C: Adaptive Hierarchical,1000000,47.2319,48.4005,2.07,2061077,0,0.6785,2098702681,0.9136,969.1832
Custom,Zipfian,ARS Exp D: Stream Micro-Batch,1000000,53.1221,53.7801,2.28,9738869,2000000,0.6784,2098693209,0.9137,861.7204
Custom,Zipfian,Quicksort,10000000,200.2161,203.4526,0.67,52712737,0,0.6782,2098865632,0.9149,2286.3481
Custom,Zipfian,Timsort,10000000,508.4328,515.4000,0.68,65495865,0,0.6778,2098954981,0.9145,900.3426
Custom,Zipfian,ARS Gen 3: Apex Baseline,10000000,375.2091,384.3434,2.51,122376530,10017407,0.6783,2099535026,0.9147,1220.0229
Custom,Zipfian,ARS Gen 4: Parallel Apex,10000000,332.0383,340.5308,1.21,52560326,10000000,0.6783,2098923856,0.9146,1378.6473
Custom,Zipfian,ARS Gen 5: Optimized Apex (MAIN),10000000,323.9249,329.3656,1.29,52560326,0,0.6783,2098894249,0.9145,1413.1782
Custom,Zipfian,ARS Gen 5: Optimized Apex (Stable),10000000,648.7321,657.5296,0.71,65582835,0,0.6779,2098982889,0.9140,705.6282
Custom,Zipfian,ARS Gen 6: Aero Architecture,10000000,305.7284,309.8888,1.37,52502047,0,0.6783,2098893271,0.9143,1497.2889
Custom,Zipfian,ARS Gen 6: Aero (Stable),10000000,633.3395,639.2032,0.82,65820976,0,0.6779,2098982422,0.9139,722.7778
Custom,Zipfian,ARS Exp A: Recursive Parallel,10000000,445.0141,448.7715,1.04,20247233,0,0.6786,2099381451,0.9119,1028.6498
Custom,Zipfian,ARS Exp B: Hierarchical Staging,10000000,511.8184,516.1624,0.68,20125002,0,0.6787,2099075281,0.9118,894.3869
Custom,Zipfian,ARS Exp C: Adaptive Hierarchical,10000000,469.7228,479.2360,1.43,20284933,0,0.6786,2099253062,0.9131,974.5401
Custom,Zipfian,ARS Exp D: Stream Micro-Batch,10000000,1237.8893,1248.1414,0.54,160388438,20000000,0.6781,2100130148,0.9144,369.7937
Custom,Skewed,Quicksort,1000,0.0326,0.0970,28.67,10266,0,0.6774,2102920281,0.9158,1402.3333
Custom,Skewed,Timsort,1000,0.1669,0.1749,7.99,10653,0,0.6774,2102921216,0.9158,274.3285
Custom,Skewed,ARS Gen 1: Foundation,1000,0.4112,0.9278,23.02,758,2000,0.6774,2102928638,0.9158,111.3355
Custom,Skewed,ARS Gen 2: Grid Mapping,1000,0.4775,0.9857,18.32,758,2000,0.6774,2102929093,0.9158,95.8607
Custom,Skewed,ARS Gen 3: Apex Baseline,1000,0.0408,0.1041,33.50,10266,0,0.6774,2102920291,0.9158,1122.0523
Custom,Skewed,ARS Gen 4: Parallel Apex,1000,0.0317,0.0972,31.19,10266,0,0.6774,2102920303,0.9158,1443.2299
Custom,Skewed,ARS Gen 5: Optimized Apex (MAIN),1000,0.0365,0.0967,28.51,10266,0,0.6774,2102920284,0.9158,1255.6952
Custom,Skewed,ARS Gen 5: Optimized Apex (Stable),1000,0.1663,0.1942,29.17,10653,0,0.6774,2102921230,0.9158,275.3002
Custom,Skewed,ARS Gen 6: Aero Architecture,1000,0.0282,0.1128,38.40,10266,0,0.6774,2102920295,0.9158,1623.6785
Custom,Skewed,ARS Gen 6: Aero (Stable),1000,0.0693,0.1811,24.90,10653,0,0.6774,2102921196,0.9158,660.2773
Custom,Skewed,ARS Exp A: Recursive Parallel,1000,0.0372,0.0964,20.66,10266,0,0.6774,2102920306,0.9158,1229.5890
Custom,Skewed,ARS Exp B: Hierarchical Staging,1000,0.0352,0.0970,27.49,10266,0,0.6774,2102920305,0.9158,1300.9085
Custom,Skewed,ARS Exp C: Adaptive Hierarchical,1000,0.0509,0.1029,28.29,10266,0,0.6774,2102920299,0.9158,899.0390
Custom,Skewed,ARS Exp D: Stream Micro-Batch,1000,0.4375,1.3532,29.05,10266,2000,0.6774,2102922089,0.9158,104.6432
Custom,Skewed,Quicksort,10000,0.4023,1.1814,26.25,134210,0,0.6774,2102942137,0.9158,1137.9513
Custom,Skewed,Timsort,10000,1.5996,1.9319,18.26,136312,0,0.6774,2102949050,0.9158,286.1661
Custom,Skewed,ARS Gen 1: Foundation,10000,2.2666,7.0029,25.90,82054,30000,0.6774,2103016888,0.9158,201.9642
Custom,Skewed,ARS Gen 2: Grid Mapping,10000,2.3538,8.6103,25.98,82008,30000,0.6774,2103017324,0.9158,194.4810
Custom,Skewed,ARS Gen 3: Apex Baseline,10000,2.7677,2.8526,5.27,189657,14351,0.6774,2102955590,0.9158,165.3942
Custom,Skewed,ARS Gen 4: Parallel Apex,10000,0.5270,2.0358,25.51,68718,10000,0.6774,2102956620,0.9158,868.5954
Custom,Skewed,ARS Gen 5: Optimized Apex (MAIN),10000,0.6178,1.4389,25.50,68718,0,0.6774,2102950486,0.9158,741.0105
Custom,Skewed,ARS Gen 5: Optimized Apex (Stable),10000,1.2811,1.6390,13.02,71066,0,0.6774,2102957744,0.9158,357.3225
Custom,Skewed,ARS Gen 6: Aero Architecture,10000,1.3381,2.2890,15.57,59309,0,0.6774,2102951536,0.9158,342.1115
Custom,Skewed,ARS Gen 6: Aero (Stable),10000,0.8439,2.1743,36.02,62468,0,0.6774,2102958899,0.9158,542.4132
Custom,Skewed,ARS Exp A: Recursive Parallel,10000,1.3124,1.5409,14.77,68718,0,0.6774,2102951183,0.9158,348.8114
Custom,Skewed,ARS Exp B: Hierarchical Staging,10000,0.4335,1.3219,44.12,68718,0,0.6774,2102949956,0.9158,1055.8961
Custom,Skewed,ARS Exp C: Adaptive Hierarchical,10000,0.4977,1.5378,39.15,68718,0,0.6774,2102950369,0.9158,919.6825
Custom,Skewed,ARS Exp D: Stream Micro-Batch,10000,1.1873,3.4106,24.37,68718,20000,0.6774,2102953643,0.9158,385.5589
Custom,Skewed,Quicksort,100000,3.4322,10.3251,21.71,1336542,0,0.6774,2102997024,0.9158,1333.7139
Custom,Skewed,Timsort,100000,16.9960,17.3336,2.86,1344225,0,0.6773,2103017568,0.9158,269.3362
Custom,Skewed,ARS Gen 1: Foundation,100000,19.7988,35.2153,16.48,1270914,300000,0.6773,2103726661,0.9158,231.2076
Custom,Skewed,ARS Gen 2: Grid Mapping,100000,16.9708,33.9132,21.35,1270940,300000,0.6773,2103734743,0.9158,269.7367
Custom,Skewed,ARS Gen 3: Apex Baseline,100000,5.2832,17.2692,33.19,1545581,108703,0.6774,2103027347,0.9158,866.4496
Custom,Skewed,ARS Gen 4: Parallel Apex,100000,5.4193,6.2787,15.69,739518,100000,0.6774,2103023796,0.9158,844.6942
Custom,Skewed,ARS Gen 5: Optimized Apex (MAIN),100000,4.3874,4.9450,7.41,739518,0,0.6774,2103012579,0.9158,1043.3527
Custom,Skewed,ARS Gen 5: Optimized Apex (Stable),100000,5.0149,5.4198,5.51,746122,0,0.6774,2103037706,0.9158,912.8105
Custom,Skewed,ARS Gen 6: Aero Architecture,100000,3.3577,6.3151,16.58,629866,0,0.6774,2103023009,0.9158,1363.3089
Custom,Skewed,ARS Gen 6: Aero (Stable),100000,1.6919,6.5995,28.32,636677,0,0.6774,2103048371,0.9158,2705.6781
Custom,Skewed,ARS Exp A: Recursive Parallel,100000,3.3537,5.6326,16.40,630569,0,0.6774,2103012725,0.9158,1364.9512
Custom,Skewed,ARS Exp B: Hierarchical Staging,100000,4.7823,6.1315,9.50,636332,0,0.6774,2103006020,0.9158,957.1980
Custom,Skewed,ARS Exp C: Adaptive Hierarchical,100000,2.3505,6.2360,23.16,739518,0,0.6774,2103010794,0.9158,1947.5394
Custom,Skewed,ARS Exp D: Stream Micro-Batch,100000,2.9139,10.1693,28.85,739518,200000,0.6774,2103015493,0.9158,1570.9920
Custom,Skewed,Quicksort,1000000,28.1784,29.8572,4.13,12872031,0,0.6773,2103047917,0.9161,1624.5208
Custom,Skewed,Timsort,1000000,53.7037,55.4057,2.66,13977939,0,0.6771,2103138523,0.9160,852.3869
Custom,Skewed,ARS Gen 3: Apex Baseline,1000000,38.5233,41.3795,2.77,14243405,1017407,0.6773,2103149839,0.9159,1188.2784
Custom,Skewed,ARS Gen 4: Parallel Apex,1000000,22.3809,22.8716,3.11,5181387,1000000,0.6774,2103091826,0.9157,2045.3305
Custom,Skewed,ARS Gen 5: Optimized Apex (MAIN),1000000,20.9525,22.3491,4.05,5181387,0,0.6774,2103073915,0.9157,2184.7680
Custom,Skewed,ARS Gen 5: Optimized Apex (Stable),1000000,22.6805,25.3284,5.26,5211192,0,0.6773,2103132672,0.9157,2018.3168
Custom,Skewed,ARS Gen 6: Aero Architecture,1000000,18.5273,20.2763,6.84,6086657,0,0.6773,2103193495,0.9158,2470.7579
Custom,Skewed,ARS Gen 6: Aero (Stable),1000000,21.0315,23.0315,3.11,6107374,0,0.6773,2103253973,0.9158,2176.5643
Custom,Skewed,ARS Exp A: Recursive Parallel,1000000,25.9202,27.9105,3.23,2319879,0,0.6773,2103135615,0.9157,1766.0479
Custom,Skewed,ARS Exp B: Hierarchical Staging,1000000,28.0351,30.5441,3.99,1843064,0,0.6773,2103097254,0.9157,1632.8206
Custom,Skewed,ARS Exp C: Adaptive Hierarchical,1000000,26.5611,29.3978,5.79,2005681,0,0.6774,2103108466,0.9157,1723.4339
Custom,Skewed,ARS Exp D: Stream Micro-Batch,1000000,46.3630,47.8452,3.54,11789864,2000000,0.6773,2103366138,0.9158,987.3465
Custom,Skewed,Quicksort,10000000,399.4156,408.0456,4.85,126626573,0,0.6763,2103985602,0.9180,1146.0836
Custom,Skewed,Timsort,10000000,809.5045,812.9948,0.59,142418090,0,0.6749,2104196512,0.9172,565.4863
Custom,Skewed,ARS Gen 3: Apex Baseline,10000000,380.3954,383.2404,0.82,139730996,10017407,0.6764,2104687052,0.9165,1203.3892
Custom,Skewed,ARS Gen 4: Parallel Apex,10000000,238.2536,242.6044,1.66,53775253,10000000,0.6771,2104085306,0.9149,1921.3294
Custom,Skewed,ARS Gen 5: Optimized Apex (MAIN),10000000,237.1365,240.5108,1.25,53775253,0,0.6770,2104030160,0.9149,1930.3802
Custom,Skewed,ARS Gen 5: Optimized Apex (Stable),10000000,357.7422,364.8923,0.80,53750048,0,0.6765,2104171037,0.9136,1279.5909
Custom,Skewed,ARS Gen 6: Aero Architecture,10000000,216.4554,219.7915,1.09,60102666,0,0.6769,2105300289,0.9148,2114.8178
Custom,Skewed,ARS Gen 6: Aero (Stable),10000000,378.5994,384.4702,1.33,60633916,0,0.6766,2105430583,0.9129,1209.0976
Custom,Skewed,ARS Exp A: Recursive Parallel,10000000,278.3848,282.8571,1.42,17635072,0,0.6772,2104440678,0.9144,1644.3560
Custom,Skewed,ARS Exp B: Hierarchical Staging,10000000,290.9590,295.6993,1.20,16619301,0,0.6775,2104126982,0.9135,1573.2925
Custom,Skewed,ARS Exp C: Adaptive Hierarchical,10000000,275.0934,279.4232,1.17,14063410,0,0.6774,2104260166,0.9144,1664.0298
Custom,Skewed,ARS Exp D: Stream Micro-Batch,10000000,1159.9270,1172.7703,0.65,180564040,20000000,0.6774,2107481937,0.9163,394.6487
Custom,Clustered,Quicksort,1000,0.0269,0.0955,27.51,10001,0,0.6772,2114903321,0.9167,1701.4074
Custom,Clustered,Timsort,1000,0.1684,0.1786,6.99,10525,0,0.6772,2114904229,0.9167,271.8909
Custom,Clustered,ARS Gen 1: Foundation,1000,0.6166,0.6563,15.00,5255,2000,0.6772,2114909620,0.9167,74.2426
Custom,Clustered,ARS Gen 2: Grid Mapping,1000,0.7075,0.7614,13.79,5222,2000,0.6772,2114910058,0.9167,64.7013
Custom,Clustered,ARS Gen 3: Apex Baseline,1000,0.0422,0.0971,22.33,10001,0,0.6772,2114903331,0.9167,1084.1315
Custom,Clustered,ARS Gen 4: Parallel Apex,1000,0.0959,0.0979,15.86,10001,0,0.6772,2114903332,0.9167,477.2796
Custom,Clustered,ARS Gen 5: Optimized Apex (MAIN),1000,0.0943,0.0970,13.14,10001,0,0.6772,2114903326,0.9167,485.2430
Custom,Clustered,ARS Gen 5: Optimized Apex (Stable),1000,0.1589,0.1654,10.74,10525,0,0.6772,2114904235,0.9167,288.1300
Custom,Clustered,ARS Gen 6: Aero Architecture,1000,0.0954,0.0982,15.68,10001,0,0.6772,2114903316,0.9167,479.5948
Custom,Clustered,ARS Gen 6: Aero (Stable),1000,0.0480,0.1683,34.06,10525,0,0.6772,2114904207,0.9167,954.4100
Custom,Clustered,ARS Exp A: Recursive Parallel,1000,0.0943,0.0976,14.12,10001,0,0.6772,2114903348,0.9167,485.2070
Custom,Clustered,ARS Exp B: Hierarchical Staging,1000,0.0331,0.0975,27.29,10001,0,0.6772,2114903342,0.9167,1381.4693
Custom,Clustered,ARS Exp C: Adaptive Hierarchical,1000,0.0961,0.1036,19.24,10001,0,0.6772,2114903337,0.9167,476.3459
Custom,Clustered,ARS Exp D: Stream Micro-Batch,1000,0.3504,1.5032,26.91,10001,2000,0.6772,2114905055,0.9167,130.6407
Custom,Clustered,Quicksort,10000,0.8099,0.8274,6.46,108556,0,0.6772,2114918606,0.9167,565.2122
Custom,Clustered,Timsort,10000,0.4546,1.3883,28.16,108474,0,0.6772,2114921450,0.9167,1006.8485
Custom,Clustered,ARS Gen 1: Foundation,10000,4.2899,4.8782,7.54,72991,30000,0.6772,2114949083,0.9167,106.7067
Custom,Clustered,ARS Gen 2: Grid Mapping,10000,2.0338,4.5922,19.31,73783,30000,0.6772,2114950556,0.9167,225.0782
Custom,Clustered,ARS Gen 3: Apex Baseline,10000,1.1206,2.7434,19.48,161230,14351,0.6772,2114926185,0.9167,408.5089
Custom,Clustered,ARS Gen 4: Parallel Apex,10000,0.7435,2.0074,22.82,69853,10000,0.6772,2114928529,0.9167,615.6602
Custom,Clustered,ARS Gen 5: Optimized Apex (MAIN),10000,0.4730,1.5049,27.24,69853,0,0.6772,2114925836,0.9167,967.8206
Custom,Clustered,ARS Gen 5: Optimized Apex (Stable),10000,1.3884,1.6445,18.18,70272,0,0.6772,2114930247,0.9167,329.6976
Custom,Clustered,ARS Gen 6: Aero Architecture,10000,0.5736,2.1882,34.03,60786,0,0.6772,2114927061,0.9167,798.0650
Custom,Clustered,ARS Gen 6: Aero (Stable),10000,2.0310,2.1788,5.00,61503,0,0.6772,2114930723,0.9167,225.3855
Custom,Clustered,ARS Exp A: Recursive Parallel,10000,1.2157,1.6346,23.92,69853,0,0.6772,2114927362,0.9167,376.5334
Custom,Clustered,ARS Exp B: Hierarchical Staging,10000,1.1641,1.4436,14.90,69853,0,0.6772,2114926632,0.9167,393.2360
Custom,Clustered,ARS Exp C: Adaptive Hierarchical,10000,1.3754,1.5205,10.56,69853,0,0.6772,2114927086,0.9167,332.8232
Custom,Clustered,ARS Exp D: Stream Micro-Batch,10000,0.9437,3.1075,26.76,69853,20000,0.6772,2114929024,0.9167,485.0610
Custom,Clustered,Quicksort,100000,2.7168,7.9370,21.56,1013442,0,0.6772,2114937762,0.9168,1684.9636
Custom,Clustered,Timsort,100000,12.1506,13.6111,6.25,1015758,0,0.6772,2114942995,0.9168,376.7424
Custom,Clustered,ARS Gen 1: Foundation,100000,7.1232,16.7171,36.13,680001,300000,0.6772,2115233976,0.9168,642.6355
Custom,Clustered,ARS Gen 2: Grid Mapping,100000,15.0217,23.9172,19.14,678692,300000,0.6772,2115248339,0.9168,304.7352
Custom,Clustered,ARS Gen 3: Apex Baseline,100000,7.7764,16.3239,16.90,1240691,108703,0.6772,2114952427,0.9168,588.6581
Custom,Clustered,ARS Gen 4: Parallel Apex,100000,2.3609,5.0505,39.49,651314,100000,0.6772,2114951139,0.9168,1938.9454
Custom,Clustered,ARS Gen 5: Optimized Apex (MAIN),100000,2.1869,4.7784,28.82,651314,0,0.6772,2114950584,0.9168,2093.2234
Custom,Clustered,ARS Gen 5: Optimized Apex (Stable),100000,2.7350,5.4376,27.01,655373,0,0.6772,2114958818,0.9168,1673.7442
Custom,Clustered,ARS Gen 6: Aero Architecture,100000,3.0353,5.5238,23.82,562972,0,0.6772,2114961383,0.9168,1508.1352
Custom,Clustered,ARS Gen 6: Aero (Stable),100000,3.0408,6.3087,28.70,567476,0,0.6772,2114969861,0.9167,1505.3915
Custom,Clustered,ARS Exp A: Recursive Parallel,100000,4.6830,5.7069,12.16,125097,0,0.6772,2114961310,0.9167,977.5019
Custom,Clustered,ARS Exp B: Hierarchical Staging,100000,5.3936,6.3133,18.81,174430,0,0.6772,2114950954,0.9167,848.7142
Custom,Clustered,ARS Exp C: Adaptive Hierarchical,100000,4.7313,5.5719,11.77,125097,0,0.6772,2114959334,0.9167,967.5255
Custom,Clustered,ARS Exp D: Stream Micro-Batch,100000,3.1858,9.9327,23.46,651314,200000,0.6772,2114952393,0.9168,1436.8904
Custom,Clustered,Quicksort,1000000,20.7760,22.2653,3.69,9897537,0,0.6771,2114957273,0.9169,2203.3259
Custom,Clustered,Timsort,1000000,46.5891,47.4310,1.68,10922052,0,0.6770,2114971273,0.9168,982.5555
Custom,Clustered,ARS Gen 3: Apex Baseline,1000000,33.5841,34.5120,4.19,12334533,1017407,0.6772,2115031851,0.9168,1363.0368
Custom,Clustered,ARS Gen 4: Parallel Apex,1000000,23.3393,24.8568,4.64,5157342,1000000,0.6772,2114983508,0.9166,1961.3432
Custom,Clustered,ARS Gen 5: Optimized Apex (MAIN),1000000,22.3064,24.8705,6.60,5157342,0,0.6772,2114980027,0.9166,2052.1654
Custom,Clustered,ARS Gen 5: Optimized Apex (Stable),1000000,31.9724,33.5800,2.71,5154964,0,0.6772,2114992785,0.9164,1431.7463
Custom,Clustered,ARS Gen 6: Aero Architecture,1000000,20.3508,20.9683,5.09,5184602,0,0.6772,2115100927,0.9166,2249.3603
Custom,Clustered,ARS Gen 6: Aero (Stable),1000000,28.8658,31.3002,6.32,5199112,0,0.6772,2115118003,0.9165,1585.8355
Custom,Clustered,ARS Exp A: Recursive Parallel,1000000,30.2312,31.1567,3.93,1057644,0,0.6772,2115012106,0.9165,1514.2089
Custom,Clustered,ARS Exp B: Hierarchical Staging,1000000,32.1072,33.6540,2.41,1056782,0,0.6773,2114984168,0.9164,1425.7361
Custom,Clustered,ARS Exp C: Adaptive Hierarchical,1000000,30.5640,31.5947,1.86,1036481,0,0.6773,2114995356,0.9164,1497.7233
Custom,Clustered,ARS Exp D: Stream Micro-Batch,1000000,44.8685,47.3368,3.80,10902242,2000000,0.6772,2115089220,0.9166,1020.2338
Custom,Clustered,Quicksort,10000000,343.6980,353.2947,1.29,98662687,0,0.6764,2115207281,0.9184,1331.8777
Custom,Clustered,Timsort,10000000,734.2574,741.8607,0.82,114119813,0,0.6750,2115241736,0.9177,623.4376
Custom,Clustered,ARS Gen 3: Apex Baseline,10000000,394.7099,399.8678,1.18,121977250,10017407,0.6765,2115858739,0.9171,1159.7471
Custom,Clustered,ARS Gen 4: Parallel Apex,10000000,289.6398,301.9884,2.36,50791752,10000000,0.6771,2115270108,0.9152,1580.4586
Custom,Clustered,ARS Gen 5: Optimized Apex (MAIN),10000000,283.0043,298.6681,2.37,50791752,0,0.6771,2115242791,0.9148,1617.5151
Custom,Clustered,ARS Gen 5: Optimized Apex (Stable),10000000,520.1519,532.7914,1.28,60557938,0,0.6772,2115299476,0.9125,880.0576
Custom,Clustered,ARS Gen 6: Aero Architecture,10000000,266.2813,277.2355,1.83,51642229,0,0.6771,2116520077,0.9149,1719.0979
Custom,Clustered,ARS Gen 6: Aero (Stable),10000000,493.7907,526.5847,2.31,61325447,0,0.6771,2116571313,0.9125,927.0399
Custom,Clustered,ARS Exp A: Recursive Parallel,10000000,286.9283,293.3530,1.71,19749758,0,0.6773,2115375957,0.9152,1595.3938
Custom,Clustered,ARS Exp B: Hierarchical Staging,10000000,296.0705,300.2500,1.08,19686053,0,0.6774,2115268496,0.9144,1546.1307
Custom,Clustered,ARS Exp C: Adaptive Hierarchical,10000000,286.8301,288.7918,1.39,19351940,0,0.6773,2115336035,0.9151,1595.9403
Custom,Clustered,ARS Exp D: Stream Micro-Batch,10000000,1170.6851,1187.5993,0.67,171597557,20000000,0.6769,2116490925,0.9170,391.0220
Custom,BucketCollapse,Quicksort,1000,0.0391,0.0958,27.46,10390,0,0.6763,2119392275,0.9178,1169.5845
Custom,BucketCollapse,Timsort,1000,0.1128,0.1762,15.44,10831,0,0.6763,2119393194,0.9178,405.7469
Custom,BucketCollapse,ARS Gen 1: Foundation,1000,1.1516,1.1826,1.70,0,2000,0.6763,2119399358,0.9178,39.7512
Custom,BucketCollapse,ARS Gen 2: Grid Mapping,1000,0.7120,1.4139,16.01,0,2000,0.6763,2119400296,0.9178,64.2960
Custom,BucketCollapse,ARS Gen 3: Apex Baseline,1000,0.0616,0.0976,18.91,10390,0,0.6763,2119392236,0.9178,743.6661
Custom,BucketCollapse,ARS Gen 4: Parallel Apex,1000,0.0365,0.0964,24.28,10390,0,0.6763,2119392277,0.9178,1253.8722
Custom,BucketCollapse,ARS Gen 5: Optimized Apex (MAIN),1000,0.0469,0.0964,24.73,10390,0,0.6763,2119392277,0.9178,975.7507
Custom,BucketCollapse,ARS Gen 5: Optimized Apex (Stable),1000,0.0920,0.1788,25.09,10831,0,0.6763,2119393223,0.9178,497.5314
Custom,BucketCollapse,ARS Gen 6: Aero Architecture,1000,0.0853,0.0973,11.12,10390,0,0.6763,2119392258,0.9178,536.7395
Custom,BucketCollapse,ARS Gen 6: Aero (Stable),1000,0.0817,0.1967,21.81,10831,0,0.6763,2119393212,0.9178,560.6070
Custom,BucketCollapse,ARS Exp A: Recursive Parallel,1000,0.0320,0.0959,23.59,10390,0,0.6763,2119392284,0.9178,1430.6009
Custom,BucketCollapse,ARS Exp B: Hierarchical Staging,1000,0.0951,0.0985,16.84,10390,0,0.6763,2119392267,0.9178,481.1576
Custom,BucketCollapse,ARS Exp C: Adaptive Hierarchical,1000,0.0356,0.0961,22.13,10390,0,0.6763,2119392267,0.9178,1286.0336
Custom,BucketCollapse,ARS Exp D: Stream Micro-Batch,1000,0.5096,1.4282,23.32,10390,2000,0.6763,2119393911,0.9178,89.8339
Custom,BucketCollapse,Quicksort,10000,1.1788,1.2123,5.00,138013,0,0.6763,2119414352,0.9178,388.3401
Custom,BucketCollapse,Timsort,10000,0.7747,2.0318,20.83,141912,0,0.6763,2119422718,0.9178,590.8786
Custom,BucketCollapse,ARS Gen 1: Foundation,10000,26.2560,28.5024,3.49,0,30000,0.6763,2119501638,0.9178,17.4346
Custom,BucketCollapse,ARS Gen 2: Grid Mapping,10000,26.8819,29.8498,3.66,0,30000,0.6763,2119507403,0.9178,17.0287
Custom,BucketCollapse,ARS Gen 3: Apex Baseline,10000,0.9331,3.0875,31.43,193921,14351,0.6763,2119429038,0.9178,490.5864
Custom,BucketCollapse,ARS Gen 4: Parallel Apex,10000,1.7376,2.0274,8.94,52981,10000,0.6763,2119428912,0.9178,263.4514
Custom,BucketCollapse,ARS Gen 5: Optimized Apex (MAIN),10000,0.3461,1.2412,31.11,52981,0,0.6763,2119420692,0.9178,1322.5310
Custom,BucketCollapse,ARS Gen 5: Optimized Apex (Stable),10000,0.4769,1.4956,25.56,58392,0,0.6763,2119427280,0.9178,959.9399
Custom,BucketCollapse,ARS Gen 6: Aero Architecture,10000,1.4027,2.1286,28.03,59769,0,0.6763,2119421514,0.9178,326.3486
Custom,BucketCollapse,ARS Gen 6: Aero (Stable),10000,0.6824,2.0864,28.39,61996,0,0.6763,2119427847,0.9178,670.8428
Custom,BucketCollapse,ARS Exp A: Recursive Parallel,10000,0.8979,1.5049,30.17,52981,0,0.6763,2119422298,0.9178,509.8295
Custom,BucketCollapse,ARS Exp B: Hierarchical Staging,10000,1.0180,1.4434,20.43,52981,0,0.6763,2119421072,0.9178,449.6489
Custom,BucketCollapse,ARS Exp C: Adaptive Hierarchical,10000,1.0068,1.5330,31.29,52981,0,0.6763,2119421566,0.9178,454.6674
Custom,BucketCollapse,ARS Exp D: Stream Micro-Batch,10000,0.9652,3.0476,35.83,52981,20000,0.6763,2119423363,0.9178,474.2879
Custom,BucketCollapse,Quicksort,100000,4.9745,14.4376,35.52,1719256,0,0.6763,2119542006,0.9178,920.2264
Custom,BucketCollapse,Timsort,100000,8.8663,23.8355,28.28,1754991,0,0.6763,2119622943,0.9178,516.2970
Custom,BucketCollapse,ARS Gen 1: Foundation,100000,48.0774,70.6622,13.62,6,300000,0.6758,2120422496,0.9179,95.2138
Custom,BucketCollapse,ARS Gen 2: Grid Mapping,100000,48.7940,68.9421,11.22,6,300000,0.6758,2120478500,0.9179,93.8155
Custom,BucketCollapse,ARS Gen 3: Apex Baseline,100000,5.8870,18.7996,27.73,1892508,108703,0.6763,2119622205,0.9178,777.5792
Custom,BucketCollapse,ARS Gen 4: Parallel Apex,100000,6.3433,7.1983,7.63,892718,100000,0.6763,2119616790,0.9178,721.6481
Custom,BucketCollapse,ARS Gen 5: Optimized Apex (MAIN),100000,4.5525,5.3823,11.53,892718,0,0.6763,2119555840,0.9178,1005.5178
Custom,BucketCollapse,ARS Gen 5: Optimized Apex (Stable),100000,5.1735,6.2468,10.64,927777,0,0.6763,2119638066,0.9178,884.8178
Custom,BucketCollapse,ARS Gen 6: Aero Architecture,100000,5.9745,6.4610,8.42,945821,0,0.6763,2119565479,0.9178,766.1937
Custom,BucketCollapse,ARS Gen 6: Aero (Stable),100000,4.4464,7.9585,18.18,983099,0,0.6763,2119647653,0.9178,1029.5201
Custom,BucketCollapse,ARS Exp A: Recursive Parallel,100000,5.8328,6.6111,7.40,892718,0,0.6763,2119555900,0.9178,784.8143
Custom,BucketCollapse,ARS Exp B: Hierarchical Staging,100000,2.8480,5.8926,32.05,779688,0,0.6763,2119548886,0.9178,1607.3394
Custom,BucketCollapse,ARS Exp C: Adaptive Hierarchical,100000,2.3736,6.3247,22.78,892718,0,0.6763,2119555270,0.9178,1928.5888
Custom,BucketCollapse,ARS Exp D: Stream Micro-Batch,100000,4.4656,10.6468,28.02,892718,200000,0.6763,2119559840,0.9178,1025.0836
Custom,BucketCollapse,Quicksort,1000000,42.4199,49.2682,5.42,20527770,0,0.6762,2120616013,0.9182,1079.1240
Custom,BucketCollapse,Timsort,1000000,78.3400,81.1766,2.35,20882507,0,0.6761,2121424678,0.9181,584.3292
Custom,BucketCollapse,ARS Gen 3: Apex Baseline,1000000,49.3299,51.5605,2.73,21591493,1017407,0.6762,2121242477,0.9180,927.9633
Custom,BucketCollapse,ARS Gen 4: Parallel Apex,1000000,25.2490,26.2782,25.36,10305414,1000000,0.6763,2121183774,0.9179,1812.9947
Custom,BucketCollapse,ARS Gen 5: Optimized Apex (MAIN),1000000,23.6764,24.0627,2.42,10305414,0,0.6763,2120626885,0.9178,1933.4180
Custom,BucketCollapse,ARS Gen 5: Optimized Apex (Stable),1000000,25.0653,25.9424,2.10,10716853,0,0.6763,2121449335,0.9178,1826.2844
Custom,BucketCollapse,ARS Gen 6: Aero Architecture,1000000,20.4615,24.6330,7.56,12980752,0,0.6763,2120749057,0.9179,2237.1917
Custom,BucketCollapse,ARS Gen 6: Aero (Stable),1000000,23.3625,27.6685,12.53,13386815,0,0.6763,2121584137,0.9179,1959.3923
Custom,BucketCollapse,ARS Exp A: Recursive Parallel,1000000,25.6271,27.1783,4.69,10305414,0,0.6763,2120629511,0.9178,1786.2478
Custom,BucketCollapse,ARS Exp B: Hierarchical Staging,1000000,25.7089,26.9888,3.46,11357538,0,0.6763,2120609599,0.9179,1780.5671
Custom,BucketCollapse,ARS Exp C: Adaptive Hierarchical,1000000,25.7937,27.4623,5.40,12411927,0,0.6763,2120628053,0.9179,1774.7138
Custom,BucketCollapse,ARS Exp D: Stream Micro-Batch,1000000,51.9718,55.6997,3.42,13803392,2000000,0.6763,2121631527,0.9178,880.7918
Custom,BucketCollapse,Quicksort,10000000,592.3386,600.8700,1.24,238474145,0,0.6753,2136574412,0.9215,772.8074
Custom,BucketCollapse,Timsort,10000000,1072.2154,1083.1686,0.63,242253110,0,0.6740,2144663865,0.9202,426.9326
Custom,BucketCollapse,ARS Gen 3: Apex Baseline,10000000,429.3050,437.2091,2.84,248315969,10017407,0.6753,2142620008,0.9198,1066.2901
Custom,BucketCollapse,ARS Gen 4: Parallel Apex,10000000,241.0960,245.0216,1.39,137652965,10000000,0.6760,2142044859,0.9177,1898.6777
Custom,BucketCollapse,ARS Gen 5: Optimized Apex (MAIN),10000000,227.4370,233.2041,1.39,137652965,0,0.6760,2136431308,0.9176,2012.7053
Custom,BucketCollapse,ARS Gen 5: Optimized Apex (Stable),10000000,250.3939,252.9905,1.06,141728262,0,0.6753,2144675208,0.9173,1828.1742
Custom,BucketCollapse,ARS Gen 6: Aero Architecture,10000000,219.7920,225.6294,1.66,165297293,0,0.6757,2137788160,0.9184,2082.7135
Custom,BucketCollapse,ARS Gen 6: Aero (Stable),10000000,345.9494,357.5185,1.49,169305451,0,0.6751,2145950875,0.9168,1323.2098
Custom,BucketCollapse,ARS Exp A: Recursive Parallel,10000000,269.0828,274.3905,1.20,46892234,0,0.6756,2138304937,0.9165,1701.1999
Custom,BucketCollapse,ARS Exp B: Hierarchical Staging,10000000,309.3557,313.5734,0.65,52527879,0,0.6762,2136347723,0.9158,1479.7325
Custom,BucketCollapse,ARS Exp C: Adaptive Hierarchical,10000000,275.2319,277.8395,1.36,52546730,0,0.6759,2136701021,0.9166,1663.1927
Custom,BucketCollapse,ARS Exp D: Stream Micro-Batch,10000000,1245.4534,1255.7293,0.49,200024039,20000000,0.6764,2155980735,0.9177,367.5478
Custom,LowCardinality,Quicksort,1000,0.0158,0.0437,31.48,5400,0,0.6766,2225306979,0.9172,2893.7586
Custom,LowCardinality,Timsort,1000,0.0890,0.0913,16.56,5570,0,0.6766,2225307208,0.9172,514.0813
Custom,LowCardinality,ARS Gen 1: Foundation,1000,0.2895,0.3344,8.25,984,2000,0.6766,2225309598,0.9172,158.1178
Custom,LowCardinality,ARS Gen 2: Grid Mapping,1000,0.3240,0.3713,8.07,984,2000,0.6766,2225309512,0.9172,141.2881
Custom,LowCardinality,ARS Gen 3: Apex Baseline,1000,0.0428,0.0454,17.98,5400,0,0.6766,2225306978,0.9172,1070.1664
Custom,LowCardinality,ARS Gen 4: Parallel Apex,1000,0.0139,0.0434,35.23,5400,0,0.6766,2225306983,0.9172,3300.3870
Custom,LowCardinality,ARS Gen 5: Optimized Apex (MAIN),1000,0.0179,0.0451,30.45,5400,0,0.6766,2225306973,0.9172,2562.2057
Custom,LowCardinality,ARS Gen 5: Optimized Apex (Stable),1000,0.0461,0.0890,24.80,5570,0,0.6766,2225307209,0.9172,992.4846
Custom,LowCardinality,ARS Gen 6: Aero Architecture,1000,0.0156,0.0476,29.99,5400,0,0.6766,2225306983,0.9172,2925.9423
Custom,LowCardinality,ARS Gen 6: Aero (Stable),1000,0.0262,0.1069,32.91,5570,0,0.6766,2225307194,0.9172,1750.2626
Custom,LowCardinality,ARS Exp A: Recursive Parallel,1000,0.0425,0.0461,14.33,5400,0,0.6766,2225306981,0.9172,1076.4831
Custom,LowCardinality,ARS Exp B: Hierarchical Staging,1000,0.0226,0.0443,28.39,5400,0,0.6766,2225306974,0.9172,2024.3385
Custom,LowCardinality,ARS Exp C: Adaptive Hierarchical,1000,0.0235,0.0452,24.23,5400,0,0.6766,2225306973,0.9172,1944.5379
Custom,LowCardinality,ARS Exp D: Stream Micro-Batch,1000,0.5333,1.3794,26.65,5400,2000,0.6766,2225308724,0.9172,85.8344
Custom,LowCardinality,Quicksort,10000,0.1084,0.3773,32.37,54500,0,0.6766,2225320487,0.9172,4221.7437
Custom,LowCardinality,Timsort,10000,0.3021,0.9316,24.89,54502,0,0.6766,2225320862,0.9172,1515.1968
Custom,LowCardinality,ARS Gen 1: Foundation,10000,1.3527,3.4429,22.15,9984,30000,0.6766,2225340447,0.9172,338.4164
Custom,LowCardinality,ARS Gen 2: Grid Mapping,10000,1.3102,3.6456,21.32,9984,30000,0.6766,2225341331,0.9172,349.3939
Custom,LowCardinality,ARS Gen 3: Apex Baseline,10000,2.7403,2.9185,5.97,122929,14351,0.6766,2225323726,0.9172,167.0465
Custom,LowCardinality,ARS Gen 4: Parallel Apex,10000,0.7021,1.8492,24.19,9990,10000,0.6766,2225326878,0.9172,652.0246
Custom,LowCardinality,ARS Gen 5: Optimized Apex (MAIN),10000,0.3534,1.2728,26.05,9990,0,0.6766,2225327088,0.9172,1295.3388
Custom,LowCardinality,ARS Gen 5: Optimized Apex (Stable),10000,1.1132,1.4409,10.10,9990,0,0.6766,2225326906,0.9172,411.2083
Custom,LowCardinality,ARS Gen 6: Aero Architecture,10000,1.5815,1.8362,12.02,9990,0,0.6766,2225328903,0.9172,289.4456
Custom,LowCardinality,ARS Gen 6: Aero (Stable),10000,1.6697,1.8263,8.24,9990,0,0.6766,2225329376,0.9172,274.1602
Custom,LowCardinality,ARS Exp A: Recursive Parallel,10000,1.0691,1.3669,16.96,9990,0,0.6766,2225328372,0.9172,428.1590
Custom,LowCardinality,ARS Exp B: Hierarchical Staging,10000,0.9427,1.0729,21.38,9990,0,0.6766,2225327382,0.9172,485.6105
Custom,LowCardinality,ARS Exp C: Adaptive Hierarchical,10000,0.9201,1.1637,34.12,9990,0,0.6766,2225327840,0.9172,497.5216
Custom,LowCardinality,ARS Exp D: Stream Micro-Batch,10000,1.8943,2.7877,13.73,9990,20000,0.6766,2225329355,0.9172,241.6570
Custom,LowCardinality,Quicksort,100000,2.7081,4.2880,12.24,529144,0,0.6766,2225343341,0.9172,1690.3456
Custom,LowCardinality,Timsort,100000,2.5512,9.7483,23.97,522900,0,0.6766,2225344139,0.9172,1794.3136
Custom,LowCardinality,ARS Gen 1: Foundation,100000,13.0802,17.7931,16.31,99984,300000,0.6766,2225534978,0.9172,349.9681
Custom,LowCardinality,ARS Gen 2: Grid Mapping,100000,7.9708,18.4599,29.92,99984,300000,0.6766,2225549846,0.9172,574.3027
Custom,LowCardinality,ARS Gen 3: Apex Baseline,100000,5.7688,13.1811,30.23,1143611,108703,0.6766,2225352901,0.9172,793.5229
Custom,LowCardinality,ARS Gen 4: Parallel Apex,100000,3.8236,4.7914,11.77,119187,100000,0.6766,2225354373,0.9172,1197.1969
Custom,LowCardinality,ARS Gen 5: Optimized Apex (MAIN),100000,1.2416,3.5956,31.40,119187,0,0.6766,2225353366,0.9172,3686.8971
Custom,LowCardinality,ARS Gen 5: Optimized Apex (Stable),100000,2.8009,4.0415,19.23,119445,0,0.6766,2225355456,0.9172,1634.3356
Custom,LowCardinality,ARS Gen 6: Aero Architecture,100000,1.5817,4.3183,31.85,119187,0,0.6766,2225378046,0.9172,2894.1117
Custom,LowCardinality,ARS Gen 6: Aero (Stable),100000,1.2280,4.5935,31.64,119445,0,0.6766,2225378399,0.9172,3727.5776
Custom,LowCardinality,ARS Exp A: Recursive Parallel,100000,3.2583,4.8284,23.77,199982,0,0.6766,2225357520,0.9172,1404.9036
Custom,LowCardinality,ARS Exp B: Hierarchical Staging,100000,3.7684,4.5313,17.07,199982,0,0.6766,2225351992,0.9172,1214.7338
Custom,LowCardinality,ARS Exp C: Adaptive Hierarchical,100000,3.1145,4.2398,15.05,99998,0,0.6766,2225353824,0.9172,1469.7940
Custom,LowCardinality,ARS Exp D: Stream Micro-Batch,100000,2.4469,8.6252,24.86,119187,200000,0.6766,2225357561,0.9172,1870.7712
Custom,LowCardinality,Quicksort,1000000,13.3445,13.9532,4.90,5201262,0,0.6765,2225362495,0.9173,3430.3657
Custom,LowCardinality,Timsort,1000000,34.5263,36.0479,5.57,6205056,0,0.6764,2225364809,0.9172,1325.8420
Custom,LowCardinality,ARS Gen 3: Apex Baseline,1000000,29.4431,30.5295,7.25,12086377,1017407,0.6766,2225429914,0.9172,1554.7377
Custom,LowCardinality,ARS Gen 4: Parallel Apex,1000000,17.8805,20.3295,5.91,999988,1000000,0.6766,2225381578,0.9170,2560.1338
Custom,LowCardinality,ARS Gen 5: Optimized Apex (MAIN),1000000,18.5355,19.9446,4.38,999988,0,0.6766,2225379976,0.9170,2469.6536
Custom,LowCardinality,ARS Gen 5: Optimized Apex (Stable),1000000,19.0449,19.4877,8.19,999988,0,0.6766,2225382830,0.9170,2403.5977
Custom,LowCardinality,ARS Gen 6: Aero Architecture,1000000,15.5118,17.0389,4.57,999988,0,0.6766,2225631365,0.9170,2951.0763
Custom,LowCardinality,ARS Gen 6: Aero (Stable),1000000,15.5183,16.9066,8.37,999988,0,0.6766,2225632353,0.9171,2949.8330
Custom,LowCardinality,ARS Exp A: Recursive Parallel,1000000,21.2803,22.6761,3.04,1999972,0,0.6766,2225386733,0.9170,2151.1136
Custom,LowCardinality,ARS Exp B: Hierarchical Staging,1000000,20.6639,21.9794,5.38,1999972,0,0.6766,2225375295,0.9170,2215.2783
Custom,LowCardinality,ARS Exp C: Adaptive Hierarchical,1000000,20.6060,23.1582,5.56,1999972,0,0.6766,2225384797,0.9171,2221.5075
Custom,LowCardinality,ARS Exp D: Stream Micro-Batch,1000000,44.2638,46.1618,1.78,5484518,2000000,0.6765,2225449898,0.9170,1034.1717
Custom,LowCardinality,Quicksort,10000000,216.2495,219.2959,1.72,51923610,0,0.6764,2225562257,0.9176,2116.8311
Custom,LowCardinality,Timsort,10000000,550.2949,559.4813,1.28,66958021,0,0.6762,2225569171,0.9172,831.8516
Custom,LowCardinality,ARS Gen 3: Apex Baseline,10000000,334.3384,337.0127,0.55,120087440,10017407,0.6765,2226205213,0.9174,1369.1629
Custom,LowCardinality,ARS Gen 4: Parallel Apex,10000000,138.8810,142.0222,2.48,9999988,10000000,0.6766,2225589465,0.9160,3296.0859
Custom,LowCardinality,ARS Gen 5: Optimized Apex (MAIN),10000000,139.8791,141.6357,1.07,9999988,0,0.6766,2225589967,0.9160,3272.5663
Custom,LowCardinality,ARS Gen 5: Optimized Apex (Stable),10000000,139.6334,142.7096,1.60,9999988,0,0.6766,2225583087,0.9161,3278.3241
Custom,LowCardinality,ARS Gen 6: Aero Architecture,10000000,118.8560,120.5460,4.16,9999988,0,0.6766,2228142872,0.9162,3851.4128
Custom,LowCardinality,ARS Gen 6: Aero (Stable),10000000,118.0102,121.8861,12.09,9999988,0,0.6766,2228144037,0.9162,3879.0183
Custom,LowCardinality,ARS Exp A: Recursive Parallel,10000000,170.9483,174.9453,2.24,19999972,0,0.6766,2225600774,0.9162,2677.7904
Custom,LowCardinality,ARS Exp B: Hierarchical Staging,10000000,161.1453,165.0526,4.69,19999982,0,0.6766,2225582493,0.9159,2840.6893
Custom,LowCardinality,ARS Exp C: Adaptive Hierarchical,10000000,170.4442,173.2773,1.64,19999972,0,0.6766,2225594002,0.9161,2685.7104
Custom,LowCardinality,ARS Exp D: Stream Micro-Batch,10000000,1156.4252,1168.8318,0.45,116785052,20000000,0.6766,2226287899,0.9163,395.8437
Custom,PrefixCollision,Quicksort,1000,0.0382,0.0955,24.11,10390,0,0.6765,2228025809,0.9151,1196.9555
Custom,PrefixCollision,Timsort,1000,0.0872,0.1742,28.88,10831,0,0.6765,2228026745,0.9151,524.8259
Custom,PrefixCollision,ARS Gen 1: Foundation,1000,0.5128,1.2141,24.92,0,2000,0.6765,2228033013,0.9151,89.2680
Custom,PrefixCollision,ARS Gen 2: Grid Mapping,1000,1.4077,1.5018,8.20,0,2000,0.6765,2228033837,0.9151,32.5176
Custom,PrefixCollision,ARS Gen 3: Apex Baseline,1000,0.0600,0.1048,25.74,10390,0,0.6765,2228025814,0.9151,762.5201
Custom,PrefixCollision,ARS Gen 4: Parallel Apex,1000,0.0280,0.1048,32.91,10390,0,0.6765,2228025796,0.9151,1633.7616
Custom,PrefixCollision,ARS Gen 5: Optimized Apex (MAIN),1000,0.0953,0.1037,15.53,10390,0,0.6765,2228025810,0.9151,480.3900
Custom,PrefixCollision,ARS Gen 5: Optimized Apex (Stable),1000,0.1542,0.1865,19.61,10831,0,0.6765,2228026713,0.9151,296.7674
Custom,PrefixCollision,ARS Gen 6: Aero Architecture,1000,0.0321,0.1057,29.76,10390,0,0.6765,2228025810,0.9151,1425.0784
Custom,PrefixCollision,ARS Gen 6: Aero (Stable),1000,0.0549,0.1847,27.05,10831,0,0.6765,2228026750,0.9151,833.9351
Custom,PrefixCollision,ARS Exp A: Recursive Parallel,1000,0.0647,0.1030,26.54,10390,0,0.6765,2228025822,0.9151,707.9221
Custom,PrefixCollision,ARS Exp B: Hierarchical Staging,1000,0.0323,0.1117,27.66,10390,0,0.6765,2228025804,0.9151,1417.4883
Custom,PrefixCollision,ARS Exp C: Adaptive Hierarchical,1000,0.0963,0.1122,33.22,10390,0,0.6765,2228025805,0.9151,475.4998
Custom,PrefixCollision,ARS Exp D: Stream Micro-Batch,1000,1.3154,1.4648,8.85,10390,2000,0.6765,2228027450,0.9151,34.8014
Custom,PrefixCollision,Quicksort,10000,1.1679,1.3420,12.63,138013,0,0.6765,2228048041,0.9151,391.9448
Custom,PrefixCollision,Timsort,10000,1.9371,2.0325,8.88,141912,0,0.6765,2228056472,0.9151,236.3155
Custom,PrefixCollision,ARS Gen 1: Foundation,10000,20.8318,28.2526,11.11,0,30000,0.6765,2228135434,0.9151,21.9743
Custom,PrefixCollision,ARS Gen 2: Grid Mapping,10000,27.9711,29.5754,5.15,0,30000,0.6765,2228140985,0.9151,16.3656
Custom,PrefixCollision,ARS Gen 3: Apex Baseline,10000,1.7207,3.0679,15.86,193921,14351,0.6765,2228062829,0.9151,266.0337
Custom,PrefixCollision,ARS Gen 4: Parallel Apex,10000,0.5964,2.0013,25.65,52981,10000,0.6765,2228063796,0.9151,767.5023
Custom,PrefixCollision,ARS Gen 5: Optimized Apex (MAIN),10000,0.5030,1.3571,23.53,52981,0,0.6765,2228055932,0.9151,910.0090
Custom,PrefixCollision,ARS Gen 5: Optimized Apex (Stable),10000,1.2052,1.5368,24.13,58392,0,0.6765,2228062407,0.9151,379.8336
Custom,PrefixCollision,ARS Gen 6: Aero Architecture,10000,1.5173,2.1014,16.44,59769,0,0.6765,2228056011,0.9151,301.6924
Custom,PrefixCollision,ARS Gen 6: Aero (Stable),10000,0.6628,2.0996,35.10,61996,0,0.6765,2228061826,0.9151,690.6846
Custom,PrefixCollision,ARS Exp A: Recursive Parallel,10000,0.7281,1.5516,23.41,52981,0,0.6765,2228055690,0.9151,628.7038
Custom,PrefixCollision,ARS Exp B: Hierarchical Staging,10000,0.6825,1.2500,25.69,52981,0,0.6765,2228055293,0.9151,670.7219
Custom,PrefixCollision,ARS Exp C: Adaptive Hierarchical,10000,0.5919,1.1808,20.77,52981,0,0.6765,2228056037,0.9151,773.4363
Custom,PrefixCollision,ARS Exp D: Stream Micro-Batch,10000,2.7171,3.2828,13.24,52981,20000,0.6765,2228058191,0.9151,168.4747
Custom,PrefixCollision,Quicksort,100000,14.0933,14.9855,4.20,1719256,0,0.6765,2228175149,0.9151,324.8101
Custom,PrefixCollision,Timsort,100000,7.9036,23.8100,21.60,1754991,0,0.6765,2228255486,0.9151,579.1837
Custom,PrefixCollision,ARS Gen 1: Foundation,100000,55.7647,69.7440,6.82,6,300000,0.6760,2229057384,0.9151,82.0884
Custom,PrefixCollision,ARS Gen 2: Grid Mapping,100000,50.8702,70.2700,11.18,6,300000,0.6759,2229110086,0.9151,89.9867
Custom,PrefixCollision,ARS Gen 3: Apex Baseline,100000,5.9867,18.4809,22.15,1892508,108703,0.6765,2228255281,0.9151,764.6391
Custom,PrefixCollision,ARS Gen 4: Parallel Apex,100000,6.4254,7.2179,9.85,892718,100000,0.6765,2228250412,0.9151,712.4322
Custom,PrefixCollision,ARS Gen 5: Optimized Apex (MAIN),100000,4.5406,5.4831,13.89,892718,0,0.6765,2228188422,0.9151,1008.1552
Custom,PrefixCollision,ARS Gen 5: Optimized Apex (Stable),100000,5.2038,5.8164,10.62,927777,0,0.6765,2228271988,0.9151,879.6672
Custom,PrefixCollision,ARS Gen 6: Aero Architecture,100000,5.3400,6.7318,14.11,945821,0,0.6765,2228198273,0.9151,857.2400
Custom,PrefixCollision,ARS Gen 6: Aero (Stable),100000,6.3411,7.6683,17.60,983099,0,0.6765,2228281149,0.9151,721.8962
Custom,PrefixCollision,ARS Exp A: Recursive Parallel,100000,5.1220,5.4151,5.00,892718,0,0.6765,2228188778,0.9151,893.7150
Custom,PrefixCollision,ARS Exp B: Hierarchical Staging,100000,4.1951,5.7083,11.37,779688,0,0.6765,2228181801,0.9151,1091.1801
Custom,PrefixCollision,ARS Exp C: Adaptive Hierarchical,100000,4.8807,6.1846,11.34,892718,0,0.6765,2228189284,0.9151,937.9113
Custom,PrefixCollision,ARS Exp D: Stream Micro-Batch,100000,4.1157,11.1361,22.57,892718,200000,0.6765,2228191978,0.9151,1112.2399
Custom,PrefixCollision,Quicksort,1000000,47.1400,49.4878,9.10,20527770,0,0.6764,2229174579,0.9154,971.0731
Custom,PrefixCollision,Timsort,1000000,79.0955,80.9271,1.32,20882507,0,0.6763,2229983374,0.9153,578.7479
Custom,PrefixCollision,ARS Gen 3: Apex Baseline,1000000,46.5280,49.9083,5.68,21591493,1017407,0.6764,2229801976,0.9152,983.8462
Custom,PrefixCollision,ARS Gen 4: Parallel Apex,1000000,24.7477,26.5814,4.21,10305414,1000000,0.6765,2229742737,0.9151,1849.7213
Custom,PrefixCollision,ARS Gen 5: Optimized Apex (MAIN),1000000,23.5765,24.8775,4.54,10305414,0,0.6765,2229179911,0.9151,1941.6125
Custom,PrefixCollision,ARS Gen 5: Optimized Apex (Stable),1000000,25.4760,26.1232,3.63,10716853,0,0.6765,2230011004,0.9151,1796.8429
Custom,PrefixCollision,ARS Gen 6: Aero Architecture,1000000,23.4353,24.8874,2.86,12980752,0,0.6765,2229310938,0.9152,1953.3049
Custom,PrefixCollision,ARS Gen 6: Aero (Stable),1000000,25.8922,27.7029,3.18,13386815,0,0.6765,2230142046,0.9151,1767.9606
Custom,PrefixCollision,ARS Exp A: Recursive Parallel,1000000,25.5874,27.2512,4.70,10305414,0,0.6765,2229190454,0.9151,1789.0203
Custom,PrefixCollision,ARS Exp B: Hierarchical Staging,1000000,25.4788,26.8980,3.03,11357538,0,0.6765,2229169533,0.9151,1796.6424
Custom,PrefixCollision,ARS Exp C: Adaptive Hierarchical,1000000,25.2692,27.9812,4.05,12411927,0,0.6765,2229186761,0.9151,1811.5479
Custom,PrefixCollision,ARS Exp D: Stream Micro-Batch,1000000,51.8842,54.3421,4.07,13609096,2000000,0.6765,2230199712,0.9151,882.2790
Custom,PrefixCollision,Quicksort,10000000,597.8947,603.9750,0.98,238474145,0,0.6755,2243818734,0.9186,765.6259
Custom,PrefixCollision,Timsort,10000000,1065.8473,1085.3536,1.22,242253110,0,0.6743,2251905714,0.9174,429.4833
Custom,PrefixCollision,ARS Gen 3: Apex Baseline,10000000,427.3045,491.1806,12.94,248315969,10017407,0.6755,2249863847,0.9170,1071.2822
Custom,PrefixCollision,ARS Gen 4: Parallel Apex,10000000,240.8116,243.4039,1.18,137652965,10000000,0.6762,2249287082,0.9150,1900.9204
Custom,PrefixCollision,ARS Gen 5: Optimized Apex (MAIN),10000000,228.7729,235.2405,1.43,137652965,0,0.6762,2243675545,0.9151,2000.9521
Custom,PrefixCollision,ARS Gen 5: Optimized Apex (Stable),10000000,245.4304,249.2911,0.88,141728262,0,0.6755,2251916291,0.9146,1865.1467
Custom,PrefixCollision,ARS Gen 6: Aero Architecture,10000000,219.9813,226.5184,1.96,165297293,0,0.6759,2245030709,0.9160,2080.9212
Custom,PrefixCollision,ARS Gen 6: Aero (Stable),10000000,344.8121,355.4130,1.90,169305451,0,0.6753,2253189667,0.9141,1327.5744
Custom,PrefixCollision,ARS Exp A: Recursive Parallel,10000000,268.6916,274.1670,1.35,46892234,0,0.6758,2245549639,0.9138,1703.6766
Custom,PrefixCollision,ARS Exp B: Hierarchical Staging,10000000,310.0400,311.5084,1.48,52527879,0,0.6763,2243586625,0.9139,1476.4666
Custom,PrefixCollision,ARS Exp C: Adaptive Hierarchical,10000000,275.0817,281.0070,1.03,52546730,0,0.6761,2243947482,0.9140,1664.1007
Custom,PrefixCollision,ARS Exp D: Stream Micro-Batch,10000000,1241.7227,1251.1381,0.65,200024008,20000000,0.6766,2263215136,0.9150,368.6521
