Category,Distribution,Algorithm,N,Time (ms),Comparisons,Moves,LLC Miss Rate,Branch Misses,IPC,Throughput (MB/s)
i64,Random,Quicksort,1000,0.0134,10227,0,0.1667,499,2.5360,1138.2909
i64,Random,Timsort,1000,0.0218,10588,0,0.2812,1131,2.0398,699.5273
i64,Random,ARS Gen 1: Foundation,1000,0.2676,0,2000,0.0699,7951,2.0899,57.0222
i64,Random,ARS Gen 2: Grid Mapping,1000,0.3120,0,2000,0.0146,8724,2.0806,48.9101
i64,Random,ARS Gen 3: Apex Baseline,1000,0.0133,10227,0,0.2500,478,2.5567,1150.6515
i64,Random,ARS Gen 4: Parallel Apex,1000,0.0132,10227,0,0.0000,500,2.5824,1159.9232
i64,Random,ARS Gen 5: Optimized Apex (MAIN),1000,0.0133,10227,0,0.1818,497,2.5302,1143.7515
i64,Random,ARS Gen 5: Optimized Apex (Stable),1000,0.0219,10588,0,0.4128,1134,2.0418,697.8318
i64,Random,ARS Gen 6: Aero Architecture,1000,0.0134,10227,0,0.6154,494,2.5338,1141.9540
i64,Random,ARS Gen 6: Aero (Stable),1000,0.0218,10588,0,0.2500,1136,2.0479,698.9505
i64,Random,ARS Exp A: Recursive Parallel,1000,0.0130,10227,0,0.4211,511,2.5913,1171.5901
i64,Random,ARS Exp B: Hierarchical Staging,1000,0.0130,10227,0,0.1111,488,2.6043,1172.1301
i64,Random,ARS Exp C: Adaptive Hierarchical,1000,0.0129,10227,0,0.0909,502,2.6260,1185.4249
i64,Random,ARS Exp D: Stream Micro-Batch,1000,0.1163,10227,2000,0.0244,994,0.6464,131.1997
i64,Random,Quicksort,10000,0.1195,136654,0,0.0102,7689,1.0345,1277.2816
i64,Random,Timsort,10000,0.1713,140327,0,0.0100,13786,1.0715,890.8889
i64,Random,ARS Gen 1: Foundation,10000,4.6974,0,30000,0.0012,96097,1.6774,32.4833
i64,Random,ARS Gen 2: Grid Mapping,10000,4.5892,0,30000,0.0041,100720,1.7494,33.2495
i64,Random,ARS Gen 3: Apex Baseline,10000,0.2967,193611,14351,0.0107,13112,1.0650,514.2990
i64,Random,ARS Gen 4: Parallel Apex,10000,0.2049,51695,10000,0.0069,14753,0.8505,744.6181
i64,Random,ARS Gen 5: Optimized Apex (MAIN),10000,0.1228,51695,0,0.0051,14083,0.7689,1242.2891
i64,Random,ARS Gen 5: Optimized Apex (Stable),10000,0.1356,57359,0,0.0057,17222,0.7807,1125.5783
i64,Random,ARS Gen 6: Aero Architecture,10000,0.1607,59671,0,0.0052,17128,0.7282,949.4315
i64,Random,ARS Gen 6: Aero (Stable),10000,0.1855,62214,0,0.0056,21138,0.7193,822.6649
i64,Random,ARS Exp A: Recursive Parallel,10000,0.1269,51695,0,0.0049,13741,0.7290,1202.0947
i64,Random,ARS Exp B: Hierarchical Staging,10000,0.1223,51695,0,0.0053,14011,0.7510,1247.3464
i64,Random,ARS Exp C: Adaptive Hierarchical,10000,0.1226,51695,0,0.0050,14024,0.7676,1244.9650
i64,Random,ARS Exp D: Stream Micro-Batch,10000,0.2901,51695,20000,0.0239,17680,0.7904,525.9366
i64,Random,Quicksort,100000,1.3704,1709595,0,0.0308,86423,1.6748,1113.4226
i64,Random,Timsort,100000,2.0394,1743505,0,0.0237,142475,1.6078,748.1852
i64,Random,ARS Gen 1: Foundation,100000,39.8972,0,300000,0.0159,1001490,1.0060,38.2452
i64,Random,ARS Gen 2: Grid Mapping,100000,37.4048,0,300000,0.0215,1042118,1.0212,40.7937
i64,Random,ARS Gen 3: Apex Baseline,100000,2.0133,1885062,108703,0.0728,106079,1.3352,757.8994
i64,Random,ARS Gen 4: Parallel Apex,100000,0.8691,881353,100000,0.0930,103814,1.0235,1755.7809
i64,Random,ARS Gen 5: Optimized Apex (MAIN),100000,0.5478,881353,0,0.0571,102383,1.0099,2785.3146
i64,Random,ARS Gen 5: Optimized Apex (Stable),100000,0.6295,921838,0,0.0523,157789,1.0377,2424.0385
i64,Random,ARS Gen 6: Aero Architecture,100000,0.7689,955554,0,0.1286,111050,1.0118,1984.4391
i64,Random,ARS Gen 6: Aero (Stable),100000,0.8638,991979,0,0.0866,169810,1.0190,1766.5379
i64,Random,ARS Exp A: Recursive Parallel,100000,0.5555,881353,0,0.0400,101702,1.0779,2747.0347
i64,Random,ARS Exp B: Hierarchical Staging,100000,0.6441,772388,0,0.0602,95726,1.1068,2368.8732
i64,Random,ARS Exp C: Adaptive Hierarchical,100000,0.5470,881353,0,0.0362,99482,1.0408,2789.4849
i64,Random,ARS Exp D: Stream Micro-Batch,100000,0.9287,881353,200000,0.1179,105633,0.9466,1643.0692
i64,Random,Quicksort,1000000,16.3176,20423287,0,0.1374,650250,2.2241,935.1132
i64,Random,Timsort,1000000,25.8344,20813246,0,0.1781,1198841,1.8717,590.6390
i64,Random,ARS Gen 3: Apex Baseline,1000000,20.6224,21493355,1017407,0.2812,767837,1.4472,739.9145
i64,Random,ARS Gen 4: Parallel Apex,1000000,8.9204,10218658,1000000,0.4778,711015,0.9461,1710.5547
i64,Random,ARS Gen 5: Optimized Apex (MAIN),1000000,8.4409,10218658,0,0.4821,675564,0.8222,1807.7193
i64,Random,ARS Gen 5: Optimized Apex (Stable),1000000,9.2472,10628212,0,0.4784,1217664,0.9356,1650.0896
i64,Random,ARS Gen 6: Aero Architecture,1000000,7.1152,13023009,0,0.4140,793623,1.1597,2144.5474
i64,Random,ARS Gen 6: Aero (Stable),1000000,7.8183,13432511,0,0.3704,1337141,1.1184,1951.6816
i64,Random,ARS Exp A: Recursive Parallel,1000000,8.4174,10218658,0,0.4316,678584,0.9335,1812.7748
i64,Random,ARS Exp B: Hierarchical Staging,1000000,9.1450,11276404,0,0.4993,665818,1.0903,1668.5399
i64,Random,ARS Exp C: Adaptive Hierarchical,1000000,9.2981,12320223,0,0.5028,672299,1.0211,1641.0584
i64,Random,ARS Exp D: Stream Micro-Batch,1000000,20.8184,12171640,2000000,0.4605,2235612,0.8822,732.9480
i64,Gaussian,Quicksort,1000,0.0118,10330,0,0.4401,1220385,0.9238,1296.8544
i64,Gaussian,Timsort,1000,0.0185,10648,0,0.4401,1220961,0.9238,823.6419
i64,Gaussian,ARS Gen 1: Foundation,1000,0.1911,503,2000,0.4400,1228963,0.9248,79.8597
i64,Gaussian,ARS Gen 2: Grid Mapping,1000,0.2230,503,2000,0.4400,1229215,0.9250,68.4352
i64,Gaussian,ARS Gen 3: Apex Baseline,1000,0.0115,10330,0,0.4401,1220395,0.9238,1321.6794
i64,Gaussian,ARS Gen 4: Parallel Apex,1000,0.0114,10330,0,0.4401,1220379,0.9238,1332.9946
i64,Gaussian,ARS Gen 5: Optimized Apex (MAIN),1000,0.0116,10330,0,0.4401,1220374,0.9238,1320.5356
i64,Gaussian,ARS Gen 5: Optimized Apex (Stable),1000,0.0184,10648,0,0.4401,1220922,0.9238,827.5280
i64,Gaussian,ARS Gen 6: Aero Architecture,1000,0.0119,10330,0,0.4401,1220394,0.9238,1284.7343
i64,Gaussian,ARS Gen 6: Aero (Stable),1000,0.0184,10648,0,0.4401,1220962,0.9238,828.5165
i64,Gaussian,ARS Exp A: Recursive Parallel,1000,0.0115,10330,0,0.4401,1220376,0.9238,1332.2963
i64,Gaussian,ARS Exp B: Hierarchical Staging,1000,0.0117,10330,0,0.4401,1220403,0.9238,1301.7223
i64,Gaussian,ARS Exp C: Adaptive Hierarchical,1000,0.0121,10330,0,0.4401,1220386,0.9238,1256.6949
i64,Gaussian,ARS Exp D: Stream Micro-Batch,1000,0.1166,10330,2000,0.4392,1221241,0.9234,130.9048
i64,Gaussian,Quicksort,10000,0.1407,134638,0,0.4358,1227955,0.9239,1084.3600
i64,Gaussian,Timsort,10000,0.2129,140096,0,0.4356,1234096,0.9241,716.8328
i64,Gaussian,ARS Gen 1: Foundation,10000,1.2452,57643,30000,0.4308,1318942,0.9304,122.5406
i64,Gaussian,ARS Gen 2: Grid Mapping,10000,1.3493,57632,30000,0.4303,1317147,0.9320,113.0886
i64,Gaussian,ARS Gen 3: Apex Baseline,10000,0.3372,191358,14351,0.4334,1233823,0.9245,452.4823
i64,Gaussian,ARS Gen 4: Parallel Apex,10000,0.2401,61389,10000,0.4324,1236080,0.9227,635.5710
i64,Gaussian,ARS Gen 5: Optimized Apex (MAIN),10000,0.1471,61389,0,0.4312,1235276,0.9223,1037.0534
i64,Gaussian,ARS Gen 5: Optimized Apex (Stable),10000,0.1592,64672,0,0.4316,1240635,0.9223,958.5811
i64,Gaussian,ARS Gen 6: Aero Architecture,10000,0.3071,58551,0,0.4311,1236788,0.9236,496.8752
i64,Gaussian,ARS Gen 6: Aero (Stable),10000,0.3187,61376,0,0.4310,1240754,0.9236,478.7717
i64,Gaussian,ARS Exp A: Recursive Parallel,10000,0.1604,61389,0,0.4313,1235046,0.9223,951.2012
i64,Gaussian,ARS Exp B: Hierarchical Staging,10000,0.1420,61389,0,0.4313,1235183,0.9223,1074.4869
i64,Gaussian,ARS Exp C: Adaptive Hierarchical,10000,0.1472,61389,0,0.4311,1234960,0.9223,1036.7575
i64,Gaussian,ARS Exp D: Stream Micro-Batch,10000,0.3352,61389,20000,0.4292,1238285,0.9220,455.2036
i64,Gaussian,Quicksort,100000,1.3317,1446704,0,0.4198,1272581,0.9457,1145.8352
i64,Gaussian,Timsort,100000,1.6099,1445193,0,0.4101,1298368,0.9472,947.7815
i64,Gaussian,ARS Gen 1: Foundation,100000,7.2221,1387258,300000,0.3886,2140906,0.9449,211.2791
i64,Gaussian,ARS Gen 2: Grid Mapping,100000,7.8715,1386968,300000,0.3890,2118818,0.9538,193.8493
i64,Gaussian,ARS Gen 3: Apex Baseline,100000,2.1674,1645061,108703,0.4167,1295083,0.9431,704.0145
i64,Gaussian,ARS Gen 4: Parallel Apex,100000,0.8347,734392,100000,0.4131,1292648,0.9323,1828.1158
i64,Gaussian,ARS Gen 5: Optimized Apex (MAIN),100000,0.6423,734392,0,0.4127,1289507,0.9308,2375.5226
i64,Gaussian,ARS Gen 5: Optimized Apex (Stable),100000,0.8290,735546,0,0.4137,1316577,0.9341,1840.6637
i64,Gaussian,ARS Gen 6: Aero Architecture,100000,0.7380,701300,0,0.4133,1297791,0.9331,2067.5894
i64,Gaussian,ARS Gen 6: Aero (Stable),100000,0.7821,706496,0,0.4123,1327574,0.9327,1950.9075
i64,Gaussian,ARS Exp A: Recursive Parallel,100000,0.6282,734392,0,0.4112,1287223,0.9311,2428.8771
i64,Gaussian,ARS Exp B: Hierarchical Staging,100000,0.6359,629097,0,0.4124,1281724,0.9319,2399.7165
i64,Gaussian,ARS Exp C: Adaptive Hierarchical,100000,0.6108,734392,0,0.4101,1289466,0.9303,2498.1277
i64,Gaussian,ARS Exp D: Stream Micro-Batch,100000,1.0110,734392,200000,0.4145,1293461,0.9303,1509.2067
i64,Gaussian,Quicksort,1000000,9.5279,13567694,0,0.3552,1359867,1.1308,1601.4911
i64,Gaussian,Timsort,1000000,14.5634,14681691,0,0.3130,1410934,1.1104,1047.7504
i64,Gaussian,ARS Gen 3: Apex Baseline,1000000,18.4262,14956001,1017407,0.3870,1456350,1.0767,828.1017
i64,Gaussian,ARS Gen 4: Parallel Apex,1000000,6.6633,4787996,1000000,0.4645,1402074,0.8894,2289.9610
i64,Gaussian,ARS Gen 5: Optimized Apex (MAIN),1000000,6.6068,4787996,0,0.4658,1382155,0.8898,2309.5631
i64,Gaussian,ARS Gen 5: Optimized Apex (Stable),1000000,6.8437,4821847,0,0.4663,1466991,0.8886,2229.6176
i64,Gaussian,ARS Gen 6: Aero Architecture,1000000,5.4249,6224416,0,0.4352,1503177,0.9888,2812.7199
i64,Gaussian,ARS Gen 6: Aero (Stable),1000000,5.7594,6253879,0,0.4255,1577441,0.9979,2649.3745
i64,Gaussian,ARS Exp A: Recursive Parallel,1000000,6.7636,4757456,0,0.4480,1387085,0.8877,2256.0126
i64,Gaussian,ARS Exp B: Hierarchical Staging,1000000,8.9516,2295151,0,0.4410,1390870,0.9475,1704.5934
i64,Gaussian,ARS Exp C: Adaptive Hierarchical,1000000,8.5172,2529783,0,0.4278,1406067,0.8813,1791.5235
i64,Gaussian,ARS Exp D: Stream Micro-Batch,1000000,17.1659,11606802,2000000,0.3778,1696574,1.0252,888.8995
i64,NearlySorted,Quicksort,1000,0.0110,9762,0,0.4198,2116388,1.1858,1388.6776
i64,NearlySorted,Timsort,1000,0.0149,9882,0,0.4198,2116700,1.1858,1025.0429
i64,NearlySorted,ARS Gen 1: Foundation,1000,0.0906,9788,2000,0.4198,2120425,1.1859,168.3320
i64,NearlySorted,ARS Gen 2: Grid Mapping,1000,0.0992,9815,2000,0.4198,2120202,1.1860,153.7456
i64,NearlySorted,ARS Gen 3: Apex Baseline,1000,0.0111,9762,0,0.4198,2116396,1.1858,1368.6240
i64,NearlySorted,ARS Gen 4: Parallel Apex,1000,0.0113,9762,0,0.4198,2116428,1.1858,1349.8575
i64,NearlySorted,ARS Gen 5: Optimized Apex (MAIN),1000,0.0111,9762,0,0.4198,2116410,1.1858,1376.4017
i64,NearlySorted,ARS Gen 5: Optimized Apex (Stable),1000,0.0162,9882,0,0.4198,2116689,1.1858,943.8815
i64,NearlySorted,ARS Gen 6: Aero Architecture,1000,0.0112,9762,0,0.4198,2116406,1.1858,1361.6624
i64,NearlySorted,ARS Gen 6: Aero (Stable),1000,0.0158,9882,0,0.4198,2116731,1.1858,963.0642
i64,NearlySorted,ARS Exp A: Recursive Parallel,1000,0.0109,9762,0,0.4198,2116406,1.1858,1399.1187
i64,NearlySorted,ARS Exp B: Hierarchical Staging,1000,0.0109,9762,0,0.4198,2116402,1.1858,1399.7605
i64,NearlySorted,ARS Exp C: Adaptive Hierarchical,1000,0.0108,9762,0,0.4198,2116381,1.1858,1406.4696
i64,NearlySorted,ARS Exp D: Stream Micro-Batch,1000,0.1129,9762,2000,0.4196,2116998,1.1856,135.1256
i64,NearlySorted,Quicksort,10000,0.1379,134689,0,0.4187,2122466,1.1854,1106.5352
i64,NearlySorted,Timsort,10000,0.1777,132195,0,0.4186,2125521,1.1855,858.8324
i64,NearlySorted,ARS Gen 1: Foundation,10000,0.8018,130386,30000,0.4174,2162264,1.1882,190.3138
i64,NearlySorted,ARS Gen 2: Grid Mapping,10000,0.8072,130325,30000,0.4174,2157498,1.1883,189.0233
i64,NearlySorted,ARS Gen 3: Apex Baseline,10000,0.3084,187157,14351,0.4180,2127543,1.1854,494.7005
i64,NearlySorted,ARS Gen 4: Parallel Apex,10000,0.2145,45304,10000,0.4175,2128322,1.1843,711.3721
i64,NearlySorted,ARS Gen 5: Optimized Apex (MAIN),10000,0.1355,45304,0,0.4174,2127707,1.1841,1126.0102
i64,NearlySorted,ARS Gen 5: Optimized Apex (Stable),10000,0.1443,36417,0,0.4174,2127165,1.1840,1057.4791
i64,NearlySorted,ARS Gen 6: Aero Architecture,10000,0.2916,52081,0,0.4172,2131383,1.1843,523.2009
i64,NearlySorted,ARS Gen 6: Aero (Stable),10000,0.2881,47021,0,0.4172,2132861,1.1843,529.5616
i64,NearlySorted,ARS Exp A: Recursive Parallel,10000,0.1421,45304,0,0.4173,2127495,1.1840,1074.1541
i64,NearlySorted,ARS Exp B: Hierarchical Staging,10000,0.1351,45304,0,0.4174,2128068,1.1840,1129.3521
i64,NearlySorted,ARS Exp C: Adaptive Hierarchical,10000,0.1404,45304,0,0.4174,2127531,1.1841,1087.0329
i64,NearlySorted,ARS Exp D: Stream Micro-Batch,10000,0.3291,45304,20000,0.4169,2130287,1.1836,463.6239
i64,NearlySorted,Quicksort,100000,1.6285,1716043,0,0.4131,2192643,1.1948,937.0113
i64,NearlySorted,Timsort,100000,1.9010,1660908,0,0.4097,2215603,1.1951,802.6911
i64,NearlySorted,ARS Gen 1: Foundation,100000,7.4254,1643878,300000,0.4058,2561303,1.1998,205.4939
i64,NearlySorted,ARS Gen 2: Grid Mapping,100000,7.5151,1643640,300000,0.4081,2507221,1.2031,203.0411
i64,NearlySorted,ARS Gen 3: Apex Baseline,100000,2.1181,1830188,108703,0.4125,2209068,1.1898,720.4083
i64,NearlySorted,ARS Gen 4: Parallel Apex,100000,0.7636,827444,100000,0.4099,2208809,1.1858,1998.3615
i64,NearlySorted,ARS Gen 5: Optimized Apex (MAIN),100000,0.6574,827444,0,0.4109,2208480,1.1805,2321.0743
i64,NearlySorted,ARS Gen 5: Optimized Apex (Stable),100000,0.5013,410171,0,0.4096,2184115,1.1840,3043.5403
i64,NearlySorted,ARS Gen 6: Aero Architecture,100000,0.6975,906132,0,0.4119,2214137,1.1803,2187.5146
i64,NearlySorted,ARS Gen 6: Aero (Stable),100000,0.7515,448015,0,0.4103,2201024,1.1834,2030.5740
i64,NearlySorted,ARS Exp A: Recursive Parallel,100000,0.6144,827444,0,0.4094,2205505,1.1837,2483.6966
i64,NearlySorted,ARS Exp B: Hierarchical Staging,100000,0.7359,718138,0,0.4113,2200068,1.1842,2073.6276
i64,NearlySorted,ARS Exp C: Adaptive Hierarchical,100000,0.6532,827444,0,0.4095,2207030,1.1823,2335.9485
i64,NearlySorted,ARS Exp D: Stream Micro-Batch,100000,1.0945,827444,200000,0.4124,2209273,1.1783,1394.1741
i64,NearlySorted,Quicksort,1000000,16.9778,20672771,0,0.3911,2774985,1.3090,898.7486
i64,NearlySorted,Timsort,1000000,24.3249,19775927,0,0.3670,2988686,1.2915,627.2907
i64,NearlySorted,ARS Gen 3: Apex Baseline,1000000,20.0282,20984698,1017407,0.4121,2861820,1.2445,761.8660
i64,NearlySorted,ARS Gen 4: Parallel Apex,1000000,9.3253,9742173,1000000,0.4295,2801405,1.1401,1636.2851
i64,NearlySorted,ARS Gen 5: Optimized Apex (MAIN),1000000,8.4670,9742173,0,0.4301,2798851,1.1107,1802.1438
i64,NearlySorted,ARS Gen 5: Optimized Apex (Stable),1000000,7.2768,4127840,0,0.4297,2553873,1.0996,2096.9092
i64,NearlySorted,ARS Gen 6: Aero Architecture,1000000,7.2037,12610499,0,0.4185,2909382,1.1948,2118.1933
i64,NearlySorted,ARS Gen 6: Aero (Stable),1000000,6.0137,5755875,0,0.4157,2686780,1.1747,2537.3194
i64,NearlySorted,ARS Exp A: Recursive Parallel,1000000,8.3169,9742173,0,0.4248,2788975,1.1449,1834.6685
i64,NearlySorted,ARS Exp B: Hierarchical Staging,1000000,9.0401,10843448,0,0.4293,2779503,1.1708,1687.8913
i64,NearlySorted,ARS Exp C: Adaptive Hierarchical,1000000,9.0835,11954018,0,0.4273,2798704,1.1341,1679.8338
i64,NearlySorted,ARS Exp D: Stream Micro-Batch,1000000,19.0011,14936471,2000000,0.4173,3055574,1.1675,803.0457
i64,Duplicates,Quicksort,1000,0.0032,3735,0,0.4444,4515701,1.2484,4783.3195
i64,Duplicates,Timsort,1000,0.0044,3747,0,0.4444,4515767,1.2484,3438.2129
i64,Duplicates,ARS Gen 1: Foundation,1000,0.0312,995,2000,0.4444,4517070,1.2484,489.0638
i64,Duplicates,ARS Gen 2: Grid Mapping,1000,0.0421,995,2000,0.4444,4517130,1.2485,362.4329
i64,Duplicates,ARS Gen 3: Apex Baseline,1000,0.0031,3735,0,0.4444,4515699,1.2484,4879.6895
i64,Duplicates,ARS Gen 4: Parallel Apex,1000,0.0032,3735,0,0.4444,4515701,1.2484,4709.5028
i64,Duplicates,ARS Gen 5: Optimized Apex (MAIN),1000,0.0033,3735,0,0.4444,4515704,1.2484,4633.7045
i64,Duplicates,ARS Gen 5: Optimized Apex (Stable),1000,0.0047,3747,0,0.4444,4515761,1.2484,3270.2077
i64,Duplicates,ARS Gen 6: Aero Architecture,1000,0.0033,3735,0,0.4444,4515702,1.2484,4649.2349
i64,Duplicates,ARS Gen 6: Aero (Stable),1000,0.0045,3747,0,0.4444,4515773,1.2484,3390.0887
i64,Duplicates,ARS Exp A: Recursive Parallel,1000,0.0032,3735,0,0.4444,4515702,1.2484,4753.5168
i64,Duplicates,ARS Exp B: Hierarchical Staging,1000,0.0032,3735,0,0.4444,4515703,1.2484,4696.4571
i64,Duplicates,ARS Exp C: Adaptive Hierarchical,1000,0.0032,3735,0,0.4444,4515699,1.2484,4824.1508
i64,Duplicates,ARS Exp D: Stream Micro-Batch,1000,0.1074,3735,2000,0.4443,4516140,1.2483,142.0572
i64,Duplicates,Quicksort,10000,0.0284,36573,0,0.4437,4517765,1.2478,5373.5699
i64,Duplicates,Timsort,10000,0.0373,36775,0,0.4437,4518017,1.2478,4088.9646
i64,Duplicates,ARS Gen 1: Foundation,10000,0.1956,9995,30000,0.4435,4529627,1.2479,779.9900
i64,Duplicates,ARS Gen 2: Grid Mapping,10000,0.2485,9995,30000,0.4435,4531336,1.2483,614.0803
i64,Duplicates,ARS Gen 3: Apex Baseline,10000,0.2483,115988,14351,0.4434,4519936,1.2480,614.4809
i64,Duplicates,ARS Gen 4: Parallel Apex,10000,0.2006,9999,10000,0.4431,4522968,1.2474,760.7219
i64,Duplicates,ARS Gen 5: Optimized Apex (MAIN),10000,0.1184,9999,0,0.4432,4522190,1.2474,1288.9995
i64,Duplicates,ARS Gen 5: Optimized Apex (Stable),10000,0.1169,9999,0,0.4432,4522368,1.2473,1305.1182
i64,Duplicates,ARS Gen 6: Aero Architecture,10000,0.2807,9999,0,0.4431,4528094,1.2473,543.5164
i64,Duplicates,ARS Gen 6: Aero (Stable),10000,0.2662,9999,0,0.4431,4527904,1.2474,573.2379
i64,Duplicates,ARS Exp A: Recursive Parallel,10000,0.1246,9999,0,0.4431,4522469,1.2475,1224.5433
i64,Duplicates,ARS Exp B: Hierarchical Staging,10000,0.1230,9999,0,0.4432,4522592,1.2473,1240.8042
i64,Duplicates,ARS Exp C: Adaptive Hierarchical,10000,0.1217,9999,0,0.4432,4521974,1.2473,1254.2879
i64,Duplicates,ARS Exp D: Stream Micro-Batch,10000,0.2888,9999,20000,0.4428,4524666,1.2471,528.2947
i64,Duplicates,Quicksort,100000,0.2972,362094,0,0.4406,4534886,1.2480,5133.4911
i64,Duplicates,Timsort,100000,0.3820,382517,0,0.4387,4535509,1.2479,3994.5206
i64,Duplicates,ARS Gen 1: Foundation,100000,1.0076,99995,300000,0.4408,4650328,1.2458,1514.4418
i64,Duplicates,ARS Gen 2: Grid Mapping,100000,1.3636,99995,300000,0.4407,4655963,1.2473,1118.9708
i64,Duplicates,ARS Gen 3: Apex Baseline,100000,1.7416,1129938,108703,0.4405,4543591,1.2499,876.1327
i64,Duplicates,ARS Gen 4: Parallel Apex,100000,0.5471,100001,100000,0.4390,4544689,1.2469,2788.9291
i64,Duplicates,ARS Gen 5: Optimized Apex (MAIN),100000,0.3537,100001,0,0.4389,4543458,1.2463,4314.5851
i64,Duplicates,ARS Gen 5: Optimized Apex (Stable),100000,0.3506,100001,0,0.4387,4544362,1.2463,4351.8580
i64,Duplicates,ARS Gen 6: Aero Architecture,100000,0.5367,100001,0,0.4392,4597290,1.2454,2843.2085
i64,Duplicates,ARS Gen 6: Aero (Stable),100000,0.5684,100001,0,0.4393,4598401,1.2454,2684.4263
i64,Duplicates,ARS Exp A: Recursive Parallel,100000,0.5544,199996,0,0.4382,4548974,1.2457,2752.3664
i64,Duplicates,ARS Exp B: Hierarchical Staging,100000,0.5860,199996,0,0.4388,4541625,1.2463,2603.7601
i64,Duplicates,ARS Exp C: Adaptive Hierarchical,100000,0.5426,199996,0,0.4379,4549327,1.2455,2812.0735
i64,Duplicates,ARS Exp D: Stream Micro-Batch,100000,0.7476,100001,200000,0.4386,4546770,1.2461,2040.9655
i64,Duplicates,Quicksort,1000000,2.9781,3809528,0,0.4322,4558020,1.2596,5123.7208
i64,Duplicates,Timsort,1000000,6.6164,4510660,0,0.4300,4559672,1.2495,2306.2239
i64,Duplicates,ARS Gen 3: Apex Baseline,1000000,19.2446,12062959,1017407,0.4373,4624386,1.2712,792.8877
i64,Duplicates,ARS Gen 4: Parallel Apex,1000000,6.4716,999999,1000000,0.4517,4571762,1.1756,2357.8034
i64,Duplicates,ARS Gen 5: Optimized Apex (MAIN),1000000,6.4990,999999,0,0.4518,4572137,1.1902,2347.8629
i64,Duplicates,ARS Gen 5: Optimized Apex (Stable),1000000,6.5629,999999,0,0.4519,4574208,1.1935,2325.0007
i64,Duplicates,ARS Gen 6: Aero Architecture,1000000,4.3920,999999,0,0.4445,5122945,1.2187,3474.1957
i64,Duplicates,ARS Gen 6: Aero (Stable),1000000,4.3930,999999,0,0.4446,5124551,1.2185,3473.4491
i64,Duplicates,ARS Exp A: Recursive Parallel,1000000,8.3773,1999994,0,0.4534,4583301,1.1737,1821.4352
i64,Duplicates,ARS Exp B: Hierarchical Staging,1000000,6.9771,1999994,0,0.4510,4570741,1.1908,2186.9944
i64,Duplicates,ARS Exp C: Adaptive Hierarchical,1000000,8.1007,1999994,0,0.4534,4579637,1.1768,1883.6460
i64,Duplicates,ARS Exp D: Stream Micro-Batch,1000000,16.2401,5364815,2000000,0.4266,4631695,1.2360,939.5753
i64,Zipfian,Quicksort,1000,0.0049,5508,0,0.4295,4629594,1.2169,3116.5827
i64,Zipfian,Timsort,1000,0.0070,5460,0,0.4295,4629799,1.2169,2182.9455
i64,Zipfian,ARS Gen 1: Foundation,1000,0.0298,4914,2000,0.4295,4630529,1.2170,511.5249
i64,Zipfian,ARS Gen 2: Grid Mapping,1000,0.0395,4914,2000,0.4295,4630509,1.2170,386.1909
i64,Zipfian,ARS Gen 3: Apex Baseline,1000,0.0049,5508,0,0.4295,4629606,1.2169,3088.1986
i64,Zipfian,ARS Gen 4: Parallel Apex,1000,0.0048,5508,0,0.4295,4629604,1.2169,3155.9026
i64,Zipfian,ARS Gen 5: Optimized Apex (MAIN),1000,0.0059,5508,0,0.4295,4629624,1.2169,2580.5495
i64,Zipfian,ARS Gen 5: Optimized Apex (Stable),1000,0.0075,5460,0,0.4295,4629795,1.2169,2046.7859
i64,Zipfian,ARS Gen 6: Aero Architecture,1000,0.0052,5508,0,0.4295,4629594,1.2169,2924.2601
i64,Zipfian,ARS Gen 6: Aero (Stable),1000,0.0073,5460,0,0.4295,4629804,1.2169,2081.9742
i64,Zipfian,ARS Exp A: Recursive Parallel,1000,0.0056,5508,0,0.4295,4629606,1.2169,2719.4420
i64,Zipfian,ARS Exp B: Hierarchical Staging,1000,0.0056,5508,0,0.4295,4629601,1.2169,2721.3820
i64,Zipfian,ARS Exp C: Adaptive Hierarchical,1000,0.0049,5508,0,0.4295,4629601,1.2169,3124.2402
i64,Zipfian,ARS Exp D: Stream Micro-Batch,1000,0.0945,5508,2000,0.4294,4630067,1.2168,161.4738
i64,Zipfian,Quicksort,10000,0.0376,53621,0,0.4289,4632068,1.2165,4059.3762
i64,Zipfian,Timsort,10000,0.0559,53742,0,0.4288,4632944,1.2165,2731.4172
i64,Zipfian,ARS Gen 1: Foundation,10000,0.2852,50132,30000,0.4286,4638088,1.2170,535.0938
i64,Zipfian,ARS Gen 2: Grid Mapping,10000,0.2595,50259,30000,0.4286,4638162,1.2176,587.9642
i64,Zipfian,ARS Gen 3: Apex Baseline,10000,0.2120,124917,14351,0.4286,4634897,1.2167,719.6931
i64,Zipfian,ARS Gen 4: Parallel Apex,10000,0.2495,52500,10000,0.4283,4638815,1.2161,611.4914
i64,Zipfian,ARS Gen 5: Optimized Apex (MAIN),10000,0.1639,52500,0,0.4284,4636574,1.2162,931.1350
i64,Zipfian,ARS Gen 5: Optimized Apex (Stable),10000,0.1757,51829,0,0.4283,4638933,1.2161,868.2395
i64,Zipfian,ARS Gen 6: Aero Architecture,10000,0.3542,42054,0,0.4282,4638103,1.2165,430.7959
i64,Zipfian,ARS Gen 6: Aero (Stable),10000,0.3942,42636,0,0.4282,4639137,1.2165,387.1099
i64,Zipfian,ARS Exp A: Recursive Parallel,10000,0.2300,16860,0,0.4279,4641185,1.2159,663.5381
i64,Zipfian,ARS Exp B: Hierarchical Staging,10000,0.2066,52500,0,0.4285,4636036,1.2162,738.3916
i64,Zipfian,ARS Exp C: Adaptive Hierarchical,10000,0.1650,52500,0,0.4283,4637697,1.2161,924.7695
i64,Zipfian,ARS Exp D: Stream Micro-Batch,10000,0.3203,52500,20000,0.4279,4640476,1.2157,476.4292
i64,Zipfian,Quicksort,100000,0.3764,532062,0,0.4274,4638284,1.2175,4053.9406
i64,Zipfian,Timsort,100000,0.5094,535405,0,0.4257,4641573,1.2175,2995.7140
i64,Zipfian,ARS Gen 1: Foundation,100000,1.5654,506805,300000,0.4270,4696902,1.2179,974.7465
i64,Zipfian,ARS Gen 2: Grid Mapping,100000,1.7848,506783,300000,0.4268,4697358,1.2206,854.9117
i64,Zipfian,ARS Gen 3: Apex Baseline,100000,1.6909,1174310,108703,0.4269,4649023,1.2186,902.4234
i64,Zipfian,ARS Gen 4: Parallel Apex,100000,1.3015,519466,100000,0.4254,4650531,1.2172,1172.4327
i64,Zipfian,ARS Gen 5: Optimized Apex (MAIN),100000,0.8253,519466,0,0.4254,4649115,1.2170,1848.9137
i64,Zipfian,ARS Gen 5: Optimized Apex (Stable),100000,0.9399,520212,0,0.4239,4653216,1.2164,1623.4119
i64,Zipfian,ARS Gen 6: Aero Architecture,100000,0.9753,499545,0,0.4257,4650383,1.2177,1564.4665
i64,Zipfian,ARS Gen 6: Aero (Stable),100000,1.0598,502501,0,0.4247,4653105,1.2176,1439.7692
i64,Zipfian,ARS Exp A: Recursive Parallel,100000,1.2507,203055,0,0.4221,4675328,1.2114,1220.0345
i64,Zipfian,ARS Exp B: Hierarchical Staging,100000,0.9505,182074,0,0.4232,4653649,1.2152,1605.2978
i64,Zipfian,ARS Exp C: Adaptive Hierarchical,100000,1.4352,197448,0,0.4216,4671446,1.2158,1063.1828
i64,Zipfian,ARS Exp D: Stream Micro-Batch,100000,1.2397,519466,200000,0.4252,4651002,1.2166,1230.8830
i64,Zipfian,Quicksort,1000000,4.2456,5301519,0,0.4220,4652266,1.2345,3594.0073
i64,Zipfian,Timsort,1000000,8.1580,6302942,0,0.4145,4663646,1.2255,1870.4060
i64,Zipfian,ARS Gen 3: Apex Baseline,1000000,20.7933,12308876,1017407,0.4276,4722866,1.2375,733.8307
i64,Zipfian,ARS Gen 4: Parallel Apex,1000000,13.5550,5221477,1000000,0.4327,4674802,1.1867,1125.6956
i64,Zipfian,ARS Gen 5: Optimized Apex (MAIN),1000000,10.3392,5221477,0,0.4325,4673768,1.1751,1475.8136
i64,Zipfian,ARS Gen 5: Optimized Apex (Stable),1000000,14.6656,6004244,0,0.4266,4682934,1.1883,1040.4449
i64,Zipfian,ARS Gen 6: Aero Architecture,1000000,8.1288,5265586,0,0.4288,4669002,1.2141,1877.1359
i64,Zipfian,ARS Gen 6: Aero (Stable),1000000,12.0755,6045570,0,0.4239,4680163,1.2083,1263.6108
i64,Zipfian,ARS Exp A: Recursive Parallel,1000000,15.4441,1938046,0,0.4439,4739161,1.1468,987.9995
i64,Zipfian,ARS Exp B: Hierarchical Staging,1000000,21.8113,2076365,0,0.4516,4715452,1.1602,699.5818
i64,Zipfian,ARS Exp C: Adaptive Hierarchical,1000000,25.4102,2063926,0,0.4528,4759180,1.1459,600.4990
i64,Zipfian,ARS Exp D: Stream Micro-Batch,1000000,16.6317,9792115,2000000,0.4343,4753914,1.1976,917.4514
i64,Skewed,Quicksort,1000,0.0105,10296,0,0.4496,4811754,1.2905,1455.8524
i64,Skewed,Timsort,1000,0.0173,10670,0,0.4496,4812394,1.2905,883.5431
i64,Skewed,ARS Gen 1: Foundation,1000,0.1594,808,2000,0.4495,4820428,1.2906,95.7480
i64,Skewed,ARS Gen 2: Grid Mapping,1000,0.1804,808,2000,0.4496,4820539,1.2906,84.5803
i64,Skewed,ARS Gen 3: Apex Baseline,1000,0.0116,10296,0,0.4496,4811764,1.2905,1316.6614
i64,Skewed,ARS Gen 4: Parallel Apex,1000,0.0114,10296,0,0.4496,4811770,1.2905,1333.9268
i64,Skewed,ARS Gen 5: Optimized Apex (MAIN),1000,0.0115,10296,0,0.4496,4811778,1.2905,1323.9730
i64,Skewed,ARS Gen 5: Optimized Apex (Stable),1000,0.0170,10670,0,0.4496,4812393,1.2905,895.0486
i64,Skewed,ARS Gen 6: Aero Architecture,1000,0.0106,10296,0,0.4496,4811776,1.2905,1441.4122
i64,Skewed,ARS Gen 6: Aero (Stable),1000,0.0171,10670,0,0.4496,4812416,1.2905,890.5561
i64,Skewed,ARS Exp A: Recursive Parallel,1000,0.0103,10296,0,0.4496,4811772,1.2905,1484.1736
i64,Skewed,ARS Exp B: Hierarchical Staging,1000,0.0103,10296,0,0.4496,4811766,1.2905,1481.1482
i64,Skewed,ARS Exp C: Adaptive Hierarchical,1000,0.0103,10296,0,0.4496,4811758,1.2905,1479.2815
i64,Skewed,ARS Exp D: Stream Micro-Batch,1000,0.1050,10296,2000,0.4495,4812261,1.2904,145.2692
i64,Skewed,Quicksort,10000,0.1278,134101,0,0.4490,4818479,1.2903,1193.7530
i64,Skewed,Timsort,10000,0.1931,137729,0,0.4490,4824361,1.2903,790.0868
i64,Skewed,ARS Gen 1: Foundation,10000,0.9785,84429,30000,0.4485,4894116,1.2901,155.9368
i64,Skewed,ARS Gen 2: Grid Mapping,10000,0.9760,84430,30000,0.4484,4891196,1.2904,156.3409
i64,Skewed,ARS Gen 3: Apex Baseline,10000,0.2930,190005,14351,0.4488,4824311,1.2901,520.7440
i64,Skewed,ARS Gen 4: Parallel Apex,10000,0.2169,71389,10000,0.4486,4826089,1.2896,703.5461
i64,Skewed,ARS Gen 5: Optimized Apex (MAIN),10000,0.1401,71389,0,0.4485,4825749,1.2895,1089.0267
i64,Skewed,ARS Gen 5: Optimized Apex (Stable),10000,0.1491,73990,0,0.4486,4830757,1.2895,1023.5440
i64,Skewed,ARS Gen 6: Aero Architecture,10000,0.3408,60048,0,0.4484,4826576,1.2898,447.6727
i64,Skewed,ARS Gen 6: Aero (Stable),10000,0.3587,62612,0,0.4485,4831276,1.2897,425.4009
i64,Skewed,ARS Exp A: Recursive Parallel,10000,0.1452,71389,0,0.4485,4825157,1.2896,1051.0328
i64,Skewed,ARS Exp B: Hierarchical Staging,10000,0.1512,71389,0,0.4486,4825847,1.2895,1009.2793
i64,Skewed,ARS Exp C: Adaptive Hierarchical,10000,0.1747,71389,0,0.4485,4825605,1.2895,873.6381
i64,Skewed,ARS Exp D: Stream Micro-Batch,10000,0.3329,71389,20000,0.4482,4829227,1.2893,458.3224
i64,Skewed,Quicksort,100000,1.1820,1353942,0,0.4468,4865170,1.2928,1290.8860
i64,Skewed,Timsort,100000,1.4507,1358979,0,0.4455,4886847,1.2929,1051.8370
i64,Skewed,ARS Gen 1: Foundation,100000,6.0408,1260666,300000,0.4437,5600302,1.2748,252.5960
i64,Skewed,ARS Gen 2: Grid Mapping,100000,6.1812,1260598,300000,0.4433,5569640,1.2776,246.8586
i64,Skewed,ARS Gen 3: Apex Baseline,100000,2.1340,1555111,108703,0.4462,4885711,1.2911,715.0480
i64,Skewed,ARS Gen 4: Parallel Apex,100000,0.8410,735888,100000,0.4461,4884488,1.2876,1814.3755
i64,Skewed,ARS Gen 5: Optimized Apex (MAIN),100000,0.5832,735888,0,0.4458,4881467,1.2878,2616.5654
i64,Skewed,ARS Gen 5: Optimized Apex (Stable),100000,0.6944,741765,0,0.4460,4906341,1.2874,2197.4094
i64,Skewed,ARS Gen 6: Aero Architecture,100000,0.8105,651349,0,0.4459,4889716,1.2886,1882.6831
i64,Skewed,ARS Gen 6: Aero (Stable),100000,0.8760,657321,0,0.4461,4915351,1.2878,1741.9385
i64,Skewed,ARS Exp A: Recursive Parallel,100000,0.6799,710308,0,0.4460,4881550,1.2871,2244.1838
i64,Skewed,ARS Exp B: Hierarchical Staging,100000,0.6086,631417,0,0.4459,4874721,1.2886,2507.2692
i64,Skewed,ARS Exp C: Adaptive Hierarchical,100000,0.6352,735888,0,0.4455,4879161,1.2880,2402.0737
i64,Skewed,ARS Exp D: Stream Micro-Batch,100000,1.0251,735888,200000,0.4461,4884665,1.2869,1488.5738
i64,Skewed,Quicksort,1000000,9.0648,12909957,0,0.4371,4915793,1.3286,1683.3042
i64,Skewed,Timsort,1000000,14.0723,14007926,0,0.4249,4960445,1.3207,1084.3174
i64,Skewed,ARS Gen 3: Apex Baseline,1000000,18.1087,14286900,1017407,0.4407,5006255,1.3073,842.6211
i64,Skewed,ARS Gen 4: Parallel Apex,1000000,7.3715,5157050,1000000,0.4546,4953651,1.2462,2069.9617
i64,Skewed,ARS Gen 5: Optimized Apex (MAIN),1000000,7.2449,5157050,0,0.4546,4939414,1.2401,2106.1529
i64,Skewed,ARS Gen 5: Optimized Apex (Stable),1000000,7.3958,5175392,0,0.4531,5007911,1.2412,2063.1776
i64,Skewed,ARS Gen 6: Aero Architecture,1000000,5.4533,6007232,0,0.4503,5059175,1.2803,2798.0615
i64,Skewed,ARS Gen 6: Aero (Stable),1000000,5.9107,6044896,0,0.4469,5123711,1.2801,2581.5488
i64,Skewed,ARS Exp A: Recursive Parallel,1000000,9.0292,2361022,0,0.4456,5004849,1.2421,1689.9387
i64,Skewed,ARS Exp B: Hierarchical Staging,1000000,9.6667,1866734,0,0.4483,4952549,1.2552,1578.4844
i64,Skewed,ARS Exp C: Adaptive Hierarchical,1000000,9.2189,2025491,0,0.4492,4968957,1.2358,1655.1573
i64,Skewed,ARS Exp D: Stream Micro-Batch,1000000,16.2924,11888425,2000000,0.4521,5206780,1.2727,936.5561
i64,Clustered,Quicksort,1000,0.0117,10451,0,0.4564,5623164,1.3391,1299.5051
i64,Clustered,Timsort,1000,0.0187,10742,0,0.4564,5623831,1.3391,814.9321
i64,Clustered,ARS Gen 1: Foundation,1000,0.1025,5331,2000,0.4564,5629026,1.3391,148.8270
i64,Clustered,ARS Gen 2: Grid Mapping,1000,0.1193,5339,2000,0.4564,5629119,1.3391,127.8791
i64,Clustered,ARS Gen 3: Apex Baseline,1000,0.0118,10451,0,0.4564,5623173,1.3391,1296.3035
i64,Clustered,ARS Gen 4: Parallel Apex,1000,0.0116,10451,0,0.4564,5623161,1.3391,1315.2995
i64,Clustered,ARS Gen 5: Optimized Apex (MAIN),1000,0.0114,10451,0,0.4564,5623147,1.3391,1336.8485
i64,Clustered,ARS Gen 5: Optimized Apex (Stable),1000,0.0188,10742,0,0.4564,5623793,1.3391,810.2155
i64,Clustered,ARS Gen 6: Aero Architecture,1000,0.0121,10451,0,0.4564,5623151,1.3391,1262.1000
i64,Clustered,ARS Gen 6: Aero (Stable),1000,0.0184,10742,0,0.4564,5623789,1.3391,830.3199
i64,Clustered,ARS Exp A: Recursive Parallel,1000,0.0114,10451,0,0.4564,5623167,1.3391,1336.7314
i64,Clustered,ARS Exp B: Hierarchical Staging,1000,0.0114,10451,0,0.4564,5623165,1.3391,1338.1381
i64,Clustered,ARS Exp C: Adaptive Hierarchical,1000,0.0112,10451,0,0.4564,5623126,1.3391,1361.9055
i64,Clustered,ARS Exp D: Stream Micro-Batch,1000,0.1175,10451,2000,0.4563,5623818,1.3390,129.8134
i64,Clustered,Quicksort,10000,0.1089,111159,0,0.4560,5627068,1.3388,1401.1358
i64,Clustered,Timsort,10000,0.1458,110728,0,0.4559,5630080,1.3388,1046.4198
i64,Clustered,ARS Gen 1: Foundation,10000,0.4356,75427,30000,0.4557,5660393,1.3388,350.3145
i64,Clustered,ARS Gen 2: Grid Mapping,10000,0.5032,74701,30000,0.4557,5660235,1.3389,303.2248
i64,Clustered,ARS Gen 3: Apex Baseline,10000,0.2919,163143,14351,0.4557,5631926,1.3387,522.6830
i64,Clustered,ARS Gen 4: Parallel Apex,10000,0.2381,72583,10000,0.4556,5633582,1.3384,640.7810
i64,Clustered,ARS Gen 5: Optimized Apex (MAIN),10000,0.1535,72583,0,0.4556,5633572,1.3382,994.1875
i64,Clustered,ARS Gen 5: Optimized Apex (Stable),10000,0.1578,72287,0,0.4556,5637430,1.3382,967.1969
i64,Clustered,ARS Gen 6: Aero Architecture,10000,0.2923,63448,0,0.4556,5634211,1.3384,521.9410
i64,Clustered,ARS Gen 6: Aero (Stable),10000,0.2953,63348,0,0.4556,5637592,1.3384,516.6919
i64,Clustered,ARS Exp A: Recursive Parallel,10000,0.1607,72583,0,0.4556,5633648,1.3383,949.5438
i64,Clustered,ARS Exp B: Hierarchical Staging,10000,0.1505,72583,0,0.4556,5633692,1.3382,1013.8528
i64,Clustered,ARS Exp C: Adaptive Hierarchical,10000,0.1617,72583,0,0.4556,5633407,1.3383,943.5955
i64,Clustered,ARS Exp D: Stream Micro-Batch,10000,0.3190,72583,20000,0.4554,5635780,1.3381,478.2795
i64,Clustered,Quicksort,100000,0.8130,1016581,0,0.4546,5645808,1.3403,1876.8567
i64,Clustered,Timsort,100000,0.9809,1021185,0,0.4536,5651561,1.3403,1555.6065
i64,Clustered,ARS Gen 1: Foundation,100000,2.2943,680916,300000,0.4547,5959104,1.3351,665.0811
i64,Clustered,ARS Gen 2: Grid Mapping,100000,2.5853,680031,300000,0.4547,5955221,1.3355,590.2171
i64,Clustered,ARS Gen 3: Apex Baseline,100000,2.0197,1237724,108703,0.4541,5659260,1.3392,755.4873
i64,Clustered,ARS Gen 4: Parallel Apex,100000,0.8323,631252,100000,0.4537,5661882,1.3376,1833.4315
i64,Clustered,ARS Gen 5: Optimized Apex (MAIN),100000,0.5985,631252,0,0.4539,5659455,1.3371,2549.3264
i64,Clustered,ARS Gen 5: Optimized Apex (Stable),100000,0.6094,634097,0,0.4538,5668729,1.3369,2503.8996
i64,Clustered,ARS Gen 6: Aero Architecture,100000,0.7031,555626,0,0.4540,5667698,1.3376,2170.1173
i64,Clustered,ARS Gen 6: Aero (Stable),100000,0.7439,562372,0,0.4539,5676260,1.3378,2051.1165
i64,Clustered,ARS Exp A: Recursive Parallel,100000,0.7184,134521,0,0.4526,5664829,1.3365,2124.0909
i64,Clustered,ARS Exp B: Hierarchical Staging,100000,0.7903,169903,0,0.4529,5656745,1.3365,1930.6516
i64,Clustered,ARS Exp C: Adaptive Hierarchical,100000,0.6463,264519,0,0.4532,5661768,1.3369,2361.0585
i64,Clustered,ARS Exp D: Stream Micro-Batch,100000,1.0263,631252,200000,0.4538,5661441,1.3370,1486.8274
i64,Clustered,Quicksort,1000000,6.9957,9921218,0,0.4467,5670371,1.3621,2181.1715
i64,Clustered,Timsort,1000000,11.8692,11000160,0,0.4369,5678670,1.3544,1285.5782
i64,Clustered,ARS Gen 3: Apex Baseline,1000000,21.7093,12348632,1017407,0.4489,5745003,1.3462,702.8676
i64,Clustered,ARS Gen 4: Parallel Apex,1000000,7.2282,5346522,1000000,0.4590,5694477,1.2979,2111.0073
i64,Clustered,ARS Gen 5: Optimized Apex (MAIN),1000000,7.3031,5346522,0,0.4596,5695100,1.2965,2089.3610
i64,Clustered,ARS Gen 5: Optimized Apex (Stable),1000000,8.1606,5363683,0,0.4542,5704928,1.2815,1869.8067
i64,Clustered,ARS Gen 6: Aero Architecture,1000000,5.2069,5434749,0,0.4563,5810143,1.3313,2930.4743
i64,Clustered,ARS Gen 6: Aero (Stable),1000000,6.2272,5451863,0,0.4504,5829192,1.3172,2450.3459
i64,Clustered,ARS Exp A: Recursive Parallel,1000000,10.4122,1070102,0,0.4582,5711953,1.2827,1465.4752
i64,Clustered,ARS Exp B: Hierarchical Staging,1000000,12.3189,1041286,0,0.4638,5693857,1.2681,1238.6530
i64,Clustered,ARS Exp C: Adaptive Hierarchical,1000000,11.3846,1013215,0,0.4618,5710995,1.2737,1340.2997
i64,Clustered,ARS Exp D: Stream Micro-Batch,1000000,16.6364,10955258,2000000,0.4500,5794328,1.3215,917.1914
i64,BucketCollapse,Quicksort,1000,0.0111,10179,0,0.4615,5923863,1.3629,1375.6571
i64,BucketCollapse,Timsort,1000,0.0183,10913,0,0.4615,5924491,1.3629,831.9043
i64,BucketCollapse,ARS Gen 1: Foundation,1000,0.2345,0,2000,0.4615,5931323,1.3630,65.0570
i64,BucketCollapse,ARS Gen 2: Grid Mapping,1000,0.2698,0,2000,0.4615,5932084,1.3631,56.5463
i64,BucketCollapse,ARS Gen 3: Apex Baseline,1000,0.0109,10179,0,0.4615,5923874,1.3629,1396.6855
i64,BucketCollapse,ARS Gen 4: Parallel Apex,1000,0.0110,10179,0,0.4615,5923862,1.3629,1393.3695
i64,BucketCollapse,ARS Gen 5: Optimized Apex (MAIN),1000,0.0111,10179,0,0.4615,5923841,1.3629,1369.3609
i64,BucketCollapse,ARS Gen 5: Optimized Apex (Stable),1000,0.0178,10913,0,0.4615,5924464,1.3629,855.1695
i64,BucketCollapse,ARS Gen 6: Aero Architecture,1000,0.0111,10179,0,0.4615,5923825,1.3629,1373.4284
i64,BucketCollapse,ARS Gen 6: Aero (Stable),1000,0.0180,10913,0,0.4615,5924486,1.3629,848.8423
i64,BucketCollapse,ARS Exp A: Recursive Parallel,1000,0.0111,10179,0,0.4615,5923856,1.3629,1380.0117
i64,BucketCollapse,ARS Exp B: Hierarchical Staging,1000,0.0111,10179,0,0.4615,5923870,1.3629,1377.7688
i64,BucketCollapse,ARS Exp C: Adaptive Hierarchical,1000,0.0108,10179,0,0.4615,5923838,1.3629,1411.1522
i64,BucketCollapse,ARS Exp D: Stream Micro-Batch,1000,0.1096,10179,2000,0.4614,5924357,1.3628,139.2823
i64,BucketCollapse,Quicksort,10000,0.1378,137738,0,0.4612,5931024,1.3626,1107.5392
i64,BucketCollapse,Timsort,10000,0.2099,141392,0,0.4612,5937175,1.3626,727.0695
i64,BucketCollapse,ARS Gen 1: Foundation,10000,5.3210,0,30000,0.4588,6023374,1.3676,28.6768
i64,BucketCollapse,ARS Gen 2: Grid Mapping,10000,5.6193,0,30000,0.4572,6027750,1.3677,27.1543
i64,BucketCollapse,ARS Gen 3: Apex Baseline,10000,0.3190,193231,14351,0.4610,5936796,1.3625,478.3949
i64,BucketCollapse,ARS Gen 4: Parallel Apex,10000,0.2302,51645,10000,0.4609,5937818,1.3621,662.8463
i64,BucketCollapse,ARS Gen 5: Optimized Apex (MAIN),10000,0.1481,51645,0,0.4608,5937067,1.3621,1030.4214
i64,BucketCollapse,ARS Gen 5: Optimized Apex (Stable),10000,0.1765,57426,0,0.4608,5939909,1.3621,864.6137
i64,BucketCollapse,ARS Gen 6: Aero Architecture,10000,0.3431,59080,0,0.4608,5940380,1.3622,444.7110
i64,BucketCollapse,ARS Gen 6: Aero (Stable),10000,0.3207,61965,0,0.4607,5944429,1.3621,475.8468
i64,BucketCollapse,ARS Exp A: Recursive Parallel,10000,0.1597,51645,0,0.4608,5936761,1.3621,955.2624
i64,BucketCollapse,ARS Exp B: Hierarchical Staging,10000,0.1540,51645,0,0.4609,5936769,1.3621,990.8626
i64,BucketCollapse,ARS Exp C: Adaptive Hierarchical,10000,0.1505,51645,0,0.4608,5937235,1.3620,1013.8259
i64,BucketCollapse,ARS Exp D: Stream Micro-Batch,10000,0.3281,51645,20000,0.4606,5939756,1.3619,465.1332
i64,BucketCollapse,Quicksort,100000,1.6782,1704558,0,0.4594,6009835,1.3645,909.2425
i64,BucketCollapse,Timsort,100000,2.3065,1748721,0,0.4587,6065715,1.3644,661.5614
i64,BucketCollapse,ARS Gen 1: Foundation,100000,41.1468,6,300000,0.3563,6938802,1.2876,37.0838
i64,BucketCollapse,ARS Gen 2: Grid Mapping,100000,44.7407,6,300000,0.3563,6984986,1.3006,34.1050
i64,BucketCollapse,ARS Gen 3: Apex Baseline,100000,2.5545,1886207,108703,0.4592,6029709,1.3627,597.3384
i64,BucketCollapse,ARS Gen 4: Parallel Apex,100000,0.9693,879882,100000,0.4587,6027977,1.3604,1574.2509
i64,BucketCollapse,ARS Gen 5: Optimized Apex (MAIN),100000,0.6672,879882,0,0.4588,6024100,1.3599,2286.9476
i64,BucketCollapse,ARS Gen 5: Optimized Apex (Stable),100000,0.7965,922129,0,0.4590,6080065,1.3592,1915.7901
i64,BucketCollapse,ARS Gen 6: Aero Architecture,100000,0.7492,954423,0,0.4587,6033612,1.3594,2036.6342
i64,BucketCollapse,ARS Gen 6: Aero (Stable),100000,0.8075,993675,0,0.4589,6082478,1.3590,1889.6942
i64,BucketCollapse,ARS Exp A: Recursive Parallel,100000,0.6639,879882,0,0.4588,6024350,1.3602,2298.4466
i64,BucketCollapse,ARS Exp B: Hierarchical Staging,100000,0.7048,773088,0,0.4589,6018207,1.3601,2165.0521
i64,BucketCollapse,ARS Exp C: Adaptive Hierarchical,100000,0.6506,879882,0,0.4586,6023066,1.3602,2345.1681
i64,BucketCollapse,ARS Exp D: Stream Micro-Batch,100000,1.0477,879882,200000,0.4589,6028046,1.3590,1456.3971
i64,BucketCollapse,Quicksort,1000000,17.3299,20437271,0,0.4517,6626814,1.3953,880.4874
i64,BucketCollapse,Timsort,1000000,28.1846,20799465,0,0.4440,7175860,1.3876,541.3876
i64,BucketCollapse,ARS Gen 3: Apex Baseline,1000000,21.4615,21505010,1017407,0.4541,6743970,1.3668,710.9853
i64,BucketCollapse,ARS Gen 4: Parallel Apex,1000000,9.2815,10221412,1000000,0.4613,6687567,1.3263,1644.0009
i64,BucketCollapse,ARS Gen 5: Optimized Apex (MAIN),1000000,8.4605,10221412,0,0.4615,6653714,1.3181,1803.5394
i64,BucketCollapse,ARS Gen 5: Optimized Apex (Stable),1000000,9.3624,10628930,0,0.4618,7194414,1.3266,1629.7922
i64,BucketCollapse,ARS Gen 6: Aero Architecture,1000000,7.0386,12929332,0,0.4592,6770173,1.3475,2167.8752
i64,BucketCollapse,ARS Gen 6: Aero (Stable),1000000,7.8742,13335182,0,0.4576,7317289,1.3442,1937.8125
i64,BucketCollapse,ARS Exp A: Recursive Parallel,1000000,8.3329,10221412,0,0.4598,6654199,1.3294,1831.1499
i64,BucketCollapse,ARS Exp B: Hierarchical Staging,1000000,9.3614,11275443,0,0.4625,6644165,1.3374,1629.9711
i64,BucketCollapse,ARS Exp C: Adaptive Hierarchical,1000000,9.4080,12322876,0,0.4620,6651940,1.3278,1621.8996
i64,BucketCollapse,ARS Exp D: Stream Micro-Batch,1000000,24.3985,13517883,2000000,0.4563,7679649,1.3299,625.3993
i64,LowCardinality,Quicksort,1000,0.0051,5504,0,0.4661,12602302,1.3316,2998.3865
i64,LowCardinality,Timsort,1000,0.0071,5497,0,0.4661,12602436,1.3316,2134.6935
i64,LowCardinality,ARS Gen 1: Foundation,1000,0.0454,984,2000,0.4661,12604517,1.3316,335.9339
i64,LowCardinality,ARS Gen 2: Grid Mapping,1000,0.0577,984,2000,0.4661,12604580,1.3316,264.3588
i64,LowCardinality,ARS Gen 3: Apex Baseline,1000,0.0049,5504,0,0.4661,12602308,1.3316,3121.0450
i64,LowCardinality,ARS Gen 4: Parallel Apex,1000,0.0053,5504,0,0.4661,12602304,1.3316,2883.9140
i64,LowCardinality,ARS Gen 5: Optimized Apex (MAIN),1000,0.0049,5504,0,0.4661,12602305,1.3316,3106.4310
i64,LowCardinality,ARS Gen 5: Optimized Apex (Stable),1000,0.0072,5497,0,0.4661,12602433,1.3316,2121.0438
i64,LowCardinality,ARS Gen 6: Aero Architecture,1000,0.0051,5504,0,0.4661,12602308,1.3316,2984.3124
i64,LowCardinality,ARS Gen 6: Aero (Stable),1000,0.0072,5497,0,0.4661,12602449,1.3316,2128.7373
i64,LowCardinality,ARS Exp A: Recursive Parallel,1000,0.0049,5504,0,0.4661,12602299,1.3316,3102.0104
i64,LowCardinality,ARS Exp B: Hierarchical Staging,1000,0.0049,5504,0,0.4661,12602304,1.3316,3123.6006
i64,LowCardinality,ARS Exp C: Adaptive Hierarchical,1000,0.0048,5504,0,0.4661,12602300,1.3316,3165.7239
i64,LowCardinality,ARS Exp D: Stream Micro-Batch,1000,0.1092,5504,2000,0.4660,12602939,1.3315,139.7108
i64,LowCardinality,Quicksort,10000,0.0420,53753,0,0.4658,12604271,1.3313,3632.2667
i64,LowCardinality,Timsort,10000,0.0526,54514,0,0.4658,12604622,1.3313,2899.3671
i64,LowCardinality,ARS Gen 1: Foundation,10000,0.2578,9984,30000,0.4657,12623623,1.3313,591.8320
i64,LowCardinality,ARS Gen 2: Grid Mapping,10000,0.3104,9984,30000,0.4657,12624989,1.3314,491.6259
i64,LowCardinality,ARS Gen 3: Apex Baseline,10000,0.2794,121806,14351,0.4657,12606822,1.3313,546.1739
i64,LowCardinality,ARS Gen 4: Parallel Apex,10000,0.2039,12063,10000,0.4655,12610417,1.3310,748.4935
i64,LowCardinality,ARS Gen 5: Optimized Apex (MAIN),10000,0.1246,12063,0,0.4656,12609533,1.3310,1224.7202
i64,LowCardinality,ARS Gen 5: Optimized Apex (Stable),10000,0.1197,12087,0,0.4656,12609850,1.3310,1275.1148
i64,LowCardinality,ARS Gen 6: Aero Architecture,10000,0.2565,12063,0,0.4655,12611395,1.3311,594.9588
i64,LowCardinality,ARS Gen 6: Aero (Stable),10000,0.2560,12087,0,0.4655,12611453,1.3311,596.1140
i64,LowCardinality,ARS Exp A: Recursive Parallel,10000,0.1271,12063,0,0.4656,12609604,1.3310,1200.7703
i64,LowCardinality,ARS Exp B: Hierarchical Staging,10000,0.1191,12063,0,0.4656,12609306,1.3310,1281.5727
i64,LowCardinality,ARS Exp C: Adaptive Hierarchical,10000,0.1245,12063,0,0.4656,12609738,1.3310,1225.4185
i64,LowCardinality,ARS Exp D: Stream Micro-Batch,10000,0.2911,12063,20000,0.4654,12612005,1.3309,524.1661
i64,LowCardinality,Quicksort,100000,0.4185,522910,0,0.4646,12622712,1.3314,3645.8924
i64,LowCardinality,Timsort,100000,0.5157,516617,0,0.4639,12623413,1.3314,2958.9303
i64,LowCardinality,ARS Gen 1: Foundation,100000,1.2990,99984,300000,0.4647,12811431,1.3288,1174.6955
i64,LowCardinality,ARS Gen 2: Grid Mapping,100000,1.6258,99984,300000,0.4647,12823470,1.3291,938.5634
i64,LowCardinality,ARS Gen 3: Apex Baseline,100000,1.7917,1144941,108703,0.4647,12631931,1.3318,851.6185
i64,LowCardinality,ARS Gen 4: Parallel Apex,100000,0.4997,144579,100000,0.4641,12633022,1.3304,3053.4433
i64,LowCardinality,ARS Gen 5: Optimized Apex (MAIN),100000,0.3611,144579,0,0.4641,12633356,1.3302,4225.1260
i64,LowCardinality,ARS Gen 5: Optimized Apex (Stable),100000,0.4183,145223,0,0.4642,12632423,1.3299,3647.6356
i64,LowCardinality,ARS Gen 6: Aero Architecture,100000,0.5316,99988,0,0.4642,12655434,1.3302,2870.4002
i64,LowCardinality,ARS Gen 6: Aero (Stable),100000,0.5205,99988,0,0.4641,12655701,1.3302,2931.4680
i64,LowCardinality,ARS Exp A: Recursive Parallel,100000,0.4400,199988,0,0.4638,12636299,1.3303,3468.0248
i64,LowCardinality,ARS Exp B: Hierarchical Staging,100000,0.5337,199972,0,0.4640,12630600,1.3304,2859.0788
i64,LowCardinality,ARS Exp C: Adaptive Hierarchical,100000,0.3936,100004,0,0.4639,12632889,1.3302,3876.5574
i64,LowCardinality,ARS Exp D: Stream Micro-Batch,100000,0.7425,144579,200000,0.4640,12636024,1.3295,2055.0032
i64,LowCardinality,Quicksort,1000000,4.0776,5201420,0,0.4594,12647928,1.3386,3742.1069
i64,LowCardinality,Timsort,1000000,7.6002,6174589,0,0.4545,12649732,1.3337,2007.6847
i64,LowCardinality,ARS Gen 3: Apex Baseline,1000000,19.2843,12089713,1017407,0.4629,12715086,1.3392,791.2551
i64,LowCardinality,ARS Gen 4: Parallel Apex,1000000,6.2641,999990,1000000,0.4687,12666280,1.2901,2435.8992
i64,LowCardinality,ARS Gen 5: Optimized Apex (MAIN),1000000,6.4636,999990,0,0.4687,12664408,1.2979,2360.7352
i64,LowCardinality,ARS Gen 5: Optimized Apex (Stable),1000000,6.3331,999990,0,0.4686,12664640,1.2977,2409.3579
i64,LowCardinality,ARS Gen 6: Aero Architecture,1000000,4.1968,999990,0,0.4662,12914518,1.3182,3635.8195
i64,LowCardinality,ARS Gen 6: Aero (Stable),1000000,4.4083,999990,0,0.4662,12915670,1.3215,3461.3646
i64,LowCardinality,ARS Exp A: Recursive Parallel,1000000,7.9412,1999974,0,0.4682,12671895,1.2948,1921.4659
i64,LowCardinality,ARS Exp B: Hierarchical Staging,1000000,7.0966,1999974,0,0.4674,12659391,1.3079,2150.1403
i64,LowCardinality,ARS Exp C: Adaptive Hierarchical,1000000,7.6512,1999984,0,0.4675,12669375,1.2916,1994.2954
i64,LowCardinality,ARS Exp D: Stream Micro-Batch,1000000,16.5679,5706274,2000000,0.4591,12724233,1.3222,920.9852
i64,PrefixCollision,Quicksort,1000,0.0107,10179,0,0.4602,12711705,1.3210,1431.9434
i64,PrefixCollision,Timsort,1000,0.0169,10913,0,0.4602,12712310,1.3210,905.4049
i64,PrefixCollision,ARS Gen 1: Foundation,1000,0.2223,0,2000,0.4601,12719224,1.3211,68.6411
i64,PrefixCollision,ARS Gen 2: Grid Mapping,1000,0.2650,0,2000,0.4601,12719944,1.3211,57.5751
i64,PrefixCollision,ARS Gen 3: Apex Baseline,1000,0.0106,10179,0,0.4602,12711686,1.3210,1443.0480
i64,PrefixCollision,ARS Gen 4: Parallel Apex,1000,0.0107,10179,0,0.4602,12711700,1.3210,1421.0085
i64,PrefixCollision,ARS Gen 5: Optimized Apex (MAIN),1000,0.0106,10179,0,0.4602,12711693,1.3210,1435.8510
i64,PrefixCollision,ARS Gen 5: Optimized Apex (Stable),1000,0.0172,10913,0,0.4602,12712278,1.3210,887.8099
i64,PrefixCollision,ARS Gen 6: Aero Architecture,1000,0.0116,10179,0,0.4602,12711684,1.3210,1317.5709
i64,PrefixCollision,ARS Gen 6: Aero (Stable),1000,0.0174,10913,0,0.4602,12712272,1.3210,876.1363
i64,PrefixCollision,ARS Exp A: Recursive Parallel,1000,0.0108,10179,0,0.4602,12711678,1.3210,1411.5439
i64,PrefixCollision,ARS Exp B: Hierarchical Staging,1000,0.0107,10179,0,0.4602,12711702,1.3210,1421.0085
i64,PrefixCollision,ARS Exp C: Adaptive Hierarchical,1000,0.0107,10179,0,0.4602,12711703,1.3210,1431.9434
i64,PrefixCollision,ARS Exp D: Stream Micro-Batch,1000,0.1107,10179,2000,0.4601,12712165,1.3209,137.7843
i64,PrefixCollision,Quicksort,10000,0.1339,137738,0,0.4599,12718327,1.3208,1139.6341
i64,PrefixCollision,Timsort,10000,0.2027,141392,0,0.4599,12724454,1.3208,752.7733
i64,PrefixCollision,ARS Gen 1: Foundation,10000,5.0218,0,30000,0.4579,12810475,1.3252,30.3851
i64,PrefixCollision,ARS Gen 2: Grid Mapping,10000,5.7629,0,30000,0.4566,12815545,1.3253,26.4778
i64,PrefixCollision,ARS Gen 3: Apex Baseline,10000,0.3155,193231,14351,0.4597,12723563,1.3207,483.5969
i64,PrefixCollision,ARS Gen 4: Parallel Apex,10000,0.2252,51645,10000,0.4596,12725053,1.3204,677.4488
i64,PrefixCollision,ARS Gen 5: Optimized Apex (MAIN),10000,0.1372,51645,0,0.4596,12724289,1.3204,1112.0918
i64,PrefixCollision,ARS Gen 5: Optimized Apex (Stable),10000,0.1590,57426,0,0.4596,12727672,1.3204,959.8534
i64,PrefixCollision,ARS Gen 6: Aero Architecture,10000,0.3029,59080,0,0.4596,12727558,1.3205,503.8082
i64,PrefixCollision,ARS Gen 6: Aero (Stable),10000,0.3108,61965,0,0.4596,12731491,1.3205,490.9536
i64,PrefixCollision,ARS Exp A: Recursive Parallel,10000,0.1604,51645,0,0.4596,12724575,1.3203,951.3139
i64,PrefixCollision,ARS Exp B: Hierarchical Staging,10000,0.1547,51645,0,0.4596,12724644,1.3203,986.3279
i64,PrefixCollision,ARS Exp C: Adaptive Hierarchical,10000,0.1547,51645,0,0.4596,12724619,1.3203,986.0284
i64,PrefixCollision,ARS Exp D: Stream Micro-Batch,10000,0.3358,51645,20000,0.4594,12726632,1.3202,454.4038
i64,PrefixCollision,Quicksort,100000,1.6607,1704558,0,0.4586,12796977,1.3224,918.8195
i64,PrefixCollision,Timsort,100000,2.3195,1748721,0,0.4578,12852584,1.3224,657.8369
i64,PrefixCollision,ARS Gen 1: Foundation,100000,44.3439,6,300000,0.3604,13727703,1.2546,34.4102
i64,PrefixCollision,ARS Gen 2: Grid Mapping,100000,44.9726,6,300000,0.3676,13770741,1.2745,33.9291
i64,PrefixCollision,ARS Gen 3: Apex Baseline,100000,2.3628,1886207,108703,0.4583,12816589,1.3209,645.7949
i64,PrefixCollision,ARS Gen 4: Parallel Apex,100000,0.9449,879882,100000,0.4582,12814870,1.3191,1614.7738
i64,PrefixCollision,ARS Gen 5: Optimized Apex (MAIN),100000,0.8052,879882,0,0.4580,12812300,1.3188,1895.1157
i64,PrefixCollision,ARS Gen 5: Optimized Apex (Stable),100000,0.7831,922129,0,0.4581,12865436,1.3185,1948.5607
i64,PrefixCollision,ARS Gen 6: Aero Architecture,100000,0.8394,954423,0,0.4581,12821613,1.3183,1817.7733
i64,PrefixCollision,ARS Gen 6: Aero (Stable),100000,0.8887,993675,0,0.4583,12868877,1.3175,1716.9709
i64,PrefixCollision,ARS Exp A: Recursive Parallel,100000,0.6912,879882,0,0.4579,12811475,1.3192,2207.5443
i64,PrefixCollision,ARS Exp B: Hierarchical Staging,100000,0.6887,773088,0,0.4579,12805188,1.3195,2215.6445
i64,PrefixCollision,ARS Exp C: Adaptive Hierarchical,100000,0.7423,879882,0,0.4579,12811029,1.3190,2055.5485
i64,PrefixCollision,ARS Exp D: Stream Micro-Batch,100000,1.0929,879882,200000,0.4581,12816361,1.3183,1396.1756
i64,PrefixCollision,Quicksort,1000000,18.2139,20437271,0,0.4524,13375475,1.3495,837.7573
i64,PrefixCollision,Timsort,1000000,29.0433,20799465,0,0.4453,13923849,1.3443,525.3800
i64,PrefixCollision,ARS Gen 3: Apex Baseline,1000000,22.0430,21505010,1017407,0.4545,13493569,1.3282,692.2272
i64,PrefixCollision,ARS Gen 4: Parallel Apex,1000000,9.5783,10221412,1000000,0.4607,13434396,1.2996,1593.0595
i64,PrefixCollision,ARS Gen 5: Optimized Apex (MAIN),1000000,8.4641,10221412,0,0.4606,13402576,1.2936,1802.7572
i64,PrefixCollision,ARS Gen 5: Optimized Apex (Stable),1000000,9.1155,10628930,0,0.4606,13940282,1.2925,1673.9377
i64,PrefixCollision,ARS Gen 6: Aero Architecture,1000000,6.4900,12929332,0,0.4584,13520230,1.3109,2351.1079
i64,PrefixCollision,ARS Gen 6: Aero (Stable),1000000,8.2650,13335182,0,0.4574,14065494,1.3121,1846.1975
i64,PrefixCollision,ARS Exp A: Recursive Parallel,1000000,8.4055,10221412,0,0.4592,13401902,1.2996,1815.3345
i64,PrefixCollision,ARS Exp B: Hierarchical Staging,1000000,9.1595,11275443,0,0.4610,13391482,1.3052,1665.9025
i64,PrefixCollision,ARS Exp C: Adaptive Hierarchical,1000000,9.2312,12322876,0,0.4609,13399677,1.2931,1652.9662
i64,PrefixCollision,ARS Exp D: Stream Micro-Batch,1000000,25.0345,13663621,2000000,0.4592,14435574,1.2954,609.5106
f64,Random,Quicksort,1000,0.0182,10325,0,0.4669,20513344,1.2825,840.1029
f64,Random,Timsort,1000,0.0263,10521,0,0.4669,20513841,1.2825,580.2924
f64,Random,ARS Gen 1: Foundation,1000,0.2341,0,2000,0.4669,20520727,1.2826,65.1851
f64,Random,ARS Gen 2: Grid Mapping,1000,0.2752,0,2000,0.4669,20521506,1.2827,55.4426
f64,Random,ARS Gen 3: Apex Baseline,1000,0.0172,10325,0,0.4669,20513332,1.2825,886.2115
f64,Random,ARS Gen 4: Parallel Apex,1000,0.0174,10325,0,0.4669,20513337,1.2825,875.0309
f64,Random,ARS Gen 5: Optimized Apex (MAIN),1000,0.0173,10325,0,0.4669,20513335,1.2825,879.7226
f64,Random,ARS Gen 5: Optimized Apex (Stable),1000,0.0262,10521,0,0.4669,20513873,1.2825,582.5522
f64,Random,ARS Gen 6: Aero Architecture,1000,0.0181,10325,0,0.4669,20513336,1.2825,843.1202
f64,Random,ARS Gen 6: Aero (Stable),1000,0.0265,10521,0,0.4669,20513859,1.2825,576.1077
f64,Random,ARS Exp A: Recursive Parallel,1000,0.0183,10325,0,0.4669,20513337,1.2825,833.4493
f64,Random,ARS Exp B: Hierarchical Staging,1000,0.0173,10325,0,0.4669,20513346,1.2825,881.7561
f64,Random,ARS Exp C: Adaptive Hierarchical,1000,0.0175,10325,0,0.4669,20513323,1.2825,873.8783
f64,Random,ARS Exp D: Stream Micro-Batch,1000,0.1197,10325,2000,0.4669,20514062,1.2824,127.4880
f64,Random,Quicksort,10000,0.2257,136464,0,0.4667,20521462,1.2824,675.9752
f64,Random,Timsort,10000,0.3176,141512,0,0.4667,20526941,1.2823,480.3890
f64,Random,ARS Gen 1: Foundation,10000,5.3431,0,30000,0.4650,20612503,1.2863,28.5579
f64,Random,ARS Gen 2: Grid Mapping,10000,5.8659,0,30000,0.4627,20617942,1.2861,26.0126
f64,Random,ARS Gen 3: Apex Baseline,10000,0.3943,193135,14351,0.4665,20526738,1.2823,386.9578
f64,Random,ARS Gen 4: Parallel Apex,10000,0.2449,73138,10000,0.4665,20528768,1.2821,623.1435
f64,Random,ARS Gen 5: Optimized Apex (MAIN),10000,0.1570,73138,0,0.4664,20528239,1.2820,971.5880
f64,Random,ARS Gen 5: Optimized Apex (Stable),10000,0.1812,76380,0,0.4664,20533418,1.2820,842.1616
f64,Random,ARS Gen 6: Aero Architecture,10000,0.2522,62698,0,0.4664,20529566,1.2820,605.0801
f64,Random,ARS Gen 6: Aero (Stable),10000,0.2685,65867,0,0.4665,20533569,1.2820,568.2446
f64,Random,ARS Exp A: Recursive Parallel,10000,0.1762,73138,0,0.4664,20528446,1.2820,866.0122
f64,Random,ARS Exp B: Hierarchical Staging,10000,0.1619,73138,0,0.4664,20528708,1.2820,942.6628
f64,Random,ARS Exp C: Adaptive Hierarchical,10000,0.1707,73138,0,0.4665,20528395,1.2820,894.1151
f64,Random,ARS Exp D: Stream Micro-Batch,10000,0.3637,73138,20000,0.4663,20530637,1.2820,419.5490
f64,Random,Quicksort,100000,2.6895,1705718,0,0.4656,20607373,1.2843,567.3448
f64,Random,Timsort,100000,3.4087,1751732,0,0.4650,20655970,1.2839,447.6377
f64,Random,ARS Gen 1: Foundation,100000,39.1245,0,300000,0.3908,21520825,1.2487,39.0006
f64,Random,ARS Gen 2: Grid Mapping,100000,49.8835,0,300000,0.3810,21576574,1.2487,30.5888
f64,Random,ARS Gen 3: Apex Baseline,100000,3.1335,1884272,108703,0.4655,20622116,1.2821,486.9611
f64,Random,ARS Gen 4: Parallel Apex,100000,1.1714,1101865,100000,0.4655,20619440,1.2810,1302.5835
f64,Random,ARS Gen 5: Optimized Apex (MAIN),100000,0.9659,1101865,0,0.4656,20623749,1.2807,1579.8268
f64,Random,ARS Gen 5: Optimized Apex (Stable),100000,1.1616,1142841,0,0.4655,20676014,1.2807,1313.5558
f64,Random,ARS Gen 6: Aero Architecture,100000,1.0092,1002379,0,0.4654,20633110,1.2813,1511.9958
f64,Random,ARS Gen 6: Aero (Stable),100000,1.1564,1045724,0,0.4653,20686879,1.2809,1319.4554
f64,Random,ARS Exp A: Recursive Parallel,100000,0.9816,1101865,0,0.4651,20623254,1.2817,1554.5099
f64,Random,ARS Exp B: Hierarchical Staging,100000,0.8812,999614,0,0.4653,20615803,1.2819,1731.5724
f64,Random,ARS Exp C: Adaptive Hierarchical,100000,1.0262,1101865,0,0.4653,20622574,1.2809,1486.8839
f64,Random,ARS Exp D: Stream Micro-Batch,100000,1.3221,1101865,200000,0.4653,20623986,1.2812,1154.1223
f64,Random,Quicksort,1000000,29.2588,20430901,0,0.4608,21214005,1.3127,521.5115
f64,Random,Timsort,1000000,42.4633,20822215,0,0.4554,21693214,1.3053,359.3403
f64,Random,ARS Gen 3: Apex Baseline,1000000,27.3040,21498086,1017407,0.4627,21273366,1.2867,558.8479
f64,Random,ARS Gen 4: Parallel Apex,1000000,10.7509,12665814,1000000,0.4689,21221770,1.2703,1419.2981
f64,Random,ARS Gen 5: Optimized Apex (MAIN),1000000,10.1789,12665814,0,0.4688,21236765,1.2653,1499.0591
f64,Random,ARS Gen 5: Optimized Apex (Stable),1000000,12.0677,13081361,0,0.4677,21747054,1.2685,1264.4306
f64,Random,ARS Gen 6: Aero Architecture,1000000,9.0529,13583765,0,0.4666,21379964,1.2842,1685.5193
f64,Random,ARS Gen 6: Aero (Stable),1000000,11.2785,14002566,0,0.4656,21885491,1.2831,1352.9128
f64,Random,ARS Exp A: Recursive Parallel,1000000,10.7553,6406252,0,0.4647,21260306,1.2628,1418.7262
f64,Random,ARS Exp B: Hierarchical Staging,1000000,11.5400,5861815,0,0.4647,21176270,1.2731,1322.2522
f64,Random,ARS Exp C: Adaptive Hierarchical,1000000,11.0710,7398340,0,0.4658,21226020,1.2640,1378.2651
f64,Random,ARS Exp D: Stream Micro-Batch,1000000,25.5307,14470213,2000000,0.4684,22798967,1.2594,597.6654
f64,Gaussian,Quicksort,1000,0.0188,10345,0,0.4667,21993090,1.2530,812.4588
f64,Gaussian,Timsort,1000,0.0271,10685,0,0.4667,21993629,1.2530,563.8873
f64,Gaussian,ARS Gen 1: Foundation,1000,0.2422,0,2000,0.4667,22000423,1.2531,62.9974
f64,Gaussian,ARS Gen 2: Grid Mapping,1000,0.2845,0,2000,0.4667,22001221,1.2531,53.6386
f64,Gaussian,ARS Gen 3: Apex Baseline,1000,0.0180,10345,0,0.4667,21993126,1.2530,845.8309
f64,Gaussian,ARS Gen 4: Parallel Apex,1000,0.0180,10345,0,0.4667,21993084,1.2530,847.5222
f64,Gaussian,ARS Gen 5: Optimized Apex (MAIN),1000,0.0182,10345,0,0.4667,21993101,1.2530,838.0266
f64,Gaussian,ARS Gen 5: Optimized Apex (Stable),1000,0.0274,10685,0,0.4667,21993671,1.2530,556.0783
f64,Gaussian,ARS Gen 6: Aero Architecture,1000,0.0188,10345,0,0.4667,21993098,1.2530,812.2858
f64,Gaussian,ARS Gen 6: Aero (Stable),1000,0.0271,10685,0,0.4667,21993658,1.2530,563.2628
f64,Gaussian,ARS Exp A: Recursive Parallel,1000,0.0190,10345,0,0.4667,21993092,1.2530,804.3218
f64,Gaussian,ARS Exp B: Hierarchical Staging,1000,0.0180,10345,0,0.4667,21993091,1.2530,848.2760
f64,Gaussian,ARS Exp C: Adaptive Hierarchical,1000,0.0179,10345,0,0.4667,21993075,1.2530,852.3511
f64,Gaussian,ARS Exp D: Stream Micro-Batch,1000,0.1239,10345,2000,0.4667,21993807,1.2529,123.1640
f64,Gaussian,Quicksort,10000,0.2328,137462,0,0.4665,22000752,1.2529,655.5026
f64,Gaussian,Timsort,10000,0.3268,141011,0,0.4665,22005887,1.2529,466.9724
f64,Gaussian,ARS Gen 1: Foundation,10000,5.4663,0,30000,0.4650,22091598,1.2566,27.9144
f64,Gaussian,ARS Gen 2: Grid Mapping,10000,5.8006,0,30000,0.4639,22097226,1.2566,26.3053
f64,Gaussian,ARS Gen 3: Apex Baseline,10000,0.4046,192671,14351,0.4664,22006171,1.2528,377.1476
f64,Gaussian,ARS Gen 4: Parallel Apex,10000,0.3876,125399,10000,0.4663,22008107,1.2528,393.6360
f64,Gaussian,ARS Gen 5: Optimized Apex (MAIN),10000,0.2959,125399,0,0.4663,22006834,1.2527,515.6634
f64,Gaussian,ARS Gen 5: Optimized Apex (Stable),10000,0.3284,130052,0,0.4663,22013038,1.2527,464.6630
f64,Gaussian,ARS Gen 6: Aero Architecture,10000,0.3882,109718,0,0.4663,22009613,1.2527,393.0763
f64,Gaussian,ARS Gen 6: Aero (Stable),10000,0.4331,113881,0,0.4663,22015344,1.2527,352.3140
f64,Gaussian,ARS Exp A: Recursive Parallel,10000,0.2543,48812,0,0.4661,22013737,1.2524,599.9225
f64,Gaussian,ARS Exp B: Hierarchical Staging,10000,0.2956,125399,0,0.4663,22008813,1.2527,516.1256
f64,Gaussian,ARS Exp C: Adaptive Hierarchical,10000,0.2973,125399,0,0.4663,22008426,1.2528,513.3215
f64,Gaussian,ARS Exp D: Stream Micro-Batch,10000,0.5028,125399,20000,0.4663,22010296,1.2526,303.5023
f64,Gaussian,Quicksort,100000,2.6144,1710455,0,0.4657,22074123,1.2550,583.6442
f64,Gaussian,Timsort,100000,3.4331,1746462,0,0.4653,22122681,1.2546,444.4568
f64,Gaussian,ARS Gen 1: Foundation,100000,41.4878,0,300000,0.3902,22988871,1.2199,36.7789
f64,Gaussian,ARS Gen 2: Grid Mapping,100000,45.0482,0,300000,0.3859,23041290,1.2209,33.8721
f64,Gaussian,ARS Gen 3: Apex Baseline,100000,3.0657,1884751,108703,0.4656,22088622,1.2534,497.7225
f64,Gaussian,ARS Gen 4: Parallel Apex,100000,2.0545,1586392,100000,0.4652,22086242,1.2550,742.7005
f64,Gaussian,ARS Gen 5: Optimized Apex (MAIN),100000,1.7030,1586392,0,0.4656,22088705,1.2538,895.9684
f64,Gaussian,ARS Gen 5: Optimized Apex (Stable),100000,2.1673,1629438,0,0.4651,22139086,1.2535,704.0415
f64,Gaussian,ARS Gen 6: Aero Architecture,100000,1.4267,1447738,0,0.4656,22102871,1.2535,1069.5088
f64,Gaussian,ARS Gen 6: Aero (Stable),100000,1.7393,1487078,0,0.4654,22154463,1.2532,877.2933
f64,Gaussian,ARS Exp A: Recursive Parallel,100000,1.1133,834504,0,0.4645,22101884,1.2519,1370.5639
f64,Gaussian,ARS Exp B: Hierarchical Staging,100000,1.1511,657220,0,0.4644,22088065,1.2525,1325.6052
f64,Gaussian,ARS Exp C: Adaptive Hierarchical,100000,1.1825,834504,0,0.4645,22098739,1.2522,1290.3347
f64,Gaussian,ARS Exp D: Stream Micro-Batch,100000,2.1457,1586392,200000,0.4652,22092302,1.2545,711.1287
f64,Gaussian,Quicksort,1000000,29.9906,20420624,0,0.4615,22641781,1.2835,508.7855
f64,Gaussian,Timsort,1000000,43.6263,20810565,0,0.4559,23120605,1.2774,349.7610
f64,Gaussian,ARS Gen 3: Apex Baseline,1000000,28.4479,21491076,1017407,0.4628,22701270,1.2588,536.3775
f64,Gaussian,ARS Gen 4: Parallel Apex,1000000,20.8548,17729670,1000000,0.4664,22649014,1.2627,731.6681
f64,Gaussian,ARS Gen 5: Optimized Apex (MAIN),1000000,18.7671,17729670,0,0.4669,22660308,1.2552,813.0606
f64,Gaussian,ARS Gen 5: Optimized Apex (Stable),1000000,24.2817,18126422,0,0.4621,23157568,1.2553,628.4071
f64,Gaussian,ARS Gen 6: Aero Architecture,1000000,14.0411,17798278,0,0.4648,22850061,1.2653,1086.7234
f64,Gaussian,ARS Gen 6: Aero (Stable),1000000,18.0443,18171061,0,0.4620,23342805,1.2564,845.6276
f64,Gaussian,ARS Exp A: Recursive Parallel,1000000,14.1594,9157468,0,0.4669,22711523,1.2351,1077.6438
f64,Gaussian,ARS Exp B: Hierarchical Staging,1000000,15.7213,9620349,0,0.4700,22673132,1.2373,970.5817
f64,Gaussian,ARS Exp C: Adaptive Hierarchical,1000000,15.6671,11727786,0,0.4707,22686687,1.2402,973.9412
f64,Gaussian,ARS Exp D: Stream Micro-Batch,1000000,27.5543,19223473,2000000,0.4661,24197111,1.2495,553.7719
f64,NearlySorted,Quicksort,1000,0.0177,9762,0,0.4629,22904326,1.2524,863.4444
f64,NearlySorted,Timsort,1000,0.0230,9882,0,0.4629,22904623,1.2524,664.1475
f64,NearlySorted,ARS Gen 1: Foundation,1000,0.1205,0,2000,0.4629,22907244,1.2525,126.6384
f64,NearlySorted,ARS Gen 2: Grid Mapping,1000,0.1628,0,2000,0.4629,22908084,1.2525,93.7232
f64,NearlySorted,ARS Gen 3: Apex Baseline,1000,0.0166,9762,0,0.4629,22904327,1.2524,916.5539
f64,NearlySorted,ARS Gen 4: Parallel Apex,1000,0.0168,9762,0,0.4629,22904317,1.2524,906.7500
f64,NearlySorted,ARS Gen 5: Optimized Apex (MAIN),1000,0.0169,9762,0,0.4629,22904317,1.2524,903.2076
f64,NearlySorted,ARS Gen 5: Optimized Apex (Stable),1000,0.0227,9882,0,0.4629,22904619,1.2524,671.7199
f64,NearlySorted,ARS Gen 6: Aero Architecture,1000,0.0177,9762,0,0.4629,22904325,1.2524,861.2999
f64,NearlySorted,ARS Gen 6: Aero (Stable),1000,0.0235,9882,0,0.4629,22904726,1.2524,650.5837
f64,NearlySorted,ARS Exp A: Recursive Parallel,1000,0.0179,9762,0,0.4629,22904334,1.2524,850.2139
f64,NearlySorted,ARS Exp B: Hierarchical Staging,1000,0.0171,9762,0,0.4629,22904324,1.2524,891.8053
f64,NearlySorted,ARS Exp C: Adaptive Hierarchical,1000,0.0169,9762,0,0.4629,22904305,1.2524,901.1273
f64,NearlySorted,ARS Exp D: Stream Micro-Batch,1000,0.1268,9762,2000,0.4629,22905046,1.2524,120.3792
f64,NearlySorted,Quicksort,10000,0.2227,134689,0,0.4627,22911402,1.2524,685.1478
f64,NearlySorted,Timsort,10000,0.2853,132195,0,0.4627,22914507,1.2523,534.7544
f64,NearlySorted,ARS Gen 1: Foundation,10000,2.2088,0,30000,0.4620,22947111,1.2542,69.0813
f64,NearlySorted,ARS Gen 2: Grid Mapping,10000,2.4542,0,30000,0.4615,22954493,1.2542,62.1745
f64,NearlySorted,ARS Gen 3: Apex Baseline,10000,0.3872,187157,14351,0.4626,22916308,1.2523,394.1302
f64,NearlySorted,ARS Gen 4: Parallel Apex,10000,0.4852,129133,10000,0.4625,22918002,1.2523,314.4754
f64,NearlySorted,ARS Gen 5: Optimized Apex (MAIN),10000,0.3829,129133,0,0.4625,22918533,1.2522,398.5038
f64,NearlySorted,ARS Gen 5: Optimized Apex (Stable),10000,0.4190,124389,0,0.4625,22922166,1.2522,364.1629
f64,NearlySorted,ARS Gen 6: Aero Architecture,10000,0.3039,112273,0,0.4625,22920356,1.2522,502.0676
f64,NearlySorted,ARS Gen 6: Aero (Stable),10000,0.3306,109531,0,0.4625,22922900,1.2521,461.6084
f64,NearlySorted,ARS Exp A: Recursive Parallel,10000,0.2326,51743,0,0.4624,22922326,1.2520,656.0183
f64,NearlySorted,ARS Exp B: Hierarchical Staging,10000,0.3862,129133,0,0.4625,22918314,1.2522,395.1181
f64,NearlySorted,ARS Exp C: Adaptive Hierarchical,10000,0.3940,129133,0,0.4625,22917859,1.2523,387.2612
f64,NearlySorted,ARS Exp D: Stream Micro-Batch,10000,0.5677,129133,20000,0.4624,22922382,1.2521,268.7821
f64,NearlySorted,Quicksort,100000,2.5902,1716043,0,0.4621,22970832,1.2541,589.0994
f64,NearlySorted,Timsort,100000,3.0414,1660908,0,0.4615,22992105,1.2538,501.7030
f64,NearlySorted,ARS Gen 1: Foundation,100000,18.7249,0,300000,0.4409,23303491,1.2501,81.4891
f64,NearlySorted,ARS Gen 2: Grid Mapping,100000,21.1937,0,300000,0.4405,23376996,1.2523,71.9967
f64,NearlySorted,ARS Gen 3: Apex Baseline,100000,2.7992,1830188,108703,0.4621,22983665,1.2524,545.1205
f64,NearlySorted,ARS Gen 4: Parallel Apex,100000,3.4090,1653890,100000,0.4615,22984041,1.2545,447.6014
f64,NearlySorted,ARS Gen 5: Optimized Apex (MAIN),100000,2.8928,1653890,0,0.4616,22985948,1.2534,527.4806
f64,NearlySorted,ARS Gen 5: Optimized Apex (Stable),100000,3.3555,1589383,0,0.4612,23005505,1.2528,454.7460
f64,NearlySorted,ARS Gen 6: Aero Architecture,100000,1.6817,1472393,0,0.4619,23009322,1.2528,907.3237
f64,NearlySorted,ARS Gen 6: Aero (Stable),100000,1.9300,1387582,0,0.4615,23027542,1.2525,790.5965
f64,NearlySorted,ARS Exp A: Recursive Parallel,100000,1.0971,815713,0,0.4610,22996262,1.2512,1390.8814
f64,NearlySorted,ARS Exp B: Hierarchical Staging,100000,1.0567,631229,0,0.4610,22976668,1.2521,1444.0285
f64,NearlySorted,ARS Exp C: Adaptive Hierarchical,100000,1.1543,815713,0,0.4609,22994168,1.2516,1321.9130
f64,NearlySorted,ARS Exp D: Stream Micro-Batch,100000,3.4819,1653890,200000,0.4615,22989201,1.2538,438.2273
f64,NearlySorted,Quicksort,1000000,30.7488,20672771,0,0.4588,23477265,1.2821,496.2401
f64,NearlySorted,Timsort,1000000,40.0532,19775927,0,0.4528,23676263,1.2763,380.9631
f64,NearlySorted,ARS Gen 3: Apex Baseline,1000000,26.2702,20984698,1017407,0.4620,23529606,1.2593,580.8410
f64,NearlySorted,ARS Gen 4: Parallel Apex,1000000,20.0608,18442598,1000000,0.4636,23495263,1.2623,760.6277
f64,NearlySorted,ARS Gen 5: Optimized Apex (MAIN),1000000,17.1884,18442598,0,0.4636,23502147,1.2572,887.7396
f64,NearlySorted,ARS Gen 5: Optimized Apex (Stable),1000000,22.3677,17501336,0,0.4595,23667922,1.2515,682.1811
f64,NearlySorted,ARS Gen 6: Aero Architecture,1000000,16.2650,18449113,0,0.4617,23753240,1.2710,938.1357
f64,NearlySorted,ARS Gen 6: Aero (Stable),1000000,21.4286,17575612,0,0.4578,23920055,1.2626,712.0760
f64,NearlySorted,ARS Exp A: Recursive Parallel,1000000,14.1352,8914015,0,0.4634,23517236,1.2307,1079.4851
f64,NearlySorted,ARS Exp B: Hierarchical Staging,1000000,15.3592,9611874,0,0.4672,23489854,1.2416,993.4603
f64,NearlySorted,ARS Exp C: Adaptive Hierarchical,1000000,16.2929,11855374,0,0.4675,23523030,1.2313,936.5280
f64,NearlySorted,ARS Exp D: Stream Micro-Batch,1000000,19.6576,16617914,2000000,0.4641,23770594,1.2526,776.2296
f64,Duplicates,Quicksort,1000,0.0049,3735,0,0.4591,24091272,1.2490,3133.8651
f64,Duplicates,Timsort,1000,0.0068,3747,0,0.4591,24091339,1.2490,2232.7757
f64,Duplicates,ARS Gen 1: Foundation,1000,0.0327,995,2000,0.4591,24092571,1.2491,466.8581
f64,Duplicates,ARS Gen 2: Grid Mapping,1000,0.0305,995,2000,0.4591,24091961,1.2491,500.9451
f64,Duplicates,ARS Gen 3: Apex Baseline,1000,0.0047,3735,0,0.4591,24091270,1.2490,3269.5070
f64,Duplicates,ARS Gen 4: Parallel Apex,1000,0.0047,3735,0,0.4591,24091273,1.2490,3227.3243
f64,Duplicates,ARS Gen 5: Optimized Apex (MAIN),1000,0.0048,3735,0,0.4591,24091271,1.2490,3202.2642
f64,Duplicates,ARS Gen 5: Optimized Apex (Stable),1000,0.0069,3747,0,0.4591,24091356,1.2490,2212.0599
f64,Duplicates,ARS Gen 6: Aero Architecture,1000,0.0048,3735,0,0.4591,24091279,1.2490,3160.4783
f64,Duplicates,ARS Gen 6: Aero (Stable),1000,0.0068,3747,0,0.4591,24091346,1.2490,2230.4910
f64,Duplicates,ARS Exp A: Recursive Parallel,1000,0.0048,3735,0,0.4591,24091279,1.2490,3159.1696
f64,Duplicates,ARS Exp B: Hierarchical Staging,1000,0.0047,3735,0,0.4591,24091278,1.2490,3215.7617
f64,Duplicates,ARS Exp C: Adaptive Hierarchical,1000,0.0047,3735,0,0.4591,24091270,1.2490,3250.0083
f64,Duplicates,ARS Exp D: Stream Micro-Batch,1000,0.1087,3735,2000,0.4591,24091789,1.2490,140.4153
f64,Duplicates,Quicksort,10000,0.0437,36573,0,0.4589,24093827,1.2489,3490.1963
f64,Duplicates,Timsort,10000,0.0617,36775,0,0.4589,24094093,1.2489,2472.9813
f64,Duplicates,ARS Gen 1: Foundation,10000,0.1983,9995,30000,0.4589,24105413,1.2489,769.4956
f64,Duplicates,ARS Gen 2: Grid Mapping,10000,0.2401,9995,30000,0.4589,24104735,1.2490,635.5022
f64,Duplicates,ARS Gen 3: Apex Baseline,10000,0.2833,115988,14351,0.4588,24096056,1.2489,538.5537
f64,Duplicates,ARS Gen 4: Parallel Apex,10000,0.1986,9999,10000,0.4588,24098891,1.2488,768.2326
f64,Duplicates,ARS Gen 5: Optimized Apex (MAIN),10000,0.1193,9999,0,0.4588,24098676,1.2488,1278.8981
f64,Duplicates,ARS Gen 5: Optimized Apex (Stable),10000,0.1158,9999,0,0.4588,24098290,1.2488,1317.4231
f64,Duplicates,ARS Gen 6: Aero Architecture,10000,0.2689,9999,0,0.4588,24103973,1.2488,567.4374
f64,Duplicates,ARS Gen 6: Aero (Stable),10000,0.2642,9999,0,0.4587,24104203,1.2488,577.4879
f64,Duplicates,ARS Exp A: Recursive Parallel,10000,0.1269,9999,0,0.4588,24098687,1.2488,1201.9811
f64,Duplicates,ARS Exp B: Hierarchical Staging,10000,0.1202,9999,0,0.4588,24098386,1.2488,1269.0488
f64,Duplicates,ARS Exp C: Adaptive Hierarchical,10000,0.1214,9999,0,0.4588,24097888,1.2488,1256.7880
f64,Duplicates,ARS Exp D: Stream Micro-Batch,10000,0.2964,9999,20000,0.4587,24100460,1.2487,514.8561
f64,Duplicates,Quicksort,100000,0.4557,362094,0,0.4581,24110597,1.2490,3348.6564
f64,Duplicates,Timsort,100000,0.6282,382517,0,0.4576,24111225,1.2489,2428.8849
f64,Duplicates,ARS Gen 1: Foundation,100000,1.1967,99995,300000,0.4582,24225036,1.2484,1275.0424
f64,Duplicates,ARS Gen 2: Grid Mapping,100000,1.3280,99995,300000,0.4581,24225281,1.2488,1148.9827
f64,Duplicates,ARS Gen 3: Apex Baseline,100000,2.1530,1129938,108703,0.4580,24119254,1.2492,708.7183
f64,Duplicates,ARS Gen 4: Parallel Apex,100000,0.5318,100001,100000,0.4576,24120619,1.2487,2869.4825
f64,Duplicates,ARS Gen 5: Optimized Apex (MAIN),100000,0.3592,100001,0,0.4576,24118741,1.2485,4248.0398
f64,Duplicates,ARS Gen 5: Optimized Apex (Stable),100000,0.3618,100001,0,0.4576,24119203,1.2485,4217.3370
f64,Duplicates,ARS Gen 6: Aero Architecture,100000,0.6236,100001,0,0.4578,24173018,1.2483,2446.7303
f64,Duplicates,ARS Gen 6: Aero (Stable),100000,0.6436,100001,0,0.4578,24173131,1.2481,2370.8350
f64,Duplicates,ARS Exp A: Recursive Parallel,100000,0.6033,199996,0,0.4574,24125573,1.2485,2529.1118
f64,Duplicates,ARS Exp B: Hierarchical Staging,100000,0.6186,199996,0,0.4576,24118734,1.2489,2466.5891
f64,Duplicates,ARS Exp C: Adaptive Hierarchical,100000,0.5708,199996,0,0.4574,24125628,1.2483,2673.0413
f64,Duplicates,ARS Exp D: Stream Micro-Batch,100000,0.8394,100001,200000,0.4577,24122510,1.2483,1817.8015
f64,Duplicates,Quicksort,1000000,4.1927,3809528,0,0.4559,24135004,1.2529,3639.4036
f64,Duplicates,Timsort,1000000,7.7729,4510660,0,0.4550,24136736,1.2501,1963.0643
f64,Duplicates,ARS Gen 3: Apex Baseline,1000000,23.3346,12062959,1017407,0.4572,24200919,1.2518,653.9133
f64,Duplicates,ARS Gen 4: Parallel Apex,1000000,6.3491,999999,1000000,0.4610,24151984,1.2297,2403.2844
f64,Duplicates,ARS Gen 5: Optimized Apex (MAIN),1000000,6.3190,999999,0,0.4611,24149104,1.2317,2414.7318
f64,Duplicates,ARS Gen 5: Optimized Apex (Stable),1000000,6.2719,999999,0,0.4610,24150051,1.2337,2432.8977
f64,Duplicates,ARS Gen 6: Aero Architecture,1000000,4.6982,999999,0,0.4590,24698268,1.2433,3247.8279
f64,Duplicates,ARS Gen 6: Aero (Stable),1000000,4.6996,999999,0,0.4590,24697828,1.2430,3246.8493
f64,Duplicates,ARS Exp A: Recursive Parallel,1000000,8.0953,1999994,0,0.4615,24158201,1.2283,1884.8897
f64,Duplicates,ARS Exp B: Hierarchical Staging,1000000,7.1007,1999994,0,0.4606,24146534,1.2395,2148.9212
f64,Duplicates,ARS Exp C: Adaptive Hierarchical,1000000,8.4912,1999994,0,0.4615,24156661,1.2268,1797.0201
f64,Duplicates,ARS Exp D: Stream Micro-Batch,1000000,18.9346,5364815,2000000,0.4528,24206098,1.2534,805.8660
f64,Zipfian,Quicksort,1000,0.0084,5508,0,0.4537,24228593,1.2417,1821.2926
f64,Zipfian,Timsort,1000,0.0114,5460,0,0.4537,24228778,1.2417,1341.7859
f64,Zipfian,ARS Gen 1: Foundation,1000,0.0492,921,2000,0.4537,24230793,1.2417,310.3588
f64,Zipfian,ARS Gen 2: Grid Mapping,1000,0.0580,921,2000,0.4537,24230892,1.2417,262.9330
f64,Zipfian,ARS Gen 3: Apex Baseline,1000,0.0088,5508,0,0.4537,24228590,1.2417,1728.6495
f64,Zipfian,ARS Gen 4: Parallel Apex,1000,0.0081,5508,0,0.4537,24228587,1.2417,1874.5441
f64,Zipfian,ARS Gen 5: Optimized Apex (MAIN),1000,0.0087,5508,0,0.4537,24228591,1.2417,1757.3176
f64,Zipfian,ARS Gen 5: Optimized Apex (Stable),1000,0.0115,5460,0,0.4537,24228783,1.2417,1321.6794
f64,Zipfian,ARS Gen 6: Aero Architecture,1000,0.0082,5508,0,0.4537,24228591,1.2417,1861.5090
f64,Zipfian,ARS Gen 6: Aero (Stable),1000,0.0114,5460,0,0.4537,24228782,1.2417,1343.9131
f64,Zipfian,ARS Exp A: Recursive Parallel,1000,0.0082,5508,0,0.4537,24228584,1.2417,1852.0195
f64,Zipfian,ARS Exp B: Hierarchical Staging,1000,0.0079,5508,0,0.4537,24228580,1.2417,1940.8279
f64,Zipfian,ARS Exp C: Adaptive Hierarchical,1000,0.0078,5508,0,0.4537,24228575,1.2417,1945.7777
f64,Zipfian,ARS Exp D: Stream Micro-Batch,1000,0.1040,5508,2000,0.4537,24229076,1.2417,146.6782
f64,Zipfian,Quicksort,10000,0.0676,53621,0,0.4535,24231435,1.2416,2258.0858
f64,Zipfian,Timsort,10000,0.0940,53742,0,0.4535,24232317,1.2416,1622.9819
f64,Zipfian,ARS Gen 1: Foundation,10000,0.2791,9683,30000,0.4534,24249390,1.2417,546.7748
f64,Zipfian,ARS Gen 2: Grid Mapping,10000,0.3165,9683,30000,0.4534,24249733,1.2417,482.1727
f64,Zipfian,ARS Gen 3: Apex Baseline,10000,0.2859,124917,14351,0.4534,24234417,1.2416,533.7107
f64,Zipfian,ARS Gen 4: Parallel Apex,10000,0.1998,10961,10000,0.4533,24238187,1.2415,763.8217
f64,Zipfian,ARS Gen 5: Optimized Apex (MAIN),10000,0.1229,10961,0,0.4533,24237374,1.2415,1241.0867
f64,Zipfian,ARS Gen 5: Optimized Apex (Stable),10000,0.1242,11013,0,0.4533,24237632,1.2414,1228.2594
f64,Zipfian,ARS Gen 6: Aero Architecture,10000,0.3351,13929,0,0.4533,24237872,1.2416,455.2837
f64,Zipfian,ARS Gen 6: Aero (Stable),10000,0.3423,14152,0,0.4533,24238829,1.2415,445.7646
f64,Zipfian,ARS Exp A: Recursive Parallel,10000,0.1291,15115,0,0.4533,24237150,1.2414,1182.0180
f64,Zipfian,ARS Exp B: Hierarchical Staging,10000,0.1247,10961,0,0.4533,24236994,1.2415,1223.8361
f64,Zipfian,ARS Exp C: Adaptive Hierarchical,10000,0.1312,10961,0,0.4533,24237124,1.2415,1163.2302
f64,Zipfian,ARS Exp D: Stream Micro-Batch,10000,0.2885,10961,20000,0.4532,24239594,1.2414,528.8770
f64,Zipfian,Quicksort,100000,0.6597,532062,0,0.4528,24251475,1.2419,2312.8874
f64,Zipfian,Timsort,100000,0.8819,535405,0,0.4523,24254617,1.2418,1730.2824
f64,Zipfian,ARS Gen 1: Foundation,100000,1.7695,98733,300000,0.4526,24433329,1.2416,862.3031
f64,Zipfian,ARS Gen 2: Grid Mapping,100000,1.9296,98733,300000,0.4526,24443667,1.2411,790.7596
f64,Zipfian,ARS Gen 3: Apex Baseline,100000,2.2642,1174310,108703,0.4527,24261698,1.2417,673.9108
f64,Zipfian,ARS Gen 4: Parallel Apex,100000,0.5749,122228,100000,0.4523,24262848,1.2413,2653.9886
f64,Zipfian,ARS Gen 5: Optimized Apex (MAIN),100000,0.3956,122228,0,0.4522,24262488,1.2412,3857.3694
f64,Zipfian,ARS Gen 5: Optimized Apex (Stable),100000,0.3856,122352,0,0.4523,24264250,1.2412,3957.2369
f64,Zipfian,ARS Gen 6: Aero Architecture,100000,0.6867,151498,0,0.4524,24272361,1.2413,2221.9812
f64,Zipfian,ARS Gen 6: Aero (Stable),100000,0.6968,152054,0,0.4524,24275719,1.2413,2189.7403
f64,Zipfian,ARS Exp A: Recursive Parallel,100000,0.5448,192482,0,0.4522,24265371,1.2411,2800.5794
f64,Zipfian,ARS Exp B: Hierarchical Staging,100000,0.5741,182525,0,0.4523,24259244,1.2416,2657.8765
f64,Zipfian,ARS Exp C: Adaptive Hierarchical,100000,0.5292,186875,0,0.4521,24266730,1.2411,2883.2383
f64,Zipfian,ARS Exp D: Stream Micro-Batch,100000,0.8024,122228,200000,0.4522,24264586,1.2411,1901.6295
f64,Zipfian,Quicksort,1000000,6.2214,5301519,0,0.4510,24267780,1.2477,2452.6141
f64,Zipfian,Timsort,1000000,10.5420,6302942,0,0.4487,24278730,1.2449,1447.4347
f64,Zipfian,ARS Gen 3: Apex Baseline,1000000,25.6944,12308876,1017407,0.4525,24335812,1.2443,593.8563
f64,Zipfian,ARS Gen 4: Parallel Apex,1000000,6.1176,1094612,1000000,0.4562,24283093,1.2217,2494.2301
f64,Zipfian,ARS Gen 5: Optimized Apex (MAIN),1000000,6.1817,1094612,0,0.4563,24288365,1.2251,2468.3703
f64,Zipfian,ARS Gen 5: Optimized Apex (Stable),1000000,6.1269,1095552,0,0.4562,24291652,1.2245,2490.4425
f64,Zipfian,ARS Gen 6: Aero Architecture,1000000,4.6564,1534410,0,0.4547,24412441,1.2378,3276.9639
f64,Zipfian,ARS Gen 6: Aero (Stable),1000000,4.8153,1541577,0,0.4546,24425045,1.2378,3168.8316
f64,Zipfian,ARS Exp A: Recursive Parallel,1000000,8.2022,1989097,0,0.4563,24293524,1.2240,1860.3213
f64,Zipfian,ARS Exp B: Hierarchical Staging,1000000,6.9254,2062330,0,0.4559,24279391,1.2332,2203.3236
f64,Zipfian,ARS Exp C: Adaptive Hierarchical,1000000,7.8902,2113182,0,0.4564,24291845,1.2249,1933.8893
f64,Zipfian,ARS Exp D: Stream Micro-Batch,1000000,19.5263,5807618,2000000,0.4494,24386790,1.2452,781.4472
f64,Skewed,Quicksort,1000,0.0168,10241,0,0.4513,24358334,1.2344,908.7481
f64,Skewed,Timsort,1000,0.0242,10555,0,0.4513,24358848,1.2344,631.8339
f64,Skewed,ARS Gen 1: Foundation,1000,0.2144,0,2000,0.4513,24365744,1.2345,71.1767
f64,Skewed,ARS Gen 2: Grid Mapping,1000,0.2587,0,2000,0.4513,24366443,1.2345,58.9775
f64,Skewed,ARS Gen 3: Apex Baseline,1000,0.0169,10241,0,0.4513,24358331,1.2344,904.1710
f64,Skewed,ARS Gen 4: Parallel Apex,1000,0.0170,10241,0,0.4513,24358321,1.2344,898.0513
f64,Skewed,ARS Gen 5: Optimized Apex (MAIN),1000,0.0168,10241,0,0.4513,24358327,1.2344,905.6736
f64,Skewed,ARS Gen 5: Optimized Apex (Stable),1000,0.0256,10555,0,0.4513,24358883,1.2344,596.0697
f64,Skewed,ARS Gen 6: Aero Architecture,1000,0.0171,10241,0,0.4513,24358318,1.2344,891.1283
f64,Skewed,ARS Gen 6: Aero (Stable),1000,0.0250,10555,0,0.4513,24358827,1.2344,610.8647
f64,Skewed,ARS Exp A: Recursive Parallel,1000,0.0172,10241,0,0.4513,24358315,1.2344,887.2421
f64,Skewed,ARS Exp B: Hierarchical Staging,1000,0.0166,10241,0,0.4513,24358328,1.2344,917.3253
f64,Skewed,ARS Exp C: Adaptive Hierarchical,1000,0.0162,10241,0,0.4513,24358297,1.2344,939.2914
f64,Skewed,ARS Exp D: Stream Micro-Batch,1000,0.1159,10241,2000,0.4513,24358916,1.2343,131.6162
f64,Skewed,Quicksort,10000,0.2146,137603,0,0.4511,24365656,1.2343,710.9909
f64,Skewed,Timsort,10000,0.2977,140916,0,0.4511,24371088,1.2343,512.5628
f64,Skewed,ARS Gen 1: Foundation,10000,5.0738,0,30000,0.4497,24456898,1.2374,30.0734
f64,Skewed,ARS Gen 2: Grid Mapping,10000,5.6653,0,30000,0.4488,24462767,1.2373,26.9339
f64,Skewed,ARS Gen 3: Apex Baseline,10000,0.3837,192365,14351,0.4510,24371387,1.2342,397.6833
f64,Skewed,ARS Gen 4: Parallel Apex,10000,0.2382,66763,10000,0.4509,24373201,1.2341,640.6465
f64,Skewed,ARS Gen 5: Optimized Apex (MAIN),10000,0.1532,66763,0,0.4509,24372801,1.2341,996.2321
f64,Skewed,ARS Gen 5: Optimized Apex (Stable),10000,0.2064,69738,0,0.4509,24377803,1.2341,739.2824
f64,Skewed,ARS Gen 6: Aero Architecture,10000,0.2560,61148,0,0.4509,24373803,1.2341,596.0581
f64,Skewed,ARS Gen 6: Aero (Stable),10000,0.2840,64565,0,0.4509,24377676,1.2341,537.2908
f64,Skewed,ARS Exp A: Recursive Parallel,10000,0.1664,66763,0,0.4509,24372645,1.2341,916.8898
f64,Skewed,ARS Exp B: Hierarchical Staging,10000,0.1608,66763,0,0.4509,24372885,1.2341,949.1363
f64,Skewed,ARS Exp C: Adaptive Hierarchical,10000,0.1666,66763,0,0.4509,24372932,1.2341,915.8717
f64,Skewed,ARS Exp D: Stream Micro-Batch,10000,0.3499,66763,20000,0.4508,24375583,1.2340,436.1436
f64,Skewed,Quicksort,100000,2.6880,1710395,0,0.4502,24448287,1.2358,567.6705
f64,Skewed,Timsort,100000,3.4108,1746952,0,0.4497,24496792,1.2356,447.3683
f64,Skewed,ARS Gen 1: Foundation,100000,43.3246,0,300000,0.3835,25363852,1.2091,35.2197
f64,Skewed,ARS Gen 2: Grid Mapping,100000,45.1756,0,300000,0.3843,25416174,1.2119,33.7766
f64,Skewed,ARS Gen 3: Apex Baseline,100000,3.0093,1885598,108703,0.4502,24462639,1.2346,507.0529
f64,Skewed,ARS Gen 4: Parallel Apex,100000,1.3050,1045510,100000,0.4502,24459939,1.2337,1169.2648
f64,Skewed,ARS Gen 5: Optimized Apex (MAIN),100000,1.0132,1045510,0,0.4502,24463903,1.2336,1505.9373
f64,Skewed,ARS Gen 5: Optimized Apex (Stable),100000,1.1303,1086813,0,0.4502,24517202,1.2332,1349.9996
f64,Skewed,ARS Gen 6: Aero Architecture,100000,0.9939,981178,0,0.4500,24472756,1.2338,1535.2099
f64,Skewed,ARS Gen 6: Aero (Stable),100000,1.1512,1020346,0,0.4499,24525780,1.2335,1325.5073
f64,Skewed,ARS Exp A: Recursive Parallel,100000,0.9375,1045510,0,0.4498,24462292,1.2340,1627.5747
f64,Skewed,ARS Exp B: Hierarchical Staging,100000,0.8574,936769,0,0.4500,24457128,1.2341,1779.6291
f64,Skewed,ARS Exp C: Adaptive Hierarchical,100000,0.8989,1045510,0,0.4500,24461755,1.2339,1697.4145
f64,Skewed,ARS Exp D: Stream Micro-Batch,100000,1.3282,1045510,200000,0.4500,24465715,1.2337,1148.8080
f64,Skewed,Quicksort,1000000,28.5160,20431039,0,0.4468,25029609,1.2575,535.0961
f64,Skewed,Timsort,1000000,42.0370,20806652,0,0.4427,25509475,1.2524,362.9847
f64,Skewed,ARS Gen 3: Apex Baseline,1000000,26.4967,21500526,1017407,0.4481,25090306,1.2391,575.8751
f64,Skewed,ARS Gen 4: Parallel Apex,1000000,10.7616,12082942,1000000,0.4533,25036958,1.2259,1417.8958
f64,Skewed,ARS Gen 5: Optimized Apex (MAIN),1000000,9.9710,12082942,0,0.4533,25051454,1.2235,1530.3188
f64,Skewed,ARS Gen 5: Optimized Apex (Stable),1000000,11.6529,12502702,0,0.4531,25560035,1.2271,1309.4370
f64,Skewed,ARS Gen 6: Aero Architecture,1000000,8.9415,13210593,0,0.4513,25178225,1.2359,1706.5088
f64,Skewed,ARS Gen 6: Aero (Stable),1000000,10.9092,13633723,0,0.4504,25685244,1.2317,1398.7035
f64,Skewed,ARS Exp A: Recursive Parallel,1000000,10.4285,7768109,0,0.4511,25173268,1.2226,1463.1861
f64,Skewed,ARS Exp B: Hierarchical Staging,1000000,11.2336,6294342,0,0.4503,25001242,1.2296,1358.3174
f64,Skewed,ARS Exp C: Adaptive Hierarchical,1000000,11.0300,7082878,0,0.4500,25035552,1.2242,1383.3851
f64,Skewed,ARS Exp D: Stream Micro-Batch,1000000,24.9662,13879904,2000000,0.4529,26598589,1.2221,611.1774
f64,Clustered,Quicksort,1000,0.0191,10551,0,0.4505,25550536,1.2219,800.5661
f64,Clustered,Timsort,1000,0.0273,10537,0,0.4505,25551043,1.2219,558.1939
f64,Clustered,ARS Gen 1: Foundation,1000,0.2435,0,2000,0.4505,25557925,1.2220,62.6539
f64,Clustered,ARS Gen 2: Grid Mapping,1000,0.2915,0,2000,0.4505,25558653,1.2220,52.3452
f64,Clustered,ARS Gen 3: Apex Baseline,1000,0.0179,10551,0,0.4505,25550545,1.2219,852.4463
f64,Clustered,ARS Gen 4: Parallel Apex,1000,0.0182,10551,0,0.4505,25550538,1.2219,836.5564
f64,Clustered,ARS Gen 5: Optimized Apex (MAIN),1000,0.0181,10551,0,0.4505,25550541,1.2219,842.4685
f64,Clustered,ARS Gen 5: Optimized Apex (Stable),1000,0.0280,10537,0,0.4505,25551084,1.2219,545.7364
f64,Clustered,ARS Gen 6: Aero Architecture,1000,0.0191,10551,0,0.4505,25550538,1.2219,798.8058
f64,Clustered,ARS Gen 6: Aero (Stable),1000,0.0273,10537,0,0.4505,25551078,1.2219,559.0529
f64,Clustered,ARS Exp A: Recursive Parallel,1000,0.0190,10551,0,0.4505,25550523,1.2219,801.9124
f64,Clustered,ARS Exp B: Hierarchical Staging,1000,0.0184,10551,0,0.4505,25550534,1.2219,830.5911
f64,Clustered,ARS Exp C: Adaptive Hierarchical,1000,0.0180,10551,0,0.4505,25550506,1.2219,849.7878
f64,Clustered,ARS Exp D: Stream Micro-Batch,1000,0.1244,10551,2000,0.4505,25551177,1.2219,122.6541
f64,Clustered,Quicksort,10000,0.2319,136744,0,0.4504,25557851,1.2219,657.9815
f64,Clustered,Timsort,10000,0.3154,140772,0,0.4503,25563348,1.2219,483.7595
f64,Clustered,ARS Gen 1: Foundation,10000,5.3182,0,30000,0.4491,25648991,1.2248,28.6916
f64,Clustered,ARS Gen 2: Grid Mapping,10000,5.9568,0,30000,0.4471,25655047,1.2246,25.6155
f64,Clustered,ARS Gen 3: Apex Baseline,10000,0.4105,193085,14351,0.4502,25563590,1.2218,371.7231
f64,Clustered,ARS Gen 4: Parallel Apex,10000,0.4066,126000,10000,0.4502,25566093,1.2218,375.2509
f64,Clustered,ARS Gen 5: Optimized Apex (MAIN),10000,0.2857,126000,0,0.4502,25565425,1.2218,534.0152
f64,Clustered,ARS Gen 5: Optimized Apex (Stable),10000,0.3659,130426,0,0.4502,25570477,1.2218,416.9866
f64,Clustered,ARS Gen 6: Aero Architecture,10000,0.4787,118809,0,0.4502,25568528,1.2217,318.7681
f64,Clustered,ARS Gen 6: Aero (Stable),10000,0.4937,123101,0,0.4502,25574086,1.2217,309.0400
f64,Clustered,ARS Exp A: Recursive Parallel,10000,0.2781,90031,0,0.4501,25569515,1.2217,548.7569
f64,Clustered,ARS Exp B: Hierarchical Staging,10000,0.3722,126000,0,0.4502,25565360,1.2218,409.9246
f64,Clustered,ARS Exp C: Adaptive Hierarchical,10000,0.3017,126000,0,0.4502,25565900,1.2218,505.7285
f64,Clustered,ARS Exp D: Stream Micro-Batch,10000,0.4918,126000,20000,0.4502,25567450,1.2217,310.2496
f64,Clustered,Quicksort,100000,2.5214,1704961,0,0.4499,25618770,1.2234,605.1641
f64,Clustered,Timsort,100000,3.3993,1748322,0,0.4494,25667494,1.2232,448.8852
f64,Clustered,ARS Gen 1: Foundation,100000,39.2521,0,300000,0.3936,26534061,1.2096,38.8738
f64,Clustered,ARS Gen 2: Grid Mapping,100000,47.1838,0,300000,0.3783,26587625,1.1994,32.3390
f64,Clustered,ARS Gen 3: Apex Baseline,100000,3.1190,1885129,108703,0.4497,25633482,1.2220,489.2173
f64,Clustered,ARS Gen 4: Parallel Apex,100000,2.2712,1618379,100000,0.4495,25632101,1.2236,671.8358
f64,Clustered,ARS Gen 5: Optimized Apex (MAIN),100000,1.8260,1618379,0,0.4497,25633971,1.2226,835.6392
f64,Clustered,ARS Gen 5: Optimized Apex (Stable),100000,2.1444,1658575,0,0.4492,25683637,1.2226,711.5764
f64,Clustered,ARS Gen 6: Aero Architecture,100000,1.7716,1529988,0,0.4496,25687060,1.2225,861.2975
f64,Clustered,ARS Gen 6: Aero (Stable),100000,2.1281,1573500,0,0.4495,25737039,1.2221,717.0083
f64,Clustered,ARS Exp A: Recursive Parallel,100000,1.3805,673827,0,0.4487,25656370,1.2213,1105.3321
f64,Clustered,ARS Exp B: Hierarchical Staging,100000,1.4219,837701,0,0.4490,25631590,1.2218,1073.0965
f64,Clustered,ARS Exp C: Adaptive Hierarchical,100000,1.5576,967480,0,0.4490,25647622,1.2222,979.6566
f64,Clustered,ARS Exp D: Stream Micro-Batch,100000,2.0549,1618379,200000,0.4493,25636156,1.2232,742.5512
f64,Clustered,Quicksort,1000000,28.2576,20435426,0,0.4468,26156573,1.2449,539.9885
f64,Clustered,Timsort,1000000,40.8299,20818465,0,0.4425,26634524,1.2404,373.7163
f64,Clustered,ARS Gen 3: Apex Baseline,1000000,26.1338,21488833,1017407,0.4477,26217930,1.2266,583.8718
f64,Clustered,ARS Gen 4: Parallel Apex,1000000,22.6765,19275700,1000000,0.4507,26167104,1.2297,672.8891
f64,Clustered,ARS Gen 5: Optimized Apex (MAIN),1000000,19.2836,19275700,0,0.4505,26181961,1.2263,791.2829
f64,Clustered,ARS Gen 5: Optimized Apex (Stable),1000000,25.8108,19658200,0,0.4469,26667957,1.2232,591.1788
f64,Clustered,ARS Gen 6: Aero Architecture,1000000,15.9467,19275700,0,0.4493,26718506,1.2335,956.8622
f64,Clustered,ARS Gen 6: Aero (Stable),1000000,24.4725,19658200,0,0.4462,27197170,1.2280,623.5082
f64,Clustered,ARS Exp A: Recursive Parallel,1000000,17.0629,6708948,0,0.4500,26230455,1.2004,894.2696
f64,Clustered,ARS Exp B: Hierarchical Staging,1000000,18.6742,6379291,0,0.4542,26140111,1.2111,817.1047
f64,Clustered,ARS Exp C: Adaptive Hierarchical,1000000,17.8194,8360463,0,0.4548,26206900,1.2022,856.3035
f64,Clustered,ARS Exp D: Stream Micro-Batch,1000000,31.1960,20771260,2000000,0.4504,27197594,1.2304,489.1268
f64,BucketCollapse,Quicksort,1000,0.0178,10288,0,0.4578,30723289,1.2334,855.1216
f64,BucketCollapse,Timsort,1000,0.0258,10450,0,0.4578,30723845,1.2334,590.4647
f64,BucketCollapse,ARS Gen 1: Foundation,1000,0.2296,0,2000,0.4578,30730659,1.2334,66.4700
f64,BucketCollapse,ARS Gen 2: Grid Mapping,1000,0.2688,0,2000,0.4578,30731896,1.2335,56.7754
f64,BucketCollapse,ARS Gen 3: Apex Baseline,1000,0.0172,10288,0,0.4578,30723300,1.2334,888.9996
f64,BucketCollapse,ARS Gen 4: Parallel Apex,1000,0.0171,10288,0,0.4578,30723286,1.2334,893.2148
f64,BucketCollapse,ARS Gen 5: Optimized Apex (MAIN),1000,0.0169,10288,0,0.4578,30723286,1.2334,900.4892
f64,BucketCollapse,ARS Gen 5: Optimized Apex (Stable),1000,0.0262,10450,0,0.4578,30723845,1.2334,583.3539
f64,BucketCollapse,ARS Gen 6: Aero Architecture,1000,0.0179,10288,0,0.4578,30723293,1.2334,852.3987
f64,BucketCollapse,ARS Gen 6: Aero (Stable),1000,0.0271,10450,0,0.4578,30723919,1.2334,563.0134
f64,BucketCollapse,ARS Exp A: Recursive Parallel,1000,0.0180,10288,0,0.4578,30723291,1.2334,848.2289
f64,BucketCollapse,ARS Exp B: Hierarchical Staging,1000,0.0171,10288,0,0.4578,30723273,1.2334,890.0886
f64,BucketCollapse,ARS Exp C: Adaptive Hierarchical,1000,0.0171,10288,0,0.4578,30723287,1.2334,894.4191
f64,BucketCollapse,ARS Exp D: Stream Micro-Batch,1000,0.1152,10288,2000,0.4578,30723954,1.2333,132.5042
f64,BucketCollapse,Quicksort,10000,0.2183,136714,0,0.4576,30730869,1.2333,699.1395
f64,BucketCollapse,Timsort,10000,0.3087,140903,0,0.4576,30736166,1.2333,494.3559
f64,BucketCollapse,ARS Gen 1: Foundation,10000,5.2591,160,30000,0.4562,30822772,1.2358,29.0141
f64,BucketCollapse,ARS Gen 2: Grid Mapping,10000,5.3542,160,30000,0.4560,30828009,1.2359,28.4987
f64,BucketCollapse,ARS Gen 3: Apex Baseline,10000,0.3827,193162,14351,0.4575,30736237,1.2333,398.6714
f64,BucketCollapse,ARS Gen 4: Parallel Apex,10000,0.2295,52333,10000,0.4575,30737070,1.2331,664.8333
f64,BucketCollapse,ARS Gen 5: Optimized Apex (MAIN),10000,0.1521,52333,0,0.4574,30736637,1.2331,1002.8978
f64,BucketCollapse,ARS Gen 5: Optimized Apex (Stable),10000,0.1607,57763,0,0.4574,30739024,1.2331,949.2366
f64,BucketCollapse,ARS Gen 6: Aero Architecture,10000,0.2023,59057,0,0.4574,30740029,1.2330,754.3996
f64,BucketCollapse,ARS Gen 6: Aero (Stable),10000,0.1990,62100,0,0.4574,30744164,1.2330,766.8234
f64,BucketCollapse,ARS Exp A: Recursive Parallel,10000,0.1642,52333,0,0.4574,30736815,1.2331,929.5128
f64,BucketCollapse,ARS Exp B: Hierarchical Staging,10000,0.1653,52333,0,0.4574,30736967,1.2331,923.3202
f64,BucketCollapse,ARS Exp C: Adaptive Hierarchical,10000,0.1579,52333,0,0.4574,30736473,1.2331,966.6516
f64,BucketCollapse,ARS Exp D: Stream Micro-Batch,10000,0.3476,52333,20000,0.4573,30739025,1.2331,438.9414
f64,BucketCollapse,Quicksort,100000,2.6161,1706033,0,0.4568,30816052,1.2345,583.2681
f64,BucketCollapse,Timsort,100000,3.3975,1748408,0,0.4563,30864751,1.2343,449.1139
f64,BucketCollapse,ARS Gen 1: Foundation,100000,41.0973,15822,300000,0.3933,31741522,1.2099,37.1284
f64,BucketCollapse,ARS Gen 2: Grid Mapping,100000,45.2860,15822,300000,0.4009,31833080,1.2213,33.6943
f64,BucketCollapse,ARS Gen 3: Apex Baseline,100000,3.1588,1885784,108703,0.4566,30830429,1.2332,483.0593
f64,BucketCollapse,ARS Gen 4: Parallel Apex,100000,1.0640,882348,100000,0.4567,30828239,1.2327,1434.0361
f64,BucketCollapse,ARS Gen 5: Optimized Apex (MAIN),100000,0.7839,882348,0,0.4565,30829440,1.2327,1946.5149
f64,BucketCollapse,ARS Gen 5: Optimized Apex (Stable),100000,0.9259,921462,0,0.4565,30882020,1.2324,1648.0167
f64,BucketCollapse,ARS Gen 6: Aero Architecture,100000,1.1048,939598,0,0.4565,30840358,1.2327,1381.1909
f64,BucketCollapse,ARS Gen 6: Aero (Stable),100000,1.2596,975983,0,0.4566,30893886,1.2324,1211.3525
f64,BucketCollapse,ARS Exp A: Recursive Parallel,100000,0.8099,882348,0,0.4565,30828064,1.2326,1884.0291
f64,BucketCollapse,ARS Exp B: Hierarchical Staging,100000,0.8727,771432,0,0.4564,30822436,1.2330,1748.5116
f64,BucketCollapse,ARS Exp C: Adaptive Hierarchical,100000,0.8085,882348,0,0.4564,30828156,1.2327,1887.1934
f64,BucketCollapse,ARS Exp D: Stream Micro-Batch,100000,1.2863,882348,200000,0.4566,30833089,1.2326,1186.2930
f64,BucketCollapse,Quicksort,1000000,29.6885,20389196,0,0.4534,31445269,1.2532,513.9637
f64,BucketCollapse,Timsort,1000000,44.5434,20780417,0,0.4496,31924860,1.2489,342.5601
f64,BucketCollapse,ARS Gen 3: Apex Baseline,1000000,26.7078,21441825,1017407,0.4546,31505614,1.2364,571.3243
f64,BucketCollapse,ARS Gen 4: Parallel Apex,1000000,10.1572,10157321,1000000,0.4585,31448088,1.2265,1502.2636
f64,BucketCollapse,ARS Gen 5: Optimized Apex (MAIN),1000000,9.6113,10157321,0,0.4584,31460706,1.2256,1587.5886
f64,BucketCollapse,ARS Gen 5: Optimized Apex (Stable),1000000,11.0131,10561958,0,0.4584,31980700,1.2225,1385.5067
f64,BucketCollapse,ARS Gen 6: Aero Architecture,1000000,8.9581,12859603,0,0.4570,31592280,1.2372,1703.3585
f64,BucketCollapse,ARS Gen 6: Aero (Stable),1000000,11.2024,13271645,0,0.4563,32105292,1.2319,1362.1057
f64,BucketCollapse,ARS Exp A: Recursive Parallel,1000000,9.5478,10157321,0,0.4575,31460279,1.2256,1598.1421
f64,BucketCollapse,ARS Exp B: Hierarchical Staging,1000000,10.7551,11214454,0,0.4585,31457353,1.2312,1418.7431
f64,BucketCollapse,ARS Exp C: Adaptive Hierarchical,1000000,10.5163,12268914,0,0.4586,31470386,1.2255,1450.9592
f64,BucketCollapse,ARS Exp D: Stream Micro-Batch,1000000,29.4298,13561646,2000000,0.4579,32446620,1.2270,518.4815
f64,LowCardinality,Quicksort,1000,0.0077,5797,0,0.4626,37650401,1.2380,1987.0802
f64,LowCardinality,Timsort,1000,0.0110,5499,0,0.4626,37650548,1.2380,1388.8040
f64,LowCardinality,ARS Gen 1: Foundation,1000,0.0462,984,2000,0.4626,37652614,1.2380,330.5129
f64,LowCardinality,ARS Gen 2: Grid Mapping,1000,0.0575,984,2000,0.4626,37652748,1.2380,265.1812
f64,LowCardinality,ARS Gen 3: Apex Baseline,1000,0.0073,5797,0,0.4626,37650411,1.2380,2102.0511
f64,LowCardinality,ARS Gen 4: Parallel Apex,1000,0.0072,5797,0,0.4626,37650406,1.2380,2129.6286
f64,LowCardinality,ARS Gen 5: Optimized Apex (MAIN),1000,0.0072,5797,0,0.4626,37650406,1.2380,2121.3387
f64,LowCardinality,ARS Gen 5: Optimized Apex (Stable),1000,0.0107,5499,0,0.4626,37650563,1.2380,1420.6116
f64,LowCardinality,ARS Gen 6: Aero Architecture,1000,0.0076,5797,0,0.4626,37650409,1.2380,2003.7806
f64,LowCardinality,ARS Gen 6: Aero (Stable),1000,0.0108,5499,0,0.4626,37650565,1.2380,1411.0217
f64,LowCardinality,ARS Exp A: Recursive Parallel,1000,0.0076,5797,0,0.4626,37650399,1.2380,1998.7934
f64,LowCardinality,ARS Exp B: Hierarchical Staging,1000,0.0074,5797,0,0.4626,37650405,1.2380,2071.7976
f64,LowCardinality,ARS Exp C: Adaptive Hierarchical,1000,0.0073,5797,0,0.4626,37650394,1.2380,2087.6712
f64,LowCardinality,ARS Exp D: Stream Micro-Batch,1000,0.1098,5797,2000,0.4625,37650926,1.2379,139.0170
f64,LowCardinality,Quicksort,10000,0.0667,53838,0,0.4624,37652364,1.2379,2289.2877
f64,LowCardinality,Timsort,10000,0.0879,53843,0,0.4624,37652769,1.2379,1734.9785
f64,LowCardinality,ARS Gen 1: Foundation,10000,0.2577,9984,30000,0.4624,37671488,1.2379,592.0248
f64,LowCardinality,ARS Gen 2: Grid Mapping,10000,0.3022,9984,30000,0.4624,37672269,1.2379,504.8617
f64,LowCardinality,ARS Gen 3: Apex Baseline,10000,0.3063,122148,14351,0.4624,37654714,1.2379,498.1648
f64,LowCardinality,ARS Gen 4: Parallel Apex,10000,0.2006,12061,10000,0.4623,37657830,1.2378,760.4983
f64,LowCardinality,ARS Gen 5: Optimized Apex (MAIN),10000,0.1212,12061,0,0.4623,37657242,1.2378,1259.0591
f64,LowCardinality,ARS Gen 5: Optimized Apex (Stable),10000,0.1204,12085,0,0.4623,37657741,1.2378,1267.2571
f64,LowCardinality,ARS Gen 6: Aero Architecture,10000,0.2377,12061,0,0.4623,37659302,1.2378,642.0698
f64,LowCardinality,ARS Gen 6: Aero (Stable),10000,0.2289,12085,0,0.4623,37659508,1.2378,666.4886
f64,LowCardinality,ARS Exp A: Recursive Parallel,10000,0.1304,12061,0,0.4623,37657984,1.2378,1169.9372
f64,LowCardinality,ARS Exp B: Hierarchical Staging,10000,0.1318,12061,0,0.4623,37657711,1.2378,1157.8284
f64,LowCardinality,ARS Exp C: Adaptive Hierarchical,10000,0.1206,12061,0,0.4623,37657532,1.2378,1265.4284
f64,LowCardinality,ARS Exp D: Stream Micro-Batch,10000,0.3180,12061,20000,0.4622,37660506,1.2377,479.7818
f64,LowCardinality,Quicksort,100000,0.6482,529379,0,0.4617,37672576,1.2381,2354.1919
f64,LowCardinality,Timsort,100000,0.8543,529674,0,0.4613,37673276,1.2380,1786.0617
f64,LowCardinality,ARS Gen 1: Foundation,100000,1.3453,99984,300000,0.4618,37858561,1.2373,1134.2472
f64,LowCardinality,ARS Gen 2: Grid Mapping,100000,1.6049,99984,300000,0.4618,37872465,1.2376,950.7448
f64,LowCardinality,ARS Gen 3: Apex Baseline,100000,2.2928,1143461,108703,0.4617,37681193,1.2380,665.5098
f64,LowCardinality,ARS Gen 4: Parallel Apex,100000,0.5846,151116,100000,0.4614,37683280,1.2377,2610.0845
f64,LowCardinality,ARS Gen 5: Optimized Apex (MAIN),100000,0.3469,151116,0,0.4614,37682150,1.2375,4398.4357
f64,LowCardinality,ARS Gen 5: Optimized Apex (Stable),100000,0.4959,151622,0,0.4614,37684233,1.2376,3076.7844
f64,LowCardinality,ARS Gen 6: Aero Architecture,100000,0.5716,99988,0,0.4615,37705573,1.2374,2669.3238
f64,LowCardinality,ARS Gen 6: Aero (Stable),100000,0.5661,99988,0,0.4615,37705401,1.2375,2695.3277
f64,LowCardinality,ARS Exp A: Recursive Parallel,100000,0.5179,199984,0,0.4612,37687397,1.2375,2946.5540
f64,LowCardinality,ARS Exp B: Hierarchical Staging,100000,0.4873,199972,0,0.4613,37680084,1.2378,3131.0485
f64,LowCardinality,ARS Exp C: Adaptive Hierarchical,100000,0.4037,100000,0,0.4613,37682958,1.2376,3779.5662
f64,LowCardinality,ARS Exp D: Stream Micro-Batch,100000,0.7747,151116,200000,0.4614,37686191,1.2374,1969.6868
f64,LowCardinality,Quicksort,1000000,5.6704,5138620,0,0.4591,37693548,1.2423,2690.9499
f64,LowCardinality,Timsort,1000000,9.9849,6175006,0,0.4569,37695244,1.2401,1528.1790
f64,LowCardinality,ARS Gen 3: Apex Baseline,1000000,23.5448,12087538,1017407,0.4612,37759291,1.2401,648.0746
f64,LowCardinality,ARS Gen 4: Parallel Apex,1000000,6.1172,999988,1000000,0.4643,37709418,1.2239,2494.4197
f64,LowCardinality,ARS Gen 5: Optimized Apex (MAIN),1000000,6.4712,999988,0,0.4644,37709260,1.2260,2357.9528
f64,LowCardinality,ARS Gen 5: Optimized Apex (Stable),1000000,6.3581,999988,0,0.4644,37710582,1.2238,2399.8908
f64,LowCardinality,ARS Gen 6: Aero Architecture,1000000,4.5210,999988,0,0.4628,37959883,1.2346,3375.0699
f64,LowCardinality,ARS Gen 6: Aero (Stable),1000000,4.5396,999988,0,0.4628,37959360,1.2342,3361.2540
f64,LowCardinality,ARS Exp A: Recursive Parallel,1000000,8.0269,1999972,0,0.4639,37720538,1.2258,1900.9474
f64,LowCardinality,ARS Exp B: Hierarchical Staging,1000000,7.5299,1999972,0,0.4636,37706170,1.2307,2026.4219
f64,LowCardinality,ARS Exp C: Adaptive Hierarchical,1000000,7.9220,1999976,0,0.4641,37715966,1.2218,1926.1362
f64,LowCardinality,ARS Exp D: Stream Micro-Batch,1000000,18.6786,5717339,2000000,0.4600,37766147,1.2366,816.9111
f64,PrefixCollision,Quicksort,1000,0.0170,10288,0,0.4605,37784541,1.2391,895.4688
f64,PrefixCollision,Timsort,1000,0.0252,10450,0,0.4605,37785087,1.2391,604.6916
f64,PrefixCollision,ARS Gen 1: Foundation,1000,0.2199,0,2000,0.4605,37791920,1.2392,69.3894
f64,PrefixCollision,ARS Gen 2: Grid Mapping,1000,0.2631,0,2000,0.4605,37793054,1.2392,57.9856
f64,PrefixCollision,ARS Gen 3: Apex Baseline,1000,0.0164,10288,0,0.4605,37784576,1.2391,932.7458
f64,PrefixCollision,ARS Gen 4: Parallel Apex,1000,0.0164,10288,0,0.4605,37784553,1.2391,932.0621
f64,PrefixCollision,ARS Gen 5: Optimized Apex (MAIN),1000,0.0163,10288,0,0.4605,37784559,1.2391,935.0321
f64,PrefixCollision,ARS Gen 5: Optimized Apex (Stable),1000,0.0248,10450,0,0.4605,37785096,1.2391,615.1001
f64,PrefixCollision,ARS Gen 6: Aero Architecture,1000,0.0169,10288,0,0.4605,37784524,1.2391,901.0741
f64,PrefixCollision,ARS Gen 6: Aero (Stable),1000,0.0247,10450,0,0.4605,37785074,1.2391,617.6897
f64,PrefixCollision,ARS Exp A: Recursive Parallel,1000,0.0171,10288,0,0.4605,37784556,1.2391,893.0580
f64,PrefixCollision,ARS Exp B: Hierarchical Staging,1000,0.0164,10288,0,0.4605,37784563,1.2391,928.4891
f64,PrefixCollision,ARS Exp C: Adaptive Hierarchical,1000,0.0170,10288,0,0.4605,37784514,1.2391,896.6265
f64,PrefixCollision,ARS Exp D: Stream Micro-Batch,1000,0.1102,10288,2000,0.4605,37785412,1.2390,138.4331
f64,PrefixCollision,Quicksort,10000,0.2108,136714,0,0.4604,37792099,1.2390,723.7107
f64,PrefixCollision,Timsort,10000,0.2973,140903,0,0.4604,37797424,1.2390,513.1868
f64,PrefixCollision,ARS Gen 1: Foundation,10000,5.0657,160,30000,0.4591,37884143,1.2413,30.1215
f64,PrefixCollision,ARS Gen 2: Grid Mapping,10000,5.4077,160,30000,0.4589,37889558,1.2413,28.2168
f64,PrefixCollision,ARS Gen 3: Apex Baseline,10000,0.4004,193162,14351,0.4603,37797420,1.2390,381.0620
f64,PrefixCollision,ARS Gen 4: Parallel Apex,10000,0.2471,52333,10000,0.4602,37798915,1.2388,617.6172
f64,PrefixCollision,ARS Gen 5: Optimized Apex (MAIN),10000,0.1525,52333,0,0.4602,37798102,1.2388,1000.2681
f64,PrefixCollision,ARS Gen 5: Optimized Apex (Stable),10000,0.1686,57763,0,0.4602,37800212,1.2388,905.1149
f64,PrefixCollision,ARS Gen 6: Aero Architecture,10000,0.2007,59057,0,0.4602,37801453,1.2388,760.3656
f64,PrefixCollision,ARS Gen 6: Aero (Stable),10000,0.2109,62100,0,0.4602,37804940,1.2388,723.3471
f64,PrefixCollision,ARS Exp A: Recursive Parallel,10000,0.1778,52333,0,0.4602,37797814,1.2388,858.4024
f64,PrefixCollision,ARS Exp B: Hierarchical Staging,10000,0.1614,52333,0,0.4602,37798119,1.2388,945.1561
f64,PrefixCollision,ARS Exp C: Adaptive Hierarchical,10000,0.1580,52333,0,0.4602,37797847,1.2388,965.6484
f64,PrefixCollision,ARS Exp D: Stream Micro-Batch,10000,0.3339,52333,20000,0.4601,37801142,1.2388,456.9471
f64,PrefixCollision,Quicksort,100000,2.6988,1706033,0,0.4596,37879071,1.2401,565.3996
f64,PrefixCollision,Timsort,100000,3.4821,1748408,0,0.4591,37927954,1.2399,438.2053
f64,PrefixCollision,ARS Gen 1: Foundation,100000,45.5838,15822,300000,0.3976,38803003,1.2139,33.4742
f64,PrefixCollision,ARS Gen 2: Grid Mapping,100000,50.0783,15822,300000,0.3973,38895957,1.2148,30.4699
f64,PrefixCollision,ARS Gen 3: Apex Baseline,100000,2.9958,1885784,108703,0.4595,37893500,1.2391,509.3319
f64,PrefixCollision,ARS Gen 4: Parallel Apex,100000,0.9611,882348,100000,0.4593,37892473,1.2388,1587.6793
f64,PrefixCollision,ARS Gen 5: Optimized Apex (MAIN),100000,0.8770,882348,0,0.4593,37891554,1.2388,1739.8589
f64,PrefixCollision,ARS Gen 5: Optimized Apex (Stable),100000,0.9358,921462,0,0.4593,37941838,1.2383,1630.6184
f64,PrefixCollision,ARS Gen 6: Aero Architecture,100000,1.0651,939598,0,0.4595,37903580,1.2383,1432.5793
f64,PrefixCollision,ARS Gen 6: Aero (Stable),100000,1.2166,975983,0,0.4594,37956590,1.2382,1254.2189
f64,PrefixCollision,ARS Exp A: Recursive Parallel,100000,0.7918,882348,0,0.4593,37890718,1.2385,1927.2012
f64,PrefixCollision,ARS Exp B: Hierarchical Staging,100000,0.8162,771432,0,0.4593,37885135,1.2386,1869.4204
f64,PrefixCollision,ARS Exp C: Adaptive Hierarchical,100000,0.7824,882348,0,0.4592,37891414,1.2386,1950.3091
f64,PrefixCollision,ARS Exp D: Stream Micro-Batch,100000,1.1862,882348,200000,0.4593,37894955,1.2379,1286.3903
f64,PrefixCollision,Quicksort,1000000,30.5924,20389196,0,0.4562,38557551,1.2555,498.7770
f64,PrefixCollision,Timsort,1000000,45.1643,20780417,0,0.4528,39032944,1.2520,337.8504
f64,PrefixCollision,ARS Gen 3: Apex Baseline,1000000,27.3244,21441825,1017407,0.4572,38618104,1.2405,558.4316
f64,PrefixCollision,ARS Gen 4: Parallel Apex,1000000,10.1094,10157321,1000000,0.4606,38560214,1.2303,1509.3617
f64,PrefixCollision,ARS Gen 5: Optimized Apex (MAIN),1000000,9.4667,10157321,0,0.4606,38569841,1.2311,1611.8321
f64,PrefixCollision,ARS Gen 5: Optimized Apex (Stable),1000000,10.9703,10561958,0,0.4607,39088457,1.2298,1390.9169
f64,PrefixCollision,ARS Gen 6: Aero Architecture,1000000,9.1474,12859603,0,0.4595,38706272,1.2411,1668.0987
f64,PrefixCollision,ARS Gen 6: Aero (Stable),1000000,11.1909,13271645,0,0.4590,39213876,1.2388,1363.4941
f64,PrefixCollision,ARS Exp A: Recursive Parallel,1000000,9.5911,10157321,0,0.4599,38577626,1.2337,1590.9291
f64,PrefixCollision,ARS Exp B: Hierarchical Staging,1000000,10.6599,11214454,0,0.4608,38563292,1.2337,1431.4168
f64,PrefixCollision,ARS Exp C: Adaptive Hierarchical,1000000,10.8167,12268914,0,0.4609,38583617,1.2315,1410.6698
f64,PrefixCollision,ARS Exp D: Stream Micro-Batch,1000000,29.9134,13464491,2000000,0.4592,39562884,1.2361,510.0995
String,Random,Quicksort,1000,0.0599,10370,0,0.4651,45317135,1.2442,1019.5636
String,Random,Timsort,1000,0.0747,10522,0,0.4651,45318128,1.2442,817.1360
String,Random,ARS Gen 1: Foundation,1000,0.3325,0,2000,0.4651,45324776,1.2443,183.5406
String,Random,ARS Gen 2: Grid Mapping,1000,0.3665,0,2000,0.4651,45325548,1.2443,166.5470
String,Random,ARS Gen 3: Apex Baseline,1000,0.0669,10370,0,0.4651,45317977,1.2442,912.6343
String,Random,ARS Gen 4: Parallel Apex,1000,0.0687,10370,0,0.4651,45318218,1.2442,888.8184
String,Random,ARS Gen 5: Optimized Apex (MAIN),1000,0.0705,10370,0,0.4651,45318272,1.2442,865.9434
String,Random,ARS Gen 5: Optimized Apex (Stable),1000,0.0798,10522,0,0.4651,45318612,1.2442,764.8037
String,Random,ARS Gen 6: Aero Architecture,1000,0.0683,10370,0,0.4651,45318042,1.2442,893.8165
String,Random,ARS Gen 6: Aero (Stable),1000,0.0788,10522,0,0.4651,45318602,1.2442,774.3023
String,Random,ARS Exp A: Recursive Parallel,1000,0.0672,10370,0,0.4651,45318072,1.2442,908.4640
String,Random,ARS Exp B: Hierarchical Staging,1000,0.0702,10370,0,0.4651,45318205,1.2442,869.2609
String,Random,ARS Exp C: Adaptive Hierarchical,1000,0.0673,10370,0,0.4651,45317980,1.2442,906.8578
String,Random,ARS Exp D: Stream Micro-Batch,1000,0.2538,10370,2000,0.4651,45319177,1.2442,240.5241
String,Random,Quicksort,10000,0.8627,136866,0,0.4647,45337766,1.2445,707.4678
String,Random,Timsort,10000,0.9886,141490,0,0.4646,45342385,1.2445,617.3767
String,Random,ARS Gen 1: Foundation,10000,6.6022,0,30000,0.4635,45412185,1.2468,92.4472
String,Random,ARS Gen 2: Grid Mapping,10000,6.8619,0,30000,0.4633,45417847,1.2468,88.9480
String,Random,ARS Gen 3: Apex Baseline,10000,2.3228,193846,14351,0.4646,45362778,1.2446,262.7661
String,Random,ARS Gen 4: Parallel Apex,10000,0.7124,67438,10000,0.4647,45352561,1.2441,856.7564
String,Random,ARS Gen 5: Optimized Apex (MAIN),10000,0.2437,67438,0,0.4647,45349232,1.2440,2504.7360
String,Random,ARS Gen 5: Optimized Apex (Stable),10000,0.2916,70298,0,0.4647,45355551,1.2440,2093.3134
String,Random,ARS Gen 6: Aero Architecture,10000,0.4278,63043,0,0.4646,45354050,1.2440,1426.6050
String,Random,ARS Gen 6: Aero (Stable),10000,0.4523,67007,0,0.4646,45359100,1.2440,1349.5680
String,Random,ARS Exp A: Recursive Parallel,10000,0.2752,67438,0,0.4647,45353679,1.2440,2217.4847
String,Random,ARS Exp B: Hierarchical Staging,10000,0.2808,67438,0,0.4647,45355147,1.2440,2173.4774
String,Random,ARS Exp C: Adaptive Hierarchical,10000,0.2740,67438,0,0.4647,45355080,1.2440,2227.5604
String,Random,ARS Exp D: Stream Micro-Batch,10000,1.3175,67438,20000,0.4644,45366094,1.2441,463.2565
String,Random,Quicksort,100000,9.7534,1718762,0,0.4596,45555317,1.2494,625.7802
String,Random,Timsort,100000,12.7352,1759891,0,0.4578,45631650,1.2484,479.2630
String,Random,ARS Gen 1: Foundation,100000,57.3558,0,300000,0.4127,46343120,1.2316,106.4149
String,Random,ARS Gen 2: Grid Mapping,100000,59.7729,0,300000,0.4128,46398666,1.2321,102.1118
String,Random,ARS Gen 3: Apex Baseline,100000,18.5108,1895222,108703,0.4637,45771146,1.2472,329.7276
String,Random,ARS Gen 4: Parallel Apex,100000,4.2321,1029722,100000,0.4635,45664418,1.2432,1442.1836
String,Random,ARS Gen 5: Optimized Apex (MAIN),100000,3.2347,1029722,0,0.4635,45559984,1.2415,1886.8620
String,Random,ARS Gen 5: Optimized Apex (Stable),100000,3.1967,1071423,0,0.4632,45596584,1.2407,1909.3206
String,Random,ARS Gen 6: Aero Architecture,100000,3.4434,978520,0,0.4632,45685146,1.2416,1772.5290
String,Random,ARS Gen 6: Aero (Stable),100000,3.6659,1019338,0,0.4633,45608175,1.2410,1664.9592
String,Random,ARS Exp A: Recursive Parallel,100000,3.3346,1029722,0,0.4632,45700539,1.2426,1830.3690
String,Random,ARS Exp B: Hierarchical Staging,100000,3.4094,961965,0,0.4638,45668965,1.2414,1790.1907
String,Random,ARS Exp C: Adaptive Hierarchical,100000,3.2639,1029722,0,0.4632,45685791,1.2405,1870.0172
String,Random,ARS Exp D: Stream Micro-Batch,100000,11.6662,1029722,200000,0.4593,45807019,1.2437,523.1780
String,Random,Quicksort,1000000,282.4858,20518628,0,0.4830,48029182,1.2652,216.0645
String,Random,Timsort,1000000,351.6288,20902099,0,0.4710,48357729,1.2437,173.5784
String,Random,ARS Gen 3: Apex Baseline,1000000,198.9351,21589743,1017407,0.4650,49396056,1.2397,306.8094
String,Random,ARS Gen 4: Parallel Apex,1000000,59.7940,12256776,1000000,0.4750,48021281,1.1820,1020.7569
String,Random,ARS Gen 5: Optimized Apex (MAIN),1000000,50.3689,12256776,0,0.4748,47629444,1.1832,1211.7639
String,Random,ARS Gen 5: Optimized Apex (Stable),1000000,55.4210,12679336,0,0.4714,48001591,1.1818,1101.2993
String,Random,ARS Gen 6: Aero Architecture,1000000,64.0135,13331493,0,0.4764,48575942,1.1870,953.4736
String,Random,ARS Gen 6: Aero (Stable),1000000,70.5926,13750405,0,0.4746,48272207,1.1898,864.6114
String,Random,ARS Exp A: Recursive Parallel,1000000,51.4559,9434971,0,0.4779,47718455,1.1837,1186.1651
String,Random,ARS Exp B: Hierarchical Staging,1000000,69.6878,7913738,0,0.4888,47359897,1.1664,875.8374
String,Random,ARS Exp C: Adaptive Hierarchical,1000000,56.8396,8719170,0,0.4836,48039439,1.1742,1073.8141
String,Random,ARS Exp D: Stream Micro-Batch,1000000,414.4269,15199655,2000000,0.5117,50245849,1.2003,147.2760
String,Gaussian,Quicksort,1000,0.0580,10370,0,0.4580,46968062,1.2318,1052.8749
String,Gaussian,Timsort,1000,0.0644,10522,0,0.4580,46968157,1.2318,947.8686
String,Gaussian,ARS Gen 1: Foundation,1000,0.2751,0,2000,0.4580,46974335,1.2318,221.8662
String,Gaussian,ARS Gen 2: Grid Mapping,1000,0.3044,0,2000,0.4579,46975138,1.2319,200.5347
String,Gaussian,ARS Gen 3: Apex Baseline,1000,0.0579,10370,0,0.4580,46967816,1.2318,1054.2024
String,Gaussian,ARS Gen 4: Parallel Apex,1000,0.0575,10370,0,0.4580,46967811,1.2318,1061.1119
String,Gaussian,ARS Gen 5: Optimized Apex (MAIN),1000,0.0533,10370,0,0.4580,46967736,1.2318,1144.5880
String,Gaussian,ARS Gen 5: Optimized Apex (Stable),1000,0.0632,10522,0,0.4580,46968111,1.2318,966.1283
String,Gaussian,ARS Gen 6: Aero Architecture,1000,0.0556,10370,0,0.4580,46967877,1.2318,1098.6042
String,Gaussian,ARS Gen 6: Aero (Stable),1000,0.0649,10522,0,0.4580,46968215,1.2318,940.3768
String,Gaussian,ARS Exp A: Recursive Parallel,1000,0.0552,10370,0,0.4580,46968009,1.2318,1105.3089
String,Gaussian,ARS Exp B: Hierarchical Staging,1000,0.0624,10370,0,0.4580,46967862,1.2318,977.8924
String,Gaussian,ARS Exp C: Adaptive Hierarchical,1000,0.0553,10370,0,0.4580,46967794,1.2318,1103.7099
String,Gaussian,ARS Exp D: Stream Micro-Batch,1000,0.2162,10370,2000,0.4579,46969667,1.2318,282.3466
String,Gaussian,Quicksort,10000,0.7481,136866,0,0.4576,46988482,1.2320,815.8275
String,Gaussian,Timsort,10000,0.8734,141490,0,0.4575,46991994,1.2320,698.8209
String,Gaussian,ARS Gen 1: Foundation,10000,5.8475,0,30000,0.4556,47063120,1.2340,104.3785
String,Gaussian,ARS Gen 2: Grid Mapping,10000,6.0832,0,30000,0.4555,47069425,1.2342,100.3344
String,Gaussian,ARS Gen 3: Apex Baseline,10000,1.9386,193846,14351,0.4575,47002033,1.2322,314.8393
String,Gaussian,ARS Gen 4: Parallel Apex,10000,0.6330,67438,10000,0.4576,47000249,1.2317,964.2022
String,Gaussian,ARS Gen 5: Optimized Apex (MAIN),10000,0.2209,67438,0,0.4576,46990408,1.2316,2762.4343
String,Gaussian,ARS Gen 5: Optimized Apex (Stable),10000,0.2169,70298,0,0.4576,46994944,1.2316,2814.3790
String,Gaussian,ARS Gen 6: Aero Architecture,10000,0.3592,63043,0,0.4575,46994483,1.2316,1699.4288
String,Gaussian,ARS Gen 6: Aero (Stable),10000,0.3877,67007,0,0.4575,46994087,1.2316,1574.2720
String,Gaussian,ARS Exp A: Recursive Parallel,10000,0.2404,67438,0,0.4576,46990782,1.2316,2538.9000
String,Gaussian,ARS Exp B: Hierarchical Staging,10000,0.2217,67438,0,0.4576,46991867,1.2316,2753.2628
String,Gaussian,ARS Exp C: Adaptive Hierarchical,10000,2.4574,67438,0,0.4576,46992659,1.2316,248.3704
String,Gaussian,ARS Exp D: Stream Micro-Batch,10000,11.2181,67438,20000,0.4575,47001520,1.2318,54.4075
String,Gaussian,Quicksort,100000,91.4389,1718762,0,0.4550,47211219,1.2368,66.7497
String,Gaussian,Timsort,100000,16.5721,1759891,0,0.4510,47305578,1.2361,368.3010
String,Gaussian,ARS Gen 1: Foundation,100000,82.7954,0,300000,0.4067,47966152,1.2171,73.7180
String,Gaussian,ARS Gen 2: Grid Mapping,100000,82.9676,0,300000,0.4062,48024910,1.2174,73.5650
String,Gaussian,ARS Gen 3: Apex Baseline,100000,22.9001,1895222,108703,0.4570,47345356,1.2354,266.5278
String,Gaussian,ARS Gen 4: Parallel Apex,100000,7.0853,1029722,100000,0.4568,47282065,1.2316,861.4307
String,Gaussian,ARS Gen 5: Optimized Apex (MAIN),100000,3.6279,1029722,0,0.4568,47169489,1.2312,1682.3700
String,Gaussian,ARS Gen 5: Optimized Apex (Stable),100000,4.3297,1071423,0,0.4566,47203621,1.2303,1409.6761
String,Gaussian,ARS Gen 6: Aero Architecture,100000,4.3733,978520,0,0.4567,47247321,1.2308,1395.6447
String,Gaussian,ARS Gen 6: Aero (Stable),100000,4.7268,1019338,0,0.4565,47304668,1.2307,1291.2511
String,Gaussian,ARS Exp A: Recursive Parallel,100000,4.0283,1029722,0,0.4566,47233181,1.2306,1515.1674
String,Gaussian,ARS Exp B: Hierarchical Staging,100000,4.1827,961965,0,0.4573,47223815,1.2306,1459.2154
String,Gaussian,ARS Exp C: Adaptive Hierarchical,100000,4.2014,1029722,0,0.4568,47214431,1.2308,1452.7434
String,Gaussian,ARS Exp D: Stream Micro-Batch,100000,12.6541,1029722,200000,0.4534,47321815,1.2317,482.3368
String,Gaussian,Quicksort,1000000,235.5752,20518628,0,0.4752,49247164,1.2662,259.0899
String,Gaussian,Timsort,1000000,345.5484,20902099,0,0.4658,49199501,1.2361,176.6327
String,Gaussian,ARS Gen 3: Apex Baseline,1000000,188.3855,21589743,1017407,0.4586,50761995,1.2343,323.9907
String,Gaussian,ARS Gen 4: Parallel Apex,1000000,59.4238,12256776,1000000,0.4680,50048717,1.1704,1027.1167
String,Gaussian,ARS Gen 5: Optimized Apex (MAIN),1000000,47.1320,12256776,0,0.4681,48582684,1.1752,1294.9845
String,Gaussian,ARS Gen 5: Optimized Apex (Stable),1000000,55.7211,12679336,0,0.4662,48992023,1.1761,1095.3696
String,Gaussian,ARS Gen 6: Aero Architecture,1000000,62.3555,13331493,0,0.4697,48913654,1.1727,978.8263
String,Gaussian,ARS Gen 6: Aero (Stable),1000000,69.8543,13750405,0,0.4683,49110087,1.1701,873.7500
String,Gaussian,ARS Exp A: Recursive Parallel,1000000,51.5872,9434971,0,0.4706,48686330,1.1841,1183.1447
String,Gaussian,ARS Exp B: Hierarchical Staging,1000000,67.1118,7913738,0,0.4808,48673019,1.1592,909.4550
String,Gaussian,ARS Exp C: Adaptive Hierarchical,1000000,55.6031,8719170,0,0.4768,48697488,1.1699,1097.6932
String,Gaussian,ARS Exp D: Stream Micro-Batch,1000000,417.6987,15151080,2000000,0.5047,51414303,1.1907,146.1225
String,NearlySorted,Quicksort,1000,0.0449,9540,0,0.4515,48625131,1.2220,1358.6011
String,NearlySorted,Timsort,1000,0.0506,9492,0,0.4515,48625555,1.2220,1206.0854
String,NearlySorted,ARS Gen 1: Foundation,1000,0.1237,9394,2000,0.4515,48626171,1.2220,493.4766
String,NearlySorted,ARS Gen 2: Grid Mapping,1000,0.1279,9417,2000,0.4515,48626726,1.2220,477.1391
String,NearlySorted,ARS Gen 3: Apex Baseline,1000,0.0520,9540,0,0.4515,48626073,1.2220,1173.8207
String,NearlySorted,ARS Gen 4: Parallel Apex,1000,0.0529,9540,0,0.4515,48625948,1.2220,1153.4130
String,NearlySorted,ARS Gen 5: Optimized Apex (MAIN),1000,0.0494,9540,0,0.4515,48625986,1.2220,1234.3801
String,NearlySorted,ARS Gen 5: Optimized Apex (Stable),1000,0.0546,9492,0,0.4515,48625931,1.2220,1118.7411
String,NearlySorted,ARS Gen 6: Aero Architecture,1000,0.0594,9540,0,0.4515,48625927,1.2220,1028.0298
String,NearlySorted,ARS Gen 6: Aero (Stable),1000,0.0538,9492,0,0.4515,48625999,1.2220,1133.4501
String,NearlySorted,ARS Exp A: Recursive Parallel,1000,0.0547,9540,0,0.4515,48626063,1.2220,1115.2659
String,NearlySorted,ARS Exp B: Hierarchical Staging,1000,0.0551,9540,0,0.4515,48626003,1.2220,1108.5812
String,NearlySorted,ARS Exp C: Adaptive Hierarchical,1000,0.0566,9540,0,0.4515,48625963,1.2220,1079.1986
String,NearlySorted,ARS Exp D: Stream Micro-Batch,1000,0.2100,9540,2000,0.4515,48627653,1.2220,290.6685
String,NearlySorted,Quicksort,10000,0.6014,132500,0,0.4513,48638180,1.2222,1014.9504
String,NearlySorted,Timsort,10000,0.6744,127861,0,0.4512,48638686,1.2222,904.9740
String,NearlySorted,ARS Gen 1: Foundation,10000,1.7991,94604,30000,0.4510,48661283,1.2227,339.2446
String,NearlySorted,ARS Gen 2: Grid Mapping,10000,1.8900,94565,30000,0.4510,48662265,1.2227,322.9303
String,NearlySorted,ARS Gen 3: Apex Baseline,10000,2.0148,182797,14351,0.4510,48654736,1.2224,302.9363
String,NearlySorted,ARS Gen 4: Parallel Apex,10000,0.7746,88075,10000,0.4512,48656088,1.2219,787.9764
String,NearlySorted,ARS Gen 5: Optimized Apex (MAIN),10000,0.2622,88075,0,0.4512,48645773,1.2219,2327.7648
String,NearlySorted,ARS Gen 5: Optimized Apex (Stable),10000,0.2519,63479,0,0.4512,48643426,1.2218,2422.5972
String,NearlySorted,ARS Gen 6: Aero Architecture,10000,0.3731,73151,0,0.4511,48651852,1.2219,1635.7787
String,NearlySorted,ARS Gen 6: Aero (Stable),10000,0.3654,48448,0,0.4511,48645915,1.2218,1670.5301
String,NearlySorted,ARS Exp A: Recursive Parallel,10000,0.2842,88075,0,0.4512,48650518,1.2219,2147.4466
String,NearlySorted,ARS Exp B: Hierarchical Staging,10000,0.2538,88075,0,0.4512,48646977,1.2219,2404.5872
String,NearlySorted,ARS Exp C: Adaptive Hierarchical,10000,0.2742,88075,0,0.4512,48648575,1.2219,2226.1792
String,NearlySorted,ARS Exp D: Stream Micro-Batch,10000,1.2359,88075,20000,0.4510,48665822,1.2220,493.8683
String,NearlySorted,Quicksort,100000,9.3212,1695729,0,0.4496,48831846,1.2269,654.7981
String,NearlySorted,Timsort,100000,10.1379,1618264,0,0.4484,48844985,1.2260,602.0501
String,NearlySorted,ARS Gen 1: Foundation,100000,21.9651,958264,300000,0.4520,49116427,1.2266,277.8736
String,NearlySorted,ARS Gen 2: Grid Mapping,100000,21.8750,958287,300000,0.4519,49141620,1.2264,279.0177
String,NearlySorted,ARS Gen 3: Apex Baseline,100000,17.2487,1799629,108703,0.4511,48883162,1.2252,353.8528
String,NearlySorted,ARS Gen 4: Parallel Apex,100000,4.9913,1250176,100000,0.4503,48889766,1.2214,1222.8372
String,NearlySorted,ARS Gen 5: Optimized Apex (MAIN),100000,3.0670,1250176,0,0.4506,48781044,1.2207,1990.0625
String,NearlySorted,ARS Gen 5: Optimized Apex (Stable),100000,3.4416,957484,0,0.4502,48788605,1.2187,1773.4287
String,NearlySorted,ARS Gen 6: Aero Architecture,100000,2.9303,1082137,0,0.4503,48831078,1.2210,2082.9320
String,NearlySorted,ARS Gen 6: Aero (Stable),100000,2.5383,561919,0,0.4501,48777954,1.2193,2404.6118
String,NearlySorted,ARS Exp A: Recursive Parallel,100000,2.9000,877121,0,0.4503,48839239,1.2192,2104.6881
String,NearlySorted,ARS Exp B: Hierarchical Staging,100000,3.0868,943356,0,0.4501,48857326,1.2198,1977.3096
String,NearlySorted,ARS Exp C: Adaptive Hierarchical,100000,3.2052,1084625,0,0.4504,48889716,1.2201,1904.2287
String,NearlySorted,ARS Exp D: Stream Micro-Batch,100000,10.9074,1250176,200000,0.4498,48814587,1.2231,559.5781
String,NearlySorted,Quicksort,1000000,146.9884,20467458,0,0.4423,50241163,1.2735,415.2378
String,NearlySorted,Timsort,1000000,176.6505,19247236,0,0.4397,50028624,1.2607,345.5136
String,NearlySorted,ARS Gen 3: Apex Baseline,1000000,224.1401,20726079,1017407,0.4637,51557036,1.2444,272.3081
String,NearlySorted,ARS Gen 4: Parallel Apex,1000000,59.7648,14427992,1000000,0.4615,50606164,1.2005,1021.2552
String,NearlySorted,ARS Gen 5: Optimized Apex (MAIN),1000000,40.9259,14427992,0,0.4520,49639577,1.2106,1491.3566
String,NearlySorted,ARS Gen 5: Optimized Apex (Stable),1000000,40.2539,9562892,0,0.4475,49502320,1.1845,1516.2543
String,NearlySorted,ARS Gen 6: Aero Architecture,1000000,54.4984,14500857,0,0.4559,50426368,1.2076,1119.9449
String,NearlySorted,ARS Gen 6: Aero (Stable),1000000,51.2263,9781181,0,0.4518,49632141,1.1781,1191.4817
String,NearlySorted,ARS Exp A: Recursive Parallel,1000000,43.0501,10121426,0,0.4596,50160693,1.1982,1417.7719
String,NearlySorted,ARS Exp B: Hierarchical Staging,1000000,55.5239,10340217,0,0.4632,50201185,1.1917,1099.2591
String,NearlySorted,ARS Exp C: Adaptive Hierarchical,1000000,49.1079,11441302,0,0.4608,50284340,1.1948,1242.8789
String,NearlySorted,ARS Exp D: Stream Micro-Batch,1000000,253.0990,19075213,2000000,0.4734,51068830,1.2330,241.1513
String,Duplicates,Quicksort,1000,0.0410,5636,0,0.5112,52091129,1.2259,1488.7713
String,Duplicates,Timsort,1000,0.0448,5782,0,0.5111,52091382,1.2259,1360.9034
String,Duplicates,ARS Gen 1: Foundation,1000,0.1256,984,2000,0.5111,52093048,1.2259,486.0958
String,Duplicates,ARS Gen 2: Grid Mapping,1000,0.1371,984,2000,0.5111,52093147,1.2259,445.0670
String,Duplicates,ARS Gen 3: Apex Baseline,1000,0.0390,5636,0,0.5111,52091544,1.2259,1565.9677
String,Duplicates,ARS Gen 4: Parallel Apex,1000,0.0394,5636,0,0.5111,52091483,1.2259,1550.4536
String,Duplicates,ARS Gen 5: Optimized Apex (MAIN),1000,0.0362,5636,0,0.5111,52091367,1.2259,1686.3801
String,Duplicates,ARS Gen 5: Optimized Apex (Stable),1000,0.0399,5782,0,0.5111,52091759,1.2259,1529.9716
String,Duplicates,ARS Gen 6: Aero Architecture,1000,0.0340,5636,0,0.5111,52091472,1.2259,1795.9440
String,Duplicates,ARS Gen 6: Aero (Stable),1000,0.0377,5782,0,0.5111,52091675,1.2259,1619.6570
String,Duplicates,ARS Exp A: Recursive Parallel,1000,0.0392,5636,0,0.5111,52091548,1.2259,1556.8604
String,Duplicates,ARS Exp B: Hierarchical Staging,1000,0.0372,5636,0,0.5111,52091433,1.2259,1642.2310
String,Duplicates,ARS Exp C: Adaptive Hierarchical,1000,0.0337,5636,0,0.5111,52091400,1.2259,1810.2728
String,Duplicates,ARS Exp D: Stream Micro-Batch,1000,0.2154,5636,2000,0.5111,52093114,1.2259,283.3573
String,Duplicates,Quicksort,10000,0.3343,53113,0,0.5109,52107605,1.2259,1825.9566
String,Duplicates,Timsort,10000,0.4472,54714,0,0.5108,52108633,1.2259,1364.9390
String,Duplicates,ARS Gen 1: Foundation,10000,1.3820,9984,30000,0.5106,52126812,1.2263,441.6466
String,Duplicates,ARS Gen 2: Grid Mapping,10000,1.4690,9984,30000,0.5106,52126500,1.2263,415.4804
String,Duplicates,ARS Gen 3: Apex Baseline,10000,1.9032,122389,14351,0.5108,52125202,1.2262,320.6999
String,Duplicates,ARS Gen 4: Parallel Apex,10000,0.6857,14075,10000,0.5108,52103697,1.2259,890.0627
String,Duplicates,ARS Gen 5: Optimized Apex (MAIN),10000,0.1404,14075,0,0.5109,52100058,1.2258,4346.5523
String,Duplicates,ARS Gen 5: Optimized Apex (Stable),10000,0.1369,14094,0,0.5108,52100695,1.2258,4459.7108
String,Duplicates,ARS Gen 6: Aero Architecture,10000,0.3028,12021,0,0.5108,52103428,1.2258,2015.6521
String,Duplicates,ARS Gen 6: Aero (Stable),10000,0.2867,12028,0,0.5108,52104060,1.2258,2128.5963
String,Duplicates,ARS Exp A: Recursive Parallel,10000,0.1504,14075,0,0.5108,52101373,1.2258,4059.5112
String,Duplicates,ARS Exp B: Hierarchical Staging,10000,0.1366,14075,0,0.5108,52101167,1.2258,4467.7087
String,Duplicates,ARS Exp C: Adaptive Hierarchical,10000,0.1588,14075,0,0.5108,52100680,1.2258,3842.8461
String,Duplicates,ARS Exp D: Stream Micro-Batch,10000,0.9890,14075,20000,0.5106,52110327,1.2259,617.1601
String,Duplicates,Quicksort,100000,3.8573,516589,0,0.5086,52221082,1.2266,1582.3182
String,Duplicates,Timsort,100000,4.6031,529550,0,0.5076,52230193,1.2262,1325.9527
String,Duplicates,ARS Gen 1: Foundation,100000,14.8347,99984,300000,0.5086,52412317,1.2282,411.4341
String,Duplicates,ARS Gen 2: Grid Mapping,100000,15.2072,99984,300000,0.5087,52416013,1.2279,401.3576
String,Duplicates,ARS Gen 3: Apex Baseline,100000,16.5837,1144965,108703,0.5104,52308043,1.2286,368.0435
String,Duplicates,ARS Gen 4: Parallel Apex,100000,2.9866,151083,100000,0.5107,52127177,1.2240,2043.6286
String,Duplicates,ARS Gen 5: Optimized Apex (MAIN),100000,1.7982,151083,0,0.5106,52117899,1.2222,3394.2589
String,Duplicates,ARS Gen 5: Optimized Apex (Stable),100000,2.1450,151309,0,0.5107,52118678,1.2228,2845.4008
String,Duplicates,ARS Gen 6: Aero Architecture,100000,1.8912,99990,0,0.5104,52141179,1.2241,3227.3225
String,Duplicates,ARS Gen 6: Aero (Stable),100000,1.9547,99990,0,0.5104,52142346,1.2231,3122.4740
String,Duplicates,ARS Exp A: Recursive Parallel,100000,2.1596,200008,0,0.5097,52127494,1.2224,2826.2133
String,Duplicates,ARS Exp B: Hierarchical Staging,100000,2.1765,200008,0,0.5098,52115839,1.2230,2804.2324
String,Duplicates,ARS Exp C: Adaptive Hierarchical,100000,1.8229,100024,0,0.5104,52120453,1.2231,3348.1824
String,Duplicates,ARS Exp D: Stream Micro-Batch,100000,9.2929,151083,200000,0.5078,52195867,1.2255,656.7947
String,Duplicates,Quicksort,1000000,89.3476,5202060,0,0.5253,53259776,1.2261,683.1204
String,Duplicates,Timsort,1000000,148.3984,6111262,0,0.5272,53314708,1.2172,411.2925
String,Duplicates,ARS Gen 3: Apex Baseline,1000000,159.2582,12085476,1017407,0.5133,53787888,1.2443,383.2466
String,Duplicates,ARS Gen 4: Parallel Apex,1000000,29.3438,999988,1000000,0.5169,52185514,1.2070,2080.0007
String,Duplicates,ARS Gen 5: Optimized Apex (MAIN),1000000,28.1278,999988,0,0.5173,52168090,1.2007,2169.9220
String,Duplicates,ARS Gen 5: Optimized Apex (Stable),1000000,25.3609,999988,0,0.5165,52168612,1.2017,2406.6599
String,Duplicates,ARS Gen 6: Aero Architecture,1000000,27.8227,999988,0,0.5166,52422632,1.2097,2193.7200
String,Duplicates,ARS Gen 6: Aero (Stable),1000000,32.1687,999988,0,0.5174,52393443,1.2050,1897.3442
String,Duplicates,ARS Exp A: Recursive Parallel,1000000,34.5408,1999972,0,0.5187,52145027,1.1922,1767.0441
String,Duplicates,ARS Exp B: Hierarchical Staging,1000000,34.5452,1999976,0,0.5179,52136250,1.1929,1766.8188
String,Duplicates,ARS Exp C: Adaptive Hierarchical,1000000,35.1097,1999976,0,0.5187,52146974,1.1913,1738.4147
String,Duplicates,ARS Exp D: Stream Micro-Batch,1000000,314.8498,5709060,2000000,0.5445,53309404,1.1996,193.8548
String,Zipfian,Quicksort,1000,0.0549,10370,0,0.5100,52230861,1.2203,1111.7717
String,Zipfian,Timsort,1000,0.0623,10522,0,0.5100,52231183,1.2203,979.9807
String,Zipfian,ARS Gen 1: Foundation,1000,0.2561,0,2000,0.5100,52237699,1.2204,238.3190
String,Zipfian,ARS Gen 2: Grid Mapping,1000,0.3096,0,2000,0.5100,52238662,1.2204,197.1127
String,Zipfian,ARS Gen 3: Apex Baseline,1000,0.0526,10370,0,0.5100,52230876,1.2203,1159.6146
String,Zipfian,ARS Gen 4: Parallel Apex,1000,0.0619,10370,0,0.5100,52230829,1.2203,985.7576
String,Zipfian,ARS Gen 5: Optimized Apex (MAIN),1000,0.0571,10370,0,0.5100,52231097,1.2203,1069.0105
String,Zipfian,ARS Gen 5: Optimized Apex (Stable),1000,0.0613,10522,0,0.5100,52231294,1.2203,996.3947
String,Zipfian,ARS Gen 6: Aero Architecture,1000,0.0562,10370,0,0.5100,52230916,1.2203,1085.3975
String,Zipfian,ARS Gen 6: Aero (Stable),1000,0.0640,10522,0,0.5100,52231209,1.2203,953.3317
String,Zipfian,ARS Exp A: Recursive Parallel,1000,0.0602,10370,0,0.5100,52230943,1.2203,1013.3007
String,Zipfian,ARS Exp B: Hierarchical Staging,1000,0.0533,10370,0,0.5100,52230926,1.2203,1144.8671
String,Zipfian,ARS Exp C: Adaptive Hierarchical,1000,0.0561,10370,0,0.5100,52231005,1.2203,1088.8635
String,Zipfian,ARS Exp D: Stream Micro-Batch,1000,0.2212,10370,2000,0.5100,52232949,1.2203,275.8826
String,Zipfian,Quicksort,10000,0.6674,136866,0,0.5097,52248074,1.2206,914.4693
String,Zipfian,Timsort,10000,0.8614,141490,0,0.5096,52254650,1.2205,708.5708
String,Zipfian,ARS Gen 1: Foundation,10000,5.6339,0,30000,0.5082,52327609,1.2223,108.3360
String,Zipfian,ARS Gen 2: Grid Mapping,10000,6.0269,0,30000,0.5080,52333960,1.2223,101.2716
String,Zipfian,ARS Gen 3: Apex Baseline,10000,2.0806,193846,14351,0.5096,52272680,1.2207,293.3541
String,Zipfian,ARS Gen 4: Parallel Apex,10000,0.6113,67438,10000,0.5097,52265909,1.2203,998.5138
String,Zipfian,ARS Gen 5: Optimized Apex (MAIN),10000,0.2207,67438,0,0.5097,52253894,1.2202,2765.1124
String,Zipfian,ARS Gen 5: Optimized Apex (Stable),10000,0.2294,70298,0,0.5097,52257772,1.2202,2660.9216
String,Zipfian,ARS Gen 6: Aero Architecture,10000,0.3759,63043,0,0.5097,52259060,1.2202,1623.6209
String,Zipfian,ARS Gen 6: Aero (Stable),10000,0.3959,67007,0,0.5096,52260549,1.2202,1541.5020
String,Zipfian,ARS Exp A: Recursive Parallel,10000,0.2332,67438,0,0.5097,52255244,1.2202,2617.1197
String,Zipfian,ARS Exp B: Hierarchical Staging,10000,0.2177,67438,0,0.5097,52255670,1.2202,2803.2883
String,Zipfian,ARS Exp C: Adaptive Hierarchical,10000,0.2211,67438,0,0.5097,52255740,1.2202,2760.5976
String,Zipfian,ARS Exp D: Stream Micro-Batch,10000,1.0992,67438,20000,0.5096,52276036,1.2203,555.2709
String,Zipfian,Quicksort,100000,11.0054,1718762,0,0.5054,52550243,1.2241,554.5924
String,Zipfian,Timsort,100000,12.8536,1759891,0,0.5043,52506585,1.2236,474.8481
String,Zipfian,ARS Gen 1: Foundation,100000,56.4578,0,300000,0.4716,53268926,1.2109,108.1076
String,Zipfian,ARS Gen 2: Grid Mapping,100000,61.1464,0,300000,0.4661,53331796,1.2066,99.8181
String,Zipfian,ARS Gen 3: Apex Baseline,100000,16.5895,1895222,108703,0.5087,52678391,1.2227,367.9148
String,Zipfian,ARS Gen 4: Parallel Apex,100000,4.1507,1029722,100000,0.5086,52571119,1.2195,1470.4960
String,Zipfian,ARS Gen 5: Optimized Apex (MAIN),100000,2.7595,1029722,0,0.5088,52468883,1.2182,2211.8571
String,Zipfian,ARS Gen 5: Optimized Apex (Stable),100000,3.1243,1071423,0,0.5086,52533799,1.2184,1953.5870
String,Zipfian,ARS Gen 6: Aero Architecture,100000,3.3095,978520,0,0.5086,52531489,1.2180,1844.2299
String,Zipfian,ARS Gen 6: Aero (Stable),100000,3.4748,1019338,0,0.5084,52604186,1.2183,1756.4903
String,Zipfian,ARS Exp A: Recursive Parallel,100000,3.0000,1029722,0,0.5084,52560079,1.2180,2034.5296
String,Zipfian,ARS Exp B: Hierarchical Staging,100000,2.9886,961965,0,0.5088,52558441,1.2180,2042.2938
String,Zipfian,ARS Exp C: Adaptive Hierarchical,100000,2.8323,1029722,0,0.5084,52558217,1.2187,2154.9322
String,Zipfian,ARS Exp D: Stream Micro-Batch,100000,10.0847,1029722,200000,0.5058,52551571,1.2207,605.2251
String,Zipfian,Quicksort,1000000,240.5950,20518628,0,0.5165,55607730,1.2433,253.6843
String,Zipfian,Timsort,1000000,369.6364,20902099,0,0.5064,55475388,1.2200,165.1221
String,Zipfian,ARS Gen 3: Apex Baseline,1000000,194.3950,21589743,1017407,0.5073,56135803,1.2199,313.9748
String,Zipfian,ARS Gen 4: Parallel Apex,1000000,59.8175,12256776,1000000,0.5144,54823254,1.1728,1020.3570
String,Zipfian,ARS Gen 5: Optimized Apex (MAIN),1000000,47.7626,12256776,0,0.5149,53686032,1.1809,1277.8869
String,Zipfian,ARS Gen 5: Optimized Apex (Stable),1000000,58.6354,12679336,0,0.5111,54593678,1.1637,1040.9268
String,Zipfian,ARS Gen 6: Aero Architecture,1000000,61.3955,13331493,0,0.5163,53878782,1.1754,994.1315
String,Zipfian,ARS Gen 6: Aero (Stable),1000000,73.0804,13750405,0,0.5139,54168585,1.1570,835.1787
String,Zipfian,ARS Exp A: Recursive Parallel,1000000,51.6418,9434971,0,0.5166,53791959,1.1824,1181.8949
String,Zipfian,ARS Exp B: Hierarchical Staging,1000000,69.0269,7913738,0,0.5244,53748175,1.1622,884.2229
String,Zipfian,ARS Exp C: Adaptive Hierarchical,1000000,56.8337,8719170,0,0.5212,53945158,1.1718,1073.9260
String,Zipfian,ARS Exp D: Stream Micro-Batch,1000000,429.9670,15199655,2000000,0.5383,56561085,1.1855,141.9531
String,Skewed,Quicksort,1000,0.0531,10370,0,0.5013,54842016,1.2073,1148.8971
String,Skewed,Timsort,1000,0.0573,10522,0,0.5013,54842427,1.2073,1064.4615
String,Skewed,ARS Gen 1: Foundation,1000,0.2682,0,2000,0.5013,54849456,1.2074,227.5987
String,Skewed,ARS Gen 2: Grid Mapping,1000,0.3258,0,2000,0.5013,54850351,1.2074,187.3376
String,Skewed,ARS Gen 3: Apex Baseline,1000,0.0590,10370,0,0.5013,54842977,1.2073,1035.3365
String,Skewed,ARS Gen 4: Parallel Apex,1000,0.0583,10370,0,0.5013,54843082,1.2073,1047.4362
String,Skewed,ARS Gen 5: Optimized Apex (MAIN),1000,0.0573,10370,0,0.5013,54842969,1.2073,1064.7400
String,Skewed,ARS Gen 5: Optimized Apex (Stable),1000,0.0708,10522,0,0.5013,54843161,1.2073,861.7498
String,Skewed,ARS Gen 6: Aero Architecture,1000,0.0570,10370,0,0.5013,54843141,1.2073,1070.3791
String,Skewed,ARS Gen 6: Aero (Stable),1000,0.0644,10522,0,0.5013,54843487,1.2073,947.3978
String,Skewed,ARS Exp A: Recursive Parallel,1000,0.0572,10370,0,0.5013,54843109,1.2073,1067.0855
String,Skewed,ARS Exp B: Hierarchical Staging,1000,0.0640,10370,0,0.5013,54842975,1.2073,954.0470
String,Skewed,ARS Exp C: Adaptive Hierarchical,1000,0.0553,10370,0,0.5013,54843088,1.2073,1103.9295
String,Skewed,ARS Exp D: Stream Micro-Batch,1000,0.2203,10370,2000,0.5013,54845224,1.2073,277.0321
String,Skewed,Quicksort,10000,0.6913,136866,0,0.5011,54859237,1.2075,882.8849
String,Skewed,Timsort,10000,0.9185,141490,0,0.5010,54866452,1.2075,664.5185
String,Skewed,ARS Gen 1: Foundation,10000,5.8706,0,30000,0.4993,54940849,1.2090,103.9677
String,Skewed,ARS Gen 2: Grid Mapping,10000,5.8907,0,30000,0.4991,54947370,1.2092,103.6131
String,Skewed,ARS Gen 3: Apex Baseline,10000,2.1339,193846,14351,0.5009,54874162,1.2076,286.0231
String,Skewed,ARS Gen 4: Parallel Apex,10000,0.6642,67438,10000,0.5010,54877154,1.2072,918.9025
String,Skewed,ARS Gen 5: Optimized Apex (MAIN),10000,0.2200,67438,0,0.5010,54867691,1.2072,2774.0101
String,Skewed,ARS Gen 5: Optimized Apex (Stable),10000,0.2325,70298,0,0.5010,54875806,1.2072,2625.4164
String,Skewed,ARS Gen 6: Aero Architecture,10000,0.4445,63043,0,0.5010,54875874,1.2072,1373.1441
String,Skewed,ARS Gen 6: Aero (Stable),10000,0.3998,67007,0,0.5010,54876175,1.2072,1526.7530
String,Skewed,ARS Exp A: Recursive Parallel,10000,0.2549,67438,0,0.5010,54873158,1.2071,2394.1740
String,Skewed,ARS Exp B: Hierarchical Staging,10000,0.2243,67438,0,0.5010,54874931,1.2072,2721.3578
String,Skewed,ARS Exp C: Adaptive Hierarchical,10000,0.2193,67438,0,0.5010,54876320,1.2071,2783.6886
String,Skewed,ARS Exp D: Stream Micro-Batch,10000,1.0522,67438,20000,0.5008,54888360,1.2071,580.0762
String,Skewed,Quicksort,100000,10.7397,1718762,0,0.4970,55151857,1.2109,568.3111
String,Skewed,Timsort,100000,13.0087,1759891,0,0.4954,55246691,1.2103,469.1858
String,Skewed,ARS Gen 1: Foundation,100000,58.9820,0,300000,0.4609,55877462,1.1958,103.4809
String,Skewed,ARS Gen 2: Grid Mapping,100000,60.1417,0,300000,0.4615,55936879,1.1979,101.4855
String,Skewed,ARS Gen 3: Apex Baseline,100000,16.2533,1895222,108703,0.5001,55271089,1.2099,375.5242
String,Skewed,ARS Gen 4: Parallel Apex,100000,3.9713,1029722,100000,0.5001,55182411,1.2064,1536.9120
String,Skewed,ARS Gen 5: Optimized Apex (MAIN),100000,2.8805,1029722,0,0.5000,55192132,1.2050,2118.9400
String,Skewed,ARS Gen 5: Optimized Apex (Stable),100000,3.2043,1071423,0,0.4999,55222737,1.2042,1904.8063
String,Skewed,ARS Gen 6: Aero Architecture,100000,3.3302,978520,0,0.4999,55225485,1.2049,1832.7648
String,Skewed,ARS Gen 6: Aero (Stable),100000,3.6506,1019338,0,0.4999,55204901,1.2046,1671.9327
String,Skewed,ARS Exp A: Recursive Parallel,100000,3.1128,1029722,0,0.4998,55210873,1.2053,1960.7925
String,Skewed,ARS Exp B: Hierarchical Staging,100000,3.2074,961965,0,0.5002,55202290,1.2051,1902.9659
String,Skewed,ARS Exp C: Adaptive Hierarchical,100000,2.9172,1029722,0,0.4998,55196489,1.2048,2092.2499
String,Skewed,ARS Exp D: Stream Micro-Batch,100000,10.2784,1029722,200000,0.4974,55144570,1.2080,593.8200
String,Skewed,Quicksort,1000000,266.5325,20518628,0,0.5121,57722701,1.2279,228.9971
String,Skewed,Timsort,1000000,357.3661,20902099,0,0.5000,58084215,1.2107,170.7917
String,Skewed,ARS Gen 3: Apex Baseline,1000000,193.3742,21589743,1017407,0.4989,58353641,1.2137,315.6323
String,Skewed,ARS Gen 4: Parallel Apex,1000000,61.0869,12256776,1000000,0.5063,57400277,1.1592,999.1521
String,Skewed,ARS Gen 5: Optimized Apex (MAIN),1000000,51.3728,12256776,0,0.5047,57130902,1.1677,1188.0830
String,Skewed,ARS Gen 5: Optimized Apex (Stable),1000000,59.1551,12679336,0,0.5034,57779528,1.1611,1031.7824
String,Skewed,ARS Gen 6: Aero Architecture,1000000,67.4363,13331493,0,0.5072,58318095,1.1570,905.0790
String,Skewed,ARS Gen 6: Aero (Stable),1000000,74.2349,13750405,0,0.5057,58120982,1.1510,822.1897
String,Skewed,ARS Exp A: Recursive Parallel,1000000,53.1198,9434971,0,0.5084,57532093,1.1638,1149.0098
String,Skewed,ARS Exp B: Hierarchical Staging,1000000,69.7788,7913738,0,0.5158,57460969,1.1497,874.6947
String,Skewed,ARS Exp C: Adaptive Hierarchical,1000000,58.4816,8719170,0,0.5130,57558172,1.1609,1043.6641
String,Skewed,ARS Exp D: Stream Micro-Batch,1000000,425.1850,15199655,2000000,0.5310,59086329,1.1793,143.5496
String,Clustered,Quicksort,1000,0.0616,10370,0,0.4943,56905332,1.1960,991.3615
String,Clustered,Timsort,1000,0.0666,10522,0,0.4943,56905338,1.1960,915.8250
String,Clustered,ARS Gen 1: Foundation,1000,0.2910,0,2000,0.4943,56911376,1.1961,209.7536
String,Clustered,ARS Gen 2: Grid Mapping,1000,0.2904,0,2000,0.4943,56912192,1.1961,210.2000
String,Clustered,ARS Gen 3: Apex Baseline,1000,0.0543,10370,0,0.4943,56904807,1.1960,1123.4567
String,Clustered,ARS Gen 4: Parallel Apex,1000,0.0567,10370,0,0.4943,56905073,1.1960,1077.0086
String,Clustered,ARS Gen 5: Optimized Apex (MAIN),1000,0.0583,10370,0,0.4943,56904939,1.1960,1046.5382
String,Clustered,ARS Gen 5: Optimized Apex (Stable),1000,0.0683,10522,0,0.4943,56905168,1.1960,893.6333
String,Clustered,ARS Gen 6: Aero Architecture,1000,0.0612,10370,0,0.4943,56904985,1.1960,997.9587
String,Clustered,ARS Gen 6: Aero (Stable),1000,0.0709,10522,0,0.4943,56905249,1.1960,861.0690
String,Clustered,ARS Exp A: Recursive Parallel,1000,0.0621,10370,0,0.4943,56904996,1.1960,983.1061
String,Clustered,ARS Exp B: Hierarchical Staging,1000,0.0639,10370,0,0.4943,56904868,1.1960,955.7800
String,Clustered,ARS Exp C: Adaptive Hierarchical,1000,0.0647,10370,0,0.4943,56904907,1.1960,943.9107
String,Clustered,ARS Exp D: Stream Micro-Batch,1000,0.2376,10370,2000,0.4943,56906915,1.1960,256.9209
String,Clustered,Quicksort,10000,0.7731,136866,0,0.4941,56927928,1.1962,789.4757
String,Clustered,Timsort,10000,0.9008,141490,0,0.4940,56929562,1.1962,677.5338
String,Clustered,ARS Gen 1: Foundation,10000,6.0285,0,30000,0.4929,57001895,1.1978,101.2450
String,Clustered,ARS Gen 2: Grid Mapping,10000,5.9570,0,30000,0.4925,57008854,1.1979,102.4600
String,Clustered,ARS Gen 3: Apex Baseline,10000,1.9106,193846,14351,0.4940,56937679,1.1964,319.4526
String,Clustered,ARS Gen 4: Parallel Apex,10000,0.6744,67438,10000,0.4941,56940304,1.1959,904.9887
String,Clustered,ARS Gen 5: Optimized Apex (MAIN),10000,0.2466,67438,0,0.4941,56937699,1.1958,2475.0371
String,Clustered,ARS Gen 5: Optimized Apex (Stable),10000,0.2962,70298,0,0.4941,56945677,1.1958,2060.5019
String,Clustered,ARS Gen 6: Aero Architecture,10000,0.3795,63043,0,0.4940,56943588,1.1959,1608.3766
String,Clustered,ARS Gen 6: Aero (Stable),10000,0.3759,67007,0,0.4940,56945742,1.1959,1623.6079
String,Clustered,ARS Exp A: Recursive Parallel,10000,0.2378,67438,0,0.4941,56941884,1.1958,2566.8643
String,Clustered,ARS Exp B: Hierarchical Staging,10000,0.2256,67438,0,0.4941,56941093,1.1959,2705.5550
String,Clustered,ARS Exp C: Adaptive Hierarchical,10000,0.2385,67438,0,0.4941,56942384,1.1958,2558.6755
String,Clustered,ARS Exp D: Stream Micro-Batch,10000,1.0833,67438,20000,0.4938,56949519,1.1960,563.4006
String,Clustered,Quicksort,100000,10.4783,1718762,0,0.4902,57198347,1.1997,582.4914
String,Clustered,Timsort,100000,12.6054,1759891,0,0.4889,57242084,1.1991,484.1966
String,Clustered,ARS Gen 1: Foundation,100000,62.1246,0,300000,0.4589,57945533,1.1892,98.2464
String,Clustered,ARS Gen 2: Grid Mapping,100000,61.7016,0,300000,0.4552,58007873,1.1862,98.9199
String,Clustered,ARS Gen 3: Apex Baseline,100000,16.1707,1895222,108703,0.4933,57197864,1.1988,377.4435
String,Clustered,ARS Gen 4: Parallel Apex,100000,4.6173,1029722,100000,0.4931,57260065,1.1951,1321.8870
String,Clustered,ARS Gen 5: Optimized Apex (MAIN),100000,2.7975,1029722,0,0.4931,57183556,1.1940,2181.7945
String,Clustered,ARS Gen 5: Optimized Apex (Stable),100000,3.2206,1071423,0,0.4927,57341085,1.1931,1895.1774
String,Clustered,ARS Gen 6: Aero Architecture,100000,3.2346,978520,0,0.4929,57278625,1.1938,1886.9507
String,Clustered,ARS Gen 6: Aero (Stable),100000,3.4309,1019338,0,0.4928,57299208,1.1940,1778.9600
String,Clustered,ARS Exp A: Recursive Parallel,100000,2.9578,1029722,0,0.4928,57267308,1.1941,2063.5622
String,Clustered,ARS Exp B: Hierarchical Staging,100000,3.0576,961965,0,0.4933,57219932,1.1938,1996.1838
String,Clustered,ARS Exp C: Adaptive Hierarchical,100000,3.0275,1029722,0,0.4929,57252893,1.1943,2016.0310
String,Clustered,ARS Exp D: Stream Micro-Batch,100000,10.3518,1029722,200000,0.4909,57210226,1.1959,589.6111
String,Clustered,Quicksort,1000000,283.1078,20518628,0,0.5021,60512008,1.2153,215.5898
String,Clustered,Timsort,1000000,382.1475,20902099,0,0.4934,60544299,1.1974,159.7162
String,Clustered,ARS Gen 3: Apex Baseline,1000000,195.5931,21589743,1017407,0.4923,60245314,1.1982,312.0516
String,Clustered,ARS Gen 4: Parallel Apex,1000000,59.7576,12256776,1000000,0.4993,59737337,1.1516,1021.3785
String,Clustered,ARS Gen 5: Optimized Apex (MAIN),1000000,48.6810,12256776,0,0.4999,58297820,1.1614,1253.7773
String,Clustered,ARS Gen 5: Optimized Apex (Stable),1000000,55.1187,12679336,0,0.4973,58627490,1.1537,1107.3407
String,Clustered,ARS Gen 6: Aero Architecture,1000000,63.7875,13331493,0,0.5009,58855425,1.1563,956.8519
String,Clustered,ARS Gen 6: Aero (Stable),1000000,71.5981,13750405,0,0.4994,59210545,1.1431,852.4684
String,Clustered,ARS Exp A: Recursive Parallel,1000000,51.7251,9434971,0,0.5016,58948703,1.1608,1179.9909
String,Clustered,ARS Exp B: Hierarchical Staging,1000000,70.8478,7913738,0,0.5089,58902912,1.1454,861.4972
String,Clustered,ARS Exp C: Adaptive Hierarchical,1000000,58.6924,8719170,0,0.5051,58892155,1.1527,1039.9155
String,Clustered,ARS Exp D: Stream Micro-Batch,1000000,424.9781,15151086,2000000,0.5235,61560536,1.1673,143.6195
String,BucketCollapse,Quicksort,1000,0.0498,10370,0,0.4896,58372773,1.1889,1226.5661
String,BucketCollapse,Timsort,1000,0.0557,10522,0,0.4896,58373214,1.1889,1096.3546
String,BucketCollapse,ARS Gen 1: Foundation,1000,0.2745,0,2000,0.4896,58380244,1.1890,222.3787
String,BucketCollapse,ARS Gen 2: Grid Mapping,1000,0.3097,0,2000,0.4896,58381151,1.1890,197.0974
String,BucketCollapse,ARS Gen 3: Apex Baseline,1000,0.0563,10370,0,0.4896,58373482,1.1889,1084.1828
String,BucketCollapse,ARS Gen 4: Parallel Apex,1000,0.0556,10370,0,0.4896,58373536,1.1889,1098.4065
String,BucketCollapse,ARS Gen 5: Optimized Apex (MAIN),1000,0.0569,10370,0,0.4896,58373710,1.1889,1072.5798
String,BucketCollapse,ARS Gen 5: Optimized Apex (Stable),1000,0.0709,10522,0,0.4896,58373991,1.1889,861.2877
String,BucketCollapse,ARS Gen 6: Aero Architecture,1000,0.0530,10370,0,0.4896,58373606,1.1889,1150.8033
String,BucketCollapse,ARS Gen 6: Aero (Stable),1000,0.0633,10522,0,0.4896,58374047,1.1889,964.2509
String,BucketCollapse,ARS Exp A: Recursive Parallel,1000,0.0629,10370,0,0.4896,58373798,1.1889,970.1209
String,BucketCollapse,ARS Exp B: Hierarchical Staging,1000,0.0599,10370,0,0.4896,58373696,1.1889,1018.6788
String,BucketCollapse,ARS Exp C: Adaptive Hierarchical,1000,0.0601,10370,0,0.4896,58373489,1.1889,1015.9826
String,BucketCollapse,ARS Exp D: Stream Micro-Batch,1000,0.2192,10370,2000,0.4896,58375500,1.1889,278.4235
String,BucketCollapse,Quicksort,10000,0.7602,136866,0,0.4894,58394218,1.1891,802.9241
String,BucketCollapse,Timsort,10000,0.8927,141490,0,0.4893,58396721,1.1891,683.7355
String,BucketCollapse,ARS Gen 1: Foundation,10000,5.7167,0,30000,0.4883,58470784,1.1907,106.7656
String,BucketCollapse,ARS Gen 2: Grid Mapping,10000,6.0933,0,30000,0.4881,58476862,1.1908,100.1681
String,BucketCollapse,ARS Gen 3: Apex Baseline,10000,1.9530,193846,14351,0.4893,58410825,1.1893,312.5144
String,BucketCollapse,ARS Gen 4: Parallel Apex,10000,0.6767,67438,10000,0.4894,58408278,1.1889,901.8956
String,BucketCollapse,ARS Gen 5: Optimized Apex (MAIN),10000,0.2210,67438,0,0.4894,58396847,1.1889,2761.4469
String,BucketCollapse,ARS Gen 5: Optimized Apex (Stable),10000,0.2316,70298,0,0.4894,58401996,1.1888,2635.9271
String,BucketCollapse,ARS Gen 6: Aero Architecture,10000,0.3545,63043,0,0.4893,58405142,1.1889,1721.7543
String,BucketCollapse,ARS Gen 6: Aero (Stable),10000,0.3954,67007,0,0.4893,58405904,1.1889,1543.4862
String,BucketCollapse,ARS Exp A: Recursive Parallel,10000,0.2292,67438,0,0.4894,58402189,1.1888,2662.9417
String,BucketCollapse,ARS Exp B: Hierarchical Staging,10000,0.2214,67438,0,0.4894,58400715,1.1888,2756.2593
String,BucketCollapse,ARS Exp C: Adaptive Hierarchical,10000,0.2354,67438,0,0.4894,58403166,1.1888,2593.0807
String,BucketCollapse,ARS Exp D: Stream Micro-Batch,10000,1.0598,67438,20000,0.4892,58418201,1.1889,575.8849
String,BucketCollapse,Quicksort,100000,9.8668,1718762,0,0.4858,58641820,1.1925,618.5882
String,BucketCollapse,Timsort,100000,11.3392,1759891,0,0.4847,58620324,1.1922,538.2646
String,BucketCollapse,ARS Gen 1: Foundation,100000,61.2708,0,300000,0.4551,59407568,1.1828,99.6154
String,BucketCollapse,ARS Gen 2: Grid Mapping,100000,63.0093,0,300000,0.4493,59468783,1.1775,96.8669
String,BucketCollapse,ARS Gen 3: Apex Baseline,100000,17.0253,1895222,108703,0.4886,58720040,1.1915,358.4968
String,BucketCollapse,ARS Gen 4: Parallel Apex,100000,4.0749,1029722,100000,0.4885,58705985,1.1886,1497.8305
String,BucketCollapse,ARS Gen 5: Optimized Apex (MAIN),100000,2.8539,1029722,0,0.4882,58762861,1.1871,2138.6271
String,BucketCollapse,ARS Gen 5: Optimized Apex (Stable),100000,3.1227,1071423,0,0.4883,58743008,1.1869,1954.5492
String,BucketCollapse,ARS Gen 6: Aero Architecture,100000,3.1608,978520,0,0.4884,58666940,1.1878,1931.0010
String,BucketCollapse,ARS Gen 6: Aero (Stable),100000,3.4151,1019338,0,0.4884,58675179,1.1872,1787.2190
String,BucketCollapse,ARS Exp A: Recursive Parallel,100000,2.9280,1029722,0,0.4885,58643681,1.1875,2084.5447
String,BucketCollapse,ARS Exp B: Hierarchical Staging,100000,3.0783,961965,0,0.4887,58695060,1.1874,1982.7701
String,BucketCollapse,ARS Exp C: Adaptive Hierarchical,100000,2.9705,1029722,0,0.4884,58697619,1.1869,2054.6850
String,BucketCollapse,ARS Exp D: Stream Micro-Batch,100000,10.3591,1029722,200000,0.4861,58785181,1.1893,589.1931
String,BucketCollapse,Quicksort,1000000,250.5171,20518628,0,0.4966,62132938,1.2099,243.6367
String,BucketCollapse,Timsort,1000000,355.6158,20902099,0,0.4885,61759423,1.1936,171.6323
String,BucketCollapse,ARS Gen 3: Apex Baseline,1000000,201.5668,21589743,1017407,0.4882,61970469,1.1943,302.8036
String,BucketCollapse,ARS Gen 4: Parallel Apex,1000000,60.9579,12256776,1000000,0.4948,61029419,1.1472,1001.2680
String,BucketCollapse,ARS Gen 5: Optimized Apex (MAIN),1000000,47.9730,12256776,0,0.4947,59897926,1.1510,1272.2815
String,BucketCollapse,ARS Gen 5: Optimized Apex (Stable),1000000,56.6440,12679336,0,0.4926,60353748,1.1458,1077.5226
String,BucketCollapse,ARS Gen 6: Aero Architecture,1000000,62.5593,13331493,0,0.4954,60485032,1.1472,975.6368
String,BucketCollapse,ARS Gen 6: Aero (Stable),1000000,75.1954,13750405,0,0.4953,60560573,1.1425,811.6873
String,BucketCollapse,ARS Exp A: Recursive Parallel,1000000,52.8878,9434971,0,0.4964,60154430,1.1503,1154.0494
String,BucketCollapse,ARS Exp B: Hierarchical Staging,1000000,70.8860,7913738,0,0.5035,60978054,1.1392,861.0324
String,BucketCollapse,ARS Exp C: Adaptive Hierarchical,1000000,58.5461,8719170,0,0.5003,60936429,1.1438,1042.5144
String,BucketCollapse,ARS Exp D: Stream Micro-Batch,1000000,432.6441,15199654,2000000,0.5178,62963353,1.1543,141.0747
String,LowCardinality,Quicksort,1000,0.0340,5636,0,0.4824,60816028,1.1768,1795.8911
String,LowCardinality,Timsort,1000,0.0360,5782,0,0.4824,60816131,1.1768,1693.7273
String,LowCardinality,ARS Gen 1: Foundation,1000,0.1144,984,2000,0.4824,60817713,1.1768,533.4075
String,LowCardinality,ARS Gen 2: Grid Mapping,1000,0.1240,984,2000,0.4824,60817743,1.1768,492.2706
String,LowCardinality,ARS Gen 3: Apex Baseline,1000,0.0395,5636,0,0.4824,60816376,1.1768,1544.5682
String,LowCardinality,ARS Gen 4: Parallel Apex,1000,0.0375,5636,0,0.4824,60816353,1.1768,1628.7334
String,LowCardinality,ARS Gen 5: Optimized Apex (MAIN),1000,0.0378,5636,0,0.4824,60816217,1.1768,1614.6440
String,LowCardinality,ARS Gen 5: Optimized Apex (Stable),1000,0.0410,5782,0,0.4824,60816507,1.1768,1488.2993
String,LowCardinality,ARS Gen 6: Aero Architecture,1000,0.0357,5636,0,0.4824,60816315,1.1768,1709.2373
String,LowCardinality,ARS Gen 6: Aero (Stable),1000,0.0409,5782,0,0.4824,60816615,1.1768,1491.7186
String,LowCardinality,ARS Exp A: Recursive Parallel,1000,0.0397,5636,0,0.4824,60816144,1.1768,1538.9601
String,LowCardinality,ARS Exp B: Hierarchical Staging,1000,0.0354,5636,0,0.4824,60816271,1.1768,1722.5512
String,LowCardinality,ARS Exp C: Adaptive Hierarchical,1000,0.0367,5636,0,0.4824,60816181,1.1768,1664.5346
String,LowCardinality,ARS Exp D: Stream Micro-Batch,1000,0.1985,5636,2000,0.4823,60817961,1.1768,307.5578
String,LowCardinality,Quicksort,10000,0.3377,53113,0,0.4821,60831075,1.1768,1807.3673
String,LowCardinality,Timsort,10000,0.4051,54714,0,0.4821,60831640,1.1768,1506.7619
String,LowCardinality,ARS Gen 1: Foundation,10000,1.4057,9984,30000,0.4819,60849887,1.1771,434.1859
String,LowCardinality,ARS Gen 2: Grid Mapping,10000,1.4276,9984,30000,0.4819,60850123,1.1772,427.5338
String,LowCardinality,ARS Gen 3: Apex Baseline,10000,1.9178,122389,14351,0.4821,60849195,1.1771,318.2619
String,LowCardinality,ARS Gen 4: Parallel Apex,10000,0.5730,14075,10000,0.4821,60825416,1.1768,1065.1060
String,LowCardinality,ARS Gen 5: Optimized Apex (MAIN),10000,0.1662,14075,0,0.4821,60825237,1.1767,3671.8618
String,LowCardinality,ARS Gen 5: Optimized Apex (Stable),10000,0.1512,14094,0,0.4821,60824122,1.1767,4037.1439
String,LowCardinality,ARS Gen 6: Aero Architecture,10000,0.3330,12021,0,0.4821,60827536,1.1768,1833.1463
String,LowCardinality,ARS Gen 6: Aero (Stable),10000,0.3261,12028,0,0.4821,60826608,1.1767,1871.4232
String,LowCardinality,ARS Exp A: Recursive Parallel,10000,0.1371,14075,0,0.4821,60824184,1.1767,4452.0337
String,LowCardinality,ARS Exp B: Hierarchical Staging,10000,0.1295,14075,0,0.4821,60824332,1.1767,4712.8483
String,LowCardinality,ARS Exp C: Adaptive Hierarchical,10000,0.1738,14075,0,0.4821,60824368,1.1767,3511.7840
String,LowCardinality,ARS Exp D: Stream Micro-Batch,10000,1.1384,14075,20000,0.4819,60835163,1.1768,536.1302
String,LowCardinality,Quicksort,100000,3.7929,516589,0,0.4802,60958652,1.1774,1609.2081
String,LowCardinality,Timsort,100000,4.4952,529550,0,0.4794,60959034,1.1771,1357.7760
String,LowCardinality,ARS Gen 1: Foundation,100000,15.7190,99984,300000,0.4808,61145233,1.1784,388.2879
String,LowCardinality,ARS Gen 2: Grid Mapping,100000,16.1473,99984,300000,0.4806,61149270,1.1786,377.9910
String,LowCardinality,ARS Gen 3: Apex Baseline,100000,16.0713,1144965,108703,0.4818,61031483,1.1792,379.7764
String,LowCardinality,ARS Gen 4: Parallel Apex,100000,2.7102,151083,100000,0.4820,60856602,1.1754,2252.0685
String,LowCardinality,ARS Gen 5: Optimized Apex (MAIN),100000,1.7506,151083,0,0.4819,60846452,1.1740,3486.4840
String,LowCardinality,ARS Gen 5: Optimized Apex (Stable),100000,1.7682,151309,0,0.4819,60845960,1.1739,3451.8867
String,LowCardinality,ARS Gen 6: Aero Architecture,100000,1.9148,99990,0,0.4817,60870456,1.1747,3187.5040
String,LowCardinality,ARS Gen 6: Aero (Stable),100000,1.9430,99990,0,0.4818,60869272,1.1747,3141.2440
String,LowCardinality,ARS Exp A: Recursive Parallel,100000,2.1943,200008,0,0.4812,60854753,1.1742,2781.4800
String,LowCardinality,ARS Exp B: Hierarchical Staging,100000,2.3488,200008,0,0.4813,60845795,1.1746,2598.5997
String,LowCardinality,ARS Exp C: Adaptive Hierarchical,100000,1.7027,100024,0,0.4819,60846332,1.1740,3584.5427
String,LowCardinality,ARS Exp D: Stream Micro-Batch,100000,9.0926,151083,200000,0.4800,60911256,1.1765,671.2591
String,LowCardinality,Quicksort,1000000,92.6920,5202060,0,0.4965,62135041,1.1771,658.4726
String,LowCardinality,Timsort,1000000,151.8945,6111262,0,0.4989,62169310,1.1707,401.8261
String,LowCardinality,ARS Gen 3: Apex Baseline,1000000,164.7915,12085476,1017407,0.4852,62645283,1.1919,370.3780
String,LowCardinality,ARS Gen 4: Parallel Apex,1000000,29.8021,999988,1000000,0.4878,60924139,1.1651,2048.0163
String,LowCardinality,ARS Gen 5: Optimized Apex (MAIN),1000000,25.0386,999988,0,0.4875,60863063,1.1579,2437.6447
String,LowCardinality,ARS Gen 5: Optimized Apex (Stable),1000000,21.9004,999988,0,0.4874,60861596,1.1562,2786.9464
String,LowCardinality,ARS Gen 6: Aero Architecture,1000000,25.2757,999988,0,0.4876,61115830,1.1602,2414.7758
String,LowCardinality,ARS Gen 6: Aero (Stable),1000000,24.3922,999988,0,0.4879,61115978,1.1607,2502.2444
String,LowCardinality,ARS Exp A: Recursive Parallel,1000000,33.5727,1999972,0,0.4891,60870753,1.1519,1817.9985
String,LowCardinality,ARS Exp B: Hierarchical Staging,1000000,36.5179,1999976,0,0.4897,60857645,1.1503,1671.3750
String,LowCardinality,ARS Exp C: Adaptive Hierarchical,1000000,35.8068,1999976,0,0.4903,60873864,1.1487,1704.5671
String,LowCardinality,ARS Exp D: Stream Micro-Batch,1000000,318.6693,5709060,2000000,0.5147,62211522,1.1612,191.5314
String,PrefixCollision,Quicksort,1000,0.0566,10308,0,0.4817,60966882,1.1686,1078.7027
String,PrefixCollision,Timsort,1000,0.0708,10658,0,0.4817,60967222,1.1686,861.7012
String,PrefixCollision,ARS Gen 1: Foundation,1000,0.1335,10308,2000,0.4817,60967931,1.1686,457.0895
String,PrefixCollision,ARS Gen 2: Grid Mapping,1000,0.1402,10308,2000,0.4817,60967885,1.1686,435.3342
String,PrefixCollision,ARS Gen 3: Apex Baseline,1000,0.0552,10308,0,0.4817,60966875,1.1686,1105.6893
String,PrefixCollision,ARS Gen 4: Parallel Apex,1000,0.0580,10308,0,0.4817,60966851,1.1686,1052.2940
String,PrefixCollision,ARS Gen 5: Optimized Apex (MAIN),1000,0.0597,10308,0,0.4817,60966870,1.1686,1021.7141
String,PrefixCollision,ARS Gen 5: Optimized Apex (Stable),1000,0.0733,10658,0,0.4817,60967219,1.1686,832.7442
String,PrefixCollision,ARS Gen 6: Aero Architecture,1000,0.0617,10308,0,0.4817,60966898,1.1686,989.7700
String,PrefixCollision,ARS Gen 6: Aero (Stable),1000,0.0714,10658,0,0.4817,60967215,1.1686,854.8461
String,PrefixCollision,ARS Exp A: Recursive Parallel,1000,0.0629,10308,0,0.4817,60966896,1.1686,970.2443
String,PrefixCollision,ARS Exp B: Hierarchical Staging,1000,0.0617,10308,0,0.4817,60966862,1.1686,989.5935
String,PrefixCollision,ARS Exp C: Adaptive Hierarchical,1000,0.0622,10308,0,0.4817,60966847,1.1686,982.0620
String,PrefixCollision,ARS Exp D: Stream Micro-Batch,1000,0.2406,10308,2000,0.4817,60969037,1.1686,253.6874
String,PrefixCollision,Quicksort,10000,0.8238,138349,0,0.4813,60978320,1.1688,740.8852
String,PrefixCollision,Timsort,10000,1.0394,142268,0,0.4812,60981328,1.1687,587.2215
String,PrefixCollision,ARS Gen 1: Foundation,10000,2.3879,138349,30000,0.4809,60990125,1.1691,255.5997
String,PrefixCollision,ARS Gen 2: Grid Mapping,10000,2.2021,138349,30000,0.4809,60990250,1.1691,277.1700
String,PrefixCollision,ARS Gen 3: Apex Baseline,10000,2.3325,193925,14351,0.4812,60991625,1.1688,261.6729
String,PrefixCollision,ARS Gen 4: Parallel Apex,10000,1.6900,138355,10000,0.4812,60986112,1.1688,361.1520
String,PrefixCollision,ARS Gen 5: Optimized Apex (MAIN),10000,0.9246,138355,0,0.4811,60984795,1.1687,660.1564
String,PrefixCollision,ARS Gen 5: Optimized Apex (Stable),10000,1.0879,142274,0,0.4811,60987606,1.1687,561.0215
String,PrefixCollision,ARS Gen 6: Aero Architecture,10000,1.0221,138355,0,0.4811,60983761,1.1688,597.1609
String,PrefixCollision,ARS Gen 6: Aero (Stable),10000,1.1922,142274,0,0.4810,60987622,1.1688,511.9660
String,PrefixCollision,ARS Exp A: Recursive Parallel,10000,0.9109,138355,0,0.4812,60982099,1.1688,670.0268
String,PrefixCollision,ARS Exp B: Hierarchical Staging,10000,0.9329,138355,0,0.4811,60983619,1.1688,654.2217
String,PrefixCollision,ARS Exp C: Adaptive Hierarchical,10000,0.9550,138355,0,0.4812,60984689,1.1687,639.0841
String,PrefixCollision,ARS Exp D: Stream Micro-Batch,10000,1.8676,138355,20000,0.4809,60993538,1.1688,326.8099
String,PrefixCollision,Quicksort,100000,14.9278,1715173,0,0.4791,61073060,1.1705,408.8685
String,PrefixCollision,Timsort,100000,17.7086,1762853,0,0.4785,61099855,1.1701,344.6645
String,PrefixCollision,ARS Gen 1: Foundation,100000,48.2340,1715173,300000,0.4796,61167994,1.1683,126.5397
String,PrefixCollision,ARS Gen 2: Grid Mapping,100000,46.7609,1715173,300000,0.4789,61167548,1.1688,130.5260
String,PrefixCollision,ARS Gen 3: Apex Baseline,100000,20.5477,1895407,108703,0.4818,61122932,1.1687,297.0420
String,PrefixCollision,ARS Gen 4: Parallel Apex,100000,19.4878,1715179,100000,0.4788,61083703,1.1691,313.1962
String,PrefixCollision,ARS Gen 5: Optimized Apex (MAIN),100000,19.9781,1715179,0,0.4797,61081862,1.1682,305.5111
String,PrefixCollision,ARS Gen 5: Optimized Apex (Stable),100000,23.1575,1762859,0,0.4795,61107665,1.1673,263.5652
String,PrefixCollision,ARS Gen 6: Aero Architecture,100000,20.3817,1715179,0,0.4797,61081416,1.1668,299.4602
String,PrefixCollision,ARS Gen 6: Aero (Stable),100000,24.3473,1762859,0,0.4792,61108452,1.1657,250.6856
String,PrefixCollision,ARS Exp A: Recursive Parallel,100000,17.4161,1715179,0,0.4793,61079461,1.1685,350.4520
String,PrefixCollision,ARS Exp B: Hierarchical Staging,100000,18.7165,1715179,0,0.4793,61076521,1.1685,326.1035
String,PrefixCollision,ARS Exp C: Adaptive Hierarchical,100000,18.4954,1715179,0,0.4796,61078873,1.1685,330.0014
String,PrefixCollision,ARS Exp D: Stream Micro-Batch,100000,34.3066,1715179,200000,0.4775,61152667,1.1691,177.9107
String,PrefixCollision,Quicksort,1000000,470.3349,20523276,0,0.5105,61937908,1.1562,129.7696
String,PrefixCollision,Timsort,1000000,705.2061,20914644,0,0.5066,62207860,1.1197,86.5494
String,PrefixCollision,ARS Gen 3: Apex Baseline,1000000,244.7969,21586854,1017407,0.4831,62224054,1.1493,249.3298
String,PrefixCollision,ARS Gen 4: Parallel Apex,1000000,508.2645,20523280,1000000,0.5134,61950889,1.1424,120.0854
String,PrefixCollision,ARS Gen 5: Optimized Apex (MAIN),1000000,519.8493,20523280,0,0.5153,61956269,1.1368,117.4093
String,PrefixCollision,ARS Gen 5: Optimized Apex (Stable),1000000,584.7762,20914648,0,0.5072,62213990,1.1333,104.3735
String,PrefixCollision,ARS Gen 6: Aero Architecture,1000000,542.9097,20523280,0,0.5183,61950555,1.1296,112.4223
String,PrefixCollision,ARS Gen 6: Aero (Stable),1000000,707.0309,20914648,0,0.5114,62211017,1.1083,86.3260
String,PrefixCollision,ARS Exp A: Recursive Parallel,1000000,466.4003,20523280,0,0.5127,61949063,1.1498,130.8643
String,PrefixCollision,ARS Exp B: Hierarchical Staging,1000000,455.5052,20523280,0,0.5124,61947831,1.1537,133.9944
String,PrefixCollision,ARS Exp C: Adaptive Hierarchical,1000000,482.5977,20523280,0,0.5128,61947970,1.1481,126.4721
String,PrefixCollision,ARS Exp D: Stream Micro-Batch,1000000,669.1438,21912254,2000000,0.5509,63709156,1.1047,91.2138
Custom,Random,Quicksort,1000,0.0204,10378,0,0.6327,68028853,1.0621,2249.4529
Custom,Random,Timsort,1000,0.0277,10965,0,0.6327,68029727,1.0621,1654.6672
Custom,Random,ARS Gen 1: Foundation,1000,0.2108,0,2000,0.6327,68035993,1.0621,217.1328
Custom,Random,ARS Gen 2: Grid Mapping,1000,0.2399,0,2000,0.6327,68036850,1.0621,190.8358
Custom,Random,ARS Gen 3: Apex Baseline,1000,0.0195,10378,0,0.6327,68028872,1.0621,2351.7271
Custom,Random,ARS Gen 4: Parallel Apex,1000,0.0192,10378,0,0.6327,68028871,1.0621,2382.8206
Custom,Random,ARS Gen 5: Optimized Apex (MAIN),1000,0.0188,10378,0,0.6327,68028879,1.0621,2434.9131
Custom,Random,ARS Gen 5: Optimized Apex (Stable),1000,0.0260,10965,0,0.6327,68029696,1.0621,1763.5461
Custom,Random,ARS Gen 6: Aero Architecture,1000,0.0221,10378,0,0.6327,68028871,1.0621,2066.8398
Custom,Random,ARS Gen 6: Aero (Stable),1000,0.0283,10965,0,0.6327,68029741,1.0621,1618.8552
Custom,Random,ARS Exp A: Recursive Parallel,1000,0.0197,10378,0,0.6327,68028855,1.0621,2326.2713
Custom,Random,ARS Exp B: Hierarchical Staging,1000,0.0216,10378,0,0.6327,68028852,1.0621,2114.6749
Custom,Random,ARS Exp C: Adaptive Hierarchical,1000,0.0188,10378,0,0.6327,68028856,1.0621,2440.1049
Custom,Random,ARS Exp D: Stream Micro-Batch,1000,0.1139,10378,2000,0.6327,68029626,1.0620,401.8538
Custom,Random,Quicksort,10000,0.2285,138485,0,0.6326,68039708,1.0621,2003.2720
Custom,Random,Timsort,10000,0.3221,142802,0,0.6326,68048357,1.0621,1421.1055
Custom,Random,ARS Gen 1: Foundation,10000,4.4784,0,30000,0.6321,68127831,1.0633,102.2158
Custom,Random,ARS Gen 2: Grid Mapping,10000,4.7251,0,30000,0.6321,68132955,1.0634,96.8793
Custom,Random,ARS Gen 3: Apex Baseline,10000,0.3650,194235,14351,0.6326,68053534,1.0621,1254.0886
Custom,Random,ARS Gen 4: Parallel Apex,10000,0.2227,53078,10000,0.6325,68054051,1.0620,2055.7387
Custom,Random,ARS Gen 5: Optimized Apex (MAIN),10000,0.1372,53078,0,0.6325,68046265,1.0620,3337.1753
Custom,Random,ARS Gen 5: Optimized Apex (Stable),10000,0.1479,57974,0,0.6325,68052710,1.0620,3095.9264
Custom,Random,ARS Gen 6: Aero Architecture,10000,0.2759,60130,0,0.6325,68048767,1.0620,1659.1471
Custom,Random,ARS Gen 6: Aero (Stable),10000,0.2022,62739,0,0.6325,68054496,1.0620,2263.8145
Custom,Random,ARS Exp A: Recursive Parallel,10000,0.1522,53078,0,0.6325,68046076,1.0620,3006.8159
Custom,Random,ARS Exp B: Hierarchical Staging,10000,0.1386,53078,0,0.6325,68046525,1.0620,3301.9582
Custom,Random,ARS Exp C: Adaptive Hierarchical,10000,0.1564,53078,0,0.6326,68046296,1.0620,2926.2977
Custom,Random,ARS Exp D: Stream Micro-Batch,10000,0.2899,53078,20000,0.6325,68048769,1.0620,1579.1434
Custom,Random,Quicksort,100000,2.9630,1716233,0,0.6320,68165356,1.0631,1544.9430
Custom,Random,Timsort,100000,4.4092,1759914,0,0.6314,68249475,1.0628,1038.1899
Custom,Random,ARS Gen 1: Foundation,100000,38.2759,0,300000,0.6081,69057745,1.0575,119.5958
Custom,Random,ARS Gen 2: Grid Mapping,100000,41.4240,0,300000,0.6070,69114628,1.0609,110.5069
Custom,Random,ARS Gen 3: Apex Baseline,100000,30.0146,1895170,108703,0.6321,68248398,1.0624,152.5137
Custom,Random,ARS Gen 4: Parallel Apex,100000,2.5608,891495,100000,0.6323,68241730,1.0622,1787.5619
Custom,Random,ARS Gen 5: Optimized Apex (MAIN),100000,3.1517,891495,0,0.6324,68176161,1.0621,1452.4429
Custom,Random,ARS Gen 5: Optimized Apex (Stable),100000,2.3757,927102,0,0.6323,68262982,1.0619,1926.8840
Custom,Random,ARS Gen 6: Aero Architecture,100000,4.1418,954799,0,0.6322,68187040,1.0618,1105.2307
Custom,Random,ARS Gen 6: Aero (Stable),100000,3.3757,993233,0,0.6321,68270192,1.0618,1356.0379
Custom,Random,ARS Exp A: Recursive Parallel,100000,3.2796,891495,0,0.6323,68174063,1.0618,1395.7716
Custom,Random,ARS Exp B: Hierarchical Staging,100000,3.2912,780845,0,0.6323,68173236,1.0619,1390.8885
Custom,Random,ARS Exp C: Adaptive Hierarchical,100000,2.5421,891495,0,0.6322,68179306,1.0619,1800.7219
Custom,Random,ARS Exp D: Stream Micro-Batch,100000,3.9085,891495,200000,0.6324,68182723,1.0617,1171.2013
Custom,Random,Quicksort,1000000,50.9077,20512439,0,0.6285,69154007,1.0756,899.2029
Custom,Random,Timsort,1000000,80.1086,20899150,0,0.6232,69995799,1.0700,571.4285
Custom,Random,ARS Gen 3: Apex Baseline,1000000,41.7638,21596717,1017407,0.6294,69820935,1.0667,1096.0767
Custom,Random,ARS Gen 4: Parallel Apex,1000000,22.7025,10310056,1000000,0.6326,69758964,1.0590,2016.3567
Custom,Random,ARS Gen 5: Optimized Apex (MAIN),1000000,18.5644,10310056,0,0.6327,69176339,1.0568,2465.8205
Custom,Random,ARS Gen 5: Optimized Apex (Stable),1000000,19.3674,10709205,0,0.6323,70045394,1.0535,2363.5798
Custom,Random,ARS Gen 6: Aero Architecture,1000000,19.5520,13007245,0,0.6325,69297635,1.0547,2341.2644
Custom,Random,ARS Gen 6: Aero (Stable),1000000,22.6779,13425517,0,0.6312,70157661,1.0517,2018.5408
Custom,Random,ARS Exp A: Recursive Parallel,1000000,19.3739,10310056,0,0.6326,69162139,1.0557,2362.7862
Custom,Random,ARS Exp B: Hierarchical Staging,1000000,20.3120,11367051,0,0.6332,69161808,1.0549,2253.6607
Custom,Random,ARS Exp C: Adaptive Hierarchical,1000000,21.2623,12398342,0,0.6331,69175610,1.0593,2152.9312
Custom,Random,ARS Exp D: Stream Micro-Batch,1000000,43.4643,12262438,2000000,0.6339,70747163,1.0501,1053.1944
Custom,Gaussian,Quicksort,1000,0.0253,10308,0,0.6332,69995943,1.0436,1811.9208
Custom,Gaussian,Timsort,1000,0.0350,10818,0,0.6332,69996792,1.0436,1309.0931
Custom,Gaussian,ARS Gen 1: Foundation,1000,0.2168,458,2000,0.6332,70004133,1.0436,211.1271
Custom,Gaussian,ARS Gen 2: Grid Mapping,1000,0.2432,458,2000,0.6332,70004590,1.0436,188.2120
Custom,Gaussian,ARS Gen 3: Apex Baseline,1000,0.0255,10308,0,0.6332,69995950,1.0436,1795.0813
Custom,Gaussian,ARS Gen 4: Parallel Apex,1000,0.0255,10308,0,0.6332,69995926,1.0436,1795.5741
Custom,Gaussian,ARS Gen 5: Optimized Apex (MAIN),1000,0.0254,10308,0,0.6332,69995945,1.0436,1798.7492
Custom,Gaussian,ARS Gen 5: Optimized Apex (Stable),1000,0.0356,10818,0,0.6332,69996783,1.0436,1285.3114
Custom,Gaussian,ARS Gen 6: Aero Architecture,1000,0.0253,10308,0,0.6332,69995935,1.0436,1809.5571
Custom,Gaussian,ARS Gen 6: Aero (Stable),1000,0.0360,10818,0,0.6332,69996806,1.0436,1271.9898
Custom,Gaussian,ARS Exp A: Recursive Parallel,1000,0.0255,10308,0,0.6332,69995939,1.0436,1798.3252
Custom,Gaussian,ARS Exp B: Hierarchical Staging,1000,0.0253,10308,0,0.6332,69995929,1.0436,1811.7057
Custom,Gaussian,ARS Exp C: Adaptive Hierarchical,1000,0.0253,10308,0,0.6332,69995929,1.0436,1808.2705
Custom,Gaussian,ARS Exp D: Stream Micro-Batch,1000,0.1350,10308,2000,0.6332,69996571,1.0436,339.1294
Custom,Gaussian,Quicksort,10000,0.2937,135501,0,0.6331,70006881,1.0436,1558.8326
Custom,Gaussian,Timsort,10000,0.3960,140463,0,0.6331,70015109,1.0436,1155.8638
Custom,Gaussian,ARS Gen 1: Foundation,10000,1.4810,53061,30000,0.6330,70096295,1.0437,309.0897
Custom,Gaussian,ARS Gen 2: Grid Mapping,10000,1.5337,53088,30000,0.6330,70099027,1.0437,298.4631
Custom,Gaussian,ARS Gen 3: Apex Baseline,10000,0.4730,191553,14351,0.6331,70020883,1.0436,967.8002
Custom,Gaussian,ARS Gen 4: Parallel Apex,10000,0.2708,59910,10000,0.6331,70020894,1.0435,1690.3500
Custom,Gaussian,ARS Gen 5: Optimized Apex (MAIN),10000,0.1573,59910,0,0.6331,70013971,1.0435,2910.5755
Custom,Gaussian,ARS Gen 5: Optimized Apex (Stable),10000,0.1780,62899,0,0.6331,70020923,1.0435,2572.4142
Custom,Gaussian,ARS Gen 6: Aero Architecture,10000,0.3311,59126,0,0.6331,70016092,1.0435,1382.6919
Custom,Gaussian,ARS Gen 6: Aero (Stable),10000,0.3565,61853,0,0.6331,70023318,1.0435,1283.9343
Custom,Gaussian,ARS Exp A: Recursive Parallel,10000,0.1795,59910,0,0.6331,70012768,1.0435,2549.5053
Custom,Gaussian,ARS Exp B: Hierarchical Staging,10000,0.1649,59910,0,0.6331,70013784,1.0435,2775.7552
Custom,Gaussian,ARS Exp C: Adaptive Hierarchical,10000,0.1694,59910,0,0.6331,70013883,1.0435,2702.7116
Custom,Gaussian,ARS Exp D: Stream Micro-Batch,10000,0.4046,59910,20000,0.6330,70015652,1.0435,1131.4484
Custom,Gaussian,Quicksort,100000,2.8161,1420515,0,0.6327,70059337,1.0445,1625.5431
Custom,Gaussian,Timsort,100000,3.6111,1424196,0,0.6320,70083676,1.0443,1267.6445
Custom,Gaussian,ARS Gen 1: Foundation,100000,10.2973,1360088,300000,0.6316,70917074,1.0437,444.5470
Custom,Gaussian,ARS Gen 2: Grid Mapping,100000,11.4666,1360044,300000,0.6316,70944635,1.0436,399.2164
Custom,Gaussian,ARS Gen 3: Apex Baseline,100000,3.1969,1616363,108703,0.6326,70091034,1.0441,1431.8821
Custom,Gaussian,ARS Gen 4: Parallel Apex,100000,1.5105,713263,100000,0.6329,70085106,1.0434,3030.5360
Custom,Gaussian,ARS Gen 5: Optimized Apex (MAIN),100000,1.3568,713263,0,0.6329,70075665,1.0431,3373.8404
Custom,Gaussian,ARS Gen 5: Optimized Apex (Stable),100000,1.4858,718641,0,0.6328,70104391,1.0432,3080.8928
Custom,Gaussian,ARS Gen 6: Aero Architecture,100000,1.5074,681503,0,0.6327,70085973,1.0433,3036.7139
Custom,Gaussian,ARS Gen 6: Aero (Stable),100000,1.7273,688539,0,0.6327,70114505,1.0431,2650.1904
Custom,Gaussian,ARS Exp A: Recursive Parallel,100000,1.5022,713263,0,0.6328,70075483,1.0430,3047.3493
Custom,Gaussian,ARS Exp B: Hierarchical Staging,100000,1.4512,609629,0,0.6328,70070384,1.0431,3154.3608
Custom,Gaussian,ARS Exp C: Adaptive Hierarchical,100000,1.3862,713263,0,0.6328,70074738,1.0431,3302.2369
Custom,Gaussian,ARS Exp D: Stream Micro-Batch,100000,2.1153,713263,200000,0.6328,70077386,1.0431,2164.0480
Custom,Gaussian,Quicksort,1000000,26.5726,13518116,0,0.6287,70108466,1.0529,1722.6913
Custom,Gaussian,Timsort,1000000,60.7765,14666956,0,0.6239,70215523,1.0488,753.1920
Custom,Gaussian,ARS Gen 3: Apex Baseline,1000000,31.5915,14952891,1017407,0.6299,70215816,1.0461,1449.0111
Custom,Gaussian,ARS Gen 4: Parallel Apex,1000000,15.5232,4752528,1000000,0.6337,70154204,1.0339,2948.9074
Custom,Gaussian,ARS Gen 5: Optimized Apex (MAIN),1000000,15.3767,4752528,0,0.6337,70129432,1.0332,2976.9996
Custom,Gaussian,ARS Gen 5: Optimized Apex (Stable),1000000,17.6609,4776632,0,0.6329,70212220,1.0297,2591.9651
Custom,Gaussian,ARS Gen 6: Aero Architecture,1000000,15.9502,6246227,0,0.6329,70258912,1.0387,2869.9544
Custom,Gaussian,ARS Gen 6: Aero (Stable),1000000,18.7708,6276231,0,0.6313,70329304,1.0379,2438.7070
Custom,Gaussian,ARS Exp A: Recursive Parallel,1000000,17.7982,4706394,0,0.6336,70136139,1.0369,2571.9686
Custom,Gaussian,ARS Exp B: Hierarchical Staging,1000000,25.3477,2307619,0,0.6328,70140754,1.0328,1805.9353
Custom,Gaussian,ARS Exp C: Adaptive Hierarchical,1000000,23.7965,2550221,0,0.6331,70155391,1.0324,1923.6607
Custom,Gaussian,ARS Exp D: Stream Micro-Batch,1000000,46.3682,11398111,2000000,0.6341,70468865,1.0343,987.2369
Custom,NearlySorted,Quicksort,1000,0.0246,9427,0,0.6359,70982469,1.0388,1859.3918
Custom,NearlySorted,Timsort,1000,0.0295,9314,0,0.6359,70982712,1.0388,1552.2675
Custom,NearlySorted,ARS Gen 1: Foundation,1000,0.1375,9547,2000,0.6359,70986831,1.0388,332.9578
Custom,NearlySorted,ARS Gen 2: Grid Mapping,1000,0.1453,9540,2000,0.6359,70986685,1.0388,315.0581
Custom,NearlySorted,ARS Gen 3: Apex Baseline,1000,0.0248,9427,0,0.6359,70982473,1.0388,1843.6654
Custom,NearlySorted,ARS Gen 4: Parallel Apex,1000,0.0250,9427,0,0.6359,70982438,1.0388,1833.0344
Custom,NearlySorted,ARS Gen 5: Optimized Apex (MAIN),1000,0.0249,9427,0,0.6359,70982444,1.0388,1839.2947
Custom,NearlySorted,ARS Gen 5: Optimized Apex (Stable),1000,0.0297,9314,0,0.6359,70982706,1.0388,1539.7883
Custom,NearlySorted,ARS Gen 6: Aero Architecture,1000,0.0245,9427,0,0.6359,70982470,1.0388,1869.1098
Custom,NearlySorted,ARS Gen 6: Aero (Stable),1000,0.0299,9314,0,0.6359,70982738,1.0388,1530.5727
Custom,NearlySorted,ARS Exp A: Recursive Parallel,1000,0.0248,9427,0,0.6359,70982458,1.0388,1845.5980
Custom,NearlySorted,ARS Exp B: Hierarchical Staging,1000,0.0246,9427,0,0.6359,70982451,1.0388,1862.4936
Custom,NearlySorted,ARS Exp C: Adaptive Hierarchical,1000,0.0243,9427,0,0.6359,70982420,1.0388,1884.3439
Custom,NearlySorted,ARS Exp D: Stream Micro-Batch,1000,0.1585,9427,2000,0.6358,70983279,1.0388,288.8500
Custom,NearlySorted,Quicksort,10000,0.3239,133978,0,0.6358,70992034,1.0388,1413.3569
Custom,NearlySorted,Timsort,10000,0.3351,128297,0,0.6358,70994075,1.0388,1365.9368
Custom,NearlySorted,ARS Gen 1: Foundation,10000,0.8441,126223,30000,0.6357,71029163,1.0390,542.2873
Custom,NearlySorted,ARS Gen 2: Grid Mapping,10000,0.9508,126108,30000,0.6357,71025837,1.0390,481.4349
Custom,NearlySorted,ARS Gen 3: Apex Baseline,10000,0.3341,183316,14351,0.6357,70999116,1.0388,1370.2709
Custom,NearlySorted,ARS Gen 4: Parallel Apex,10000,0.2108,42006,10000,0.6357,71000236,1.0387,2171.2660
Custom,NearlySorted,ARS Gen 5: Optimized Apex (MAIN),10000,0.1304,42006,0,0.6357,70996523,1.0387,3511.7233
Custom,NearlySorted,ARS Gen 5: Optimized Apex (Stable),10000,0.1310,34856,0,0.6357,70996927,1.0387,3494.0058
Custom,NearlySorted,ARS Gen 6: Aero Architecture,10000,0.2889,48982,0,0.6357,71000674,1.0388,1584.7195
Custom,NearlySorted,ARS Gen 6: Aero (Stable),10000,0.2851,42275,0,0.6357,71002287,1.0388,1605.5292
Custom,NearlySorted,ARS Exp A: Recursive Parallel,10000,0.1465,42006,0,0.6357,70996556,1.0387,3124.9653
Custom,NearlySorted,ARS Exp B: Hierarchical Staging,10000,0.1309,42006,0,0.6357,70996973,1.0387,3497.0487
Custom,NearlySorted,ARS Exp C: Adaptive Hierarchical,10000,0.1355,42006,0,0.6357,70997052,1.0387,3377.5320
Custom,NearlySorted,ARS Exp D: Stream Micro-Batch,10000,0.2923,42006,20000,0.6357,70999714,1.0387,1566.2195
Custom,NearlySorted,Quicksort,100000,2.9295,1688686,0,0.6354,71084873,1.0398,1562.6005
Custom,NearlySorted,Timsort,100000,4.1892,1619959,0,0.6348,71100077,1.0395,1092.7265
Custom,NearlySorted,ARS Gen 1: Foundation,100000,11.5968,1609619,300000,0.6349,71452609,1.0403,394.7319
Custom,NearlySorted,ARS Gen 2: Grid Mapping,100000,11.1142,1609452,300000,0.6349,71399320,1.0405,411.8745
Custom,NearlySorted,ARS Gen 3: Apex Baseline,100000,2.6488,1798628,108703,0.6355,71126172,1.0392,1728.1783
Custom,NearlySorted,ARS Gen 4: Parallel Apex,100000,1.5024,801237,100000,0.6355,71128947,1.0385,3046.8869
Custom,NearlySorted,ARS Gen 5: Optimized Apex (MAIN),100000,1.4127,801237,0,0.6355,71092467,1.0382,3240.4102
Custom,NearlySorted,ARS Gen 5: Optimized Apex (Stable),100000,1.1958,405369,0,0.6355,71066403,1.0380,3828.1340
Custom,NearlySorted,ARS Gen 6: Aero Architecture,100000,1.6075,871959,0,0.6354,71095673,1.0383,2847.7046
Custom,NearlySorted,ARS Gen 6: Aero (Stable),100000,1.5165,443409,0,0.6354,71081321,1.0383,3018.5358
Custom,NearlySorted,ARS Exp A: Recursive Parallel,100000,1.5085,801237,0,0.6354,71090622,1.0383,3034.5418
Custom,NearlySorted,ARS Exp B: Hierarchical Staging,100000,1.5003,689539,0,0.6354,71081925,1.0384,3051.1720
Custom,NearlySorted,ARS Exp C: Adaptive Hierarchical,100000,1.4863,801237,0,0.6354,71091671,1.0383,3079.9165
Custom,NearlySorted,ARS Exp D: Stream Micro-Batch,100000,2.0592,801237,200000,0.6354,71094653,1.0384,2222.9793
Custom,NearlySorted,Quicksort,1000000,43.4198,20499945,0,0.6321,71858221,1.0512,1054.2749
Custom,NearlySorted,Timsort,1000000,67.2755,19254168,0,0.6266,71880453,1.0457,680.4317
Custom,NearlySorted,ARS Gen 3: Apex Baseline,1000000,32.4652,20728167,1017407,0.6350,72220804,1.0441,1410.0153
Custom,NearlySorted,ARS Gen 4: Parallel Apex,1000000,19.3445,9491317,1000000,0.6362,72171570,1.0341,2366.3716
Custom,NearlySorted,ARS Gen 5: Optimized Apex (MAIN),1000000,17.7090,9491317,0,0.6362,71820448,1.0343,2584.9184
Custom,NearlySorted,ARS Gen 5: Optimized Apex (Stable),1000000,16.0181,4131087,0,0.6362,71510175,1.0290,2857.7863
Custom,NearlySorted,ARS Gen 6: Aero Architecture,1000000,18.6854,12332035,0,0.6358,71926729,1.0349,2449.8412
Custom,NearlySorted,ARS Gen 6: Aero (Stable),1000000,16.2694,5755621,0,0.6360,71626116,1.0303,2813.6547
Custom,NearlySorted,ARS Exp A: Recursive Parallel,1000000,19.2341,9491317,0,0.6360,71805551,1.0341,2379.9617
Custom,NearlySorted,ARS Exp B: Hierarchical Staging,1000000,21.4168,10583380,0,0.6363,71813220,1.0343,2137.4050
Custom,NearlySorted,ARS Exp C: Adaptive Hierarchical,1000000,20.7096,11681981,0,0.6361,71834431,1.0360,2210.3949
Custom,NearlySorted,ARS Exp D: Stream Micro-Batch,1000000,49.5921,14810770,2000000,0.6360,71971567,1.0321,923.0577
Custom,Duplicates,Quicksort,1000,0.0083,3761,0,0.6376,73341865,1.0346,5537.2405
Custom,Duplicates,Timsort,1000,0.0114,3799,0,0.6376,73341940,1.0346,4020.0551
Custom,Duplicates,ARS Gen 1: Foundation,1000,0.0475,995,2000,0.6376,73343271,1.0346,962.7806
Custom,Duplicates,ARS Gen 2: Grid Mapping,1000,0.0616,995,2000,0.6376,73343370,1.0346,743.6903
Custom,Duplicates,ARS Gen 3: Apex Baseline,1000,0.0082,3761,0,0.6376,73341863,1.0346,5586.5715
Custom,Duplicates,ARS Gen 4: Parallel Apex,1000,0.0084,3761,0,0.6376,73341865,1.0346,5443.7349
Custom,Duplicates,ARS Gen 5: Optimized Apex (MAIN),1000,0.0084,3761,0,0.6376,73341863,1.0346,5467.7935
Custom,Duplicates,ARS Gen 5: Optimized Apex (Stable),1000,0.0114,3799,0,0.6376,73341927,1.0346,4032.0944
Custom,Duplicates,ARS Gen 6: Aero Architecture,1000,0.0083,3761,0,0.6376,73341863,1.0346,5525.2103
Custom,Duplicates,ARS Gen 6: Aero (Stable),1000,0.0114,3799,0,0.6376,73341938,1.0346,4019.3491
Custom,Duplicates,ARS Exp A: Recursive Parallel,1000,0.0082,3761,0,0.6376,73341865,1.0346,5606.4136
Custom,Duplicates,ARS Exp B: Hierarchical Staging,1000,0.0082,3761,0,0.6376,73341866,1.0346,5573.6475
Custom,Duplicates,ARS Exp C: Adaptive Hierarchical,1000,0.0082,3761,0,0.6376,73341863,1.0346,5566.1925
Custom,Duplicates,ARS Exp D: Stream Micro-Batch,1000,0.1531,3761,2000,0.6376,73342460,1.0345,298.9516
Custom,Duplicates,Quicksort,10000,0.0804,36513,0,0.6375,73345283,1.0345,5690.8883
Custom,Duplicates,Timsort,10000,0.1199,36606,0,0.6375,73345507,1.0345,3816.7965
Custom,Duplicates,ARS Gen 1: Foundation,10000,0.3289,9995,30000,0.6375,73357449,1.0345,1391.6624
Custom,Duplicates,ARS Gen 2: Grid Mapping,10000,0.4042,9995,30000,0.6375,73358709,1.0346,1132.5233
Custom,Duplicates,ARS Gen 3: Apex Baseline,10000,0.4285,115165,14351,0.6375,73347985,1.0346,1068.2659
Custom,Duplicates,ARS Gen 4: Parallel Apex,10000,0.2864,10001,10000,0.6375,73350918,1.0345,1598.3424
Custom,Duplicates,ARS Gen 5: Optimized Apex (MAIN),10000,0.1757,10001,0,0.6375,73350723,1.0345,2604.8076
Custom,Duplicates,ARS Gen 5: Optimized Apex (Stable),10000,0.1678,10001,0,0.6375,73350257,1.0345,2728.1452
Custom,Duplicates,ARS Gen 6: Aero Architecture,10000,0.3808,10001,0,0.6374,73356079,1.0345,1201.9590
Custom,Duplicates,ARS Gen 6: Aero (Stable),10000,0.4059,10001,0,0.6374,73355838,1.0345,1127.8745
Custom,Duplicates,ARS Exp A: Recursive Parallel,10000,0.1899,10001,0,0.6375,73349939,1.0345,2410.2212
Custom,Duplicates,ARS Exp B: Hierarchical Staging,10000,0.1681,10001,0,0.6375,73350412,1.0345,2723.1628
Custom,Duplicates,ARS Exp C: Adaptive Hierarchical,10000,0.1628,10001,0,0.6375,73349262,1.0345,2811.7644
Custom,Duplicates,ARS Exp D: Stream Micro-Batch,10000,0.4142,10001,20000,0.6374,73352769,1.0345,1105.1701
Custom,Duplicates,Quicksort,100000,0.7702,362118,0,0.6371,73361582,1.0347,5943.3001
Custom,Duplicates,Timsort,100000,1.4150,362412,0,0.6367,73362337,1.0346,3235.1018
Custom,Duplicates,ARS Gen 1: Foundation,100000,2.6827,99995,300000,0.6372,73476345,1.0343,1706.3403
Custom,Duplicates,ARS Gen 2: Grid Mapping,100000,2.9654,99995,300000,0.6372,73494276,1.0346,1543.6697
Custom,Duplicates,ARS Gen 3: Apex Baseline,100000,2.5119,1131774,108703,0.6372,73370363,1.0347,1822.4150
Custom,Duplicates,ARS Gen 4: Parallel Apex,100000,1.1165,99999,100000,0.6372,73372504,1.0341,4100.0138
Custom,Duplicates,ARS Gen 5: Optimized Apex (MAIN),100000,0.9496,99999,0,0.6372,73370667,1.0339,4820.4018
Custom,Duplicates,ARS Gen 5: Optimized Apex (Stable),100000,0.9777,99999,0,0.6372,73372322,1.0339,4682.0895
Custom,Duplicates,ARS Gen 6: Aero Architecture,100000,1.0246,99999,0,0.6371,73425838,1.0343,4467.7872
Custom,Duplicates,ARS Gen 6: Aero (Stable),100000,0.9898,99999,0,0.6371,73426075,1.0343,4624.7817
Custom,Duplicates,ARS Exp A: Recursive Parallel,100000,1.3895,199994,0,0.6371,73377395,1.0339,3294.5319
Custom,Duplicates,ARS Exp B: Hierarchical Staging,100000,1.2693,199994,0,0.6371,73369480,1.0340,3606.5512
Custom,Duplicates,ARS Exp C: Adaptive Hierarchical,100000,1.3243,199994,0,0.6372,73370595,1.0338,3456.6724
Custom,Duplicates,ARS Exp D: Stream Micro-Batch,100000,1.6010,99999,200000,0.6371,73373758,1.0340,2859.2074
Custom,Duplicates,Quicksort,1000000,12.2796,3806932,0,0.6365,73375923,1.0357,3727.8304
Custom,Duplicates,Timsort,1000000,34.7690,4710561,0,0.6353,73377915,1.0338,1316.5871
Custom,Duplicates,ARS Gen 3: Apex Baseline,1000000,28.3499,12059635,1017407,0.6375,73441788,1.0358,1614.6941
Custom,Duplicates,ARS Gen 4: Parallel Apex,1000000,14.8971,1000001,1000000,0.6381,73392871,1.0275,3072.8303
Custom,Duplicates,ARS Gen 5: Optimized Apex (MAIN),1000000,16.2369,1000001,0,0.6381,73392347,1.0273,2819.2772
Custom,Duplicates,ARS Gen 5: Optimized Apex (Stable),1000000,15.2758,1000001,0,0.6381,73393670,1.0269,2996.6547
Custom,Duplicates,ARS Gen 6: Aero Architecture,1000000,14.0607,1000001,0,0.6381,73945857,1.0288,3255.6181
Custom,Duplicates,ARS Gen 6: Aero (Stable),1000000,12.4735,1000001,0,0.6381,73944754,1.0293,3669.8819
Custom,Duplicates,ARS Exp A: Recursive Parallel,1000000,20.6465,1999996,0,0.6382,73399942,1.0282,2217.1494
Custom,Duplicates,ARS Exp B: Hierarchical Staging,1000000,18.3277,1999996,0,0.6383,73389319,1.0269,2497.6642
Custom,Duplicates,ARS Exp C: Adaptive Hierarchical,1000000,19.5374,1999996,0,0.6382,73404347,1.0279,2343.0118
Custom,Duplicates,ARS Exp D: Stream Micro-Batch,1000000,44.5857,5365482,2000000,0.6379,73441665,1.0250,1026.7062
Custom,Zipfian,Quicksort,1000,0.0125,5226,0,0.6380,73448234,1.0242,3671.5084
Custom,Zipfian,Timsort,1000,0.0164,5250,0,0.6380,73448445,1.0242,2789.8810
Custom,Zipfian,ARS Gen 1: Foundation,1000,0.0485,4636,2000,0.6380,73449182,1.0242,943.3369
Custom,Zipfian,ARS Gen 2: Grid Mapping,1000,0.0583,4636,2000,0.6380,73449187,1.0242,785.5232
Custom,Zipfian,ARS Gen 3: Apex Baseline,1000,0.0114,5226,0,0.6380,73448241,1.0242,4030.3194
Custom,Zipfian,ARS Gen 4: Parallel Apex,1000,0.0105,5226,0,0.6380,73448221,1.0242,4378.4187
Custom,Zipfian,ARS Gen 5: Optimized Apex (MAIN),1000,0.0105,5226,0,0.6380,73448228,1.0242,4345.9952
Custom,Zipfian,ARS Gen 5: Optimized Apex (Stable),1000,0.0140,5250,0,0.6380,73448462,1.0242,3278.6397
Custom,Zipfian,ARS Gen 6: Aero Architecture,1000,0.0099,5226,0,0.6380,73448217,1.0242,4646.8752
Custom,Zipfian,ARS Gen 6: Aero (Stable),1000,0.0136,5250,0,0.6380,73448460,1.0242,3364.4250
Custom,Zipfian,ARS Exp A: Recursive Parallel,1000,0.0096,5226,0,0.6380,73448229,1.0242,4768.3716
Custom,Zipfian,ARS Exp B: Hierarchical Staging,1000,0.0095,5226,0,0.6380,73448219,1.0242,4802.3885
Custom,Zipfian,ARS Exp C: Adaptive Hierarchical,1000,0.0092,5226,0,0.6380,73448210,1.0242,4974.6106
Custom,Zipfian,ARS Exp D: Stream Micro-Batch,1000,0.1102,5226,2000,0.6380,73448789,1.0242,415.3483
Custom,Zipfian,Quicksort,10000,0.0825,53591,0,0.6380,73450830,1.0242,5547.7091
Custom,Zipfian,Timsort,10000,0.1085,53226,0,0.6380,73451836,1.0242,4218.9034
Custom,Zipfian,ARS Gen 1: Foundation,10000,0.2800,55100,30000,0.6379,73456079,1.0242,1634.8177
Custom,Zipfian,ARS Gen 2: Grid Mapping,10000,0.3337,55099,30000,0.6379,73456546,1.0243,1371.6998
Custom,Zipfian,ARS Gen 3: Apex Baseline,10000,0.2946,125304,14351,0.6379,73454658,1.0242,1553.6214
Custom,Zipfian,ARS Gen 4: Parallel Apex,10000,0.2845,52153,10000,0.6379,73458028,1.0242,1608.7680
Custom,Zipfian,ARS Gen 5: Optimized Apex (MAIN),10000,0.2219,52153,0,0.6379,73457063,1.0242,2063.0765
Custom,Zipfian,ARS Gen 5: Optimized Apex (Stable),10000,0.2529,50387,0,0.6379,73457666,1.0242,1810.2584
Custom,Zipfian,ARS Gen 6: Aero Architecture,10000,0.3992,42939,0,0.6379,73457596,1.0242,1146.6595
Custom,Zipfian,ARS Gen 6: Aero (Stable),10000,0.4457,43078,0,0.6379,73458409,1.0242,1027.1590
Custom,Zipfian,ARS Exp A: Recursive Parallel,10000,0.2137,16855,0,0.6379,73460696,1.0241,2142.5266
Custom,Zipfian,ARS Exp B: Hierarchical Staging,10000,0.2079,52153,0,0.6379,73455797,1.0242,2201.6654
Custom,Zipfian,ARS Exp C: Adaptive Hierarchical,10000,0.2131,52153,0,0.6379,73457187,1.0242,2148.4998
Custom,Zipfian,ARS Exp D: Stream Micro-Batch,10000,0.3410,52153,20000,0.6379,73458386,1.0241,1342.2856
Custom,Zipfian,Quicksort,100000,0.8761,529990,0,0.6377,73458022,1.0244,5225.2548
Custom,Zipfian,Timsort,100000,1.4868,531868,0,0.6372,73461688,1.0243,3078.9470
Custom,Zipfian,ARS Gen 1: Foundation,100000,3.5485,501611,300000,0.6375,73512020,1.0243,1290.0086
Custom,Zipfian,ARS Gen 2: Grid Mapping,100000,3.6982,501611,300000,0.6375,73513273,1.0246,1237.7963
Custom,Zipfian,ARS Gen 3: Apex Baseline,100000,2.3787,1172752,108703,0.6377,73470787,1.0244,1924.4506
Custom,Zipfian,ARS Gen 4: Parallel Apex,100000,2.1830,516727,100000,0.6376,73472438,1.0241,2096.9707
Custom,Zipfian,ARS Gen 5: Optimized Apex (MAIN),100000,1.9219,516727,0,0.6375,73469306,1.0238,2381.8660
Custom,Zipfian,ARS Gen 5: Optimized Apex (Stable),100000,2.6658,519617,0,0.6371,73473057,1.0237,1717.1635
Custom,Zipfian,ARS Gen 6: Aero Architecture,100000,2.1215,512024,0,0.6376,73470548,1.0240,2157.7481
Custom,Zipfian,ARS Gen 6: Aero (Stable),100000,4.0396,502467,0,0.6374,73474817,1.0235,1133.1797
Custom,Zipfian,ARS Exp A: Recursive Parallel,100000,2.5929,206221,0,0.6372,73496480,1.0233,1765.4267
Custom,Zipfian,ARS Exp B: Hierarchical Staging,100000,2.2235,182412,0,0.6375,73475381,1.0235,2058.7759
Custom,Zipfian,ARS Exp C: Adaptive Hierarchical,100000,2.8579,200760,0,0.6372,73495837,1.0233,1601.7467
Custom,Zipfian,ARS Exp D: Stream Micro-Batch,100000,2.3864,516727,200000,0.6374,73472546,1.0241,1918.2193
Custom,Zipfian,Quicksort,1000000,14.8122,5281309,0,0.6363,73475038,1.0268,3090.4482
Custom,Zipfian,Timsort,1000000,34.6250,6327917,0,0.6335,73495319,1.0251,1322.0595
Custom,Zipfian,ARS Gen 3: Apex Baseline,1000000,29.9115,12313781,1017407,0.6377,73551415,1.0258,1530.3922
Custom,Zipfian,ARS Gen 4: Parallel Apex,1000000,33.3754,5208498,1000000,0.6372,73503872,1.0220,1371.5609
Custom,Zipfian,ARS Gen 5: Optimized Apex (MAIN),1000000,34.2205,5208498,0,0.6375,73494209,1.0221,1337.6904
Custom,Zipfian,ARS Gen 5: Optimized Apex (Stable),1000000,58.4275,6511840,0,0.6345,73519402,1.0207,783.4725
Custom,Zipfian,ARS Gen 6: Aero Architecture,1000000,27.7427,5225265,0,0.6372,73493174,1.0214,1650.0357
Custom,Zipfian,ARS Gen 6: Aero (Stable),1000000,50.5845,6529655,0,0.6343,73518026,1.0213,904.9482
Custom,Zipfian,ARS Exp A: Recursive Parallel,1000000,34.5548,1939650,0,0.6389,73574291,1.0151,1324.7487
Custom,Zipfian,ARS Exp B: Hierarchical Staging,1000000,49.1803,2064127,0,0.6391,73548599,1.0165,930.7860
Custom,Zipfian,ARS Exp C: Adaptive Hierarchical,1000000,47.8877,2062304,0,0.6390,73584930,1.0148,955.9108
Custom,Zipfian,ARS Exp D: Stream Micro-Batch,1000000,49.9896,9851509,2000000,0.6382,73579517,1.0156,915.7177
Custom,Skewed,Quicksort,1000,0.0255,10133,0,0.6377,73663066,1.0212,1794.3073
Custom,Skewed,Timsort,1000,0.0346,10734,0,0.6377,73663955,1.0212,1323.3224
Custom,Skewed,ARS Gen 1: Foundation,1000,0.1870,691,2000,0.6376,73671358,1.0212,244.8301
Custom,Skewed,ARS Gen 2: Grid Mapping,1000,0.1934,691,2000,0.6376,73671522,1.0213,236.7429
Custom,Skewed,ARS Gen 3: Apex Baseline,1000,0.0218,10133,0,0.6377,73663073,1.0212,2099.2556
Custom,Skewed,ARS Gen 4: Parallel Apex,1000,0.0211,10133,0,0.6377,73663062,1.0212,2166.8261
Custom,Skewed,ARS Gen 5: Optimized Apex (MAIN),1000,0.0210,10133,0,0.6377,73663046,1.0212,2179.3081
Custom,Skewed,ARS Gen 5: Optimized Apex (Stable),1000,0.0297,10734,0,0.6377,73663937,1.0212,1540.7730
Custom,Skewed,ARS Gen 6: Aero Architecture,1000,0.0203,10133,0,0.6377,73663068,1.0212,2253.9941
Custom,Skewed,ARS Gen 6: Aero (Stable),1000,0.0290,10734,0,0.6377,73663919,1.0212,1576.5383
Custom,Skewed,ARS Exp A: Recursive Parallel,1000,0.0197,10133,0,0.6377,73663031,1.0212,2324.6175
Custom,Skewed,ARS Exp B: Hierarchical Staging,1000,0.0195,10133,0,0.6377,73663041,1.0212,2350.3988
Custom,Skewed,ARS Exp C: Adaptive Hierarchical,1000,0.0200,10133,0,0.6377,73663051,1.0212,2292.3715
Custom,Skewed,ARS Exp D: Stream Micro-Batch,1000,0.1092,10133,2000,0.6376,73663725,1.0212,419.3588
Custom,Skewed,Quicksort,10000,0.2238,133996,0,0.6376,73673858,1.0213,2044.9755
Custom,Skewed,Timsort,10000,0.3364,137398,0,0.6376,73681303,1.0213,1360.6142
Custom,Skewed,ARS Gen 1: Foundation,10000,1.3679,77629,30000,0.6375,73746711,1.0212,334.6461
Custom,Skewed,ARS Gen 2: Grid Mapping,10000,1.0538,77623,30000,0.6375,73747628,1.0213,434.4007
Custom,Skewed,ARS Gen 3: Apex Baseline,10000,0.3647,189660,14351,0.6375,73686403,1.0212,1255.2716
Custom,Skewed,ARS Gen 4: Parallel Apex,10000,0.2260,69470,10000,0.6375,73686670,1.0212,2025.1356
Custom,Skewed,ARS Gen 5: Optimized Apex (MAIN),10000,0.1416,69470,0,0.6375,73680514,1.0212,3233.6392
Custom,Skewed,ARS Gen 5: Optimized Apex (Stable),10000,0.1633,72482,0,0.6375,73688447,1.0212,2803.2411
Custom,Skewed,ARS Gen 6: Aero Architecture,10000,0.3410,59470,0,0.6375,73682574,1.0212,1342.5375
Custom,Skewed,ARS Gen 6: Aero (Stable),10000,0.3479,62562,0,0.6375,73689519,1.0212,1315.8250
Custom,Skewed,ARS Exp A: Recursive Parallel,10000,0.1491,69470,0,0.6375,73680725,1.0212,3070.4466
Custom,Skewed,ARS Exp B: Hierarchical Staging,10000,0.1362,69470,0,0.6375,73680695,1.0212,3360.4980
Custom,Skewed,ARS Exp C: Adaptive Hierarchical,10000,0.1445,69470,0,0.6375,73680898,1.0212,3168.8577
Custom,Skewed,ARS Exp D: Stream Micro-Batch,10000,0.2961,69470,20000,0.6375,73683595,1.0212,1546.1176
Custom,Skewed,Quicksort,100000,2.0289,1339911,0,0.6372,73719884,1.0221,2256.2272
Custom,Skewed,Timsort,100000,3.3519,1340773,0,0.6367,73741700,1.0219,1365.6903
Custom,Skewed,ARS Gen 1: Foundation,100000,9.8471,1262245,300000,0.6367,74445215,1.0211,464.8699
Custom,Skewed,ARS Gen 2: Grid Mapping,100000,9.3328,1262822,300000,0.6366,74455976,1.0212,490.4894
Custom,Skewed,ARS Gen 3: Apex Baseline,100000,2.5978,1543517,108703,0.6371,73749989,1.0216,1762.1097
Custom,Skewed,ARS Gen 4: Parallel Apex,100000,1.3811,727700,100000,0.6373,73744890,1.0211,3314.4621
Custom,Skewed,ARS Gen 5: Optimized Apex (MAIN),100000,1.3369,727700,0,0.6373,73735609,1.0207,3423.9683
Custom,Skewed,ARS Gen 5: Optimized Apex (Stable),100000,1.4730,737053,0,0.6373,73760514,1.0205,3107.7280
Custom,Skewed,ARS Gen 6: Aero Architecture,100000,1.5434,628511,0,0.6372,73745899,1.0209,2965.8990
Custom,Skewed,ARS Gen 6: Aero (Stable),100000,1.6843,634320,0,0.6372,73772690,1.0208,2717.8968
Custom,Skewed,ARS Exp A: Recursive Parallel,100000,1.4281,701327,0,0.6373,73736120,1.0206,3205.4012
Custom,Skewed,ARS Exp B: Hierarchical Staging,100000,1.4227,628891,0,0.6373,73729491,1.0208,3217.4930
Custom,Skewed,ARS Exp C: Adaptive Hierarchical,100000,1.4753,727700,0,0.6373,73735944,1.0207,3102.9293
Custom,Skewed,ARS Exp D: Stream Micro-Batch,100000,1.8694,727700,200000,0.6372,73738148,1.0209,2448.7538
Custom,Skewed,Quicksort,1000000,31.4207,12880459,0,0.6342,73761636,1.0281,1456.8869
Custom,Skewed,Timsort,1000000,56.2900,13984642,0,0.6293,73857112,1.0253,813.2237
Custom,Skewed,ARS Gen 3: Apex Baseline,1000000,32.5081,14266844,1017407,0.6349,73863363,1.0226,1408.1512
Custom,Skewed,ARS Gen 4: Parallel Apex,1000000,18.1212,5509338,1000000,0.6377,73805909,1.0139,2526.1237
Custom,Skewed,ARS Gen 5: Optimized Apex (MAIN),1000000,18.1350,5509338,0,0.6378,73786438,1.0151,2524.2063
Custom,Skewed,ARS Gen 5: Optimized Apex (Stable),1000000,20.2932,5538714,0,0.6363,73847154,1.0132,2255.7500
Custom,Skewed,ARS Gen 6: Aero Architecture,1000000,17.0430,6195850,0,0.6375,73911283,1.0146,2685.9327
Custom,Skewed,ARS Gen 6: Aero (Stable),1000000,19.7193,6227611,0,0.6354,73973343,1.0121,2321.4012
Custom,Skewed,ARS Exp A: Recursive Parallel,1000000,24.0520,2169826,0,0.6370,73852128,1.0135,1903.2235
Custom,Skewed,ARS Exp B: Hierarchical Staging,1000000,28.2890,1707337,0,0.6373,73810303,1.0109,1618.1690
Custom,Skewed,ARS Exp C: Adaptive Hierarchical,1000000,25.9948,1857655,0,0.6378,73819502,1.0119,1760.9843
Custom,Skewed,ARS Exp D: Stream Micro-Batch,1000000,48.8392,11852679,2000000,0.6383,74082045,1.0155,937.2880
Custom,Clustered,Quicksort,1000,0.0277,9985,0,0.6393,74495011,1.0145,1654.6672
Custom,Clustered,Timsort,1000,0.0379,10392,0,0.6393,74495849,1.0145,1206.3555
Custom,Clustered,ARS Gen 1: Foundation,1000,0.1391,5421,2000,0.6393,74501193,1.0145,329.2032
Custom,Clustered,ARS Gen 2: Grid Mapping,1000,0.1503,5356,2000,0.6393,74501309,1.0145,304.6112
Custom,Clustered,ARS Gen 3: Apex Baseline,1000,0.0242,9985,0,0.6393,74495024,1.0145,1894.0900
Custom,Clustered,ARS Gen 4: Parallel Apex,1000,0.0234,9985,0,0.6393,74495002,1.0145,1958.7662
Custom,Clustered,ARS Gen 5: Optimized Apex (MAIN),1000,0.0226,9985,0,0.6393,74494999,1.0145,2021.3886
Custom,Clustered,ARS Gen 5: Optimized Apex (Stable),1000,0.0310,10392,0,0.6393,74495889,1.0145,1478.0874
Custom,Clustered,ARS Gen 6: Aero Architecture,1000,0.0225,9985,0,0.6393,74495015,1.0145,2033.8724
Custom,Clustered,ARS Gen 6: Aero (Stable),1000,0.0305,10392,0,0.6393,74495859,1.0145,1500.5201
Custom,Clustered,ARS Exp A: Recursive Parallel,1000,0.0215,9985,0,0.6393,74494993,1.0145,2134.0964
Custom,Clustered,ARS Exp B: Hierarchical Staging,1000,0.0217,9985,0,0.6393,74495011,1.0145,2106.5977
Custom,Clustered,ARS Exp C: Adaptive Hierarchical,1000,0.0215,9985,0,0.6393,74495024,1.0145,2133.4996
Custom,Clustered,ARS Exp D: Stream Micro-Batch,1000,0.1196,9985,2000,0.6393,74496044,1.0145,382.8928
Custom,Clustered,Quicksort,10000,0.1749,107604,0,0.6392,74499299,1.0146,2616.7943
Custom,Clustered,Timsort,10000,0.2344,109657,0,0.6392,74502147,1.0146,1953.0583
Custom,Clustered,ARS Gen 1: Foundation,10000,0.5638,73762,30000,0.6392,74528705,1.0146,811.8695
Custom,Clustered,ARS Gen 2: Grid Mapping,10000,0.6529,73552,30000,0.6392,74530188,1.0146,701.1624
Custom,Clustered,ARS Gen 3: Apex Baseline,10000,0.3618,160276,14351,0.6392,74506481,1.0146,1265.2535
Custom,Clustered,ARS Gen 4: Parallel Apex,10000,0.2593,70340,10000,0.6392,74508358,1.0145,1765.1850
Custom,Clustered,ARS Gen 5: Optimized Apex (MAIN),10000,0.1681,70340,0,0.6392,74505870,1.0145,2723.6975
Custom,Clustered,ARS Gen 5: Optimized Apex (Stable),10000,0.1811,71216,0,0.6392,74510381,1.0145,2527.2519
Custom,Clustered,ARS Gen 6: Aero Architecture,10000,0.2625,59344,0,0.6392,74506719,1.0145,1743.5694
Custom,Clustered,ARS Gen 6: Aero (Stable),10000,0.3045,60054,0,0.6392,74510268,1.0145,1503.2450
Custom,Clustered,ARS Exp A: Recursive Parallel,10000,0.1707,70340,0,0.6392,74506442,1.0145,2681.9995
Custom,Clustered,ARS Exp B: Hierarchical Staging,10000,0.1600,70340,0,0.6392,74505657,1.0145,2861.3091
Custom,Clustered,ARS Exp C: Adaptive Hierarchical,10000,0.1650,70340,0,0.6392,74506504,1.0145,2773.7873
Custom,Clustered,ARS Exp D: Stream Micro-Batch,10000,0.3227,70340,20000,0.6391,74507471,1.0145,1418.4546
Custom,Clustered,Quicksort,100000,1.6431,1011458,0,0.6389,74513955,1.0151,2786.0130
Custom,Clustered,Timsort,100000,2.3901,1014769,0,0.6384,74519445,1.0150,1915.2498
Custom,Clustered,ARS Gen 1: Foundation,100000,5.1017,696758,300000,0.6389,74801141,1.0145,897.2825
Custom,Clustered,ARS Gen 2: Grid Mapping,100000,4.8341,697287,300000,0.6389,74819682,1.0148,946.9510
Custom,Clustered,ARS Gen 3: Apex Baseline,100000,2.7063,1231300,108703,0.6389,74528325,1.0148,1691.4699
Custom,Clustered,ARS Gen 4: Parallel Apex,100000,1.4762,671477,100000,0.6389,74530511,1.0143,3100.9534
Custom,Clustered,ARS Gen 5: Optimized Apex (MAIN),100000,1.3427,671477,0,0.6390,74527667,1.0142,3409.2240
Custom,Clustered,ARS Gen 5: Optimized Apex (Stable),100000,1.6896,673524,0,0.6388,74535513,1.0140,2709.3325
Custom,Clustered,ARS Gen 6: Aero Architecture,100000,1.2851,554286,0,0.6390,74537284,1.0143,3561.9696
Custom,Clustered,ARS Gen 6: Aero (Stable),100000,1.4233,555220,0,0.6389,74545077,1.0141,3216.1729
Custom,Clustered,ARS Exp A: Recursive Parallel,100000,1.6362,105158,0,0.6388,74536271,1.0139,2797.6937
Custom,Clustered,ARS Exp B: Hierarchical Staging,100000,1.7232,179970,0,0.6388,74526104,1.0140,2656.4158
Custom,Clustered,ARS Exp C: Adaptive Hierarchical,100000,1.6007,140724,0,0.6389,74533799,1.0140,2859.7557
Custom,Clustered,ARS Exp D: Stream Micro-Batch,100000,2.1316,671477,200000,0.6389,74530624,1.0143,2147.5221
Custom,Clustered,Quicksort,1000000,21.9261,9937773,0,0.6355,74539156,1.0199,2087.7523
Custom,Clustered,Timsort,1000000,51.1160,11004404,0,0.6311,74555169,1.0169,895.5394
Custom,Clustered,ARS Gen 3: Apex Baseline,1000000,33.2498,12334215,1017407,0.6372,74615492,1.0147,1376.7403
Custom,Clustered,ARS Gen 4: Parallel Apex,1000000,19.9078,4762552,1000000,0.6386,74571980,1.0059,2299.4236
Custom,Clustered,ARS Gen 5: Optimized Apex (MAIN),1000000,22.2060,4762552,0,0.6390,74562865,1.0048,2061.4384
Custom,Clustered,ARS Gen 5: Optimized Apex (Stable),1000000,29.5791,4748110,0,0.6374,74581353,1.0004,1547.5918
Custom,Clustered,ARS Gen 6: Aero Architecture,1000000,18.2471,4888204,0,0.6389,74687476,1.0106,2508.6865
Custom,Clustered,ARS Gen 6: Aero (Stable),1000000,26.9492,4904839,0,0.6373,74704209,0.9988,1698.6146
Custom,Clustered,ARS Exp A: Recursive Parallel,1000000,25.9296,1096506,0,0.6399,74585838,1.0031,1765.4112
Custom,Clustered,ARS Exp B: Hierarchical Staging,1000000,30.4315,1053340,0,0.6402,74565719,1.0025,1504.2441
Custom,Clustered,ARS Exp C: Adaptive Hierarchical,1000000,30.3984,1036862,0,0.6403,74577237,1.0046,1505.8829
Custom,Clustered,ARS Exp D: Stream Micro-Batch,1000000,45.4057,10645199,2000000,0.6388,74664536,1.0084,1008.1642
Custom,BucketCollapse,Quicksort,1000,0.0300,10337,0,0.6388,74820892,1.0079,1524.1008
Custom,BucketCollapse,Timsort,1000,0.0425,10667,0,0.6388,74821785,1.0079,1076.2806
Custom,BucketCollapse,ARS Gen 1: Foundation,1000,0.3250,0,2000,0.6388,74828005,1.0080,140.8486
Custom,BucketCollapse,ARS Gen 2: Grid Mapping,1000,0.3756,0,2000,0.6388,74828773,1.0080,121.8782
Custom,BucketCollapse,ARS Gen 3: Apex Baseline,1000,0.0304,10337,0,0.6388,74820912,1.0079,1507.8848
Custom,BucketCollapse,ARS Gen 4: Parallel Apex,1000,0.0303,10337,0,0.6388,74820906,1.0079,1509.5257
Custom,BucketCollapse,ARS Gen 5: Optimized Apex (MAIN),1000,0.0302,10337,0,0.6388,74820905,1.0079,1513.8689
Custom,BucketCollapse,ARS Gen 5: Optimized Apex (Stable),1000,0.0423,10667,0,0.6388,74821816,1.0079,1082.5163
Custom,BucketCollapse,ARS Gen 6: Aero Architecture,1000,0.0305,10337,0,0.6388,74820916,1.0079,1502.5395
Custom,BucketCollapse,ARS Gen 6: Aero (Stable),1000,0.0432,10667,0,0.6388,74821838,1.0079,1060.0307
Custom,BucketCollapse,ARS Exp A: Recursive Parallel,1000,0.0301,10337,0,0.6388,74820886,1.0079,1520.7085
Custom,BucketCollapse,ARS Exp B: Hierarchical Staging,1000,0.0303,10337,0,0.6388,74820919,1.0079,1510.2229
Custom,BucketCollapse,ARS Exp C: Adaptive Hierarchical,1000,0.0304,10337,0,0.6388,74820912,1.0079,1503.9711
Custom,BucketCollapse,ARS Exp D: Stream Micro-Batch,1000,0.1737,10337,2000,0.6387,74821519,1.0079,263.5734
Custom,BucketCollapse,Quicksort,10000,0.3336,137946,0,0.6387,74831922,1.0080,1372.3290
Custom,BucketCollapse,Timsort,10000,0.3642,142499,0,0.6387,74840631,1.0079,1257.0469
Custom,BucketCollapse,ARS Gen 1: Foundation,10000,5.0761,0,30000,0.6384,74920330,1.0089,90.1800
Custom,BucketCollapse,ARS Gen 2: Grid Mapping,10000,5.2617,0,30000,0.6383,74925504,1.0089,86.9992
Custom,BucketCollapse,ARS Gen 3: Apex Baseline,10000,0.3553,194806,14351,0.6386,74845773,1.0079,1288.3610
Custom,BucketCollapse,ARS Gen 4: Parallel Apex,10000,0.2185,52643,10000,0.6386,74845830,1.0079,2094.5969
Custom,BucketCollapse,ARS Gen 5: Optimized Apex (MAIN),10000,0.1391,52643,0,0.6386,74838679,1.0079,3291.9139
Custom,BucketCollapse,ARS Gen 5: Optimized Apex (Stable),10000,0.1436,58028,0,0.6386,74844745,1.0079,3187.9469
Custom,BucketCollapse,ARS Gen 6: Aero Architecture,10000,0.2092,60571,0,0.6386,74841322,1.0079,2188.1210
Custom,BucketCollapse,ARS Gen 6: Aero (Stable),10000,0.2192,63560,0,0.6386,74847568,1.0079,2088.5189
Custom,BucketCollapse,ARS Exp A: Recursive Parallel,10000,0.1576,52643,0,0.6386,74838034,1.0079,2904.1496
Custom,BucketCollapse,ARS Exp B: Hierarchical Staging,10000,0.1441,52643,0,0.6386,74838139,1.0079,3177.8110
Custom,BucketCollapse,ARS Exp C: Adaptive Hierarchical,10000,0.1419,52643,0,0.6387,74837305,1.0079,3227.0740
Custom,BucketCollapse,ARS Exp D: Stream Micro-Batch,10000,0.3015,52643,20000,0.6386,74840435,1.0079,1518.4033
Custom,BucketCollapse,Quicksort,100000,3.2068,1718970,0,0.6383,74957335,1.0088,1427.4754
Custom,BucketCollapse,Timsort,100000,4.7163,1756228,0,0.6378,75041685,1.0086,970.5895
Custom,BucketCollapse,ARS Gen 1: Foundation,100000,38.9679,5,300000,0.6215,75850941,1.0073,117.4720
Custom,BucketCollapse,ARS Gen 2: Grid Mapping,100000,43.3524,5,300000,0.6230,75905724,1.0083,105.5914
Custom,BucketCollapse,ARS Gen 3: Apex Baseline,100000,3.5193,1893310,108703,0.6382,75038727,1.0083,1300.7388
Custom,BucketCollapse,ARS Gen 4: Parallel Apex,100000,1.6841,888976,100000,0.6384,75034382,1.0078,2718.1986
Custom,BucketCollapse,ARS Gen 5: Optimized Apex (MAIN),100000,1.5281,888976,0,0.6384,74971245,1.0075,2995.6865
Custom,BucketCollapse,ARS Gen 5: Optimized Apex (Stable),100000,1.7747,929234,0,0.6384,75058462,1.0076,2579.3746
Custom,BucketCollapse,ARS Gen 6: Aero Architecture,100000,1.6662,956140,0,0.6383,74982126,1.0075,2747.3150
Custom,BucketCollapse,ARS Gen 6: Aero (Stable),100000,1.9623,992831,0,0.6383,75062571,1.0074,2332.7606
Custom,BucketCollapse,ARS Exp A: Recursive Parallel,100000,1.6784,888976,0,0.6384,74970236,1.0075,2727.4219
Custom,BucketCollapse,ARS Exp B: Hierarchical Staging,100000,1.6115,780493,0,0.6383,74966651,1.0076,2840.6413
Custom,BucketCollapse,ARS Exp C: Adaptive Hierarchical,100000,1.5948,888976,0,0.6384,74972497,1.0076,2870.3732
Custom,BucketCollapse,ARS Exp D: Stream Micro-Batch,100000,2.0152,888976,200000,0.6384,74975717,1.0077,2271.5230
Custom,BucketCollapse,Quicksort,1000000,45.8772,20525437,0,0.6350,75988929,1.0183,997.8031
Custom,BucketCollapse,Timsort,1000000,75.3835,20897754,0,0.6308,76828125,1.0144,607.2463
Custom,BucketCollapse,ARS Gen 3: Apex Baseline,1000000,36.8192,21586005,1017407,0.6359,76654154,1.0117,1243.2748
Custom,BucketCollapse,ARS Gen 4: Parallel Apex,1000000,18.8203,10308690,1000000,0.6384,76592578,1.0038,2432.2873
Custom,BucketCollapse,ARS Gen 5: Optimized Apex (MAIN),1000000,17.9648,10308690,0,0.6385,76012020,1.0036,2548.1082
Custom,BucketCollapse,ARS Gen 5: Optimized Apex (Stable),1000000,20.1964,10708698,0,0.6382,76880463,1.0032,2266.5597
Custom,BucketCollapse,ARS Gen 6: Aero Architecture,1000000,18.9315,13010120,0,0.6382,76127449,1.0042,2418.0005
Custom,BucketCollapse,ARS Gen 6: Aero (Stable),1000000,22.5985,13427133,0,0.6374,76997015,1.0038,2025.6410
Custom,BucketCollapse,ARS Exp A: Recursive Parallel,1000000,19.7585,10308690,0,0.6384,75997344,1.0041,2316.7986
Custom,BucketCollapse,ARS Exp B: Hierarchical Staging,1000000,21.4390,11360616,0,0.6388,75995244,1.0041,2135.1880
Custom,BucketCollapse,ARS Exp C: Adaptive Hierarchical,1000000,21.7387,12417054,0,0.6388,76007977,1.0067,2105.7594
Custom,BucketCollapse,ARS Exp D: Stream Micro-Batch,1000000,51.1155,13805437,2000000,0.6392,77017975,1.0034,895.5471
Custom,LowCardinality,Quicksort,1000,0.0098,5628,0,0.6406,82098387,1.0022,4674.8741
Custom,LowCardinality,Timsort,1000,0.0122,5482,0,0.6406,82098536,1.0022,3760.4836
Custom,LowCardinality,ARS Gen 1: Foundation,1000,0.0524,984,2000,0.6406,82100844,1.0022,874.0618
Custom,LowCardinality,ARS Gen 2: Grid Mapping,1000,0.0623,984,2000,0.6406,82100785,1.0022,735.0563
Custom,LowCardinality,ARS Gen 3: Apex Baseline,1000,0.0092,5628,0,0.6406,82098396,1.0022,4955.2249
Custom,LowCardinality,ARS Gen 4: Parallel Apex,1000,0.0092,5628,0,0.6406,82098386,1.0022,4984.3605
Custom,LowCardinality,ARS Gen 5: Optimized Apex (MAIN),1000,0.0092,5628,0,0.6406,82098388,1.0022,4972.4492
Custom,LowCardinality,ARS Gen 5: Optimized Apex (Stable),1000,0.0115,5482,0,0.6406,82098538,1.0022,3978.1322
Custom,LowCardinality,ARS Gen 6: Aero Architecture,1000,0.0092,5628,0,0.6406,82098394,1.0022,4953.0802
Custom,LowCardinality,ARS Gen 6: Aero (Stable),1000,0.0116,5482,0,0.6406,82098540,1.0022,3943.5189
Custom,LowCardinality,ARS Exp A: Recursive Parallel,1000,0.0092,5628,0,0.6406,82098393,1.0022,4972.4492
Custom,LowCardinality,ARS Exp B: Hierarchical Staging,1000,0.0093,5628,0,0.6406,82098389,1.0022,4933.3298
Custom,LowCardinality,ARS Exp C: Adaptive Hierarchical,1000,0.0093,5628,0,0.6406,82098386,1.0022,4920.6027
Custom,LowCardinality,ARS Exp D: Stream Micro-Batch,1000,0.1192,5628,2000,0.6406,82099454,1.0022,383.8689
Custom,LowCardinality,Quicksort,10000,0.0864,54006,0,0.6406,82101383,1.0022,5298.3746
Custom,LowCardinality,Timsort,10000,0.1261,53486,0,0.6406,82101688,1.0022,3629.8761
Custom,LowCardinality,ARS Gen 1: Foundation,10000,0.3334,9984,30000,0.6405,82120730,1.0022,1372.9835
Custom,LowCardinality,ARS Gen 2: Grid Mapping,10000,0.3413,9984,30000,0.6405,82121271,1.0023,1341.2709
Custom,LowCardinality,ARS Gen 3: Apex Baseline,10000,0.3346,122898,14351,0.6405,82104069,1.0023,1368.0800
Custom,LowCardinality,ARS Gen 4: Parallel Apex,10000,0.2120,9990,10000,0.6405,82107247,1.0022,2158.7636
Custom,LowCardinality,ARS Gen 5: Optimized Apex (MAIN),10000,0.1276,9990,0,0.6405,82105977,1.0022,3588.4739
Custom,LowCardinality,ARS Gen 5: Optimized Apex (Stable),10000,0.1352,9990,0,0.6405,82107254,1.0022,3386.6275
Custom,LowCardinality,ARS Gen 6: Aero Architecture,10000,0.2761,9990,0,0.6405,82109067,1.0022,1658.2396
Custom,LowCardinality,ARS Gen 6: Aero (Stable),10000,0.2655,9990,0,0.6405,82108686,1.0022,1724.0790
Custom,LowCardinality,ARS Exp A: Recursive Parallel,10000,0.1373,9990,0,0.6405,82106641,1.0022,3334.0884
Custom,LowCardinality,ARS Exp B: Hierarchical Staging,10000,0.1374,9990,0,0.6405,82106976,1.0022,3330.8134
Custom,LowCardinality,ARS Exp C: Adaptive Hierarchical,10000,0.1450,9990,0,0.6405,82106933,1.0022,3157.7966
Custom,LowCardinality,ARS Exp D: Stream Micro-Batch,10000,0.3569,9990,20000,0.6405,82110082,1.0022,1282.7650
Custom,LowCardinality,Quicksort,100000,0.9713,522721,0,0.6402,82121586,1.0025,4712.9599
Custom,LowCardinality,Timsort,100000,1.6857,535563,0,0.6398,82122312,1.0024,2715.4993
Custom,LowCardinality,ARS Gen 1: Foundation,100000,2.9509,99984,300000,0.6403,82309206,1.0020,1551.2470
Custom,LowCardinality,ARS Gen 2: Grid Mapping,100000,3.2344,99984,300000,0.6403,82321694,1.0022,1415.3154
Custom,LowCardinality,ARS Gen 3: Apex Baseline,100000,2.5946,1145301,108703,0.6403,82131032,1.0025,1764.2870
Custom,LowCardinality,ARS Gen 4: Parallel Apex,100000,1.1928,119528,100000,0.6403,82132335,1.0018,3837.8748
Custom,LowCardinality,ARS Gen 5: Optimized Apex (MAIN),100000,1.0617,119528,0,0.6403,82132560,1.0016,4311.5616
Custom,LowCardinality,ARS Gen 5: Optimized Apex (Stable),100000,1.1097,119779,0,0.6403,82132343,1.0017,4125.2904
Custom,LowCardinality,ARS Gen 6: Aero Architecture,100000,1.1711,99990,0,0.6403,82156556,1.0020,3908.9385
Custom,LowCardinality,ARS Gen 6: Aero (Stable),100000,1.1660,99990,0,0.6403,82156658,1.0019,3925.9421
Custom,LowCardinality,ARS Exp A: Recursive Parallel,100000,1.3604,199986,0,0.6402,82136969,1.0017,3364.9914
Custom,LowCardinality,ARS Exp B: Hierarchical Staging,100000,1.2803,199974,0,0.6403,82130084,1.0018,3575.5217
Custom,LowCardinality,ARS Exp C: Adaptive Hierarchical,100000,1.2529,100002,0,0.6403,82133099,1.0017,3653.6475
Custom,LowCardinality,ARS Exp D: Stream Micro-Batch,100000,1.7417,119528,200000,0.6402,82135414,1.0018,2628.2730
Custom,LowCardinality,Quicksort,1000000,14.7714,5200332,0,0.6388,82137840,1.0043,3098.9880
Custom,LowCardinality,Timsort,1000000,38.0665,6204510,0,0.6359,82140110,1.0025,1202.5380
Custom,LowCardinality,ARS Gen 3: Apex Baseline,1000000,27.8310,12086670,1017407,0.6405,82204690,1.0029,1644.7965
Custom,LowCardinality,ARS Gen 4: Parallel Apex,1000000,16.5844,999988,1000000,0.6413,82158462,0.9959,2760.1993
Custom,LowCardinality,ARS Gen 5: Optimized Apex (MAIN),1000000,15.5252,999988,0,0.6412,82156600,0.9965,2948.5182
Custom,LowCardinality,ARS Gen 5: Optimized Apex (Stable),1000000,16.4936,999988,0,0.6413,82157229,0.9965,2775.4072
Custom,LowCardinality,ARS Gen 6: Aero Architecture,1000000,13.1781,999988,0,0.6411,82407455,0.9979,3473.6637
Custom,LowCardinality,ARS Gen 6: Aero (Stable),1000000,13.9131,999988,0,0.6411,82408819,0.9973,3290.1637
Custom,LowCardinality,ARS Exp A: Recursive Parallel,1000000,18.3870,1999972,0,0.6412,82163947,0.9951,2489.6078
Custom,LowCardinality,ARS Exp B: Hierarchical Staging,1000000,18.5631,1999972,0,0.6413,82152971,0.9950,2465.9822
Custom,LowCardinality,ARS Exp C: Adaptive Hierarchical,1000000,18.5408,1999972,0,0.6412,82162623,0.9950,2468.9516
Custom,LowCardinality,ARS Exp D: Stream Micro-Batch,1000000,43.0175,5484640,2000000,0.6403,82228464,0.9936,1064.1339
Custom,PrefixCollision,Quicksort,1000,0.0315,10337,0,0.6405,82262696,0.9962,1452.1577
Custom,PrefixCollision,Timsort,1000,0.0432,10667,0,0.6405,82263564,0.9962,1060.6693
Custom,PrefixCollision,ARS Gen 1: Foundation,1000,0.3023,0,2000,0.6405,82269802,0.9962,151.4169
Custom,PrefixCollision,ARS Gen 2: Grid Mapping,1000,0.3267,0,2000,0.6405,82270665,0.9962,140.1123
Custom,PrefixCollision,ARS Gen 3: Apex Baseline,1000,0.0242,10337,0,0.6405,82262689,0.9962,1892.8369
Custom,PrefixCollision,ARS Gen 4: Parallel Apex,1000,0.0243,10337,0,0.6405,82262694,0.9962,1884.2664
Custom,PrefixCollision,ARS Gen 5: Optimized Apex (MAIN),1000,0.0234,10337,0,0.6405,82262690,0.9962,1955.4194
Custom,PrefixCollision,ARS Gen 5: Optimized Apex (Stable),1000,0.0329,10667,0,0.6405,82263593,0.9962,1390.3647
Custom,PrefixCollision,ARS Gen 6: Aero Architecture,1000,0.0228,10337,0,0.6405,82262692,0.9962,2005.4485
Custom,PrefixCollision,ARS Gen 6: Aero (Stable),1000,0.0311,10667,0,0.6405,82263582,0.9962,1471.7196
Custom,PrefixCollision,ARS Exp A: Recursive Parallel,1000,0.0224,10337,0,0.6405,82262682,0.9962,2039.1272
Custom,PrefixCollision,ARS Exp B: Hierarchical Staging,1000,0.0220,10337,0,0.6405,82262679,0.9962,2082.6373
Custom,PrefixCollision,ARS Exp C: Adaptive Hierarchical,1000,0.0220,10337,0,0.6405,82262682,0.9962,2082.9216
Custom,PrefixCollision,ARS Exp D: Stream Micro-Batch,1000,0.1230,10337,2000,0.6405,82263233,0.9962,372.2897
Custom,PrefixCollision,Quicksort,10000,0.2577,137946,0,0.6405,82273182,0.9962,1776.3157
Custom,PrefixCollision,Timsort,10000,0.3428,142499,0,0.6405,82281905,0.9962,1335.4874
Custom,PrefixCollision,ARS Gen 1: Foundation,10000,4.8057,0,30000,0.6402,82360782,0.9972,95.2543
Custom,PrefixCollision,ARS Gen 2: Grid Mapping,10000,5.2658,0,30000,0.6401,82366670,0.9972,86.9312
Custom,PrefixCollision,ARS Gen 3: Apex Baseline,10000,0.3775,194806,14351,0.6404,82287524,0.9962,1212.5805
Custom,PrefixCollision,ARS Gen 4: Parallel Apex,10000,0.2194,52643,10000,0.6404,82287547,0.9962,2086.4818
Custom,PrefixCollision,ARS Gen 5: Optimized Apex (MAIN),10000,0.1458,52643,0,0.6404,82279162,0.9962,3139.9054
Custom,PrefixCollision,ARS Gen 5: Optimized Apex (Stable),10000,0.1422,58028,0,0.6404,82286052,0.9962,3218.5880
Custom,PrefixCollision,ARS Gen 6: Aero Architecture,10000,0.1883,60571,0,0.6404,82282745,0.9962,2431.0080
Custom,PrefixCollision,ARS Gen 6: Aero (Stable),10000,0.1849,63560,0,0.6404,82288457,0.9961,2475.6561
Custom,PrefixCollision,ARS Exp A: Recursive Parallel,10000,0.1614,52643,0,0.6404,82279499,0.9962,2836.4873
Custom,PrefixCollision,ARS Exp B: Hierarchical Staging,10000,0.1422,52643,0,0.6404,82279842,0.9962,3220.2635
Custom,PrefixCollision,ARS Exp C: Adaptive Hierarchical,10000,0.1448,52643,0,0.6404,82280090,0.9962,3161.1330
Custom,PrefixCollision,ARS Exp D: Stream Micro-Batch,10000,0.3506,52643,20000,0.6404,82283440,0.9961,1305.7026
Custom,PrefixCollision,Quicksort,100000,3.2425,1718970,0,0.6402,82394664,0.9970,1411.7698
Custom,PrefixCollision,Timsort,100000,4.6245,1756228,0,0.6398,82479028,0.9968,989.8562
Custom,PrefixCollision,ARS Gen 1: Foundation,100000,38.7783,5,300000,0.6246,83289063,0.9951,118.0463
Custom,PrefixCollision,ARS Gen 2: Grid Mapping,100000,44.6860,5,300000,0.6249,83345246,0.9956,102.4401
Custom,PrefixCollision,ARS Gen 3: Apex Baseline,100000,2.8768,1893310,108703,0.6401,82475122,0.9965,1591.2313
Custom,PrefixCollision,ARS Gen 4: Parallel Apex,100000,1.5860,888976,100000,0.6403,82472442,0.9960,2886.2251
Custom,PrefixCollision,ARS Gen 5: Optimized Apex (MAIN),100000,1.3824,888976,0,0.6403,82409204,0.9957,3311.4817
Custom,PrefixCollision,ARS Gen 5: Optimized Apex (Stable),100000,1.4958,929234,0,0.6403,82494999,0.9957,3060.4229
Custom,PrefixCollision,ARS Gen 6: Aero Architecture,100000,1.5191,956140,0,0.6402,82419796,0.9956,3013.3100
Custom,PrefixCollision,ARS Gen 6: Aero (Stable),100000,1.6994,992831,0,0.6402,82498016,0.9956,2693.6528
Custom,PrefixCollision,ARS Exp A: Recursive Parallel,100000,1.5576,888976,0,0.6402,82408415,0.9958,2938.8190
Custom,PrefixCollision,ARS Exp B: Hierarchical Staging,100000,1.5572,780493,0,0.6402,82402003,0.9961,2939.7438
Custom,PrefixCollision,ARS Exp C: Adaptive Hierarchical,100000,1.6710,888976,0,0.6402,82408713,0.9958,2739.3857
Custom,PrefixCollision,ARS Exp D: Stream Micro-Batch,100000,2.0359,888976,200000,0.6402,82413622,0.9958,2248.4740
Custom,PrefixCollision,Quicksort,1000000,46.9746,20525437,0,0.6376,83304654,1.0055,974.4923
Custom,PrefixCollision,Timsort,1000000,76.5613,20897754,0,0.6339,84146062,1.0019,597.9046
Custom,PrefixCollision,ARS Gen 3: Apex Baseline,1000000,36.9510,21586005,1017407,0.6382,83966744,1.0000,1238.8403
Custom,PrefixCollision,ARS Gen 4: Parallel Apex,1000000,19.2900,10308690,1000000,0.6404,83906515,0.9929,2373.0591
Custom,PrefixCollision,ARS Gen 5: Optimized Apex (MAIN),1000000,18.3962,10308690,0,0.6404,83327017,0.9921,2488.3599
Custom,PrefixCollision,ARS Gen 5: Optimized Apex (Stable),1000000,19.8079,10708698,0,0.6402,84186319,0.9924,2311.0185
Custom,PrefixCollision,ARS Gen 6: Aero Architecture,1000000,20.9872,13010120,0,0.6402,83445953,0.9929,2181.1542
Custom,PrefixCollision,ARS Gen 6: Aero (Stable),1000000,20.2344,13427133,0,0.6393,84308448,0.9913,2262.3069
Custom,PrefixCollision,ARS Exp A: Recursive Parallel,1000000,20.8596,10308690,0,0.6404,83313599,0.9930,2194.5025
Custom,PrefixCollision,ARS Exp B: Hierarchical Staging,1000000,21.8215,11360616,0,0.6409,83312115,0.9930,2097.7602
Custom,PrefixCollision,ARS Exp C: Adaptive Hierarchical,1000000,19.8651,12417054,0,0.6408,83324670,0.9941,2304.3566
Custom,PrefixCollision,ARS Exp D: Stream Micro-Batch,1000000,50.3087,13805432,2000000,0.6409,84330161,0.9899,909.9096
