Category,Distribution,Algorithm,N,Time (ms),Comparisons,Moves,LLC Miss Rate,Branch Misses,IPC,Throughput (MB/s)
i64,Random,Quicksort,1000,0.0141,10227,0,0.0000,493,2.5798,1078.5883
i64,Random,Timsort,1000,0.0235,10588,0,0.0494,1142,2.0475,650.6114
i64,Random,ARS Gen 1: Foundation,1000,0.2898,0,2000,0.0137,7967,2.0922,52.6579
i64,Random,ARS Gen 2: Grid Mapping,1000,0.3370,0,2000,0.0025,8846,2.0776,45.2831
i64,Random,ARS Gen 3: Apex Baseline,1000,0.0142,10227,0,0.0000,500,2.5738,1077.9026
i64,Random,ARS Gen 4: Parallel Apex,1000,0.0139,10227,0,0.0000,482,2.6274,1101.0022
i64,Random,ARS Gen 5: Optimized Apex (MAIN),1000,0.0141,10227,0,0.0000,511,2.5922,1084.4140
i64,Random,ARS Gen 5: Optimized Apex (Stable),1000,0.0235,10588,0,0.0000,1134,2.0394,648.3997
i64,Random,ARS Gen 6: Aero Architecture,1000,0.0145,10227,0,0.0769,525,2.5124,1050.5190
i64,Random,ARS Gen 6: Aero (Stable),1000,0.0204,10588,0,0.0000,1171,2.0454,749.1918
i64,Random,ARS Exp A: Recursive Parallel,1000,0.0122,10227,0,0.0000,504,2.6055,1255.8674
i64,Random,ARS Exp B: Hierarchical Staging,1000,0.0121,10227,0,0.0000,482,2.5972,1257.3162
i64,Random,ARS Exp C: Adaptive Hierarchical,1000,0.0119,10227,0,0.0000,472,2.6547,1283.9775
i64,Random,ARS Exp D: Stream Micro-Batch,1000,0.1182,10227,2000,0.0073,1258,0.6577,129.1214
i64,Random,Quicksort,10000,0.1236,136654,0,0.0097,8241,1.0172,1234.3102
i64,Random,Timsort,10000,0.1714,140327,0,0.0024,14428,1.0616,890.2963
i64,Random,ARS Gen 1: Foundation,10000,4.5510,0,30000,0.0024,96747,1.7182,33.5283
i64,Random,ARS Gen 2: Grid Mapping,10000,4.7597,0,30000,0.0019,100303,1.6998,32.0580
i64,Random,ARS Gen 3: Apex Baseline,10000,0.2658,193611,14351,0.0028,13236,1.0768,574.1200
i64,Random,ARS Gen 4: Parallel Apex,10000,0.1915,51695,10000,0.0014,14770,0.8338,796.8577
i64,Random,ARS Gen 5: Optimized Apex (MAIN),10000,0.1244,51695,0,0.0016,14577,0.7425,1227.0741
i64,Random,ARS Gen 5: Optimized Apex (Stable),10000,0.1327,57359,0,0.0013,17797,0.7720,1149.7065
i64,Random,ARS Gen 6: Aero Architecture,10000,0.1444,59671,0,0.0022,14042,0.7902,1056.3517
i64,Random,ARS Gen 6: Aero (Stable),10000,0.1259,62214,0,0.0023,17180,0.7924,1211.8133
i64,Random,ARS Exp A: Recursive Parallel,10000,0.1329,51695,0,0.0017,12795,0.7615,1147.8988
i64,Random,ARS Exp B: Hierarchical Staging,10000,0.1253,51695,0,0.0011,14782,0.7524,1217.7319
i64,Random,ARS Exp C: Adaptive Hierarchical,10000,0.1220,51695,0,0.0013,14371,0.7890,1251.1409
i64,Random,ARS Exp D: Stream Micro-Batch,10000,0.3252,51695,20000,0.0024,16437,0.7430,469.2529
i64,Random,Quicksort,100000,1.4206,1709595,0,0.0362,84396,1.6773,1074.1088
i64,Random,Timsort,100000,2.0408,1743505,0,0.0322,140330,1.6154,747.6709
i64,Random,ARS Gen 1: Foundation,100000,38.3879,0,300000,0.0220,1002800,1.0004,39.7490
i64,Random,ARS Gen 2: Grid Mapping,100000,39.7099,0,300000,0.0288,1032117,1.0098,38.4256
i64,Random,ARS Gen 3: Apex Baseline,100000,2.0499,1885062,108703,0.1312,103680,1.3038,744.3555
i64,Random,ARS Gen 4: Parallel Apex,100000,0.8728,881353,100000,0.1643,102736,0.9789,1748.1751
i64,Random,ARS Gen 5: Optimized Apex (MAIN),100000,0.7576,881353,0,0.1598,99002,0.9250,2014.0771
i64,Random,ARS Gen 5: Optimized Apex (Stable),100000,0.6251,921838,0,0.0624,154381,1.0570,2440.8322
i64,Random,ARS Gen 6: Aero Architecture,100000,0.7243,955554,0,0.1182,109914,1.0749,2106.7208
i64,Random,ARS Gen 6: Aero (Stable),100000,0.8432,991979,0,0.0966,167087,1.0258,1809.7038
i64,Random,ARS Exp A: Recursive Parallel,100000,0.6948,881353,0,0.1139,97712,0.9188,2196.0179
i64,Random,ARS Exp B: Hierarchical Staging,100000,0.8103,772388,0,0.1527,92760,0.9679,1883.1757
i64,Random,ARS Exp C: Adaptive Hierarchical,100000,0.6519,881353,0,0.0862,99263,0.9223,2340.6605
i64,Random,ARS Exp D: Stream Micro-Batch,100000,1.0519,881353,200000,0.1766,101767,0.9464,1450.5435
i64,Random,Quicksort,1000000,17.6180,20423287,0,0.2001,710919,1.9602,866.0910
i64,Random,Timsort,1000000,29.7470,20813246,0,0.2362,1265889,1.6778,512.9527
i64,Random,ARS Gen 3: Apex Baseline,1000000,22.1418,21493355,1017407,0.3057,831422,1.3986,689.1389
i64,Random,ARS Gen 4: Parallel Apex,1000000,9.5781,10218658,1000000,0.4837,770560,0.9119,1593.0919
i64,Random,ARS Gen 5: Optimized Apex (MAIN),1000000,8.7376,10218658,0,0.4887,735149,0.8727,1746.3404
i64,Random,ARS Gen 5: Optimized Apex (Stable),1000000,9.4093,10628212,0,0.4772,1281766,0.8927,1621.6677
i64,Random,ARS Gen 6: Aero Architecture,1000000,7.2714,13023009,0,0.4416,861916,1.2750,2098.4731
i64,Random,ARS Gen 6: Aero (Stable),1000000,8.2512,13432511,0,0.4375,1403580,1.1240,1849.2736
i64,Random,ARS Exp A: Recursive Parallel,1000000,9.2056,10218658,0,0.4504,739870,0.9131,1657.5625
i64,Random,ARS Exp B: Hierarchical Staging,1000000,10.1897,11276404,0,0.4978,726826,1.0296,1497.4791
i64,Random,ARS Exp C: Adaptive Hierarchical,1000000,10.2027,12320223,0,0.5313,738658,0.9587,1495.5668
i64,Random,ARS Exp D: Stream Micro-Batch,1000000,22.2672,12171637,2000000,0.5048,2311040,0.8413,685.2577
i64,Gaussian,Quicksort,1000,0.0122,10330,0,0.4460,1076023,0.8938,1247.9585
i64,Gaussian,Timsort,1000,0.0189,10648,0,0.4460,1076572,0.8939,806.1065
i64,Gaussian,ARS Gen 1: Foundation,1000,0.1967,503,2000,0.4458,1084635,0.8950,77.5589
i64,Gaussian,ARS Gen 2: Grid Mapping,1000,0.2176,503,2000,0.4458,1084823,0.8952,70.1318
i64,Gaussian,ARS Gen 3: Apex Baseline,1000,0.0124,10330,0,0.4460,1076027,0.8938,1232.2369
i64,Gaussian,ARS Gen 4: Parallel Apex,1000,0.0120,10330,0,0.4460,1076032,0.8938,1271.6717
i64,Gaussian,ARS Gen 5: Optimized Apex (MAIN),1000,0.0120,10330,0,0.4460,1076044,0.8938,1272.3079
i64,Gaussian,ARS Gen 5: Optimized Apex (Stable),1000,0.0191,10648,0,0.4460,1076595,0.8939,798.8895
i64,Gaussian,ARS Gen 6: Aero Architecture,1000,0.0123,10330,0,0.4460,1076024,0.8938,1243.6865
i64,Gaussian,ARS Gen 6: Aero (Stable),1000,0.0193,10648,0,0.4460,1076593,0.8939,791.3899
i64,Gaussian,ARS Exp A: Recursive Parallel,1000,0.0119,10330,0,0.4460,1076040,0.8938,1280.8519
i64,Gaussian,ARS Exp B: Hierarchical Staging,1000,0.0119,10330,0,0.4460,1076038,0.8938,1281.7126
i64,Gaussian,ARS Exp C: Adaptive Hierarchical,1000,0.0118,10330,0,0.4460,1076015,0.8938,1295.8632
i64,Gaussian,ARS Exp D: Stream Micro-Batch,1000,0.1219,10330,2000,0.4448,1076665,0.8935,125.2229
i64,Gaussian,Quicksort,10000,0.1452,134638,0,0.4410,1083361,0.8941,1051.1993
i64,Gaussian,Timsort,10000,0.2210,140096,0,0.4408,1089614,0.8943,690.4148
i64,Gaussian,ARS Gen 1: Foundation,10000,1.2838,57643,30000,0.4344,1173818,0.9017,118.8585
i64,Gaussian,ARS Gen 2: Grid Mapping,10000,1.4104,57632,30000,0.4340,1172852,0.9038,108.1884
i64,Gaussian,ARS Gen 3: Apex Baseline,10000,0.3580,191358,14351,0.4379,1089292,0.8948,426.2494
i64,Gaussian,ARS Gen 4: Parallel Apex,10000,0.2223,61389,10000,0.4366,1091273,0.8930,686.2602
i64,Gaussian,ARS Gen 5: Optimized Apex (MAIN),10000,0.1492,61389,0,0.4354,1090631,0.8925,1023.0499
i64,Gaussian,ARS Gen 5: Optimized Apex (Stable),10000,0.1584,64672,0,0.4355,1095502,0.8925,963.5568
i64,Gaussian,ARS Gen 6: Aero Architecture,10000,0.2623,58684,0,0.4364,1091435,0.8935,581.7637
i64,Gaussian,ARS Gen 6: Aero (Stable),10000,0.2666,61459,0,0.4360,1096286,0.8935,572.4486
i64,Gaussian,ARS Exp A: Recursive Parallel,10000,0.1460,61389,0,0.4355,1089986,0.8925,1045.0796
i64,Gaussian,ARS Exp B: Hierarchical Staging,10000,0.1537,61389,0,0.4354,1090775,0.8924,992.9970
i64,Gaussian,ARS Exp C: Adaptive Hierarchical,10000,0.1583,61389,0,0.4354,1090632,0.8924,963.9464
i64,Gaussian,ARS Exp D: Stream Micro-Batch,10000,0.3385,61389,20000,0.4334,1092734,0.8923,450.7846
i64,Gaussian,Quicksort,100000,1.3563,1446704,0,0.4207,1134056,0.9199,1125.0148
i64,Gaussian,Timsort,100000,1.6759,1445193,0,0.4088,1159690,0.9215,910.4615
i64,Gaussian,ARS Gen 1: Foundation,100000,8.0025,1387258,300000,0.3903,1997042,0.9227,190.6752
i64,Gaussian,ARS Gen 2: Grid Mapping,100000,8.9095,1386968,300000,0.3944,1984927,0.9312,171.2647
i64,Gaussian,ARS Gen 3: Apex Baseline,100000,2.3243,1645061,108703,0.4165,1156253,0.9170,656.4769
i64,Gaussian,ARS Gen 4: Parallel Apex,100000,0.8886,734392,100000,0.4189,1154557,0.9021,1717.2588
i64,Gaussian,ARS Gen 5: Optimized Apex (MAIN),100000,0.8219,734392,0,0.4198,1150853,0.8975,1856.4291
i64,Gaussian,ARS Gen 5: Optimized Apex (Stable),100000,0.7791,735546,0,0.4187,1180490,0.8989,1958.5576
i64,Gaussian,ARS Gen 6: Aero Architecture,100000,0.7686,701732,0,0.4181,1159446,0.9034,1985.1517
i64,Gaussian,ARS Gen 6: Aero (Stable),100000,0.8551,707058,0,0.4167,1190339,0.9039,1784.4220
i64,Gaussian,ARS Exp A: Recursive Parallel,100000,0.7118,734392,0,0.4151,1148911,0.9029,2143.7628
i64,Gaussian,ARS Exp B: Hierarchical Staging,100000,0.7019,629097,0,0.4190,1143579,0.9019,2174.0441
i64,Gaussian,ARS Exp C: Adaptive Hierarchical,100000,0.7373,734392,0,0.4148,1149220,0.9002,2069.6198
i64,Gaussian,ARS Exp D: Stream Micro-Batch,100000,1.1118,734392,200000,0.4134,1154987,0.9015,1372.4920
i64,Gaussian,Quicksort,1000000,9.9002,13567694,0,0.3540,1204356,1.1252,1541.2658
i64,Gaussian,Timsort,1000000,16.1730,14681691,0,0.3141,1255191,1.0960,943.4719
i64,Gaussian,ARS Gen 3: Apex Baseline,1000000,20.9798,14956001,1017407,0.3990,1300754,1.0613,727.3090
i64,Gaussian,ARS Gen 4: Parallel Apex,1000000,7.2537,4787996,1000000,0.4860,1245350,0.8868,2103.5856
i64,Gaussian,ARS Gen 5: Optimized Apex (MAIN),1000000,6.6062,4787996,0,0.4839,1230774,0.8843,2309.7809
i64,Gaussian,ARS Gen 5: Optimized Apex (Stable),1000000,7.2054,4821847,0,0.4838,1308946,0.8911,2117.6759
i64,Gaussian,ARS Gen 6: Aero Architecture,1000000,5.5318,6224935,0,0.4552,1351413,0.9675,2758.3524
i64,Gaussian,ARS Gen 6: Aero (Stable),1000000,6.0792,6254216,0,0.4441,1425587,0.9860,2510.0061
i64,Gaussian,ARS Exp A: Recursive Parallel,1000000,7.8616,4757456,0,0.4737,1229852,0.8754,1940.9264
i64,Gaussian,ARS Exp B: Hierarchical Staging,1000000,9.3939,2295151,0,0.4573,1235028,0.8969,1624.3212
i64,Gaussian,ARS Exp C: Adaptive Hierarchical,1000000,9.1879,2529783,0,0.4545,1254092,0.8798,1660.7560
i64,Gaussian,ARS Exp D: Stream Micro-Batch,1000000,19.0130,11655372,2000000,0.4358,1538368,1.0084,802.5456
i64,NearlySorted,Quicksort,1000,0.0116,9762,0,0.4743,2159183,1.1786,1320.7642
i64,NearlySorted,Timsort,1000,0.0160,9882,0,0.4743,2159499,1.1786,951.1182
i64,NearlySorted,ARS Gen 1: Foundation,1000,0.0960,9788,2000,0.4743,2163263,1.1788,159.0236
i64,NearlySorted,ARS Gen 2: Grid Mapping,1000,0.1010,9815,2000,0.4743,2162959,1.1788,151.0323
i64,NearlySorted,ARS Gen 3: Apex Baseline,1000,0.0117,9762,0,0.4743,2159172,1.1786,1301.9445
i64,NearlySorted,ARS Gen 4: Parallel Apex,1000,0.0116,9762,0,0.4743,2159198,1.1786,1312.5840
i64,NearlySorted,ARS Gen 5: Optimized Apex (MAIN),1000,0.0114,9762,0,0.4743,2159196,1.1786,1344.1498
i64,NearlySorted,ARS Gen 5: Optimized Apex (Stable),1000,0.0159,9882,0,0.4743,2159508,1.1786,957.6245
i64,NearlySorted,ARS Gen 6: Aero Architecture,1000,0.0118,9762,0,0.4743,2159183,1.1786,1288.4226
i64,NearlySorted,ARS Gen 6: Aero (Stable),1000,0.0163,9882,0,0.4743,2159511,1.1786,937.3296
i64,NearlySorted,ARS Exp A: Recursive Parallel,1000,0.0117,9762,0,0.4743,2159192,1.1786,1306.4032
i64,NearlySorted,ARS Exp B: Hierarchical Staging,1000,0.0115,9762,0,0.4743,2159188,1.1786,1330.6697
i64,NearlySorted,ARS Exp C: Adaptive Hierarchical,1000,0.0115,9762,0,0.4743,2159186,1.1786,1323.5137
i64,NearlySorted,ARS Exp D: Stream Micro-Batch,1000,0.1223,9762,2000,0.4740,2159840,1.1784,124.7214
i64,NearlySorted,Quicksort,10000,0.1477,134689,0,0.4729,2166181,1.1782,1032.9325
i64,NearlySorted,Timsort,10000,0.1899,132195,0,0.4728,2169388,1.1783,803.3944
i64,NearlySorted,ARS Gen 1: Foundation,10000,0.8758,130386,30000,0.4715,2205613,1.1807,174.2231
i64,NearlySorted,ARS Gen 2: Grid Mapping,10000,0.9047,130325,30000,0.4715,2202069,1.1809,168.6583
i64,NearlySorted,ARS Gen 3: Apex Baseline,10000,0.3326,187157,14351,0.4721,2171300,1.1781,458.7826
i64,NearlySorted,ARS Gen 4: Parallel Apex,10000,0.2328,45304,10000,0.4716,2172448,1.1770,655.3984
i64,NearlySorted,ARS Gen 5: Optimized Apex (MAIN),10000,0.1445,45304,0,0.4715,2171753,1.1769,1056.0666
i64,NearlySorted,ARS Gen 5: Optimized Apex (Stable),10000,0.1491,36417,0,0.4715,2171049,1.1770,1023.0705
i64,NearlySorted,ARS Gen 6: Aero Architecture,10000,0.2630,52155,0,0.4716,2175043,1.1771,580.1115
i64,NearlySorted,ARS Gen 6: Aero (Stable),10000,0.2625,46959,0,0.4717,2175981,1.1772,581.2872
i64,NearlySorted,ARS Exp A: Recursive Parallel,10000,0.1479,45304,0,0.4716,2171463,1.1768,1032.0313
i64,NearlySorted,ARS Exp B: Hierarchical Staging,10000,0.1417,45304,0,0.4715,2171738,1.1769,1076.8376
i64,NearlySorted,ARS Exp C: Adaptive Hierarchical,10000,0.1467,45304,0,0.4716,2171633,1.1769,1040.4547
i64,NearlySorted,ARS Exp D: Stream Micro-Batch,10000,0.3293,45304,20000,0.4714,2174068,1.1763,463.3015
i64,NearlySorted,Quicksort,100000,1.6709,1716043,0,0.4680,2238479,1.1871,913.2089
i64,NearlySorted,Timsort,100000,2.0462,1660908,0,0.4644,2260837,1.1872,745.7189
i64,NearlySorted,ARS Gen 1: Foundation,100000,7.6141,1643878,300000,0.4592,2602614,1.1969,200.4015
i64,NearlySorted,ARS Gen 2: Grid Mapping,100000,8.1950,1643640,300000,0.4596,2558637,1.1986,186.1956
i64,NearlySorted,ARS Gen 3: Apex Baseline,100000,2.2169,1830188,108703,0.4672,2254043,1.1833,688.3030
i64,NearlySorted,ARS Gen 4: Parallel Apex,100000,1.0517,827444,100000,0.4663,2256675,1.1755,1450.8373
i64,NearlySorted,ARS Gen 5: Optimized Apex (MAIN),100000,0.8370,827444,0,0.4668,2253206,1.1712,1822.9332
i64,NearlySorted,ARS Gen 5: Optimized Apex (Stable),100000,0.6879,410171,0,0.4665,2231715,1.1720,2218.0568
i64,NearlySorted,ARS Gen 6: Aero Architecture,100000,0.7076,906650,0,0.4665,2261031,1.1775,2156.2713
i64,NearlySorted,ARS Gen 6: Aero (Stable),100000,0.6262,447837,0,0.4664,2239074,1.1767,2436.6188
i64,NearlySorted,ARS Exp A: Recursive Parallel,100000,0.8859,827444,0,0.4657,2252556,1.1737,1722.3470
i64,NearlySorted,ARS Exp B: Hierarchical Staging,100000,0.7657,718138,0,0.4667,2246058,1.1770,1992.7556
i64,NearlySorted,ARS Exp C: Adaptive Hierarchical,100000,0.7768,827444,0,0.4655,2252212,1.1721,1964.2859
i64,NearlySorted,ARS Exp D: Stream Micro-Batch,100000,1.2116,827444,200000,0.4652,2254710,1.1743,1259.3417
i64,NearlySorted,Quicksort,1000000,17.6830,20672771,0,0.4515,2761300,1.2972,862.9072
i64,NearlySorted,Timsort,1000000,26.6764,19775927,0,0.4235,2977726,1.2797,571.9969
i64,NearlySorted,ARS Gen 3: Apex Baseline,1000000,21.8171,20984698,1017407,0.4710,2847305,1.2346,699.3974
i64,NearlySorted,ARS Gen 4: Parallel Apex,1000000,9.9525,9742173,1000000,0.4826,2792560,1.1327,1533.1585
i64,NearlySorted,ARS Gen 5: Optimized Apex (MAIN),1000000,9.1361,9742173,0,0.4837,2781248,1.1231,1670.1728
i64,NearlySorted,ARS Gen 5: Optimized Apex (Stable),1000000,7.2671,4127840,0,0.4815,2538609,1.1155,2099.7185
i64,NearlySorted,ARS Gen 6: Aero Architecture,1000000,8.0212,12614329,0,0.4740,2900404,1.1889,1902.2985
i64,NearlySorted,ARS Gen 6: Aero (Stable),1000000,6.1877,5756709,0,0.4719,2675948,1.1776,2465.9908
i64,NearlySorted,ARS Exp A: Recursive Parallel,1000000,9.2698,9742173,0,0.4796,2786187,1.1275,1646.0750
i64,NearlySorted,ARS Exp B: Hierarchical Staging,1000000,10.0206,10843448,0,0.4819,2767019,1.1641,1522.7452
i64,NearlySorted,ARS Exp C: Adaptive Hierarchical,1000000,10.3433,11954018,0,0.4831,2786704,1.1253,1475.2398
i64,NearlySorted,ARS Exp D: Stream Micro-Batch,1000000,21.9666,15179419,2000000,0.4694,3041585,1.1668,694.6368
i64,Duplicates,Quicksort,1000,0.0038,3735,0,0.5006,4849909,1.2444,4007.0349
i64,Duplicates,Timsort,1000,0.0051,3747,0,0.5006,4849979,1.2444,2997.2086
i64,Duplicates,ARS Gen 1: Foundation,1000,0.0324,995,2000,0.5006,4851246,1.2445,471.2994
i64,Duplicates,ARS Gen 2: Grid Mapping,1000,0.0439,995,2000,0.5006,4851323,1.2445,347.8976
i64,Duplicates,ARS Gen 3: Apex Baseline,1000,0.0037,3735,0,0.5006,4849908,1.2444,4102.9280
i64,Duplicates,ARS Gen 4: Parallel Apex,1000,0.0035,3735,0,0.5006,4849912,1.2444,4303.0990
i64,Duplicates,ARS Gen 5: Optimized Apex (MAIN),1000,0.0035,3735,0,0.5006,4849909,1.2444,4311.6104
i64,Duplicates,ARS Gen 5: Optimized Apex (Stable),1000,0.0048,3747,0,0.5006,4849982,1.2444,3175.6065
i64,Duplicates,ARS Gen 6: Aero Architecture,1000,0.0037,3735,0,0.5006,4849908,1.2444,4161.1096
i64,Duplicates,ARS Gen 6: Aero (Stable),1000,0.0051,3747,0,0.5006,4849986,1.2444,2969.2137
i64,Duplicates,ARS Exp A: Recursive Parallel,1000,0.0035,3735,0,0.5006,4849910,1.2444,4332.4217
i64,Duplicates,ARS Exp B: Hierarchical Staging,1000,0.0036,3735,0,0.5006,4849910,1.2444,4265.8063
i64,Duplicates,ARS Exp C: Adaptive Hierarchical,1000,0.0035,3735,0,0.5006,4849910,1.2444,4325.0536
i64,Duplicates,ARS Exp D: Stream Micro-Batch,1000,0.1178,3735,2000,0.5005,4850343,1.2443,129.4972
i64,Duplicates,Quicksort,10000,0.0296,36573,0,0.4998,4851810,1.2439,5150.6461
i64,Duplicates,Timsort,10000,0.0385,36775,0,0.4998,4852063,1.2439,3959.2084
i64,Duplicates,ARS Gen 1: Foundation,10000,0.1943,9995,30000,0.4995,4863489,1.2440,785.4747
i64,Duplicates,ARS Gen 2: Grid Mapping,10000,0.2915,9995,30000,0.4996,4865913,1.2442,523.3840
i64,Duplicates,ARS Gen 3: Apex Baseline,10000,0.2571,115988,14351,0.4995,4854034,1.2441,593.6071
i64,Duplicates,ARS Gen 4: Parallel Apex,10000,0.2046,9999,10000,0.4992,4857011,1.2435,745.7208
i64,Duplicates,ARS Gen 5: Optimized Apex (MAIN),10000,0.1222,9999,0,0.4993,4856485,1.2435,1249.1641
i64,Duplicates,ARS Gen 5: Optimized Apex (Stable),10000,0.1205,9999,0,0.4992,4856662,1.2435,1266.5944
i64,Duplicates,ARS Gen 6: Aero Architecture,10000,0.2417,9999,0,0.4993,4861899,1.2435,631.3189
i64,Duplicates,ARS Gen 6: Aero (Stable),10000,0.2354,9999,0,0.4993,4861838,1.2435,648.2371
i64,Duplicates,ARS Exp A: Recursive Parallel,10000,0.1239,9999,0,0.4992,4856302,1.2435,1231.4711
i64,Duplicates,ARS Exp B: Hierarchical Staging,10000,0.1255,9999,0,0.4992,4856825,1.2435,1216.3050
i64,Duplicates,ARS Exp C: Adaptive Hierarchical,10000,0.1197,9999,0,0.4992,4856945,1.2434,1274.2629
i64,Duplicates,ARS Exp D: Stream Micro-Batch,10000,0.2891,9999,20000,0.4989,4858818,1.2433,527.8251
i64,Duplicates,Quicksort,100000,0.3153,362094,0,0.4972,4865896,1.2441,4839.8501
i64,Duplicates,Timsort,100000,0.4287,382517,0,0.4954,4866533,1.2440,3559.0258
i64,Duplicates,ARS Gen 1: Foundation,100000,1.1782,99995,300000,0.4971,4980257,1.2422,1295.0746
i64,Duplicates,ARS Gen 2: Grid Mapping,100000,1.4427,99995,300000,0.4972,5000687,1.2423,1057.6866
i64,Duplicates,ARS Gen 3: Apex Baseline,100000,1.8576,1129938,108703,0.4973,4874668,1.2458,821.4413
i64,Duplicates,ARS Gen 4: Parallel Apex,100000,0.5747,100001,100000,0.4955,4876801,1.2428,2654.9722
i64,Duplicates,ARS Gen 5: Optimized Apex (MAIN),100000,0.3970,100001,0,0.4953,4875864,1.2424,3843.2720
i64,Duplicates,ARS Gen 5: Optimized Apex (Stable),100000,0.3658,100001,0,0.4954,4874770,1.2429,4170.9484
i64,Duplicates,ARS Gen 6: Aero Architecture,100000,0.5387,100001,0,0.4959,4929116,1.2420,2832.5838
i64,Duplicates,ARS Gen 6: Aero (Stable),100000,0.5340,100001,0,0.4960,4928757,1.2419,2857.4297
i64,Duplicates,ARS Exp A: Recursive Parallel,100000,0.7077,199996,0,0.4945,4880377,1.2422,2156.1890
i64,Duplicates,ARS Exp B: Hierarchical Staging,100000,0.5943,199996,0,0.4959,4874183,1.2422,2567.6483
i64,Duplicates,ARS Exp C: Adaptive Hierarchical,100000,0.5707,199996,0,0.4948,4878970,1.2410,2673.6924
i64,Duplicates,ARS Exp D: Stream Micro-Batch,100000,0.8100,100001,200000,0.4951,4878347,1.2425,1883.7825
i64,Duplicates,Quicksort,1000000,3.2697,3809528,0,0.4895,4885816,1.2540,4666.6959
i64,Duplicates,Timsort,1000000,7.3583,4510660,0,0.4861,4887553,1.2454,2073.6953
i64,Duplicates,ARS Gen 3: Apex Baseline,1000000,21.1828,12062959,1017407,0.4963,4952369,1.2637,720.3394
i64,Duplicates,ARS Gen 4: Parallel Apex,1000000,6.4456,999999,1000000,0.5059,4902245,1.1863,2367.3117
i64,Duplicates,ARS Gen 5: Optimized Apex (MAIN),1000000,6.5923,999999,0,0.5060,4901092,1.1989,2314.6343
i64,Duplicates,ARS Gen 5: Optimized Apex (Stable),1000000,6.5836,999999,0,0.5065,4902051,1.2016,2317.7050
i64,Duplicates,ARS Gen 6: Aero Architecture,1000000,4.7053,999999,0,0.5006,5452254,1.2217,3242.8961
i64,Duplicates,ARS Gen 6: Aero (Stable),1000000,4.6805,999999,0,0.5005,5454221,1.2208,3260.0858
i64,Duplicates,ARS Exp A: Recursive Parallel,1000000,8.7516,1999994,0,0.5070,4910257,1.1776,1743.5525
i64,Duplicates,ARS Exp B: Hierarchical Staging,1000000,7.2834,1999994,0,0.5053,4899112,1.1964,2095.0214
i64,Duplicates,ARS Exp C: Adaptive Hierarchical,1000000,9.0002,1999994,0,0.5080,4910142,1.1638,1695.3850
i64,Duplicates,ARS Exp D: Stream Micro-Batch,1000000,17.5075,5364815,2000000,0.4880,4955815,1.2133,871.5552
i64,Zipfian,Quicksort,1000,0.0056,5508,0,0.4924,4964734,1.2257,2726.2442
i64,Zipfian,Timsort,1000,0.0078,5460,0,0.4924,4964927,1.2257,1945.2816
i64,Zipfian,ARS Gen 1: Foundation,1000,0.0309,4914,2000,0.4924,4965625,1.2258,493.5564
i64,Zipfian,ARS Gen 2: Grid Mapping,1000,0.0384,4914,2000,0.4924,4965705,1.2258,397.1678
i64,Zipfian,ARS Gen 3: Apex Baseline,1000,0.0051,5508,0,0.4924,4964731,1.2257,2971.5266
i64,Zipfian,ARS Gen 4: Parallel Apex,1000,0.0052,5508,0,0.4924,4964721,1.2257,2947.9886
i64,Zipfian,ARS Gen 5: Optimized Apex (MAIN),1000,0.0050,5508,0,0.4924,4964713,1.2257,3049.9279
i64,Zipfian,ARS Gen 5: Optimized Apex (Stable),1000,0.0070,5460,0,0.4924,4964901,1.2257,2170.2161
i64,Zipfian,ARS Gen 6: Aero Architecture,1000,0.0050,5508,0,0.4924,4964722,1.2257,3045.0587
i64,Zipfian,ARS Gen 6: Aero (Stable),1000,0.0074,5460,0,0.4924,4964921,1.2257,2072.3603
i64,Zipfian,ARS Exp A: Recursive Parallel,1000,0.0050,5508,0,0.4924,4964714,1.2257,3051.7578
i64,Zipfian,ARS Exp B: Hierarchical Staging,1000,0.0050,5508,0,0.4924,4964729,1.2257,3046.2745
i64,Zipfian,ARS Exp C: Adaptive Hierarchical,1000,0.0051,5508,0,0.4924,4964715,1.2257,2977.9057
i64,Zipfian,ARS Exp D: Stream Micro-Batch,1000,0.1114,5508,2000,0.4922,4965350,1.2256,137.0209
i64,Zipfian,Quicksort,10000,0.0395,53621,0,0.4918,4967349,1.2253,3860.6389
i64,Zipfian,Timsort,10000,0.0498,53742,0,0.4917,4968185,1.2253,3065.6144
i64,Zipfian,ARS Gen 1: Foundation,10000,0.2180,50132,30000,0.4914,4973302,1.2258,699.8160
i64,Zipfian,ARS Gen 2: Grid Mapping,10000,0.2540,50259,30000,0.4914,4973146,1.2262,600.8249
i64,Zipfian,ARS Gen 3: Apex Baseline,10000,0.2452,124917,14351,0.4915,4970314,1.2255,622.3835
i64,Zipfian,ARS Gen 4: Parallel Apex,10000,0.2714,52500,10000,0.4912,4973788,1.2251,562.1588
i64,Zipfian,ARS Gen 5: Optimized Apex (MAIN),10000,0.1845,52500,0,0.4912,4973160,1.2250,826.9540
i64,Zipfian,ARS Gen 5: Optimized Apex (Stable),10000,0.1858,51829,0,0.4911,4974281,1.2250,821.0713
i64,Zipfian,ARS Gen 6: Aero Architecture,10000,0.3476,42069,0,0.4913,4973740,1.2253,438.9907
i64,Zipfian,ARS Gen 6: Aero (Stable),10000,0.3325,42671,0,0.4912,4974436,1.2253,458.9082
i64,Zipfian,ARS Exp A: Recursive Parallel,10000,0.1795,16860,0,0.4910,4976945,1.2247,850.0718
i64,Zipfian,ARS Exp B: Hierarchical Staging,10000,0.1818,52500,0,0.4912,4972918,1.2250,839.4928
i64,Zipfian,ARS Exp C: Adaptive Hierarchical,10000,0.1716,52500,0,0.4912,4973286,1.2250,889.0255
i64,Zipfian,ARS Exp D: Stream Micro-Batch,10000,0.3016,52500,20000,0.4908,4975079,1.2248,505.9532
i64,Zipfian,Quicksort,100000,0.3794,532062,0,0.4903,4973699,1.2261,4022.2239
i64,Zipfian,Timsort,100000,0.4736,535405,0,0.4885,4976969,1.2261,3221.9135
i64,Zipfian,ARS Gen 1: Foundation,100000,1.6923,506805,300000,0.4898,5032248,1.2264,901.6715
i64,Zipfian,ARS Gen 2: Grid Mapping,100000,2.0897,506783,300000,0.4897,5033597,1.2292,730.2072
i64,Zipfian,ARS Gen 3: Apex Baseline,100000,1.6559,1174310,108703,0.4901,4984573,1.2270,921.4812
i64,Zipfian,ARS Gen 4: Parallel Apex,100000,1.3926,519466,100000,0.4891,4986392,1.2233,1095.7098
i64,Zipfian,ARS Gen 5: Optimized Apex (MAIN),100000,0.9297,519466,0,0.4884,4985647,1.2251,1641.3000
i64,Zipfian,ARS Gen 5: Optimized Apex (Stable),100000,0.9328,520212,0,0.4872,4988518,1.2242,1635.8331
i64,Zipfian,ARS Gen 6: Aero Architecture,100000,1.0373,499859,0,0.4886,4984211,1.2267,1471.0769
i64,Zipfian,ARS Gen 6: Aero (Stable),100000,1.2500,502934,0,0.4879,4988483,1.2269,1220.6553
i64,Zipfian,ARS Exp A: Recursive Parallel,100000,1.2644,203055,0,0.4848,5011465,1.2210,1206.8084
i64,Zipfian,ARS Exp B: Hierarchical Staging,100000,0.9141,182074,0,0.4862,4988760,1.2247,1669.2363
i64,Zipfian,ARS Exp C: Adaptive Hierarchical,100000,1.4708,197448,0,0.4850,5007718,1.2219,1037.4222
i64,Zipfian,ARS Exp D: Stream Micro-Batch,100000,1.2982,519466,200000,0.4879,4987489,1.2255,1175.3850
i64,Zipfian,Quicksort,1000000,4.3158,5301519,0,0.4838,4988046,1.2410,3535.5432
i64,Zipfian,Timsort,1000000,8.8294,6302942,0,0.4765,4999426,1.2328,1728.1841
i64,Zipfian,ARS Gen 3: Apex Baseline,1000000,21.6290,12308876,1017407,0.4912,5059165,1.2433,705.4770
i64,Zipfian,ARS Gen 4: Parallel Apex,1000000,15.0316,5221477,1000000,0.4938,5011491,1.1876,1015.1131
i64,Zipfian,ARS Gen 5: Optimized Apex (MAIN),1000000,11.0166,5221477,0,0.4914,5004778,1.1930,1385.0699
i64,Zipfian,ARS Gen 5: Optimized Apex (Stable),1000000,17.4101,6004244,0,0.4872,5016220,1.1952,876.4340
i64,Zipfian,ARS Gen 6: Aero Architecture,1000000,8.2293,5269244,0,0.4891,5004120,1.2217,1854.2007
i64,Zipfian,ARS Gen 6: Aero (Stable),1000000,12.6898,6047616,0,0.4827,5017631,1.2170,1202.4418
i64,Zipfian,ARS Exp A: Recursive Parallel,1000000,17.2433,1938046,0,0.4995,5080407,1.1682,884.9106
i64,Zipfian,ARS Exp B: Hierarchical Staging,1000000,23.8439,2076365,0,0.5081,5054844,1.1882,639.9463
i64,Zipfian,ARS Exp C: Adaptive Hierarchical,1000000,30.0066,2063926,0,0.5098,5095483,1.1670,508.5138
i64,Zipfian,ARS Exp D: Stream Micro-Batch,1000000,19.7746,9646390,2000000,0.4884,5091615,1.2052,771.6354
i64,Skewed,Quicksort,1000,0.0109,10296,0,0.5004,5189377,1.2948,1401.6892
i64,Skewed,Timsort,1000,0.0182,10670,0,0.5004,5190054,1.2948,837.7046
i64,Skewed,ARS Gen 1: Foundation,1000,0.1658,808,2000,0.5004,5198102,1.2948,92.0452
i64,Skewed,ARS Gen 2: Grid Mapping,1000,0.1821,808,2000,0.5004,5198113,1.2948,83.8096
i64,Skewed,ARS Gen 3: Apex Baseline,1000,0.0111,10296,0,0.5004,5189392,1.2948,1375.7812
i64,Skewed,ARS Gen 4: Parallel Apex,1000,0.0128,10296,0,0.5004,5189383,1.2948,1192.1860
i64,Skewed,ARS Gen 5: Optimized Apex (MAIN),1000,0.0128,10296,0,0.5004,5189353,1.2948,1193.6782
i64,Skewed,ARS Gen 5: Optimized Apex (Stable),1000,0.0176,10670,0,0.5004,5190030,1.2948,866.5335
i64,Skewed,ARS Gen 6: Aero Architecture,1000,0.0123,10296,0,0.5004,5189357,1.2948,1236.7312
i64,Skewed,ARS Gen 6: Aero (Stable),1000,0.0182,10670,0,0.5004,5190017,1.2948,840.3342
i64,Skewed,ARS Exp A: Recursive Parallel,1000,0.0108,10296,0,0.5004,5189407,1.2948,1419.2902
i64,Skewed,ARS Exp B: Hierarchical Staging,1000,0.0111,10296,0,0.5004,5189385,1.2948,1368.7468
i64,Skewed,ARS Exp C: Adaptive Hierarchical,1000,0.0107,10296,0,0.5004,5189359,1.2948,1421.1408
i64,Skewed,ARS Exp D: Stream Micro-Batch,1000,0.1152,10296,2000,0.5003,5189837,1.2947,132.4398
i64,Skewed,Quicksort,10000,0.1351,134101,0,0.4998,5195699,1.2945,1129.3605
i64,Skewed,Timsort,10000,0.1970,137729,0,0.4998,5201808,1.2945,774.5342
i64,Skewed,ARS Gen 1: Foundation,10000,0.9537,84429,30000,0.4993,5271243,1.2943,159.9962
i64,Skewed,ARS Gen 2: Grid Mapping,10000,1.0632,84430,30000,0.4993,5269182,1.2946,143.5173
i64,Skewed,ARS Gen 3: Apex Baseline,10000,0.2959,190005,14351,0.4996,5201537,1.2944,515.6878
i64,Skewed,ARS Gen 4: Parallel Apex,10000,0.2259,71389,10000,0.4994,5203713,1.2939,675.3410
i64,Skewed,ARS Gen 5: Optimized Apex (MAIN),10000,0.1420,71389,0,0.4994,5203052,1.2938,1074.2449
i64,Skewed,ARS Gen 5: Optimized Apex (Stable),10000,0.1488,73990,0,0.4993,5208217,1.2938,1025.3184
i64,Skewed,ARS Gen 6: Aero Architecture,10000,0.3222,60060,0,0.4994,5204249,1.2941,473.5886
i64,Skewed,ARS Gen 6: Aero (Stable),10000,0.3311,62651,0,0.4994,5208688,1.2940,460.8291
i64,Skewed,ARS Exp A: Recursive Parallel,10000,0.1517,71389,0,0.4993,5202438,1.2938,1006.0386
i64,Skewed,ARS Exp B: Hierarchical Staging,10000,0.1525,71389,0,0.4994,5203028,1.2939,1000.7601
i64,Skewed,ARS Exp C: Adaptive Hierarchical,10000,0.1558,71389,0,0.4994,5202966,1.2939,979.6661
i64,Skewed,ARS Exp D: Stream Micro-Batch,10000,0.3263,71389,20000,0.4991,5205418,1.2937,467.6593
i64,Skewed,Quicksort,100000,1.2431,1353942,0,0.4980,5235954,1.2970,1227.5203
i64,Skewed,Timsort,100000,1.5076,1358979,0,0.4965,5257463,1.2971,1012.1406
i64,Skewed,ARS Gen 1: Foundation,100000,6.2413,1260666,300000,0.4949,5967256,1.2824,244.4828
i64,Skewed,ARS Gen 2: Grid Mapping,100000,6.7853,1260598,300000,0.4946,5943915,1.2814,224.8817
i64,Skewed,ARS Gen 3: Apex Baseline,100000,2.1730,1555111,108703,0.4974,5256870,1.2955,702.1869
i64,Skewed,ARS Gen 4: Parallel Apex,100000,0.9476,735888,100000,0.4977,5254062,1.2917,1610.2156
i64,Skewed,ARS Gen 5: Optimized Apex (MAIN),100000,0.7007,735888,0,0.4976,5252452,1.2910,2177.6090
i64,Skewed,ARS Gen 5: Optimized Apex (Stable),100000,0.7399,741765,0,0.4975,5277914,1.2912,2062.2438
i64,Skewed,ARS Gen 6: Aero Architecture,100000,0.8148,651623,0,0.4976,5260971,1.2925,1872.6599
i64,Skewed,ARS Gen 6: Aero (Stable),100000,0.8634,657591,0,0.4975,5287618,1.2926,1767.1885
i64,Skewed,ARS Exp A: Recursive Parallel,100000,0.7858,710308,0,0.4972,5252344,1.2917,1941.7590
i64,Skewed,ARS Exp B: Hierarchical Staging,100000,0.7827,631417,0,0.4976,5245672,1.2924,1949.5142
i64,Skewed,ARS Exp C: Adaptive Hierarchical,100000,0.7680,735888,0,0.4972,5252177,1.2910,1986.7232
i64,Skewed,ARS Exp D: Stream Micro-Batch,100000,1.1205,735888,200000,0.4969,5252137,1.2923,1361.7378
i64,Skewed,Quicksort,1000000,10.1272,12909957,0,0.4882,5275277,1.3295,1506.7123
i64,Skewed,Timsort,1000000,17.0278,14007926,0,0.4780,5320132,1.3184,896.1091
i64,Skewed,ARS Gen 3: Apex Baseline,1000000,20.3104,14286900,1017407,0.4918,5365686,1.3083,751.2777
i64,Skewed,ARS Gen 4: Parallel Apex,1000000,7.5232,5157050,1000000,0.5045,5316006,1.2557,2028.2377
i64,Skewed,ARS Gen 5: Optimized Apex (MAIN),1000000,7.3082,5157050,0,0.5044,5297576,1.2596,2087.9129
i64,Skewed,ARS Gen 5: Optimized Apex (Stable),1000000,8.1114,5175392,0,0.5030,5368349,1.2626,1881.1499
i64,Skewed,ARS Gen 6: Aero Architecture,1000000,5.7861,6007807,0,0.5015,5422994,1.2905,2637.1480
i64,Skewed,ARS Gen 6: Aero (Stable),1000000,6.4934,6046248,0,0.4991,5488810,1.2841,2349.8819
i64,Skewed,ARS Exp A: Recursive Parallel,1000000,10.1737,2361022,0,0.4980,5352872,1.2596,1499.8225
i64,Skewed,ARS Exp B: Hierarchical Staging,1000000,10.0582,1866734,0,0.4979,5315723,1.2605,1517.0465
i64,Skewed,ARS Exp C: Adaptive Hierarchical,1000000,10.4367,2025491,0,0.5004,5328073,1.2494,1462.0359
i64,Skewed,ARS Exp D: Stream Micro-Batch,1000000,18.6881,11742720,2000000,0.5060,5545808,1.2817,816.4978
i64,Clustered,Quicksort,1000,0.0122,10451,0,0.5115,6007221,1.3210,1250.0032
i64,Clustered,Timsort,1000,0.0195,10742,0,0.5115,6007892,1.3210,781.7804
i64,Clustered,ARS Gen 1: Foundation,1000,0.1116,5331,2000,0.5115,6013308,1.3210,136.6712
i64,Clustered,ARS Gen 2: Grid Mapping,1000,0.1237,5339,2000,0.5115,6013434,1.3210,123.3901
i64,Clustered,ARS Gen 3: Apex Baseline,1000,0.0122,10451,0,0.5115,6007207,1.3210,1249.5937
i64,Clustered,ARS Gen 4: Parallel Apex,1000,0.0120,10451,0,0.5115,6007230,1.3210,1268.9222
i64,Clustered,ARS Gen 5: Optimized Apex (MAIN),1000,0.0121,10451,0,0.5115,6007206,1.3210,1259.5996
i64,Clustered,ARS Gen 5: Optimized Apex (Stable),1000,0.0200,10742,0,0.5115,6007854,1.3210,764.2004
i64,Clustered,ARS Gen 6: Aero Architecture,1000,0.0126,10451,0,0.5115,6007213,1.3210,1211.8806
i64,Clustered,ARS Gen 6: Aero (Stable),1000,0.0194,10742,0,0.5115,6007880,1.3210,785.1595
i64,Clustered,ARS Exp A: Recursive Parallel,1000,0.0123,10451,0,0.5115,6007229,1.3210,1242.4712
i64,Clustered,ARS Exp B: Hierarchical Staging,1000,0.0120,10451,0,0.5115,6007202,1.3210,1267.4466
i64,Clustered,ARS Exp C: Adaptive Hierarchical,1000,0.0119,10451,0,0.5115,6007191,1.3210,1277.3137
i64,Clustered,ARS Exp D: Stream Micro-Batch,1000,0.1159,10451,2000,0.5115,6007894,1.3209,131.6014
i64,Clustered,Quicksort,10000,0.1105,111159,0,0.5111,6011146,1.3208,1380.7984
i64,Clustered,Timsort,10000,0.1500,110728,0,0.5111,6014255,1.3208,1017.1712
i64,Clustered,ARS Gen 1: Foundation,10000,0.4646,75427,30000,0.5109,6044272,1.3208,328.4625
i64,Clustered,ARS Gen 2: Grid Mapping,10000,0.5717,74701,30000,0.5109,6047108,1.3208,266.8927
i64,Clustered,ARS Gen 3: Apex Baseline,10000,0.2959,163143,14351,0.5109,6015861,1.3207,515.7401
i64,Clustered,ARS Gen 4: Parallel Apex,10000,0.2487,72583,10000,0.5108,6018902,1.3203,613.4285
i64,Clustered,ARS Gen 5: Optimized Apex (MAIN),10000,0.1552,72583,0,0.5108,6016651,1.3204,983.0237
i64,Clustered,ARS Gen 5: Optimized Apex (Stable),10000,0.1711,72287,0,0.5108,6021689,1.3203,891.5917
i64,Clustered,ARS Gen 6: Aero Architecture,10000,0.2422,63448,0,0.5108,6017804,1.3204,629.9350
i64,Clustered,ARS Gen 6: Aero (Stable),10000,0.2619,63348,0,0.5108,6021600,1.3204,582.5411
i64,Clustered,ARS Exp A: Recursive Parallel,10000,0.1575,72583,0,0.5108,6017841,1.3204,968.9720
i64,Clustered,ARS Exp B: Hierarchical Staging,10000,0.1558,72583,0,0.5108,6017688,1.3203,979.6598
i64,Clustered,ARS Exp C: Adaptive Hierarchical,10000,0.1601,72583,0,0.5109,6015715,1.3204,953.2632
i64,Clustered,ARS Exp D: Stream Micro-Batch,10000,0.3416,72583,20000,0.5107,6021222,1.3201,446.6388
i64,Clustered,Quicksort,100000,0.8798,1016581,0,0.5100,6031252,1.3221,1734.2785
i64,Clustered,Timsort,100000,1.0401,1021185,0,0.5088,6037118,1.3221,1467.0939
i64,Clustered,ARS Gen 1: Foundation,100000,2.3638,680916,300000,0.5098,6344005,1.3180,645.5287
i64,Clustered,ARS Gen 2: Grid Mapping,100000,2.7610,680031,300000,0.5098,6366528,1.3176,552.6596
i64,Clustered,ARS Gen 3: Apex Baseline,100000,1.9468,1237724,108703,0.5094,6044740,1.3214,783.7769
i64,Clustered,ARS Gen 4: Parallel Apex,100000,1.0093,631252,100000,0.5097,6047218,1.3185,1511.8879
i64,Clustered,ARS Gen 5: Optimized Apex (MAIN),100000,0.7911,631252,0,0.5096,6045982,1.3176,1928.7725
i64,Clustered,ARS Gen 5: Optimized Apex (Stable),100000,0.7225,634097,0,0.5096,6053646,1.3184,2111.9051
i64,Clustered,ARS Gen 6: Aero Architecture,100000,0.7278,555626,0,0.5097,6053849,1.3194,2096.4569
i64,Clustered,ARS Gen 6: Aero (Stable),100000,0.7316,562372,0,0.5096,6062173,1.3195,2085.6082
i64,Clustered,ARS Exp A: Recursive Parallel,100000,0.7820,134521,0,0.5079,6049339,1.3186,1951.1420
i64,Clustered,ARS Exp B: Hierarchical Staging,100000,0.8158,169903,0,0.5084,6043732,1.3189,1870.4792
i64,Clustered,ARS Exp C: Adaptive Hierarchical,100000,0.7108,264519,0,0.5085,6048324,1.3183,2146.8242
i64,Clustered,ARS Exp D: Stream Micro-Batch,100000,1.1411,631252,200000,0.5092,6048959,1.3185,1337.2199
i64,Clustered,Quicksort,1000000,7.8449,9921218,0,0.5028,6055337,1.3400,1945.0483
i64,Clustered,Timsort,1000000,12.7871,11000160,0,0.4909,6063607,1.3346,1193.2960
i64,Clustered,ARS Gen 3: Apex Baseline,1000000,23.1835,12348632,1017407,0.5036,6129694,1.3266,658.1749
i64,Clustered,ARS Gen 4: Parallel Apex,1000000,8.0122,5346522,1000000,0.5135,6085582,1.2941,1904.4515
i64,Clustered,ARS Gen 5: Optimized Apex (MAIN),1000000,7.2593,5346522,0,0.5131,6079341,1.2857,2101.9776
i64,Clustered,ARS Gen 5: Optimized Apex (Stable),1000000,7.9692,5363683,0,0.5090,6094526,1.2894,1914.7090
i64,Clustered,ARS Gen 6: Aero Architecture,1000000,5.5384,5434749,0,0.5105,6199821,1.3140,2755.1022
i64,Clustered,ARS Gen 6: Aero (Stable),1000000,6.5087,5451863,0,0.5055,6218279,1.3030,2344.3642
i64,Clustered,ARS Exp A: Recursive Parallel,1000000,10.7889,1070102,0,0.5113,6103762,1.2712,1414.3056
i64,Clustered,ARS Exp B: Hierarchical Staging,1000000,11.9564,1041286,0,0.5151,6081256,1.2675,1276.2043
i64,Clustered,ARS Exp C: Adaptive Hierarchical,1000000,13.0242,1013215,0,0.5174,6094473,1.2579,1171.5728
i64,Clustered,ARS Exp D: Stream Micro-Batch,1000000,17.6738,11100972,2000000,0.5120,6175985,1.2963,863.3573
i64,BucketCollapse,Quicksort,1000,0.0115,10179,0,0.5131,6312439,1.3275,1331.8311
i64,BucketCollapse,Timsort,1000,0.0183,10913,0,0.5131,6313049,1.3275,832.4035
i64,BucketCollapse,ARS Gen 1: Foundation,1000,0.2420,0,2000,0.5131,6320084,1.3277,63.0625
i64,BucketCollapse,ARS Gen 2: Grid Mapping,1000,0.2783,0,2000,0.5130,6320640,1.3277,54.8240
i64,BucketCollapse,ARS Gen 3: Apex Baseline,1000,0.0114,10179,0,0.5131,6312460,1.3275,1337.7862
i64,BucketCollapse,ARS Gen 4: Parallel Apex,1000,0.0113,10179,0,0.5131,6312452,1.3275,1351.2920
i64,BucketCollapse,ARS Gen 5: Optimized Apex (MAIN),1000,0.0115,10179,0,0.5131,6312455,1.3275,1332.4126
i64,BucketCollapse,ARS Gen 5: Optimized Apex (Stable),1000,0.0188,10913,0,0.5131,6313094,1.3275,811.8104
i64,BucketCollapse,ARS Gen 6: Aero Architecture,1000,0.0116,10179,0,0.5131,6312431,1.3275,1318.7096
i64,BucketCollapse,ARS Gen 6: Aero (Stable),1000,0.0185,10913,0,0.5131,6313075,1.3275,825.4687
i64,BucketCollapse,ARS Exp A: Recursive Parallel,1000,0.0111,10179,0,0.5131,6312437,1.3275,1369.9757
i64,BucketCollapse,ARS Exp B: Hierarchical Staging,1000,0.0112,10179,0,0.5131,6312414,1.3275,1365.8064
i64,BucketCollapse,ARS Exp C: Adaptive Hierarchical,1000,0.0115,10179,0,0.5131,6312435,1.3275,1325.5833
i64,BucketCollapse,ARS Exp D: Stream Micro-Batch,1000,0.1258,10179,2000,0.5130,6313329,1.3274,121.3008
i64,BucketCollapse,Quicksort,10000,0.1416,137738,0,0.5127,6320267,1.3273,1077.5677
i64,BucketCollapse,Timsort,10000,0.2146,141392,0,0.5127,6326520,1.3273,711.1930
i64,BucketCollapse,ARS Gen 1: Foundation,10000,5.5484,0,30000,0.5087,6412986,1.3320,27.5013
i64,BucketCollapse,ARS Gen 2: Grid Mapping,10000,5.9810,0,30000,0.5082,6416928,1.3321,25.5122
i64,BucketCollapse,ARS Gen 3: Apex Baseline,10000,0.3403,193231,14351,0.5125,6325781,1.3272,448.4344
i64,BucketCollapse,ARS Gen 4: Parallel Apex,10000,0.2327,51645,10000,0.5123,6326953,1.3268,655.5983
i64,BucketCollapse,ARS Gen 5: Optimized Apex (MAIN),10000,0.1485,51645,0,0.5123,6326297,1.3269,1027.6524
i64,BucketCollapse,ARS Gen 5: Optimized Apex (Stable),10000,0.1577,57426,0,0.5122,6329504,1.3268,967.5895
i64,BucketCollapse,ARS Gen 6: Aero Architecture,10000,0.2678,59098,0,0.5123,6329373,1.3269,569.7681
i64,BucketCollapse,ARS Gen 6: Aero (Stable),10000,0.2738,62026,0,0.5124,6333473,1.3269,557.2501
i64,BucketCollapse,ARS Exp A: Recursive Parallel,10000,0.1481,51645,0,0.5123,6325996,1.3268,1030.3240
i64,BucketCollapse,ARS Exp B: Hierarchical Staging,10000,0.1498,51645,0,0.5123,6326401,1.3268,1018.8352
i64,BucketCollapse,ARS Exp C: Adaptive Hierarchical,10000,0.1552,51645,0,0.5123,6326727,1.3268,983.2898
i64,BucketCollapse,ARS Exp D: Stream Micro-Batch,10000,0.3556,51645,20000,0.5122,6329646,1.3264,429.0962
i64,BucketCollapse,Quicksort,100000,1.6992,1704558,0,0.5111,6396665,1.3291,897.9942
i64,BucketCollapse,Timsort,100000,2.3475,1748721,0,0.5102,6452746,1.3291,650.0011
i64,BucketCollapse,ARS Gen 1: Foundation,100000,43.9007,6,300000,0.4266,7327419,1.2851,34.7575
i64,BucketCollapse,ARS Gen 2: Grid Mapping,100000,48.9902,6,300000,0.4025,7367662,1.2633,31.1466
i64,BucketCollapse,ARS Gen 3: Apex Baseline,100000,2.5062,1886207,108703,0.5107,6416721,1.3274,608.8428
i64,BucketCollapse,ARS Gen 4: Parallel Apex,100000,0.9932,879882,100000,0.5108,6414302,1.3252,1536.2532
i64,BucketCollapse,ARS Gen 5: Optimized Apex (MAIN),100000,0.7726,879882,0,0.5108,6412352,1.3241,1974.8822
i64,BucketCollapse,ARS Gen 5: Optimized Apex (Stable),100000,0.8989,922129,0,0.5108,6467130,1.3242,1697.4863
i64,BucketCollapse,ARS Gen 6: Aero Architecture,100000,0.9191,955522,0,0.5107,6421894,1.3256,1660.2640
i64,BucketCollapse,ARS Gen 6: Aero (Stable),100000,1.0700,994838,0,0.5108,6476787,1.3249,1426.1110
i64,BucketCollapse,ARS Exp A: Recursive Parallel,100000,0.7719,879882,0,0.5105,6412023,1.3251,1976.7217
i64,BucketCollapse,ARS Exp B: Hierarchical Staging,100000,0.7617,773088,0,0.5106,6405509,1.3251,2003.1282
i64,BucketCollapse,ARS Exp C: Adaptive Hierarchical,100000,0.7846,879882,0,0.5105,6411077,1.3244,1944.8105
i64,BucketCollapse,ARS Exp D: Stream Micro-Batch,100000,1.1957,879882,200000,0.5105,6416790,1.3252,1276.1567
i64,BucketCollapse,Quicksort,1000000,18.1269,20437271,0,0.5041,7003316,1.3575,841.7758
i64,BucketCollapse,Timsort,1000000,29.3040,20799465,0,0.4967,7555976,1.3495,520.7061
i64,BucketCollapse,ARS Gen 3: Apex Baseline,1000000,24.6290,21505010,1017407,0.5059,7123392,1.3340,619.5458
i64,BucketCollapse,ARS Gen 4: Parallel Apex,1000000,9.5096,10221412,1000000,0.5120,7063599,1.2970,1604.5691
i64,BucketCollapse,ARS Gen 5: Optimized Apex (MAIN),1000000,8.8383,10221412,0,0.5122,7035455,1.2906,1726.4403
i64,BucketCollapse,ARS Gen 5: Optimized Apex (Stable),1000000,9.5446,10628930,0,0.5119,7574837,1.2891,1598.6824
i64,BucketCollapse,ARS Gen 6: Aero Architecture,1000000,7.4734,12929332,0,0.5115,7154038,1.3167,2041.7573
i64,BucketCollapse,ARS Gen 6: Aero (Stable),1000000,8.7990,13335182,0,0.5114,7695496,1.3168,1734.1409
i64,BucketCollapse,ARS Exp A: Recursive Parallel,1000000,9.5357,10221412,0,0.5112,7028232,1.2954,1600.1735
i64,BucketCollapse,ARS Exp B: Hierarchical Staging,1000000,9.2581,11275443,0,0.5128,7020703,1.3064,1648.1643
i64,BucketCollapse,ARS Exp C: Adaptive Hierarchical,1000000,10.5986,12322876,0,0.5138,7032714,1.2939,1439.7024
i64,BucketCollapse,ARS Exp D: Stream Micro-Batch,1000000,27.0751,13663613,2000000,0.5107,8057881,1.2983,563.5725
i64,LowCardinality,Quicksort,1000,0.0054,5504,0,0.5233,14215743,1.2739,2803.3785
i64,LowCardinality,Timsort,1000,0.0076,5497,0,0.5233,14215885,1.2739,2019.4268
i64,LowCardinality,ARS Gen 1: Foundation,1000,0.0467,984,2000,0.5233,14217970,1.2739,326.6567
i64,LowCardinality,ARS Gen 2: Grid Mapping,1000,0.0609,984,2000,0.5233,14218150,1.2739,250.4890
i64,LowCardinality,ARS Gen 3: Apex Baseline,1000,0.0050,5504,0,0.5233,14215741,1.2739,3021.5424
i64,LowCardinality,ARS Gen 4: Parallel Apex,1000,0.0051,5504,0,0.5233,14215745,1.2739,3007.2505
i64,LowCardinality,ARS Gen 5: Optimized Apex (MAIN),1000,0.0050,5504,0,0.5233,14215739,1.2739,3044.4511
i64,LowCardinality,ARS Gen 5: Optimized Apex (Stable),1000,0.0073,5497,0,0.5233,14215878,1.2739,2096.8516
i64,LowCardinality,ARS Gen 6: Aero Architecture,1000,0.0052,5504,0,0.5233,14215741,1.2739,2920.3424
i64,LowCardinality,ARS Gen 6: Aero (Stable),1000,0.0075,5497,0,0.5233,14215889,1.2739,2024.7862
i64,LowCardinality,ARS Exp A: Recursive Parallel,1000,0.0051,5504,0,0.5233,14215741,1.2739,2987.2336
i64,LowCardinality,ARS Exp B: Hierarchical Staging,1000,0.0051,5504,0,0.5233,14215741,1.2739,2969.7916
i64,LowCardinality,ARS Exp C: Adaptive Hierarchical,1000,0.0052,5504,0,0.5233,14215733,1.2739,2936.6415
i64,LowCardinality,ARS Exp D: Stream Micro-Batch,1000,0.1140,5504,2000,0.5232,14216205,1.2739,133.8361
i64,LowCardinality,Quicksort,10000,0.0428,53753,0,0.5230,14217808,1.2737,3564.2216
i64,LowCardinality,Timsort,10000,0.0542,54514,0,0.5230,14218165,1.2737,2816.3659
i64,LowCardinality,ARS Gen 1: Foundation,10000,0.2618,9984,30000,0.5229,14236978,1.2737,582.7791
i64,LowCardinality,ARS Gen 2: Grid Mapping,10000,0.3300,9984,30000,0.5229,14240406,1.2738,462.3875
i64,LowCardinality,ARS Gen 3: Apex Baseline,10000,0.2537,121806,14351,0.5229,14220265,1.2738,601.4145
i64,LowCardinality,ARS Gen 4: Parallel Apex,10000,0.2068,12063,10000,0.5228,14223135,1.2736,737.9167
i64,LowCardinality,ARS Gen 5: Optimized Apex (MAIN),10000,0.1278,12063,0,0.5227,14223056,1.2735,1193.6782
i64,LowCardinality,ARS Gen 5: Optimized Apex (Stable),10000,0.1256,12087,0,0.5227,14223353,1.2735,1214.9781
i64,LowCardinality,ARS Gen 6: Aero Architecture,10000,0.2250,12063,0,0.5228,14224392,1.2736,678.2106
i64,LowCardinality,ARS Gen 6: Aero (Stable),10000,0.2284,12087,0,0.5228,14224739,1.2736,668.1930
i64,LowCardinality,ARS Exp A: Recursive Parallel,10000,0.1279,12063,0,0.5227,14223051,1.2735,1193.4355
i64,LowCardinality,ARS Exp B: Hierarchical Staging,10000,0.1444,12063,0,0.5227,14223748,1.2735,1056.5053
i64,LowCardinality,ARS Exp C: Adaptive Hierarchical,10000,0.1345,12063,0,0.5228,14222541,1.2735,1134.8706
i64,LowCardinality,ARS Exp D: Stream Micro-Batch,10000,0.3078,12063,20000,0.5226,14225224,1.2734,495.7500
i64,LowCardinality,Quicksort,100000,0.4369,522910,0,0.5218,14235418,1.2740,3492.1932
i64,LowCardinality,Timsort,100000,0.5476,516617,0,0.5210,14236095,1.2739,2786.3573
i64,LowCardinality,ARS Gen 1: Foundation,100000,1.3241,99984,300000,0.5218,14423455,1.2722,1152.3651
i64,LowCardinality,ARS Gen 2: Grid Mapping,100000,1.6770,99984,300000,0.5217,14457729,1.2721,909.8714
i64,LowCardinality,ARS Gen 3: Apex Baseline,100000,1.8786,1144941,108703,0.5217,14244304,1.2744,812.2599
i64,LowCardinality,ARS Gen 4: Parallel Apex,100000,0.4475,144579,100000,0.5212,14245806,1.2734,3409.9681
i64,LowCardinality,ARS Gen 5: Optimized Apex (MAIN),100000,0.4018,144579,0,0.5211,14245277,1.2730,3797.5135
i64,LowCardinality,ARS Gen 5: Optimized Apex (Stable),100000,0.3815,145223,0,0.5212,14245375,1.2729,3999.7036
i64,LowCardinality,ARS Gen 6: Aero Architecture,100000,0.4905,99988,0,0.5213,14268213,1.2731,3111.1306
i64,LowCardinality,ARS Gen 6: Aero (Stable),100000,0.5911,99988,0,0.5213,14268760,1.2730,2581.2872
i64,LowCardinality,ARS Exp A: Recursive Parallel,100000,0.5565,199988,0,0.5211,14247713,1.2723,2741.8419
i64,LowCardinality,ARS Exp B: Hierarchical Staging,100000,0.5526,199972,0,0.5211,14243461,1.2732,2761.2570
i64,LowCardinality,ARS Exp C: Adaptive Hierarchical,100000,0.4072,100004,0,0.5210,14245432,1.2729,3747.3757
i64,LowCardinality,ARS Exp D: Stream Micro-Batch,100000,0.8194,144579,200000,0.5214,14247124,1.2727,1862.2405
i64,LowCardinality,Quicksort,1000000,4.2572,5201420,0,0.5164,14261426,1.2801,3584.2682
i64,LowCardinality,Timsort,1000000,8.3004,6174589,0,0.5107,14263245,1.2764,1838.3306
i64,LowCardinality,ARS Gen 3: Apex Baseline,1000000,20.3585,12089713,1017407,0.5205,14328486,1.2803,749.5061
i64,LowCardinality,ARS Gen 4: Parallel Apex,1000000,6.3831,999990,1000000,0.5248,14277169,1.2414,2390.4881
i64,LowCardinality,ARS Gen 5: Optimized Apex (MAIN),1000000,7.0742,999990,0,0.5251,14278038,1.2506,2156.9650
i64,LowCardinality,ARS Gen 5: Optimized Apex (Stable),1000000,6.5001,999990,0,0.5247,14280550,1.2510,2347.4522
i64,LowCardinality,ARS Gen 6: Aero Architecture,1000000,4.4247,999990,0,0.5228,14528979,1.2621,3448.5797
i64,LowCardinality,ARS Gen 6: Aero (Stable),1000000,4.2980,999990,0,0.5228,14528365,1.2629,3550.1837
i64,LowCardinality,ARS Exp A: Recursive Parallel,1000000,7.7636,1999974,0,0.5242,14286362,1.2440,1965.4240
i64,LowCardinality,ARS Exp B: Hierarchical Staging,1000000,7.1301,1999974,0,0.5236,14272540,1.2536,2140.0460
i64,LowCardinality,ARS Exp C: Adaptive Hierarchical,1000000,7.9340,1999984,0,0.5239,14289774,1.2382,1923.2045
i64,LowCardinality,ARS Exp D: Stream Micro-Batch,1000000,16.6711,5706274,2000000,0.5194,14338530,1.2625,915.2848
i64,PrefixCollision,Quicksort,1000,0.0110,10179,0,0.5169,14337214,1.2714,1384.5195
i64,PrefixCollision,Timsort,1000,0.0176,10913,0,0.5169,14337858,1.2714,864.9127
i64,PrefixCollision,ARS Gen 1: Foundation,1000,0.2280,0,2000,0.5169,14344725,1.2716,66.9295
i64,PrefixCollision,ARS Gen 2: Grid Mapping,1000,0.2615,0,2000,0.5169,14345360,1.2716,58.3492
i64,PrefixCollision,ARS Gen 3: Apex Baseline,1000,0.0108,10179,0,0.5169,14337215,1.2714,1407.5075
i64,PrefixCollision,ARS Gen 4: Parallel Apex,1000,0.0109,10179,0,0.5169,14337210,1.2714,1404.9157
i64,PrefixCollision,ARS Gen 5: Optimized Apex (MAIN),1000,0.0110,10179,0,0.5169,14337208,1.2714,1389.9425
i64,PrefixCollision,ARS Gen 5: Optimized Apex (Stable),1000,0.0175,10913,0,0.5169,14337818,1.2714,872.1800
i64,PrefixCollision,ARS Gen 6: Aero Architecture,1000,0.0111,10179,0,0.5169,14337258,1.2714,1369.1152
i64,PrefixCollision,ARS Gen 6: Aero (Stable),1000,0.0179,10913,0,0.5169,14337857,1.2714,851.9228
i64,PrefixCollision,ARS Exp A: Recursive Parallel,1000,0.0110,10179,0,0.5169,14337238,1.2714,1389.3098
i64,PrefixCollision,ARS Exp B: Hierarchical Staging,1000,0.0108,10179,0,0.5169,14337219,1.2714,1414.8159
i64,PrefixCollision,ARS Exp C: Adaptive Hierarchical,1000,0.0109,10179,0,0.5169,14337231,1.2714,1399.5037
i64,PrefixCollision,ARS Exp D: Stream Micro-Batch,1000,0.1096,10179,2000,0.5168,14337843,1.2714,139.1984
i64,PrefixCollision,Quicksort,10000,0.1347,137738,0,0.5166,14344054,1.2713,1133.1177
i64,PrefixCollision,Timsort,10000,0.2019,141392,0,0.5166,14350124,1.2713,755.6549
i64,PrefixCollision,ARS Gen 1: Foundation,10000,5.4322,0,30000,0.5131,14436493,1.2752,28.0895
i64,PrefixCollision,ARS Gen 2: Grid Mapping,10000,5.6998,0,30000,0.5128,14440386,1.2755,26.7708
i64,PrefixCollision,ARS Gen 3: Apex Baseline,10000,0.3239,193231,14351,0.5164,14349751,1.2713,471.0680
i64,PrefixCollision,ARS Gen 4: Parallel Apex,10000,0.2392,51645,10000,0.5163,14350694,1.2710,637.9653
i64,PrefixCollision,ARS Gen 5: Optimized Apex (MAIN),10000,0.1615,51645,0,0.5163,14350084,1.2710,945.0858
i64,PrefixCollision,ARS Gen 5: Optimized Apex (Stable),10000,0.1719,57426,0,0.5163,14352562,1.2710,887.7738
i64,PrefixCollision,ARS Gen 6: Aero Architecture,10000,0.2844,59098,0,0.5164,14353435,1.2710,536.5426
i64,PrefixCollision,ARS Gen 6: Aero (Stable),10000,0.2934,62026,0,0.5163,14356654,1.2710,520.1139
i64,PrefixCollision,ARS Exp A: Recursive Parallel,10000,0.1669,51645,0,0.5163,14348924,1.2710,914.0995
i64,PrefixCollision,ARS Exp B: Hierarchical Staging,10000,0.1518,51645,0,0.5163,14350426,1.2710,1005.2301
i64,PrefixCollision,ARS Exp C: Adaptive Hierarchical,10000,0.1579,51645,0,0.5163,14350356,1.2710,966.5414
i64,PrefixCollision,ARS Exp D: Stream Micro-Batch,10000,0.3560,51645,20000,0.5161,14352421,1.2709,428.6670
i64,PrefixCollision,Quicksort,100000,1.7432,1704558,0,0.5152,14421232,1.2729,875.3492
i64,PrefixCollision,Timsort,100000,2.3262,1748721,0,0.5145,14477197,1.2729,655.9424
i64,PrefixCollision,ARS Gen 1: Foundation,100000,43.1458,6,300000,0.4354,15353018,1.2347,35.3656
i64,PrefixCollision,ARS Gen 2: Grid Mapping,100000,46.0918,6,300000,0.4257,15389918,1.2360,33.1052
i64,PrefixCollision,ARS Gen 3: Apex Baseline,100000,2.6283,1886207,108703,0.5150,14440943,1.2716,580.5578
i64,PrefixCollision,ARS Gen 4: Parallel Apex,100000,1.1973,879882,100000,0.5151,14438516,1.2699,1274.4779
i64,PrefixCollision,ARS Gen 5: Optimized Apex (MAIN),100000,0.8295,879882,0,0.5151,14436723,1.2692,1839.4832
i64,PrefixCollision,ARS Gen 5: Optimized Apex (Stable),100000,0.8419,922129,0,0.5148,14492978,1.2695,1812.3864
i64,PrefixCollision,ARS Gen 6: Aero Architecture,100000,0.8063,955522,0,0.5151,14444940,1.2699,1892.5325
i64,PrefixCollision,ARS Gen 6: Aero (Stable),100000,1.0237,994838,0,0.5151,14501899,1.2698,1490.6154
i64,PrefixCollision,ARS Exp A: Recursive Parallel,100000,0.8200,879882,0,0.5149,14434539,1.2702,1860.7508
i64,PrefixCollision,ARS Exp B: Hierarchical Staging,100000,0.8130,773088,0,0.5150,14430842,1.2703,1876.8637
i64,PrefixCollision,ARS Exp C: Adaptive Hierarchical,100000,0.7971,879882,0,0.5149,14435354,1.2694,1914.3504
i64,PrefixCollision,ARS Exp D: Stream Micro-Batch,100000,1.1874,879882,200000,0.5150,14441656,1.2681,1285.0264
i64,PrefixCollision,Quicksort,1000000,18.9661,20437271,0,0.5104,14984331,1.2958,804.5302
i64,PrefixCollision,Timsort,1000000,28.4328,20799465,0,0.5026,15527331,1.2917,536.6620
i64,PrefixCollision,ARS Gen 3: Apex Baseline,1000000,24.5319,21505010,1017407,0.5106,15104214,1.2793,621.9971
i64,PrefixCollision,ARS Gen 4: Parallel Apex,1000000,9.6435,10221412,1000000,0.5165,15045541,1.2574,1582.2847
i64,PrefixCollision,ARS Gen 5: Optimized Apex (MAIN),1000000,9.2469,10221412,0,0.5169,15010574,1.2522,1650.1488
i64,PrefixCollision,ARS Gen 5: Optimized Apex (Stable),1000000,10.3029,10628930,0,0.5167,15553448,1.2504,1481.0245
i64,PrefixCollision,ARS Gen 6: Aero Architecture,1000000,9.4503,12929332,0,0.5162,15138118,1.2722,1614.6373
i64,PrefixCollision,ARS Gen 6: Aero (Stable),1000000,9.3868,13335182,0,0.5161,15677807,1.2693,1625.5658
i64,PrefixCollision,ARS Exp A: Recursive Parallel,1000000,10.0823,10221412,0,0.5159,15008330,1.2574,1513.4308
i64,PrefixCollision,ARS Exp B: Hierarchical Staging,1000000,10.1692,11275443,0,0.5181,14998510,1.2676,1500.4933
i64,PrefixCollision,ARS Exp C: Adaptive Hierarchical,1000000,12.1802,12322876,0,0.5180,15006400,1.2620,1252.7569
i64,PrefixCollision,ARS Exp D: Stream Micro-Batch,1000000,30.6366,13469297,2000000,0.5149,16042835,1.2515,498.0579
f64,Random,Quicksort,1000,0.0284,10325,0,0.5279,22214695,1.2458,537.0544
f64,Random,Timsort,1000,0.0354,10521,0,0.5279,22215281,1.2458,430.9905
f64,Random,ARS Gen 1: Foundation,1000,0.2974,0,2000,0.5279,22222078,1.2460,51.3056
f64,Random,ARS Gen 2: Grid Mapping,1000,0.3545,0,2000,0.5279,22222861,1.2460,43.0487
f64,Random,ARS Gen 3: Apex Baseline,1000,0.0283,10325,0,0.5279,22214703,1.2458,539.9621
f64,Random,ARS Gen 4: Parallel Apex,1000,0.0222,10325,0,0.5279,22214711,1.2458,686.7760
f64,Random,ARS Gen 5: Optimized Apex (MAIN),1000,0.0229,10325,0,0.5279,22214713,1.2458,666.4391
f64,Random,ARS Gen 5: Optimized Apex (Stable),1000,0.0363,10521,0,0.5279,22215273,1.2458,420.0399
f64,Random,ARS Gen 6: Aero Architecture,1000,0.0244,10325,0,0.5279,22214686,1.2458,624.1324
f64,Random,ARS Gen 6: Aero (Stable),1000,0.0348,10521,0,0.5279,22215254,1.2458,438.6726
f64,Random,ARS Exp A: Recursive Parallel,1000,0.0238,10325,0,0.5279,22214703,1.2458,639.8620
f64,Random,ARS Exp B: Hierarchical Staging,1000,0.0225,10325,0,0.5279,22214708,1.2458,677.7467
f64,Random,ARS Exp C: Adaptive Hierarchical,1000,0.0231,10325,0,0.5279,22214700,1.2458,660.4393
f64,Random,ARS Exp D: Stream Micro-Batch,1000,0.1533,10325,2000,0.5278,22215733,1.2458,99.5576
f64,Random,Quicksort,10000,0.2844,136464,0,0.5276,22222543,1.2457,536.4653
f64,Random,Timsort,10000,0.4161,141512,0,0.5276,22228156,1.2457,366.7414
f64,Random,ARS Gen 1: Foundation,10000,6.8464,0,30000,0.5248,22313991,1.2492,22.2873
f64,Random,ARS Gen 2: Grid Mapping,10000,6.6933,0,30000,0.5245,22319737,1.2492,22.7972
f64,Random,ARS Gen 3: Apex Baseline,10000,0.4636,193135,14351,0.5275,22227653,1.2456,329.1689
f64,Random,ARS Gen 4: Parallel Apex,10000,0.2882,73138,10000,0.5274,22230280,1.2455,529.3632
f64,Random,ARS Gen 5: Optimized Apex (MAIN),10000,0.1916,73138,0,0.5274,22228667,1.2455,796.1841
f64,Random,ARS Gen 5: Optimized Apex (Stable),10000,0.3482,76380,0,0.5275,22232724,1.2454,438.1826
f64,Random,ARS Gen 6: Aero Architecture,10000,0.3195,62698,0,0.5275,22230090,1.2455,477.5804
f64,Random,ARS Gen 6: Aero (Stable),10000,0.3864,65867,0,0.5275,22234600,1.2454,394.9330
f64,Random,ARS Exp A: Recursive Parallel,10000,0.2868,73138,0,0.5275,22225281,1.2455,532.1287
f64,Random,ARS Exp B: Hierarchical Staging,10000,0.3618,73138,0,0.5276,22226076,1.2455,421.7150
f64,Random,ARS Exp C: Adaptive Hierarchical,10000,0.1966,73138,0,0.5274,22229334,1.2454,776.0903
f64,Random,ARS Exp D: Stream Micro-Batch,10000,0.4042,73138,20000,0.5273,22231656,1.2454,377.4956
f64,Random,Quicksort,100000,3.2970,1705718,0,0.5266,22303570,1.2477,462.8119
f64,Random,Timsort,100000,4.3207,1751732,0,0.5261,22352438,1.2474,353.1570
f64,Random,ARS Gen 1: Foundation,100000,50.1053,0,300000,0.4649,23221089,1.2261,30.4534
f64,Random,ARS Gen 2: Grid Mapping,100000,50.8858,0,300000,0.4451,23272160,1.2191,29.9863
f64,Random,ARS Gen 3: Apex Baseline,100000,3.2765,1884272,108703,0.5264,22316590,1.2459,465.6995
f64,Random,ARS Gen 4: Parallel Apex,100000,1.2711,1101865,100000,0.5264,22316428,1.2453,1200.4444
f64,Random,ARS Gen 5: Optimized Apex (MAIN),100000,1.1836,1101865,0,0.5264,22316017,1.2449,1289.1378
f64,Random,ARS Gen 5: Optimized Apex (Stable),100000,1.2858,1142841,0,0.5264,22367702,1.2444,1186.6787
f64,Random,ARS Gen 6: Aero Architecture,100000,1.0420,1002379,0,0.5264,22328629,1.2454,1464.3976
f64,Random,ARS Gen 6: Aero (Stable),100000,1.2423,1045724,0,0.5263,22381508,1.2452,1228.2841
f64,Random,ARS Exp A: Recursive Parallel,100000,1.0815,1101865,0,0.5262,22313080,1.2452,1410.9095
f64,Random,ARS Exp B: Hierarchical Staging,100000,1.0111,999614,0,0.5264,22310900,1.2453,1509.1843
f64,Random,ARS Exp C: Adaptive Hierarchical,100000,1.0405,1101865,0,0.5262,22314914,1.2451,1466.4468
f64,Random,ARS Exp D: Stream Micro-Batch,100000,1.4870,1101865,200000,0.5261,22320191,1.2449,1026.1403
f64,Random,Quicksort,1000000,29.5322,20430901,0,0.5226,22895406,1.2742,516.6838
f64,Random,Timsort,1000000,43.0546,20822215,0,0.5168,23380623,1.2674,354.4052
f64,Random,ARS Gen 3: Apex Baseline,1000000,32.9300,21498086,1017407,0.5229,22954672,1.2495,463.3710
f64,Random,ARS Gen 4: Parallel Apex,1000000,12.6715,12665814,1000000,0.5289,22901603,1.2442,1204.1843
f64,Random,ARS Gen 5: Optimized Apex (MAIN),1000000,11.2625,12665814,0,0.5286,22919164,1.2455,1354.8259
f64,Random,ARS Gen 5: Optimized Apex (Stable),1000000,15.3052,13081361,0,0.5283,23431367,1.2393,996.9676
f64,Random,ARS Gen 6: Aero Architecture,1000000,10.6546,13583765,0,0.5276,23064974,1.2511,1432.1278
f64,Random,ARS Gen 6: Aero (Stable),1000000,13.2778,14002566,0,0.5265,23565132,1.2456,1149.1993
f64,Random,ARS Exp A: Recursive Parallel,1000000,11.6137,6406252,0,0.5251,22934751,1.2319,1313.8649
f64,Random,ARS Exp B: Hierarchical Staging,1000000,13.4760,5861815,0,0.5248,22855670,1.2368,1132.2973
f64,Random,ARS Exp C: Adaptive Hierarchical,1000000,12.8512,7398340,0,0.5260,22902047,1.2367,1187.3420
f64,Random,ARS Exp D: Stream Micro-Batch,1000000,27.6264,14470211,2000000,0.5291,24485722,1.2272,552.3271
f64,Gaussian,Quicksort,1000,0.0200,10345,0,0.5262,23397529,1.2311,761.5686
f64,Gaussian,Timsort,1000,0.0299,10685,0,0.5262,23398097,1.2311,510.9426
f64,Gaussian,ARS Gen 1: Foundation,1000,0.2562,0,2000,0.5262,23404941,1.2312,59.5488
f64,Gaussian,ARS Gen 2: Grid Mapping,1000,0.3053,0,2000,0.5262,23405633,1.2313,49.9839
f64,Gaussian,ARS Gen 3: Apex Baseline,1000,0.0189,10345,0,0.5262,23397520,1.2311,809.0985
f64,Gaussian,ARS Gen 4: Parallel Apex,1000,0.0190,10345,0,0.5262,23397534,1.2311,803.2633
f64,Gaussian,ARS Gen 5: Optimized Apex (MAIN),1000,0.0191,10345,0,0.5262,23397527,1.2311,797.1783
f64,Gaussian,ARS Gen 5: Optimized Apex (Stable),1000,0.0289,10685,0,0.5262,23398064,1.2311,528.8642
f64,Gaussian,ARS Gen 6: Aero Architecture,1000,0.0201,10345,0,0.5262,23397515,1.2311,759.1437
f64,Gaussian,ARS Gen 6: Aero (Stable),1000,0.0294,10685,0,0.5262,23398095,1.2311,519.3774
f64,Gaussian,ARS Exp A: Recursive Parallel,1000,0.0207,10345,0,0.5262,23397541,1.2311,736.6058
f64,Gaussian,ARS Exp B: Hierarchical Staging,1000,0.0192,10345,0,0.5262,23397524,1.2311,794.6044
f64,Gaussian,ARS Exp C: Adaptive Hierarchical,1000,0.0192,10345,0,0.5262,23397501,1.2311,795.1427
f64,Gaussian,ARS Exp D: Stream Micro-Batch,1000,0.1431,10345,2000,0.5261,23398049,1.2311,106.6630
f64,Gaussian,Quicksort,10000,0.2478,137462,0,0.5259,23406127,1.2311,615.8151
f64,Gaussian,Timsort,10000,0.3518,141011,0,0.5259,23411561,1.2310,433.7348
f64,Gaussian,ARS Gen 1: Foundation,10000,6.2503,0,30000,0.5233,23497685,1.2342,24.4128
f64,Gaussian,ARS Gen 2: Grid Mapping,10000,6.2497,0,30000,0.5234,23502022,1.2343,24.4153
f64,Gaussian,ARS Gen 3: Apex Baseline,10000,0.5074,192671,14351,0.5258,23411218,1.2309,300.7363
f64,Gaussian,ARS Gen 4: Parallel Apex,10000,0.7341,125399,10000,0.5259,23409296,1.2309,207.8449
f64,Gaussian,ARS Gen 5: Optimized Apex (MAIN),10000,0.4997,125399,0,0.5258,23409604,1.2309,305.3761
f64,Gaussian,ARS Gen 5: Optimized Apex (Stable),10000,0.6095,130052,0,0.5258,23417439,1.2308,250.3460
f64,Gaussian,ARS Gen 6: Aero Architecture,10000,0.5316,109718,0,0.5259,23414502,1.2309,287.0222
f64,Gaussian,ARS Gen 6: Aero (Stable),10000,0.4665,113881,0,0.5257,23419984,1.2309,327.0846
f64,Gaussian,ARS Exp A: Recursive Parallel,10000,0.3122,48812,0,0.5254,23420885,1.2306,488.6957
f64,Gaussian,ARS Exp B: Hierarchical Staging,10000,0.4816,125399,0,0.5258,23411992,1.2308,316.8564
f64,Gaussian,ARS Exp C: Adaptive Hierarchical,10000,0.5723,125399,0,0.5259,23411217,1.2309,266.6394
f64,Gaussian,ARS Exp D: Stream Micro-Batch,10000,0.5809,125399,20000,0.5258,23415249,1.2307,262.6741
f64,Gaussian,Quicksort,100000,3.0764,1710455,0,0.5252,23489063,1.2330,496.0000
f64,Gaussian,Timsort,100000,4.3526,1746462,0,0.5247,23538361,1.2326,350.5696
f64,Gaussian,ARS Gen 1: Foundation,100000,54.0158,0,300000,0.4691,24405136,1.2170,28.2487
f64,Gaussian,ARS Gen 2: Grid Mapping,100000,55.3584,0,300000,0.4580,24460633,1.2146,27.5636
f64,Gaussian,ARS Gen 3: Apex Baseline,100000,3.4421,1884751,108703,0.5250,23503545,1.2313,443.2925
f64,Gaussian,ARS Gen 4: Parallel Apex,100000,2.5355,1586392,100000,0.5249,23501521,1.2326,601.8147
f64,Gaussian,ARS Gen 5: Optimized Apex (MAIN),100000,1.8588,1586392,0,0.5249,23502247,1.2320,820.9145
f64,Gaussian,ARS Gen 5: Optimized Apex (Stable),100000,2.7093,1629438,0,0.5245,23550971,1.2315,563.1986
f64,Gaussian,ARS Gen 6: Aero Architecture,100000,2.2921,1447738,0,0.5250,23517575,1.2318,665.7255
f64,Gaussian,ARS Gen 6: Aero (Stable),100000,1.9734,1487078,0,0.5248,23567114,1.2314,773.2363
f64,Gaussian,ARS Exp A: Recursive Parallel,100000,1.6481,834504,0,0.5241,23507721,1.2307,925.8204
f64,Gaussian,ARS Exp B: Hierarchical Staging,100000,1.3476,657220,0,0.5238,23503325,1.2309,1132.2962
f64,Gaussian,ARS Exp C: Adaptive Hierarchical,100000,1.3085,834504,0,0.5241,23504575,1.2305,1166.0909
f64,Gaussian,ARS Exp D: Stream Micro-Batch,100000,2.9705,1586392,200000,0.5250,23499484,1.2311,513.6700
f64,Gaussian,Quicksort,1000000,31.2415,20420624,0,0.5215,24070555,1.2594,488.4141
f64,Gaussian,Timsort,1000000,49.9836,20810565,0,0.5162,24556321,1.2536,305.2758
f64,Gaussian,ARS Gen 3: Apex Baseline,1000000,34.9131,21491076,1017407,0.5226,24129985,1.2383,437.0507
f64,Gaussian,ARS Gen 4: Parallel Apex,1000000,24.7686,17729670,1000000,0.5261,24078343,1.2435,616.0527
f64,Gaussian,ARS Gen 5: Optimized Apex (MAIN),1000000,22.8619,17729670,0,0.5260,24092946,1.2447,667.4342
f64,Gaussian,ARS Gen 5: Optimized Apex (Stable),1000000,26.9576,18126422,0,0.5211,24585391,1.2374,566.0301
f64,Gaussian,ARS Gen 6: Aero Architecture,1000000,16.2789,17798278,0,0.5243,24283717,1.2453,937.3348
f64,Gaussian,ARS Gen 6: Aero (Stable),1000000,21.8011,18171061,0,0.5213,24771123,1.2333,699.9091
f64,Gaussian,ARS Exp A: Recursive Parallel,1000000,17.4292,9157468,0,0.5263,24128920,1.2208,875.4736
f64,Gaussian,ARS Exp B: Hierarchical Staging,1000000,19.7252,9620349,0,0.5288,24099928,1.2295,773.5702
f64,Gaussian,ARS Exp C: Adaptive Hierarchical,1000000,19.5035,11727786,0,0.5297,24107147,1.2291,782.3614
f64,Gaussian,ARS Exp D: Stream Micro-Batch,1000000,31.2367,19223479,2000000,0.5258,25613505,1.2327,488.4894
f64,NearlySorted,Quicksort,1000,0.0194,9762,0,0.5231,24361667,1.2354,788.5272
f64,NearlySorted,Timsort,1000,0.0250,9882,0,0.5231,24362002,1.2354,611.2562
f64,NearlySorted,ARS Gen 1: Foundation,1000,0.1272,0,2000,0.5231,24364399,1.2354,119.9289
f64,NearlySorted,ARS Gen 2: Grid Mapping,1000,0.1757,0,2000,0.5231,24365406,1.2355,86.8586
f64,NearlySorted,ARS Gen 3: Apex Baseline,1000,0.0181,9762,0,0.5231,24361675,1.2354,843.3066
f64,NearlySorted,ARS Gen 4: Parallel Apex,1000,0.0182,9762,0,0.5231,24361692,1.2354,837.7966
f64,NearlySorted,ARS Gen 5: Optimized Apex (MAIN),1000,0.0184,9762,0,0.5231,24361658,1.2354,828.0669
f64,NearlySorted,ARS Gen 5: Optimized Apex (Stable),1000,0.0248,9882,0,0.5231,24361991,1.2354,616.3922
f64,NearlySorted,ARS Gen 6: Aero Architecture,1000,0.0190,9762,0,0.5231,24361671,1.2354,802.4184
f64,NearlySorted,ARS Gen 6: Aero (Stable),1000,0.0248,9882,0,0.5231,24361959,1.2354,615.1497
f64,NearlySorted,ARS Exp A: Recursive Parallel,1000,0.0190,9762,0,0.5231,24361672,1.2354,801.1125
f64,NearlySorted,ARS Exp B: Hierarchical Staging,1000,0.0181,9762,0,0.5231,24361660,1.2354,842.4685
f64,NearlySorted,ARS Exp C: Adaptive Hierarchical,1000,0.0181,9762,0,0.5231,24361643,1.2354,841.6320
f64,NearlySorted,ARS Exp D: Stream Micro-Batch,1000,0.1285,9762,2000,0.5231,24362304,1.2353,118.7556
f64,NearlySorted,Quicksort,10000,0.2374,134689,0,0.5229,24368696,1.2353,642.6431
f64,NearlySorted,Timsort,10000,0.3036,132195,0,0.5229,24371731,1.2353,502.5207
f64,NearlySorted,ARS Gen 1: Foundation,10000,2.4582,0,30000,0.5217,24404625,1.2368,62.0740
f64,NearlySorted,ARS Gen 2: Grid Mapping,10000,2.6439,0,30000,0.5218,24411593,1.2370,57.7126
f64,NearlySorted,ARS Gen 3: Apex Baseline,10000,0.3923,187157,14351,0.5228,24373977,1.2352,388.9096
f64,NearlySorted,ARS Gen 4: Parallel Apex,10000,0.5539,129133,10000,0.5227,24377058,1.2352,275.4806
f64,NearlySorted,ARS Gen 5: Optimized Apex (MAIN),10000,0.3876,129133,0,0.5227,24376864,1.2352,393.6330
f64,NearlySorted,ARS Gen 5: Optimized Apex (Stable),10000,0.4491,124389,0,0.5227,24379130,1.2352,339.7910
f64,NearlySorted,ARS Gen 6: Aero Architecture,10000,0.2773,112273,0,0.5228,24377463,1.2352,550.2748
f64,NearlySorted,ARS Gen 6: Aero (Stable),10000,0.3426,109531,0,0.5228,24379566,1.2351,445.3756
f64,NearlySorted,ARS Exp A: Recursive Parallel,10000,0.2512,51743,0,0.5225,24380021,1.2350,607.5520
f64,NearlySorted,ARS Exp B: Hierarchical Staging,10000,0.3981,129133,0,0.5227,24376607,1.2352,383.3356
f64,NearlySorted,ARS Exp C: Adaptive Hierarchical,10000,0.4413,129133,0,0.5227,24376708,1.2352,345.7620
f64,NearlySorted,ARS Exp D: Stream Micro-Batch,10000,0.5773,129133,20000,0.5226,24378709,1.2351,264.3185
f64,NearlySorted,Quicksort,100000,2.6911,1716043,0,0.5222,24441741,1.2372,567.0115
f64,NearlySorted,Timsort,100000,3.2858,1660908,0,0.5215,24463630,1.2369,464.3814
f64,NearlySorted,ARS Gen 1: Foundation,100000,21.8939,0,300000,0.4996,24771912,1.2352,69.6942
f64,NearlySorted,ARS Gen 2: Grid Mapping,100000,22.4952,0,300000,0.5009,24844668,1.2365,67.8314
f64,NearlySorted,ARS Gen 3: Apex Baseline,100000,3.1930,1830188,108703,0.5220,24454129,1.2358,477.8870
f64,NearlySorted,ARS Gen 4: Parallel Apex,100000,3.8981,1653890,100000,0.5218,24455474,1.2369,391.4419
f64,NearlySorted,ARS Gen 5: Optimized Apex (MAIN),100000,3.0204,1653890,0,0.5218,24456308,1.2363,505.1980
f64,NearlySorted,ARS Gen 5: Optimized Apex (Stable),100000,3.6892,1589383,0,0.5212,24476767,1.2361,413.6018
f64,NearlySorted,ARS Gen 6: Aero Architecture,100000,1.7768,1472393,0,0.5218,24480399,1.2362,858.7584
f64,NearlySorted,ARS Gen 6: Aero (Stable),100000,1.9628,1387582,0,0.5215,24497478,1.2361,777.4066
f64,NearlySorted,ARS Exp A: Recursive Parallel,100000,1.3058,815713,0,0.5211,24455748,1.2347,1168.5529
f64,NearlySorted,ARS Exp B: Hierarchical Staging,100000,1.1874,631229,0,0.5210,24447753,1.2353,1285.1022
f64,NearlySorted,ARS Exp C: Adaptive Hierarchical,100000,1.4447,815713,0,0.5209,24467161,1.2350,1056.1711
f64,NearlySorted,ARS Exp D: Stream Micro-Batch,100000,3.7778,1653890,200000,0.5214,24459608,1.2368,403.9107
f64,NearlySorted,Quicksort,1000000,32.6621,20672771,0,0.5193,24953181,1.2633,467.1713
f64,NearlySorted,Timsort,1000000,43.4548,19775927,0,0.5135,25156924,1.2564,351.1416
f64,NearlySorted,ARS Gen 3: Apex Baseline,1000000,32.5941,20984698,1017407,0.5224,25004940,1.2447,468.1458
f64,NearlySorted,ARS Gen 4: Parallel Apex,1000000,26.2500,18442598,1000000,0.5229,24961457,1.2553,581.2877
f64,NearlySorted,ARS Gen 5: Optimized Apex (MAIN),1000000,21.3418,18442598,0,0.5231,24978294,1.2457,714.9728
f64,NearlySorted,ARS Gen 5: Optimized Apex (Stable),1000000,27.1152,17501336,0,0.5173,25130290,1.2519,562.7388
f64,NearlySorted,ARS Gen 6: Aero Architecture,1000000,20.7445,18449113,0,0.5211,25231781,1.2570,735.5578
f64,NearlySorted,ARS Gen 6: Aero (Stable),1000000,25.2704,17575612,0,0.5180,25400143,1.2457,603.8213
f64,NearlySorted,ARS Exp A: Recursive Parallel,1000000,16.5017,8914015,0,0.5260,24991551,1.2201,924.6775
f64,NearlySorted,ARS Exp B: Hierarchical Staging,1000000,18.7710,9611874,0,0.5266,24965906,1.2340,812.8931
f64,NearlySorted,ARS Exp C: Adaptive Hierarchical,1000000,18.4105,11855374,0,0.5265,24981925,1.2351,828.8084
f64,NearlySorted,ARS Exp D: Stream Micro-Batch,1000000,24.4881,16617922,2000000,0.5243,25249818,1.2339,623.1092
f64,Duplicates,Quicksort,1000,0.0066,3735,0,0.5213,25303395,1.2288,2305.6496
f64,Duplicates,Timsort,1000,0.0093,3747,0,0.5213,25303471,1.2288,1644.7978
f64,Duplicates,ARS Gen 1: Foundation,1000,0.0495,995,2000,0.5213,25304736,1.2288,308.5014
f64,Duplicates,ARS Gen 2: Grid Mapping,1000,0.0620,995,2000,0.5213,25304109,1.2288,245.9588
f64,Duplicates,ARS Gen 3: Apex Baseline,1000,0.0062,3735,0,0.5213,25303391,1.2288,2446.8873
f64,Duplicates,ARS Gen 4: Parallel Apex,1000,0.0064,3735,0,0.5213,25303392,1.2288,2390.9102
f64,Duplicates,ARS Gen 5: Optimized Apex (MAIN),1000,0.0063,3735,0,0.5213,25303389,1.2288,2428.1969
f64,Duplicates,ARS Gen 5: Optimized Apex (Stable),1000,0.0092,3747,0,0.5213,25303476,1.2288,1659.2855
f64,Duplicates,ARS Gen 6: Aero Architecture,1000,0.0065,3735,0,0.5213,25303393,1.2288,2329.9418
f64,Duplicates,ARS Gen 6: Aero (Stable),1000,0.0094,3747,0,0.5213,25303461,1.2288,1618.4545
f64,Duplicates,ARS Exp A: Recursive Parallel,1000,0.0067,3735,0,0.5213,25303387,1.2288,2293.1754
f64,Duplicates,ARS Exp B: Hierarchical Staging,1000,0.0063,3735,0,0.5213,25303401,1.2288,2414.7474
f64,Duplicates,ARS Exp C: Adaptive Hierarchical,1000,0.0061,3735,0,0.5213,25303387,1.2288,2487.1702
f64,Duplicates,ARS Exp D: Stream Micro-Batch,1000,0.1650,3735,2000,0.5212,25303924,1.2288,92.4596
f64,Duplicates,Quicksort,10000,0.0538,36573,0,0.5210,25307482,1.2286,2833.7306
f64,Duplicates,Timsort,10000,0.0738,36775,0,0.5210,25307774,1.2286,2067.2505
f64,Duplicates,ARS Gen 1: Foundation,10000,0.3431,9995,30000,0.5210,25319526,1.2286,444.7926
f64,Duplicates,ARS Gen 2: Grid Mapping,10000,0.3817,9995,30000,0.5210,25317558,1.2286,399.7943
f64,Duplicates,ARS Gen 3: Apex Baseline,10000,0.5497,115988,14351,0.5210,25310215,1.2286,277.5597
f64,Duplicates,ARS Gen 4: Parallel Apex,10000,0.2869,9999,10000,0.5210,25308968,1.2286,531.8375
f64,Duplicates,ARS Gen 5: Optimized Apex (MAIN),10000,0.1574,9999,0,0.5209,25310920,1.2286,969.6062
f64,Duplicates,ARS Gen 5: Optimized Apex (Stable),10000,0.1596,9999,0,0.5209,25312237,1.2286,956.2922
f64,Duplicates,ARS Gen 6: Aero Architecture,10000,0.2905,9999,0,0.5209,25317478,1.2286,525.1872
f64,Duplicates,ARS Gen 6: Aero (Stable),10000,0.2774,9999,0,0.5209,25317483,1.2286,550.0744
f64,Duplicates,ARS Exp A: Recursive Parallel,10000,0.1534,9999,0,0.5209,25312395,1.2285,994.5957
f64,Duplicates,ARS Exp B: Hierarchical Staging,10000,0.1515,9999,0,0.5209,25312488,1.2286,1007.0611
f64,Duplicates,ARS Exp C: Adaptive Hierarchical,10000,0.1536,9999,0,0.5209,25312067,1.2286,993.7083
f64,Duplicates,ARS Exp D: Stream Micro-Batch,10000,0.4155,9999,20000,0.5209,25314726,1.2285,367.2587
f64,Duplicates,Quicksort,100000,0.5403,362094,0,0.5202,25326992,1.2287,2824.1589
f64,Duplicates,Timsort,100000,0.7241,382517,0,0.5196,25327600,1.2286,2107.2357
f64,Duplicates,ARS Gen 1: Foundation,100000,1.2931,99995,300000,0.5203,25441502,1.2282,1180.0527
f64,Duplicates,ARS Gen 2: Grid Mapping,100000,1.6185,99995,300000,0.5202,25440993,1.2286,942.7677
f64,Duplicates,ARS Gen 3: Apex Baseline,100000,2.4116,1129938,108703,0.5202,25335537,1.2288,632.7360
f64,Duplicates,ARS Gen 4: Parallel Apex,100000,0.6953,100001,100000,0.5199,25336323,1.2282,2194.4041
f64,Duplicates,ARS Gen 5: Optimized Apex (MAIN),100000,0.3895,100001,0,0.5197,25335353,1.2283,3917.7840
f64,Duplicates,ARS Gen 5: Optimized Apex (Stable),100000,0.3906,100001,0,0.5197,25336165,1.2283,3906.7201
f64,Duplicates,ARS Gen 6: Aero Architecture,100000,0.5761,100001,0,0.5198,25390548,1.2282,2648.7918
f64,Duplicates,ARS Gen 6: Aero (Stable),100000,0.6420,100001,0,0.5198,25390427,1.2282,2376.8177
f64,Duplicates,ARS Exp A: Recursive Parallel,100000,0.6485,199996,0,0.5195,25342255,1.2279,2352.8996
f64,Duplicates,ARS Exp B: Hierarchical Staging,100000,0.6345,199996,0,0.5197,25334321,1.2285,2404.8601
f64,Duplicates,ARS Exp C: Adaptive Hierarchical,100000,0.6772,199996,0,0.5195,25342656,1.2280,2253.2441
f64,Duplicates,ARS Exp D: Stream Micro-Batch,100000,0.8489,100001,200000,0.5199,25338823,1.2279,1797.4630
f64,Duplicates,Quicksort,1000000,4.6848,3809528,0,0.5183,25347928,1.2322,3257.0886
f64,Duplicates,Timsort,1000000,9.3932,4510660,0,0.5177,25349614,1.2294,1624.4559
f64,Duplicates,ARS Gen 3: Apex Baseline,1000000,26.1885,12062959,1017407,0.5199,25413999,1.2312,582.6519
f64,Duplicates,ARS Gen 4: Parallel Apex,1000000,6.7670,999999,1000000,0.5227,25363536,1.2133,2254.8927
f64,Duplicates,ARS Gen 5: Optimized Apex (MAIN),1000000,7.4715,999999,0,0.5228,25363032,1.2159,2042.2696
f64,Duplicates,ARS Gen 5: Optimized Apex (Stable),1000000,7.3892,999999,0,0.5229,25364000,1.2141,2065.0190
f64,Duplicates,ARS Gen 6: Aero Architecture,1000000,4.9538,999999,0,0.5209,25914216,1.2248,3080.2321
f64,Duplicates,ARS Gen 6: Aero (Stable),1000000,4.8968,999999,0,0.5209,25913048,1.2258,3116.0787
f64,Duplicates,ARS Exp A: Recursive Parallel,1000000,9.6268,1999994,0,0.5233,25372754,1.2135,1585.0310
f64,Duplicates,ARS Exp B: Hierarchical Staging,1000000,7.9207,1999994,0,0.5222,25361922,1.2210,1926.4508
f64,Duplicates,ARS Exp C: Adaptive Hierarchical,1000000,8.6961,1999994,0,0.5229,25374909,1.2121,1754.6710
f64,Duplicates,ARS Exp D: Stream Micro-Batch,1000000,21.5165,5364815,2000000,0.5218,25391453,1.2286,709.1662
f64,Zipfian,Quicksort,1000,0.0088,5508,0,0.5190,25436520,1.2356,1739.4880
f64,Zipfian,Timsort,1000,0.0121,5460,0,0.5190,25436713,1.2356,1260.7444
f64,Zipfian,ARS Gen 1: Foundation,1000,0.0503,921,2000,0.5190,25438756,1.2356,303.3315
f64,Zipfian,ARS Gen 2: Grid Mapping,1000,0.0555,921,2000,0.5190,25438637,1.2356,275.1761
f64,Zipfian,ARS Gen 3: Apex Baseline,1000,0.0085,5508,0,0.5190,25436526,1.2356,1794.3073
f64,Zipfian,ARS Gen 4: Parallel Apex,1000,0.0083,5508,0,0.5190,25436523,1.2356,1836.4170
f64,Zipfian,ARS Gen 5: Optimized Apex (MAIN),1000,0.0085,5508,0,0.5190,25436518,1.2356,1794.0963
f64,Zipfian,ARS Gen 5: Optimized Apex (Stable),1000,0.0126,5460,0,0.5190,25436726,1.2356,1214.6783
f64,Zipfian,ARS Gen 6: Aero Architecture,1000,0.0086,5508,0,0.5190,25436514,1.2356,1767.7003
f64,Zipfian,ARS Gen 6: Aero (Stable),1000,0.0121,5460,0,0.5190,25436727,1.2356,1261.5783
f64,Zipfian,ARS Exp A: Recursive Parallel,1000,0.0087,5508,0,0.5190,25436534,1.2356,1744.6592
f64,Zipfian,ARS Exp B: Hierarchical Staging,1000,0.0084,5508,0,0.5190,25436516,1.2356,1808.9851
f64,Zipfian,ARS Exp C: Adaptive Hierarchical,1000,0.0082,5508,0,0.5190,25436508,1.2356,1849.9987
f64,Zipfian,ARS Exp D: Stream Micro-Batch,1000,0.1087,5508,2000,0.5190,25437036,1.2355,140.4127
f64,Zipfian,Quicksort,10000,0.0718,53621,0,0.5188,25439186,1.2355,2124.5877
f64,Zipfian,Timsort,10000,0.0995,53742,0,0.5188,25440022,1.2354,1533.7624
f64,Zipfian,ARS Gen 1: Foundation,10000,0.3065,9683,30000,0.5187,25457284,1.2356,497.7618
f64,Zipfian,ARS Gen 2: Grid Mapping,10000,0.3574,9683,30000,0.5187,25458122,1.2355,426.9889
f64,Zipfian,ARS Gen 3: Apex Baseline,10000,0.3158,124917,14351,0.5188,25442355,1.2355,483.1758
f64,Zipfian,ARS Gen 4: Parallel Apex,10000,0.2164,10961,10000,0.5186,25446001,1.2353,704.9861
f64,Zipfian,ARS Gen 5: Optimized Apex (MAIN),10000,0.1671,10961,0,0.5187,25445128,1.2353,912.9182
f64,Zipfian,ARS Gen 5: Optimized Apex (Stable),10000,0.1450,11013,0,0.5187,25444698,1.2353,1052.5045
f64,Zipfian,ARS Gen 6: Aero Architecture,10000,0.3224,14023,0,0.5187,25445464,1.2354,473.3492
f64,Zipfian,ARS Gen 6: Aero (Stable),10000,0.3454,14226,0,0.5187,25446744,1.2354,441.7306
f64,Zipfian,ARS Exp A: Recursive Parallel,10000,0.1699,15115,0,0.5187,25444605,1.2353,897.9773
f64,Zipfian,ARS Exp B: Hierarchical Staging,10000,0.1462,10961,0,0.5187,25444458,1.2353,1043.6785
f64,Zipfian,ARS Exp C: Adaptive Hierarchical,10000,0.1422,10961,0,0.5186,25444827,1.2353,1073.1041
f64,Zipfian,ARS Exp D: Stream Micro-Batch,10000,0.3247,10961,20000,0.5186,25447665,1.2353,469.8916
f64,Zipfian,Quicksort,100000,0.7187,532062,0,0.5180,25460105,1.2358,2123.2396
f64,Zipfian,Timsort,100000,0.9669,535405,0,0.5175,25463345,1.2357,1578.1504
f64,Zipfian,ARS Gen 1: Foundation,100000,1.9602,98733,300000,0.5178,25642587,1.2354,778.4215
f64,Zipfian,ARS Gen 2: Grid Mapping,100000,2.1654,98733,300000,0.5177,25652126,1.2350,704.6595
f64,Zipfian,ARS Gen 3: Apex Baseline,100000,2.4788,1174310,108703,0.5179,25470462,1.2356,615.5629
f64,Zipfian,ARS Gen 4: Parallel Apex,100000,0.6688,122228,100000,0.5176,25470658,1.2349,2281.6198
f64,Zipfian,ARS Gen 5: Optimized Apex (MAIN),100000,0.4369,122228,0,0.5175,25471643,1.2351,3492.6568
f64,Zipfian,ARS Gen 5: Optimized Apex (Stable),100000,0.4756,122352,0,0.5175,25471444,1.2349,3208.3915
f64,Zipfian,ARS Gen 6: Aero Architecture,100000,0.6616,151812,0,0.5177,25479739,1.2352,2306.2560
f64,Zipfian,ARS Gen 6: Aero (Stable),100000,0.8077,152487,0,0.5177,25484858,1.2353,1889.2590
f64,Zipfian,ARS Exp A: Recursive Parallel,100000,0.6539,192482,0,0.5175,25473559,1.2347,2333.6120
f64,Zipfian,ARS Exp B: Hierarchical Staging,100000,0.7330,182525,0,0.5175,25467608,1.2352,2081.7072
f64,Zipfian,ARS Exp C: Adaptive Hierarchical,100000,0.7557,186875,0,0.5175,25474454,1.2346,2019.1222
f64,Zipfian,ARS Exp D: Stream Micro-Batch,100000,0.8302,122228,200000,0.5174,25473871,1.2351,1837.8880
f64,Zipfian,Quicksort,1000000,7.1260,5301519,0,0.5160,25476645,1.2411,2141.2734
f64,Zipfian,Timsort,1000000,12.7048,6302942,0,0.5140,25487657,1.2380,1201.0277
f64,Zipfian,ARS Gen 3: Apex Baseline,1000000,27.2228,12308876,1017407,0.5186,25545172,1.2365,560.5146
f64,Zipfian,ARS Gen 4: Parallel Apex,1000000,6.8672,1094612,1000000,0.5207,25491884,1.2208,2221.9698
f64,Zipfian,ARS Gen 5: Optimized Apex (MAIN),1000000,6.3575,1094612,0,0.5207,25492474,1.2233,2400.1230
f64,Zipfian,ARS Gen 5: Optimized Apex (Stable),1000000,6.6501,1095552,0,0.5207,25500746,1.2243,2294.5109
f64,Zipfian,ARS Gen 6: Aero Architecture,1000000,4.9952,1539866,0,0.5196,25615559,1.2346,3054.6830
f64,Zipfian,ARS Gen 6: Aero (Stable),1000000,5.3915,1544970,0,0.5195,25628329,1.2341,2830.1592
f64,Zipfian,ARS Exp A: Recursive Parallel,1000000,9.9845,1989097,0,0.5212,25499513,1.2242,1528.2410
f64,Zipfian,ARS Exp B: Hierarchical Staging,1000000,8.3296,2062330,0,0.5206,25487229,1.2304,1831.8690
f64,Zipfian,ARS Exp C: Adaptive Hierarchical,1000000,9.4002,2113182,0,0.5212,25501995,1.2203,1623.2487
f64,Zipfian,ARS Exp D: Stream Micro-Batch,1000000,21.6567,5807618,2000000,0.5157,25586096,1.2358,704.5774
f64,Skewed,Quicksort,1000,0.0181,10241,0,0.5182,25606758,1.2351,845.0814
f64,Skewed,Timsort,1000,0.0262,10555,0,0.5182,25607254,1.2351,582.2632
f64,Skewed,ARS Gen 1: Foundation,1000,0.2337,0,2000,0.5182,25614139,1.2352,65.2944
f64,Skewed,ARS Gen 2: Grid Mapping,1000,0.2784,0,2000,0.5182,25614803,1.2352,54.8097
f64,Skewed,ARS Gen 3: Apex Baseline,1000,0.0170,10241,0,0.5182,25606754,1.2351,895.4163
f64,Skewed,ARS Gen 4: Parallel Apex,1000,0.0172,10241,0,0.5182,25606757,1.2351,884.9266
f64,Skewed,ARS Gen 5: Optimized Apex (MAIN),1000,0.0171,10241,0,0.5182,25606748,1.2351,889.7772
f64,Skewed,ARS Gen 5: Optimized Apex (Stable),1000,0.0268,10555,0,0.5182,25607312,1.2351,568.8272
f64,Skewed,ARS Gen 6: Aero Architecture,1000,0.0181,10241,0,0.5182,25606749,1.2351,845.0814
f64,Skewed,ARS Gen 6: Aero (Stable),1000,0.0264,10555,0,0.5182,25607292,1.2351,578.7956
f64,Skewed,ARS Exp A: Recursive Parallel,1000,0.0179,10241,0,0.5182,25606749,1.2351,852.2083
f64,Skewed,ARS Exp B: Hierarchical Staging,1000,0.0171,10241,0,0.5182,25606734,1.2351,892.1703
f64,Skewed,ARS Exp C: Adaptive Hierarchical,1000,0.0169,10241,0,0.5182,25606711,1.2351,901.1273
f64,Skewed,ARS Exp D: Stream Micro-Batch,1000,0.1260,10241,2000,0.5182,25607257,1.2351,121.0909
f64,Skewed,Quicksort,10000,0.2270,137603,0,0.5180,25614432,1.2350,672.2467
f64,Skewed,Timsort,10000,0.3191,140916,0,0.5180,25619804,1.2350,478.1865
f64,Skewed,ARS Gen 1: Foundation,10000,5.8607,0,30000,0.5158,25705988,1.2376,26.0359
f64,Skewed,ARS Gen 2: Grid Mapping,10000,6.0955,0,30000,0.5157,25711553,1.2377,25.0330
f64,Skewed,ARS Gen 3: Apex Baseline,10000,0.4085,192365,14351,0.5179,25620038,1.2350,373.4965
f64,Skewed,ARS Gen 4: Parallel Apex,10000,0.2789,66763,10000,0.5178,25622096,1.2348,547.0806
f64,Skewed,ARS Gen 5: Optimized Apex (MAIN),10000,0.2317,66763,0,0.5179,25621460,1.2348,658.4926
f64,Skewed,ARS Gen 5: Optimized Apex (Stable),10000,0.1862,69738,0,0.5178,25626648,1.2348,819.6775
f64,Skewed,ARS Gen 6: Aero Architecture,10000,0.2343,61211,0,0.5178,25622590,1.2349,651.1528
f64,Skewed,ARS Gen 6: Aero (Stable),10000,0.2995,64630,0,0.5179,25626575,1.2348,509.4142
f64,Skewed,ARS Exp A: Recursive Parallel,10000,0.1835,66763,0,0.5178,25621137,1.2348,831.3604
f64,Skewed,ARS Exp B: Hierarchical Staging,10000,0.1849,66763,0,0.5178,25621730,1.2348,825.4330
f64,Skewed,ARS Exp C: Adaptive Hierarchical,10000,0.1764,66763,0,0.5178,25621254,1.2348,865.2413
f64,Skewed,ARS Exp D: Stream Micro-Batch,10000,0.3824,66763,20000,0.5177,25623545,1.2348,399.0530
f64,Skewed,Quicksort,100000,2.8917,1710395,0,0.5172,25700510,1.2365,527.6670
f64,Skewed,Timsort,100000,3.7919,1746952,0,0.5167,25750065,1.2362,402.4091
f64,Skewed,ARS Gen 1: Foundation,100000,49.9461,0,300000,0.4547,26617504,1.2103,30.5505
f64,Skewed,ARS Gen 2: Grid Mapping,100000,56.4823,0,300000,0.4558,26672314,1.2177,27.0152
f64,Skewed,ARS Gen 3: Apex Baseline,100000,3.9147,1885598,108703,0.5171,25714994,1.2352,389.7784
f64,Skewed,ARS Gen 4: Parallel Apex,100000,2.0521,1045510,100000,0.5172,25706619,1.2346,743.5524
f64,Skewed,ARS Gen 5: Optimized Apex (MAIN),100000,1.4887,1045510,0,0.5171,25713603,1.2346,1024.9438
f64,Skewed,ARS Gen 5: Optimized Apex (Stable),100000,1.8280,1086813,0,0.5171,25765659,1.2342,834.7145
f64,Skewed,ARS Gen 6: Aero Architecture,100000,1.5650,981284,0,0.5170,25724856,1.2351,974.9838
f64,Skewed,ARS Gen 6: Aero (Stable),100000,1.7980,1020457,0,0.5170,25779067,1.2345,848.6322
f64,Skewed,ARS Exp A: Recursive Parallel,100000,1.3514,1045510,0,0.5168,25713877,1.2345,1129.0930
f64,Skewed,ARS Exp B: Hierarchical Staging,100000,1.4478,936769,0,0.5170,25709438,1.2348,1053.9024
f64,Skewed,ARS Exp C: Adaptive Hierarchical,100000,1.1958,1045510,0,0.5169,25713420,1.2346,1276.0543
f64,Skewed,ARS Exp D: Stream Micro-Batch,100000,1.5278,1045510,200000,0.5167,25719756,1.2344,998.7517
f64,Skewed,Quicksort,1000000,32.3701,20431039,0,0.5144,26319115,1.2562,471.3856
f64,Skewed,Timsort,1000000,52.4610,20806652,0,0.5105,26806577,1.2509,290.8598
f64,Skewed,ARS Gen 3: Apex Baseline,1000000,34.4184,21500526,1017407,0.5141,26378370,1.2386,443.3324
f64,Skewed,ARS Gen 4: Parallel Apex,1000000,12.9452,12082942,1000000,0.5193,26324734,1.2299,1178.7203
f64,Skewed,ARS Gen 5: Optimized Apex (MAIN),1000000,11.5687,12082942,0,0.5192,26339420,1.2288,1318.9669
f64,Skewed,ARS Gen 5: Optimized Apex (Stable),1000000,15.0976,12502702,0,0.5193,26848593,1.2309,1010.6789
f64,Skewed,ARS Gen 6: Aero Architecture,1000000,10.1415,13210593,0,0.5179,26467681,1.2387,1504.5873
f64,Skewed,ARS Gen 6: Aero (Stable),1000000,12.4419,13633723,0,0.5173,26970568,1.2354,1226.4006
f64,Skewed,ARS Exp A: Recursive Parallel,1000000,11.9547,7768109,0,0.5174,26463552,1.2254,1276.3812
f64,Skewed,ARS Exp B: Hierarchical Staging,1000000,13.4209,6294342,0,0.5165,26290289,1.2309,1136.9392
f64,Skewed,ARS Exp C: Adaptive Hierarchical,1000000,13.2101,7082878,0,0.5164,26321238,1.2264,1155.0830
f64,Skewed,ARS Exp D: Stream Micro-Batch,1000000,26.9962,13879903,2000000,0.5189,27907979,1.2232,565.2190
f64,Clustered,Quicksort,1000,0.0201,10551,0,0.5194,26716683,1.2262,760.0513
f64,Clustered,Timsort,1000,0.0297,10537,0,0.5194,26717240,1.2262,513.5564
f64,Clustered,ARS Gen 1: Foundation,1000,0.2553,0,2000,0.5194,26724058,1.2263,59.7760
f64,Clustered,ARS Gen 2: Grid Mapping,1000,0.3061,0,2000,0.5193,26724696,1.2263,49.8422
f64,Clustered,ARS Gen 3: Apex Baseline,1000,0.0191,10551,0,0.5194,26716712,1.2262,799.5593
f64,Clustered,ARS Gen 4: Parallel Apex,1000,0.0189,10551,0,0.5194,26716704,1.2262,809.2702
f64,Clustered,ARS Gen 5: Optimized Apex (MAIN),1000,0.0187,10551,0,0.5194,26716708,1.2262,814.0192
f64,Clustered,ARS Gen 5: Optimized Apex (Stable),1000,0.0285,10537,0,0.5194,26717247,1.2262,535.9791
f64,Clustered,ARS Gen 6: Aero Architecture,1000,0.0196,10551,0,0.5194,26716695,1.2262,776.8054
f64,Clustered,ARS Gen 6: Aero (Stable),1000,0.0280,10537,0,0.5194,26717210,1.2262,545.7754
f64,Clustered,ARS Exp A: Recursive Parallel,1000,0.0196,10551,0,0.5194,26716688,1.2262,776.9241
f64,Clustered,ARS Exp B: Hierarchical Staging,1000,0.0189,10551,0,0.5194,26716707,1.2262,809.3560
f64,Clustered,ARS Exp C: Adaptive Hierarchical,1000,0.0187,10551,0,0.5194,26716691,1.2262,815.9344
f64,Clustered,ARS Exp D: Stream Micro-Batch,1000,0.1297,10551,2000,0.5193,26717276,1.2262,117.6024
f64,Clustered,Quicksort,10000,0.2382,136744,0,0.5192,26724058,1.2261,640.4717
f64,Clustered,Timsort,10000,0.3426,140772,0,0.5191,26729558,1.2261,445.4055
f64,Clustered,ARS Gen 1: Foundation,10000,6.1069,0,30000,0.5169,26815759,1.2286,24.9860
f64,Clustered,ARS Gen 2: Grid Mapping,10000,6.0742,0,30000,0.5170,26821195,1.2288,25.1208
f64,Clustered,ARS Gen 3: Apex Baseline,10000,0.4312,193085,14351,0.5190,26729641,1.2261,353.8705
f64,Clustered,ARS Gen 4: Parallel Apex,10000,0.4542,126000,10000,0.5190,26730871,1.2260,335.9295
f64,Clustered,ARS Gen 5: Optimized Apex (MAIN),10000,0.3341,126000,0,0.5190,26731959,1.2260,456.6968
f64,Clustered,ARS Gen 5: Optimized Apex (Stable),10000,0.3996,130426,0,0.5190,26737315,1.2260,381.8353
f64,Clustered,ARS Gen 6: Aero Architecture,10000,0.4486,118809,0,0.5190,26733781,1.2260,340.1621
f64,Clustered,ARS Gen 6: Aero (Stable),10000,0.6107,123101,0,0.5190,26739828,1.2260,249.8414
f64,Clustered,ARS Exp A: Recursive Parallel,10000,0.4811,90031,0,0.5190,26733221,1.2260,317.1719
f64,Clustered,ARS Exp B: Hierarchical Staging,10000,0.4454,126000,0,0.5190,26730564,1.2260,342.5993
f64,Clustered,ARS Exp C: Adaptive Hierarchical,10000,0.4012,126000,0,0.5190,26732076,1.2260,380.2832
f64,Clustered,ARS Exp D: Stream Micro-Batch,10000,0.6161,126000,20000,0.5190,26733561,1.2259,247.6497
f64,Clustered,Quicksort,100000,3.3850,1704961,0,0.5188,26793316,1.2273,450.7744
f64,Clustered,Timsort,100000,4.8310,1748322,0,0.5185,26842258,1.2270,315.8528
f64,Clustered,ARS Gen 1: Foundation,100000,68.2796,0,300000,0.4717,27715080,1.2055,22.3475
f64,Clustered,ARS Gen 2: Grid Mapping,100000,50.8516,0,300000,0.4620,27763121,1.2134,30.0065
f64,Clustered,ARS Gen 3: Apex Baseline,100000,3.3389,1885129,108703,0.5186,26806498,1.2265,456.9975
f64,Clustered,ARS Gen 4: Parallel Apex,100000,2.4855,1618379,100000,0.5184,26804425,1.2275,613.9058
f64,Clustered,ARS Gen 5: Optimized Apex (MAIN),100000,1.7135,1618379,0,0.5185,26805471,1.2268,890.5109
f64,Clustered,ARS Gen 5: Optimized Apex (Stable),100000,2.4562,1658575,0,0.5182,26855567,1.2266,621.2457
f64,Clustered,ARS Gen 6: Aero Architecture,100000,1.7338,1529988,0,0.5185,26861197,1.2267,880.1001
f64,Clustered,ARS Gen 6: Aero (Stable),100000,2.1203,1573500,0,0.5183,26911352,1.2268,719.6381
f64,Clustered,ARS Exp A: Recursive Parallel,100000,1.3405,673827,0,0.5174,26826476,1.2258,1138.3019
f64,Clustered,ARS Exp B: Hierarchical Staging,100000,1.4879,837701,0,0.5179,26805297,1.2261,1025.5176
f64,Clustered,ARS Exp C: Adaptive Hierarchical,100000,1.6362,967480,0,0.5176,26820712,1.2258,932.5469
f64,Clustered,ARS Exp D: Stream Micro-Batch,100000,2.1840,1618379,200000,0.5181,26809094,1.2274,698.6769
f64,Clustered,Quicksort,1000000,34.2654,20435426,0,0.5154,27302614,1.2468,445.3123
f64,Clustered,Timsort,1000000,42.7322,20818465,0,0.5096,27786209,1.2426,357.0798
f64,Clustered,ARS Gen 3: Apex Baseline,1000000,32.4090,21488833,1017407,0.5147,27364954,1.2289,470.8197
f64,Clustered,ARS Gen 4: Parallel Apex,1000000,26.1509,19275700,1000000,0.5179,27305942,1.2363,583.4905
f64,Clustered,ARS Gen 5: Optimized Apex (MAIN),1000000,19.4302,19275700,0,0.5186,27322326,1.2306,785.3117
f64,Clustered,ARS Gen 5: Optimized Apex (Stable),1000000,28.7233,19658200,0,0.5148,27812515,1.2255,531.2332
f64,Clustered,ARS Gen 6: Aero Architecture,1000000,19.1587,19275700,0,0.5170,27870528,1.2407,796.4431
f64,Clustered,ARS Gen 6: Aero (Stable),1000000,24.1228,19658200,0,0.5139,28346609,1.2325,632.5473
f64,Clustered,ARS Exp A: Recursive Parallel,1000000,18.6488,6708948,0,0.5183,27381026,1.2029,818.2196
f64,Clustered,ARS Exp B: Hierarchical Staging,1000000,19.8575,6379291,0,0.5207,27282081,1.2142,768.4134
f64,Clustered,ARS Exp C: Adaptive Hierarchical,1000000,17.8121,8360463,0,0.5218,27338298,1.2086,856.6514
f64,Clustered,ARS Exp D: Stream Micro-Batch,1000000,30.2121,20819820,2000000,0.5163,28326248,1.2326,505.0549
f64,BucketCollapse,Quicksort,1000,0.0185,10288,0,0.5154,31788520,1.2394,825.0224
f64,BucketCollapse,Timsort,1000,0.0274,10450,0,0.5154,31789056,1.2394,557.1341
f64,BucketCollapse,ARS Gen 1: Foundation,1000,0.2370,0,2000,0.5154,31795859,1.2395,64.3882
f64,BucketCollapse,ARS Gen 2: Grid Mapping,1000,0.2790,0,2000,0.5154,31796963,1.2395,54.6822
f64,BucketCollapse,ARS Gen 3: Apex Baseline,1000,0.0173,10288,0,0.5154,31788496,1.2394,883.4408
f64,BucketCollapse,ARS Gen 4: Parallel Apex,1000,0.0175,10288,0,0.5154,31788526,1.2394,870.9852
f64,BucketCollapse,ARS Gen 5: Optimized Apex (MAIN),1000,0.0177,10288,0,0.5154,31788501,1.2394,861.7377
f64,BucketCollapse,ARS Gen 5: Optimized Apex (Stable),1000,0.0274,10450,0,0.5154,31789051,1.2394,557.8266
f64,BucketCollapse,ARS Gen 6: Aero Architecture,1000,0.0184,10288,0,0.5154,31788519,1.2394,830.8172
f64,BucketCollapse,ARS Gen 6: Aero (Stable),1000,0.0292,10450,0,0.5154,31789066,1.2394,523.2601
f64,BucketCollapse,ARS Exp A: Recursive Parallel,1000,0.0186,10288,0,0.5154,31788520,1.2394,820.7621
f64,BucketCollapse,ARS Exp B: Hierarchical Staging,1000,0.0175,10288,0,0.5154,31788489,1.2394,869.8432
f64,BucketCollapse,ARS Exp C: Adaptive Hierarchical,1000,0.0176,10288,0,0.5154,31788493,1.2394,864.7166
f64,BucketCollapse,ARS Exp D: Stream Micro-Batch,1000,0.1243,10288,2000,0.5153,31789034,1.2394,122.7508
f64,BucketCollapse,Quicksort,10000,0.2181,136714,0,0.5152,31795734,1.2394,699.6492
f64,BucketCollapse,Timsort,10000,0.3084,140903,0,0.5152,31801075,1.2393,494.7550
f64,BucketCollapse,ARS Gen 1: Foundation,10000,5.5646,160,30000,0.5126,31887450,1.2415,27.4214
f64,BucketCollapse,ARS Gen 2: Grid Mapping,10000,5.6963,160,30000,0.5125,31893237,1.2416,26.7872
f64,BucketCollapse,ARS Gen 3: Apex Baseline,10000,0.4116,193162,14351,0.5151,31801278,1.2393,370.6955
f64,BucketCollapse,ARS Gen 4: Parallel Apex,10000,0.2541,52333,10000,0.5150,31802355,1.2392,600.5033
f64,BucketCollapse,ARS Gen 5: Optimized Apex (MAIN),10000,0.1552,52333,0,0.5150,31801628,1.2392,983.4609
f64,BucketCollapse,ARS Gen 5: Optimized Apex (Stable),10000,0.1721,57763,0,0.5150,31803929,1.2391,886.7935
f64,BucketCollapse,ARS Gen 6: Aero Architecture,10000,0.1554,59128,0,0.5150,31801658,1.2392,981.9862
f64,BucketCollapse,ARS Gen 6: Aero (Stable),10000,0.2259,62231,0,0.5150,31804486,1.2392,675.5054
f64,BucketCollapse,ARS Exp A: Recursive Parallel,10000,0.1732,52333,0,0.5150,31802096,1.2391,881.0179
f64,BucketCollapse,ARS Exp B: Hierarchical Staging,10000,0.1669,52333,0,0.5150,31801882,1.2391,914.4940
f64,BucketCollapse,ARS Exp C: Adaptive Hierarchical,10000,0.1672,52333,0,0.5150,31801414,1.2392,912.4597
f64,BucketCollapse,ARS Exp D: Stream Micro-Batch,10000,0.3677,52333,20000,0.5150,31803118,1.2391,415.0120
f64,BucketCollapse,Quicksort,100000,2.6740,1706033,0,0.5144,31875107,1.2406,570.6311
f64,BucketCollapse,Timsort,100000,3.5997,1748408,0,0.5139,31924316,1.2404,423.8932
f64,BucketCollapse,ARS Gen 1: Foundation,100000,43.7556,15822,300000,0.4565,32800471,1.2222,34.8728
f64,BucketCollapse,ARS Gen 2: Grid Mapping,100000,48.2100,15822,300000,0.4535,32890452,1.2171,31.6507
f64,BucketCollapse,ARS Gen 3: Apex Baseline,100000,3.0071,1885784,108703,0.5142,31889159,1.2394,507.4225
f64,BucketCollapse,ARS Gen 4: Parallel Apex,100000,1.1073,882348,100000,0.5142,31888274,1.2391,1378.0400
f64,BucketCollapse,ARS Gen 5: Optimized Apex (MAIN),100000,0.8920,882348,0,0.5141,31889191,1.2387,1710.7110
f64,BucketCollapse,ARS Gen 5: Optimized Apex (Stable),100000,1.0463,921462,0,0.5141,31939247,1.2385,1458.3528
f64,BucketCollapse,ARS Gen 6: Aero Architecture,100000,0.9724,940138,0,0.5141,31900553,1.2392,1569.1240
f64,BucketCollapse,ARS Gen 6: Aero (Stable),100000,1.0962,976280,0,0.5141,31952155,1.2389,1391.9510
f64,BucketCollapse,ARS Exp A: Recursive Parallel,100000,0.8717,882348,0,0.5139,31888336,1.2391,1750.4413
f64,BucketCollapse,ARS Exp B: Hierarchical Staging,100000,0.8738,771432,0,0.5141,31880518,1.2389,1746.2145
f64,BucketCollapse,ARS Exp C: Adaptive Hierarchical,100000,0.8742,882348,0,0.5142,31889207,1.2388,1745.5273
f64,BucketCollapse,ARS Exp D: Stream Micro-Batch,100000,1.2141,882348,200000,0.5142,31891495,1.2384,1256.7580
f64,BucketCollapse,Quicksort,1000000,30.2240,20389196,0,0.5105,32498743,1.2581,504.8571
f64,BucketCollapse,Timsort,1000000,43.6974,20780417,0,0.5055,32982535,1.2539,349.1920
f64,BucketCollapse,ARS Gen 3: Apex Baseline,1000000,28.5065,21441825,1017407,0.5114,32556562,1.2433,535.2739
f64,BucketCollapse,ARS Gen 4: Parallel Apex,1000000,9.9753,10157321,1000000,0.5150,32500210,1.2326,1529.6569
f64,BucketCollapse,ARS Gen 5: Optimized Apex (MAIN),1000000,9.4958,10157321,0,0.5150,32515576,1.2310,1606.9048
f64,BucketCollapse,ARS Gen 5: Optimized Apex (Stable),1000000,11.5677,10561958,0,0.5153,33034174,1.2288,1319.0855
f64,BucketCollapse,ARS Gen 6: Aero Architecture,1000000,8.9153,12859603,0,0.5147,32647589,1.2416,1711.5201
f64,BucketCollapse,ARS Gen 6: Aero (Stable),1000000,10.7701,13271645,0,0.5141,33152501,1.2397,1416.7690
f64,BucketCollapse,ARS Exp A: Recursive Parallel,1000000,9.5503,10157321,0,0.5142,32508433,1.2315,1597.7264
f64,BucketCollapse,ARS Exp B: Hierarchical Staging,1000000,10.6848,11214454,0,0.5152,32504896,1.2372,1428.0876
f64,BucketCollapse,ARS Exp C: Adaptive Hierarchical,1000000,10.5181,12268914,0,0.5154,32515592,1.2321,1450.7211
f64,BucketCollapse,ARS Exp D: Stream Micro-Batch,1000000,30.3118,13658791,2000000,0.5113,33510881,1.2385,503.3943
f64,LowCardinality,Quicksort,1000,0.0082,5797,0,0.5166,38567678,1.2420,1852.6942
f64,LowCardinality,Timsort,1000,0.0114,5499,0,0.5166,38567837,1.2420,1344.1498
f64,LowCardinality,ARS Gen 1: Foundation,1000,0.0473,984,2000,0.5166,38569886,1.2421,322.4187
f64,LowCardinality,ARS Gen 2: Grid Mapping,1000,0.0584,984,2000,0.5166,38570070,1.2421,261.4463
f64,LowCardinality,ARS Gen 3: Apex Baseline,1000,0.0078,5797,0,0.5166,38567677,1.2420,1963.8081
f64,LowCardinality,ARS Gen 4: Parallel Apex,1000,0.0082,5797,0,0.5166,38567676,1.2420,1863.3275
f64,LowCardinality,ARS Gen 5: Optimized Apex (MAIN),1000,0.0078,5797,0,0.5166,38567685,1.2420,1953.7502
f64,LowCardinality,ARS Gen 5: Optimized Apex (Stable),1000,0.0114,5499,0,0.5166,38567842,1.2420,1335.4445
f64,LowCardinality,ARS Gen 6: Aero Architecture,1000,0.0080,5797,0,0.5166,38567682,1.2420,1903.3041
f64,LowCardinality,ARS Gen 6: Aero (Stable),1000,0.0116,5499,0,0.5166,38567832,1.2420,1313.2618
f64,LowCardinality,ARS Exp A: Recursive Parallel,1000,0.0082,5797,0,0.5166,38567674,1.2420,1855.1719
f64,LowCardinality,ARS Exp B: Hierarchical Staging,1000,0.0078,5797,0,0.5166,38567681,1.2420,1950.5035
f64,LowCardinality,ARS Exp C: Adaptive Hierarchical,1000,0.0078,5797,0,0.5166,38567672,1.2420,1949.7558
f64,LowCardinality,ARS Exp D: Stream Micro-Batch,1000,0.1145,5797,2000,0.5166,38568304,1.2420,133.2901
f64,LowCardinality,Quicksort,10000,0.0678,53838,0,0.5165,38570609,1.2420,2251.3226
f64,LowCardinality,Timsort,10000,0.0925,53843,0,0.5164,38570983,1.2419,1649.4205
f64,LowCardinality,ARS Gen 1: Foundation,10000,0.2449,9984,30000,0.5164,38589602,1.2420,623.0697
f64,LowCardinality,ARS Gen 2: Grid Mapping,10000,0.3156,9984,30000,0.5164,38590222,1.2420,483.5602
f64,LowCardinality,ARS Gen 3: Apex Baseline,10000,0.3084,122148,14351,0.5164,38573059,1.2420,494.8497
f64,LowCardinality,ARS Gen 4: Parallel Apex,10000,0.2113,12061,10000,0.5163,38575545,1.2419,722.0805
f64,LowCardinality,ARS Gen 5: Optimized Apex (MAIN),10000,0.1293,12061,0,0.5163,38575868,1.2418,1180.0709
f64,LowCardinality,ARS Gen 5: Optimized Apex (Stable),10000,0.1277,12085,0,0.5163,38575858,1.2419,1194.8747
f64,LowCardinality,ARS Gen 6: Aero Architecture,10000,0.2126,12061,0,0.5163,38577220,1.2419,717.8445
f64,LowCardinality,ARS Gen 6: Aero (Stable),10000,0.1974,12085,0,0.5163,38577243,1.2419,773.0118
f64,LowCardinality,ARS Exp A: Recursive Parallel,10000,0.1309,12061,0,0.5163,38576054,1.2419,1165.9590
f64,LowCardinality,ARS Exp B: Hierarchical Staging,10000,0.1249,12061,0,0.5163,38575735,1.2419,1221.8566
f64,LowCardinality,ARS Exp C: Adaptive Hierarchical,10000,0.1291,12061,0,0.5163,38575823,1.2418,1181.7068
f64,LowCardinality,ARS Exp D: Stream Micro-Batch,10000,0.3122,12061,20000,0.5162,38577860,1.2418,488.7019
f64,LowCardinality,Quicksort,100000,0.6642,529379,0,0.5158,38588678,1.2422,2297.1905
f64,LowCardinality,Timsort,100000,0.8908,529674,0,0.5153,38589387,1.2421,1712.9348
f64,LowCardinality,ARS Gen 1: Foundation,100000,1.4329,99984,300000,0.5157,38774042,1.2412,1064.8856
f64,LowCardinality,ARS Gen 2: Grid Mapping,100000,1.5677,99984,300000,0.5157,38786646,1.2417,973.2929
f64,LowCardinality,ARS Gen 3: Apex Baseline,100000,2.1732,1143461,108703,0.5156,38597242,1.2421,702.1291
f64,LowCardinality,ARS Gen 4: Parallel Apex,100000,0.4870,151116,100000,0.5154,38599483,1.2419,3133.0414
f64,LowCardinality,ARS Gen 5: Optimized Apex (MAIN),100000,0.4191,151116,0,0.5154,38599393,1.2416,3640.5602
f64,LowCardinality,ARS Gen 5: Optimized Apex (Stable),100000,0.3568,151622,0,0.5154,38599317,1.2417,4276.8301
f64,LowCardinality,ARS Gen 6: Aero Architecture,100000,0.5294,99988,0,0.5155,38621249,1.2417,2882.4540
f64,LowCardinality,ARS Gen 6: Aero (Stable),100000,0.4941,99988,0,0.5155,38622103,1.2417,3088.2673
f64,LowCardinality,ARS Exp A: Recursive Parallel,100000,0.6679,199984,0,0.5152,38606140,1.2414,2284.7287
f64,LowCardinality,ARS Exp B: Hierarchical Staging,100000,0.5999,199972,0,0.5154,38596476,1.2418,2543.3604
f64,LowCardinality,ARS Exp C: Adaptive Hierarchical,100000,0.4820,100000,0,0.5153,38600689,1.2415,3165.5925
f64,LowCardinality,ARS Exp D: Stream Micro-Batch,100000,0.9160,151116,200000,0.5154,38601576,1.2417,1665.8339
f64,LowCardinality,Quicksort,1000000,6.0396,5138620,0,0.5130,38608909,1.2462,2526.4774
f64,LowCardinality,Timsort,1000000,10.3863,6175006,0,0.5104,38610671,1.2440,1469.1250
f64,LowCardinality,ARS Gen 3: Apex Baseline,1000000,25.0265,12087538,1017407,0.5147,38675186,1.2440,609.7057
f64,LowCardinality,ARS Gen 4: Parallel Apex,1000000,6.2054,999988,1000000,0.5178,38623074,1.2251,2458.9391
f64,LowCardinality,ARS Gen 5: Optimized Apex (MAIN),1000000,6.1884,999988,0,0.5178,38623152,1.2268,2465.7238
f64,LowCardinality,ARS Gen 5: Optimized Apex (Stable),1000000,6.2044,999988,0,0.5178,38623726,1.2337,2459.3402
f64,LowCardinality,ARS Gen 6: Aero Architecture,1000000,4.1701,999988,0,0.5164,38874821,1.2391,3659.1022
f64,LowCardinality,ARS Gen 6: Aero (Stable),1000000,4.1854,999988,0,0.5165,38875205,1.2397,3645.6964
f64,LowCardinality,ARS Exp A: Recursive Parallel,1000000,7.8913,1999972,0,0.5173,38634886,1.2290,1933.6168
f64,LowCardinality,ARS Exp B: Hierarchical Staging,1000000,7.2244,1999972,0,0.5169,38619381,1.2371,2112.1214
f64,LowCardinality,ARS Exp C: Adaptive Hierarchical,1000000,7.9001,1999976,0,0.5175,38625855,1.2267,1931.4576
f64,LowCardinality,ARS Exp D: Stream Micro-Batch,1000000,19.7538,5717339,2000000,0.5119,38688623,1.2453,772.4502
f64,PrefixCollision,Quicksort,1000,0.0163,10288,0,0.5141,38662475,1.2395,936.0646
f64,PrefixCollision,Timsort,1000,0.0428,10450,0,0.5141,38663047,1.2395,356.5388
f64,PrefixCollision,ARS Gen 1: Foundation,1000,0.4054,0,2000,0.5141,38669886,1.2395,37.6360
f64,PrefixCollision,ARS Gen 2: Grid Mapping,1000,0.5026,0,2000,0.5141,38671023,1.2395,30.3614
f64,PrefixCollision,ARS Gen 3: Apex Baseline,1000,0.0359,10288,0,0.5141,38662500,1.2395,425.0833
f64,PrefixCollision,ARS Gen 4: Parallel Apex,1000,0.0352,10288,0,0.5141,38662504,1.2395,433.1930
f64,PrefixCollision,ARS Gen 5: Optimized Apex (MAIN),1000,0.0363,10288,0,0.5141,38662475,1.2395,420.4566
f64,PrefixCollision,ARS Gen 5: Optimized Apex (Stable),1000,0.0500,10450,0,0.5141,38663094,1.2395,305.3896
f64,PrefixCollision,ARS Gen 6: Aero Architecture,1000,0.0364,10288,0,0.5141,38662481,1.2395,419.3934
f64,PrefixCollision,ARS Gen 6: Aero (Stable),1000,0.0484,10450,0,0.5141,38663092,1.2395,315.0820
f64,PrefixCollision,ARS Exp A: Recursive Parallel,1000,0.0351,10288,0,0.5141,38662487,1.2395,435.1573
f64,PrefixCollision,ARS Exp B: Hierarchical Staging,1000,0.0337,10288,0,0.5141,38662480,1.2395,452.2329
f64,PrefixCollision,ARS Exp C: Adaptive Hierarchical,1000,0.0215,10288,0,0.5141,38662480,1.2395,709.8102
f64,PrefixCollision,ARS Exp D: Stream Micro-Batch,1000,0.1975,10288,2000,0.5140,38663038,1.2395,77.2499
f64,PrefixCollision,Quicksort,10000,0.2891,136714,0,0.5139,38669774,1.2395,527.7210
f64,PrefixCollision,Timsort,10000,0.4044,140903,0,0.5139,38675052,1.2394,377.3108
f64,PrefixCollision,ARS Gen 1: Foundation,10000,5.1623,160,30000,0.5115,38761507,1.2414,29.5578
f64,PrefixCollision,ARS Gen 2: Grid Mapping,10000,5.2266,160,30000,0.5113,38766898,1.2414,29.1948
f64,PrefixCollision,ARS Gen 3: Apex Baseline,10000,0.3666,193162,14351,0.5138,38675137,1.2394,416.2756
f64,PrefixCollision,ARS Gen 4: Parallel Apex,10000,0.2341,52333,10000,0.5138,38675014,1.2393,651.7285
f64,PrefixCollision,ARS Gen 5: Optimized Apex (MAIN),10000,0.1485,52333,0,0.5137,38675664,1.2393,1027.3826
f64,PrefixCollision,ARS Gen 5: Optimized Apex (Stable),10000,0.1601,57763,0,0.5137,38678284,1.2393,953.0905
f64,PrefixCollision,ARS Gen 6: Aero Architecture,10000,0.1366,59128,0,0.5138,38674914,1.2393,1117.3525
f64,PrefixCollision,ARS Gen 6: Aero (Stable),10000,0.1497,62231,0,0.5138,38677374,1.2393,1019.0665
f64,PrefixCollision,ARS Exp A: Recursive Parallel,10000,0.1577,52333,0,0.5137,38675383,1.2393,967.5220
f64,PrefixCollision,ARS Exp B: Hierarchical Staging,10000,0.1514,52333,0,0.5137,38675516,1.2393,1007.7395
f64,PrefixCollision,ARS Exp C: Adaptive Hierarchical,10000,0.1566,52333,0,0.5137,38675663,1.2393,974.5915
f64,PrefixCollision,ARS Exp D: Stream Micro-Batch,10000,0.3284,52333,20000,0.5137,38677449,1.2392,464.5866
f64,PrefixCollision,Quicksort,100000,2.8751,1706033,0,0.5131,38754270,1.2405,530.7261
f64,PrefixCollision,Timsort,100000,3.7801,1748408,0,0.5126,38803919,1.2404,403.6636
f64,PrefixCollision,ARS Gen 1: Foundation,100000,42.5565,15822,300000,0.4607,39680800,1.2224,35.8553
f64,PrefixCollision,ARS Gen 2: Grid Mapping,100000,45.8755,15822,300000,0.4584,39771833,1.2208,33.2613
f64,PrefixCollision,ARS Gen 3: Apex Baseline,100000,2.9737,1885784,108703,0.5129,38768163,1.2395,513.1262
f64,PrefixCollision,ARS Gen 4: Parallel Apex,100000,1.0899,882348,100000,0.5128,38767547,1.2392,1399.9634
f64,PrefixCollision,ARS Gen 5: Optimized Apex (MAIN),100000,0.7795,882348,0,0.5127,38768037,1.2391,1957.4872
f64,PrefixCollision,ARS Gen 5: Optimized Apex (Stable),100000,0.9578,921462,0,0.5127,38819251,1.2387,1593.0532
f64,PrefixCollision,ARS Gen 6: Aero Architecture,100000,0.9901,940138,0,0.5128,38778911,1.2392,1541.1673
f64,PrefixCollision,ARS Gen 6: Aero (Stable),100000,1.1245,976280,0,0.5128,38832043,1.2390,1356.9773
f64,PrefixCollision,ARS Exp A: Recursive Parallel,100000,0.8070,882348,0,0.5126,38767558,1.2391,1890.8603
f64,PrefixCollision,ARS Exp B: Hierarchical Staging,100000,0.8705,771432,0,0.5127,38760686,1.2392,1752.9288
f64,PrefixCollision,ARS Exp C: Adaptive Hierarchical,100000,0.8423,882348,0,0.5127,38766485,1.2390,1811.4827
f64,PrefixCollision,ARS Exp D: Stream Micro-Batch,100000,1.2621,882348,200000,0.5128,38772629,1.2389,1209.0192
f64,PrefixCollision,Quicksort,1000000,30.5071,20389196,0,0.5091,39417703,1.2564,500.1721
f64,PrefixCollision,Timsort,1000000,44.9722,20780417,0,0.5045,39901944,1.2529,339.2937
f64,PrefixCollision,ARS Gen 3: Apex Baseline,1000000,28.5929,21441825,1017407,0.5099,39475835,1.2433,533.6564
f64,PrefixCollision,ARS Gen 4: Parallel Apex,1000000,9.7747,10157321,1000000,0.5133,39418264,1.2329,1561.0430
f64,PrefixCollision,ARS Gen 5: Optimized Apex (MAIN),1000000,9.5147,10157321,0,0.5133,39438722,1.2320,1603.7033
f64,PrefixCollision,ARS Gen 5: Optimized Apex (Stable),1000000,10.8714,10561958,0,0.5132,39948180,1.2317,1403.5749
f64,PrefixCollision,ARS Gen 6: Aero Architecture,1000000,8.8767,12859603,0,0.5129,39567385,1.2421,1718.9804
f64,PrefixCollision,ARS Gen 6: Aero (Stable),1000000,10.8991,13271645,0,0.5125,40070235,1.2407,1400.0062
f64,PrefixCollision,ARS Exp A: Recursive Parallel,1000000,9.9631,10157321,0,0.5129,39431153,1.2340,1531.5269
f64,PrefixCollision,ARS Exp B: Hierarchical Staging,1000000,10.7450,11214454,0,0.5136,39425172,1.2402,1420.0790
f64,PrefixCollision,ARS Exp C: Adaptive Hierarchical,1000000,10.7282,12268914,0,0.5137,39435792,1.2370,1422.3075
f64,PrefixCollision,ARS Exp D: Stream Micro-Batch,1000000,30.5926,13561646,2000000,0.5112,40428171,1.2360,498.7746
String,Random,Quicksort,1000,0.0619,10370,0,0.5170,44270233,1.2432,985.8532
String,Random,Timsort,1000,0.0756,10522,0,0.5170,44271152,1.2431,806.8631
String,Random,ARS Gen 1: Foundation,1000,0.3283,0,2000,0.5170,44277470,1.2432,185.9252
String,Random,ARS Gen 2: Grid Mapping,1000,0.3743,0,2000,0.5170,44278392,1.2432,163.0644
String,Random,ARS Gen 3: Apex Baseline,1000,0.0655,10370,0,0.5170,44270605,1.2432,931.7918
String,Random,ARS Gen 4: Parallel Apex,1000,0.0672,10370,0,0.5170,44270822,1.2431,908.5722
String,Random,ARS Gen 5: Optimized Apex (MAIN),1000,0.0686,10370,0,0.5170,44270888,1.2431,890.1535
String,Random,ARS Gen 5: Optimized Apex (Stable),1000,0.0767,10522,0,0.5170,44271074,1.2431,795.4847
String,Random,ARS Gen 6: Aero Architecture,1000,0.0664,10370,0,0.5170,44270680,1.2432,919.5504
String,Random,ARS Gen 6: Aero (Stable),1000,0.0742,10522,0,0.5170,44271061,1.2431,822.2659
String,Random,ARS Exp A: Recursive Parallel,1000,0.0640,10370,0,0.5170,44270780,1.2432,953.9277
String,Random,ARS Exp B: Hierarchical Staging,1000,0.0661,10370,0,0.5170,44270772,1.2431,923.8512
String,Random,ARS Exp C: Adaptive Hierarchical,1000,0.0659,10370,0,0.5170,44270810,1.2431,926.3330
String,Random,ARS Exp D: Stream Micro-Batch,1000,0.2494,10370,2000,0.5170,44272302,1.2432,244.7486
String,Random,Quicksort,10000,0.8237,136866,0,0.5166,44289984,1.2434,741.0021
String,Random,Timsort,10000,0.9726,141490,0,0.5164,44294166,1.2434,627.5605
String,Random,ARS Gen 1: Foundation,10000,6.8133,0,30000,0.5142,44365134,1.2455,89.5821
String,Random,ARS Gen 2: Grid Mapping,10000,6.9919,0,30000,0.5147,44370730,1.2457,87.2939
String,Random,ARS Gen 3: Apex Baseline,10000,2.3087,193846,14351,0.5164,44303977,1.2436,264.3660
String,Random,ARS Gen 4: Parallel Apex,10000,0.7595,67438,10000,0.5166,44297920,1.2430,803.5922
String,Random,ARS Gen 5: Optimized Apex (MAIN),10000,0.2557,67438,0,0.5166,44300745,1.2429,2387.0857
String,Random,ARS Gen 5: Optimized Apex (Stable),10000,0.2685,70298,0,0.5165,44297336,1.2430,2273.2748
String,Random,ARS Gen 6: Aero Architecture,10000,0.4076,63043,0,0.5165,44302348,1.2430,1497.6005
String,Random,ARS Gen 6: Aero (Stable),10000,0.4257,67007,0,0.5165,44303171,1.2430,1433.9182
String,Random,ARS Exp A: Recursive Parallel,10000,0.2820,67438,0,0.5166,44297241,1.2430,2164.0603
String,Random,ARS Exp B: Hierarchical Staging,10000,0.2792,67438,0,0.5166,44299033,1.2429,2186.4332
String,Random,ARS Exp C: Adaptive Hierarchical,10000,0.2746,67438,0,0.5166,44298619,1.2430,2222.5637
String,Random,ARS Exp D: Stream Micro-Batch,10000,1.2791,67438,20000,0.5162,44306221,1.2431,477.1760
String,Random,Quicksort,100000,11.8000,1718762,0,0.5105,44547117,1.2478,517.2491
String,Random,Timsort,100000,14.3292,1759891,0,0.5077,44664546,1.2468,425.9502
String,Random,ARS Gen 1: Foundation,100000,57.4503,0,300000,0.4637,45312484,1.2266,106.2399
String,Random,ARS Gen 2: Grid Mapping,100000,61.3728,0,300000,0.4573,45365734,1.2273,99.4499
String,Random,ARS Gen 3: Apex Baseline,100000,18.1959,1895222,108703,0.5151,44690898,1.2461,335.4339
String,Random,ARS Gen 4: Parallel Apex,100000,4.0552,1029722,100000,0.5150,44579475,1.2419,1505.1032
String,Random,ARS Gen 5: Optimized Apex (MAIN),100000,2.8863,1029722,0,0.5150,44509882,1.2403,2114.6219
String,Random,ARS Gen 5: Optimized Apex (Stable),100000,3.3254,1071423,0,0.5144,44632428,1.2392,1835.3959
String,Random,ARS Gen 6: Aero Architecture,100000,3.1992,978520,0,0.5146,44620366,1.2408,1907.8065
String,Random,ARS Gen 6: Aero (Stable),100000,3.4799,1019338,0,0.5145,44619454,1.2401,1753.9367
String,Random,ARS Exp A: Recursive Parallel,100000,3.2206,1029722,0,0.5147,44601749,1.2396,1895.1351
String,Random,ARS Exp B: Hierarchical Staging,100000,3.2579,961965,0,0.5152,44605758,1.2400,1873.4624
String,Random,ARS Exp C: Adaptive Hierarchical,100000,3.1685,1029722,0,0.5147,44594164,1.2400,1926.3235
String,Random,ARS Exp D: Stream Micro-Batch,100000,11.1888,1029722,200000,0.5116,44599437,1.2421,545.5018
String,Random,Quicksort,1000000,273.9474,20518628,0,0.5224,46812897,1.2642,222.7988
String,Random,Timsort,1000000,341.9134,20902099,0,0.5095,47315371,1.2469,178.5106
String,Random,ARS Gen 3: Apex Baseline,1000000,198.1182,21589743,1017407,0.5112,47955110,1.2392,308.0744
String,Random,ARS Gen 4: Parallel Apex,1000000,60.0180,12256776,1000000,0.5200,47255589,1.1747,1016.9475
String,Random,ARS Gen 5: Optimized Apex (MAIN),1000000,48.4547,12256776,0,0.5220,45798110,1.1852,1259.6347
String,Random,ARS Gen 5: Optimized Apex (Stable),1000000,56.1963,12679336,0,0.5175,47128622,1.1751,1086.1068
String,Random,ARS Gen 6: Aero Architecture,1000000,60.3094,13331493,0,0.5239,46105361,1.1845,1012.0337
String,Random,ARS Gen 6: Aero (Stable),1000000,74.4599,13750405,0,0.5198,47764317,1.1586,819.7050
String,Random,ARS Exp A: Recursive Parallel,1000000,52.7191,9434971,0,0.5252,46902057,1.1807,1157.7435
String,Random,ARS Exp B: Hierarchical Staging,1000000,68.9272,7913738,0,0.5346,46676025,1.1597,885.5011
String,Random,ARS Exp C: Adaptive Hierarchical,1000000,57.8644,8719170,0,0.5299,46730903,1.1711,1054.7956
String,Random,ARS Exp D: Stream Micro-Batch,1000000,424.2888,15199655,2000000,0.5498,49192446,1.1955,143.8528
String,Gaussian,Quicksort,1000,0.0513,10370,0,0.5093,45570849,1.2326,1189.6068
String,Gaussian,Timsort,1000,0.0610,10522,0,0.5093,45571456,1.2326,1001.2822
String,Gaussian,ARS Gen 1: Foundation,1000,0.2680,0,2000,0.5093,45578425,1.2327,227.7720
String,Gaussian,ARS Gen 2: Grid Mapping,1000,0.3104,0,2000,0.5093,45579317,1.2327,196.6478
String,Gaussian,ARS Gen 3: Apex Baseline,1000,0.0640,10370,0,0.5093,45571988,1.2326,953.1679
String,Gaussian,ARS Gen 4: Parallel Apex,1000,0.0576,10370,0,0.5093,45571972,1.2326,1058.9579
String,Gaussian,ARS Gen 5: Optimized Apex (MAIN),1000,0.0584,10370,0,0.5093,45571880,1.2326,1044.6217
String,Gaussian,ARS Gen 5: Optimized Apex (Stable),1000,0.0623,10522,0,0.5093,45572406,1.2326,979.7133
String,Gaussian,ARS Gen 6: Aero Architecture,1000,0.0573,10370,0,0.5093,45572138,1.2326,1065.4649
String,Gaussian,ARS Gen 6: Aero (Stable),1000,0.0643,10522,0,0.5093,45572330,1.2326,949.9340
String,Gaussian,ARS Exp A: Recursive Parallel,1000,0.0559,10370,0,0.5093,45571886,1.2326,1091.9609
String,Gaussian,ARS Exp B: Hierarchical Staging,1000,0.0545,10370,0,0.5093,45571976,1.2326,1120.8983
String,Gaussian,ARS Exp C: Adaptive Hierarchical,1000,0.0567,10370,0,0.5093,45571989,1.2326,1076.9896
String,Gaussian,ARS Exp D: Stream Micro-Batch,1000,0.2298,10370,2000,0.5092,45573529,1.2326,265.6521
String,Gaussian,Quicksort,10000,0.7192,136866,0,0.5089,45589746,1.2329,848.6228
String,Gaussian,Timsort,10000,0.8477,141490,0,0.5088,45593075,1.2329,719.9766
String,Gaussian,ARS Gen 1: Foundation,10000,5.5512,0,30000,0.5074,45667352,1.2351,109.9500
String,Gaussian,ARS Gen 2: Grid Mapping,10000,5.8810,0,30000,0.5074,45673951,1.2351,103.7841
String,Gaussian,ARS Gen 3: Apex Baseline,10000,2.3775,193846,14351,0.5088,45625775,1.2329,256.7214
String,Gaussian,ARS Gen 4: Parallel Apex,10000,0.6675,67438,10000,0.5088,45599509,1.2325,914.3871
String,Gaussian,ARS Gen 5: Optimized Apex (MAIN),10000,0.2259,67438,0,0.5089,45602192,1.2324,2702.4284
String,Gaussian,ARS Gen 5: Optimized Apex (Stable),10000,0.2477,70298,0,0.5088,45610924,1.2324,2463.7177
String,Gaussian,ARS Gen 6: Aero Architecture,10000,0.4323,63043,0,0.5088,45607030,1.2324,1411.9390
String,Gaussian,ARS Gen 6: Aero (Stable),10000,0.3850,67007,0,0.5087,45614725,1.2324,1585.4646
String,Gaussian,ARS Exp A: Recursive Parallel,10000,0.2337,67438,0,0.5089,45607279,1.2324,2611.6548
String,Gaussian,ARS Exp B: Hierarchical Staging,10000,0.2344,67438,0,0.5089,45607047,1.2324,2603.5557
String,Gaussian,ARS Exp C: Adaptive Hierarchical,10000,0.2331,67438,0,0.5088,45608806,1.2324,2617.8830
String,Gaussian,ARS Exp D: Stream Micro-Batch,10000,1.1182,67438,20000,0.5086,45611434,1.2324,545.8550
String,Gaussian,Quicksort,100000,12.1888,1718762,0,0.5024,45965889,1.2369,500.7463
String,Gaussian,Timsort,100000,13.8726,1759891,0,0.5009,45960993,1.2364,439.9694
String,Gaussian,ARS Gen 1: Foundation,100000,59.8892,0,300000,0.4567,46616702,1.2144,101.9134
String,Gaussian,ARS Gen 2: Grid Mapping,100000,58.8431,0,300000,0.4653,46677632,1.2226,103.7252
String,Gaussian,ARS Gen 3: Apex Baseline,100000,16.9820,1895222,108703,0.5075,46020620,1.2354,359.4100
String,Gaussian,ARS Gen 4: Parallel Apex,100000,4.0311,1029722,100000,0.5074,45905364,1.2310,1514.1037
String,Gaussian,ARS Gen 5: Optimized Apex (MAIN),100000,2.8668,1029722,0,0.5075,45817825,1.2298,2129.0239
String,Gaussian,ARS Gen 5: Optimized Apex (Stable),100000,3.0766,1071423,0,0.5072,45911952,1.2292,1983.8251
String,Gaussian,ARS Gen 6: Aero Architecture,100000,3.1135,978520,0,0.5071,45928182,1.2301,1960.3542
String,Gaussian,ARS Gen 6: Aero (Stable),100000,3.4312,1019338,0,0.5068,46006155,1.2296,1778.8304
String,Gaussian,ARS Exp A: Recursive Parallel,100000,2.9665,1029722,0,0.5069,45955243,1.2291,2057.4804
String,Gaussian,ARS Exp B: Hierarchical Staging,100000,3.1262,961965,0,0.5076,45936008,1.2296,1952.3753
String,Gaussian,ARS Exp C: Adaptive Hierarchical,100000,3.1388,1029722,0,0.5071,45958898,1.2294,1944.5181
String,Gaussian,ARS Exp D: Stream Micro-Batch,100000,11.5596,1029722,200000,0.5043,45886166,1.2326,528.0021
String,Gaussian,Quicksort,1000000,275.0580,20518628,0,0.5173,47923654,1.2556,221.8992
String,Gaussian,Timsort,1000000,358.7884,20902099,0,0.5030,48480141,1.2332,170.1146
String,Gaussian,ARS Gen 3: Apex Baseline,1000000,209.3183,21589743,1017407,0.5033,49084737,1.2331,291.5902
String,Gaussian,ARS Gen 4: Parallel Apex,1000000,61.8121,12256776,1000000,0.5128,48640635,1.1670,987.4298
String,Gaussian,ARS Gen 5: Optimized Apex (MAIN),1000000,50.4796,12256776,0,0.5143,48058497,1.1733,1209.1057
String,Gaussian,ARS Gen 5: Optimized Apex (Stable),1000000,59.8345,12679336,0,0.5090,49565836,1.1603,1020.0657
String,Gaussian,ARS Gen 6: Aero Architecture,1000000,68.4843,13331493,0,0.5147,49316684,1.1603,891.2290
String,Gaussian,ARS Gen 6: Aero (Stable),1000000,80.6967,13750405,0,0.5133,49526826,1.1419,756.3522
String,Gaussian,ARS Exp A: Recursive Parallel,1000000,55.5382,9434971,0,0.5167,48764735,1.1742,1098.9770
String,Gaussian,ARS Exp B: Hierarchical Staging,1000000,73.3825,7913738,0,0.5267,48539536,1.1533,831.7405
String,Gaussian,ARS Exp C: Adaptive Hierarchical,1000000,59.2645,8719170,0,0.5226,48708920,1.1673,1029.8775
String,Gaussian,ARS Exp D: Stream Micro-Batch,1000000,411.8785,15151080,2000000,0.5431,50168508,1.1891,148.1873
String,NearlySorted,Quicksort,1000,0.0508,9540,0,0.4984,47688266,1.2172,1202.4736
String,NearlySorted,Timsort,1000,0.0489,9492,0,0.4984,47688308,1.2172,1249.0056
String,NearlySorted,ARS Gen 1: Foundation,1000,0.1314,9394,2000,0.4984,47689198,1.2172,464.3328
String,NearlySorted,ARS Gen 2: Grid Mapping,1000,0.1261,9417,2000,0.4984,47689524,1.2172,484.1178
String,NearlySorted,ARS Gen 3: Apex Baseline,1000,0.0489,9540,0,0.4984,47688768,1.2172,1248.9545
String,NearlySorted,ARS Gen 4: Parallel Apex,1000,0.0503,9540,0,0.4984,47688966,1.2172,1212.7234
String,NearlySorted,ARS Gen 5: Optimized Apex (MAIN),1000,0.0539,9540,0,0.4984,47688684,1.2172,1132.9873
String,NearlySorted,ARS Gen 5: Optimized Apex (Stable),1000,0.0535,9492,0,0.4984,47688969,1.2172,1140.8867
String,NearlySorted,ARS Gen 6: Aero Architecture,1000,0.0506,9540,0,0.4984,47688889,1.2172,1206.2761
String,NearlySorted,ARS Gen 6: Aero (Stable),1000,0.0495,9492,0,0.4984,47688893,1.2172,1232.4608
String,NearlySorted,ARS Exp A: Recursive Parallel,1000,0.0512,9540,0,0.4984,47688895,1.2172,1192.3025
String,NearlySorted,ARS Exp B: Hierarchical Staging,1000,0.0500,9540,0,0.4984,47688762,1.2172,1220.0443
String,NearlySorted,ARS Exp C: Adaptive Hierarchical,1000,0.0493,9540,0,0.4984,47688678,1.2172,1239.1919
String,NearlySorted,ARS Exp D: Stream Micro-Batch,1000,0.2099,9540,2000,0.4984,47690532,1.2172,290.7405
String,NearlySorted,Quicksort,10000,0.6750,132500,0,0.4982,47706890,1.2174,904.1750
String,NearlySorted,Timsort,10000,0.7081,127861,0,0.4981,47706521,1.2174,861.9312
String,NearlySorted,ARS Gen 1: Foundation,10000,2.0397,94604,30000,0.4978,47725009,1.2177,299.2411
String,NearlySorted,ARS Gen 2: Grid Mapping,10000,2.0339,94565,30000,0.4978,47724947,1.2179,300.0862
String,NearlySorted,ARS Gen 3: Apex Baseline,10000,2.0377,182797,14351,0.4979,47721523,1.2176,299.5270
String,NearlySorted,ARS Gen 4: Parallel Apex,10000,0.8312,88075,10000,0.4980,47711426,1.2171,734.3194
String,NearlySorted,ARS Gen 5: Optimized Apex (MAIN),10000,0.2858,88075,0,0.4981,47711416,1.2171,2135.2760
String,NearlySorted,ARS Gen 5: Optimized Apex (Stable),10000,0.2611,63479,0,0.4981,47715293,1.2169,2337.8579
String,NearlySorted,ARS Gen 6: Aero Architecture,10000,0.3556,73151,0,0.4980,47720048,1.2171,1716.5923
String,NearlySorted,ARS Gen 6: Aero (Stable),10000,0.3383,48448,0,0.4980,47713628,1.2170,1804.2525
String,NearlySorted,ARS Exp A: Recursive Parallel,10000,0.3354,88075,0,0.4981,47721585,1.2170,1819.9078
String,NearlySorted,ARS Exp B: Hierarchical Staging,10000,0.2923,88075,0,0.4981,47722875,1.2170,2088.1998
String,NearlySorted,ARS Exp C: Adaptive Hierarchical,10000,0.2899,88075,0,0.4981,47722141,1.2170,2105.1977
String,NearlySorted,ARS Exp D: Stream Micro-Batch,10000,1.1436,88075,20000,0.4978,47714567,1.2173,533.7144
String,NearlySorted,Quicksort,100000,10.7177,1695729,0,0.4962,47918980,1.2219,569.4792
String,NearlySorted,Timsort,100000,11.3543,1618264,0,0.4950,47891536,1.2212,537.5520
String,NearlySorted,ARS Gen 1: Foundation,100000,23.9772,958264,300000,0.4981,48169830,1.2217,254.5544
String,NearlySorted,ARS Gen 2: Grid Mapping,100000,21.7312,958287,300000,0.4981,48179170,1.2218,280.8640
String,NearlySorted,ARS Gen 3: Apex Baseline,100000,17.8313,1799629,108703,0.4978,47983117,1.2203,342.2917
String,NearlySorted,ARS Gen 4: Parallel Apex,100000,4.8994,1250176,100000,0.4969,47889587,1.2167,1245.7720
String,NearlySorted,ARS Gen 5: Optimized Apex (MAIN),100000,3.0535,1250176,0,0.4973,47818874,1.2163,1998.8484
String,NearlySorted,ARS Gen 5: Optimized Apex (Stable),100000,3.5282,957484,0,0.4969,47835797,1.2147,1729.9106
String,NearlySorted,ARS Gen 6: Aero Architecture,100000,2.9834,1082137,0,0.4971,47871625,1.2165,2045.8584
String,NearlySorted,ARS Gen 6: Aero (Stable),100000,2.4794,561919,0,0.4969,47812385,1.2145,2461.6628
String,NearlySorted,ARS Exp A: Recursive Parallel,100000,3.2719,877121,0,0.4972,47885971,1.2143,1865.4210
String,NearlySorted,ARS Exp B: Hierarchical Staging,100000,3.3447,943356,0,0.4970,47879967,1.2157,1824.8058
String,NearlySorted,ARS Exp C: Adaptive Hierarchical,100000,3.0324,1084625,0,0.4971,47870987,1.2153,2012.7647
String,NearlySorted,ARS Exp D: Stream Micro-Batch,100000,10.9757,1250176,200000,0.4962,47943946,1.2185,556.0939
String,NearlySorted,Quicksort,1000000,145.6863,20467458,0,0.4852,49602303,1.2686,418.9493
String,NearlySorted,Timsort,1000000,180.6573,19247236,0,0.4817,48899640,1.2564,337.8505
String,NearlySorted,ARS Gen 3: Apex Baseline,1000000,220.7206,20726079,1017407,0.5066,50453604,1.2380,276.5268
String,NearlySorted,ARS Gen 4: Parallel Apex,1000000,61.0971,14427992,1000000,0.5040,49966104,1.1860,998.9856
String,NearlySorted,ARS Gen 5: Optimized Apex (MAIN),1000000,40.1864,14427992,0,0.4966,48682662,1.1966,1518.8009
String,NearlySorted,ARS Gen 5: Optimized Apex (Stable),1000000,40.9033,9562892,0,0.4911,48588640,1.1767,1492.1808
String,NearlySorted,ARS Gen 6: Aero Architecture,1000000,54.2877,14500857,0,0.4992,49547663,1.1872,1124.2897
String,NearlySorted,ARS Gen 6: Aero (Stable),1000000,53.7678,9781181,0,0.4952,48710613,1.1715,1135.1619
String,NearlySorted,ARS Exp A: Recursive Parallel,1000000,44.5622,10121426,0,0.5044,49255867,1.1919,1369.6636
String,NearlySorted,ARS Exp B: Hierarchical Staging,1000000,55.1140,10340217,0,0.5078,49212499,1.1845,1107.4344
String,NearlySorted,ARS Exp C: Adaptive Hierarchical,1000000,50.9288,11441302,0,0.5052,49431749,1.1874,1198.4411
String,NearlySorted,ARS Exp D: Stream Micro-Batch,1000000,250.4674,19269568,2000000,0.5133,50242437,1.2289,243.6850
String,Duplicates,Quicksort,1000,0.0475,5636,0,0.5430,54036171,1.2419,1286.2504
String,Duplicates,Timsort,1000,0.0513,5782,0,0.5430,54036260,1.2419,1189.0274
String,Duplicates,ARS Gen 1: Foundation,1000,0.1379,984,2000,0.5430,54037695,1.2419,442.5082
String,Duplicates,ARS Gen 2: Grid Mapping,1000,0.1387,984,2000,0.5430,54037811,1.2419,440.1468
String,Duplicates,ARS Gen 3: Apex Baseline,1000,0.0416,5636,0,0.5430,54036390,1.2419,1466.9797
String,Duplicates,ARS Gen 4: Parallel Apex,1000,0.0388,5636,0,0.5430,54036223,1.2419,1572.6252
String,Duplicates,ARS Gen 5: Optimized Apex (MAIN),1000,0.0385,5636,0,0.5430,54036172,1.2419,1585.3287
String,Duplicates,ARS Gen 5: Optimized Apex (Stable),1000,0.0409,5782,0,0.5430,54036326,1.2419,1492.4481
String,Duplicates,ARS Gen 6: Aero Architecture,1000,0.0360,5636,0,0.5430,54036191,1.2419,1696.2691
String,Duplicates,ARS Gen 6: Aero (Stable),1000,0.0402,5782,0,0.5430,54036449,1.2419,1517.1176
String,Duplicates,ARS Exp A: Recursive Parallel,1000,0.0373,5636,0,0.5430,54036188,1.2419,1635.9804
String,Duplicates,ARS Exp B: Hierarchical Staging,1000,0.0379,5636,0,0.5430,54036234,1.2419,1608.3893
String,Duplicates,ARS Exp C: Adaptive Hierarchical,1000,0.0364,5636,0,0.5430,54036249,1.2419,1678.9579
String,Duplicates,ARS Exp D: Stream Micro-Batch,1000,0.2053,5636,2000,0.5429,54037151,1.2419,297.3553
String,Duplicates,Quicksort,10000,0.3522,53113,0,0.5427,54048963,1.2418,1733.0523
String,Duplicates,Timsort,10000,0.3988,54714,0,0.5426,54048408,1.2418,1530.6277
String,Duplicates,ARS Gen 1: Foundation,10000,1.5685,9984,30000,0.5425,54069580,1.2420,389.1228
String,Duplicates,ARS Gen 2: Grid Mapping,10000,1.4001,9984,30000,0.5425,54069711,1.2422,435.9483
String,Duplicates,ARS Gen 3: Apex Baseline,10000,1.9582,122389,14351,0.5426,54069150,1.2421,311.6836
String,Duplicates,ARS Gen 4: Parallel Apex,10000,0.6238,14075,10000,0.5427,54046410,1.2418,978.4897
String,Duplicates,ARS Gen 5: Optimized Apex (MAIN),10000,0.2113,14075,0,0.5427,54044310,1.2417,2888.5135
String,Duplicates,ARS Gen 5: Optimized Apex (Stable),10000,0.1604,14094,0,0.5427,54043054,1.2417,3805.1843
String,Duplicates,ARS Gen 6: Aero Architecture,10000,0.3068,12021,0,0.5426,54045966,1.2418,1989.5481
String,Duplicates,ARS Gen 6: Aero (Stable),10000,0.3366,12028,0,0.5426,54046160,1.2417,1813.3545
String,Duplicates,ARS Exp A: Recursive Parallel,10000,0.1862,14075,0,0.5427,54044427,1.2417,3278.1642
String,Duplicates,ARS Exp B: Hierarchical Staging,10000,0.1486,14075,0,0.5427,54044149,1.2417,4106.1575
String,Duplicates,ARS Exp C: Adaptive Hierarchical,10000,0.1640,14075,0,0.5427,54043689,1.2417,3721.2474
String,Duplicates,ARS Exp D: Stream Micro-Batch,10000,1.0669,14075,20000,0.5425,54053837,1.2418,572.0730
String,Duplicates,Quicksort,100000,4.0605,516589,0,0.5405,54175302,1.2424,1503.1379
String,Duplicates,Timsort,100000,4.8544,529550,0,0.5396,54177376,1.2420,1257.3201
String,Duplicates,ARS Gen 1: Foundation,100000,15.4295,99984,300000,0.5406,54358302,1.2434,395.5738
String,Duplicates,ARS Gen 2: Grid Mapping,100000,15.2865,99984,300000,0.5405,54362281,1.2434,399.2761
String,Duplicates,ARS Gen 3: Apex Baseline,100000,16.9467,1144965,108703,0.5422,54261706,1.2441,360.1602
String,Duplicates,ARS Gen 4: Parallel Apex,100000,3.3414,151083,100000,0.5425,54073958,1.2399,1826.6299
String,Duplicates,ARS Gen 5: Optimized Apex (MAIN),100000,1.5943,151083,0,0.5423,54072338,1.2386,3828.3501
String,Duplicates,ARS Gen 5: Optimized Apex (Stable),100000,1.7125,151309,0,0.5424,54072599,1.2383,3564.0613
String,Duplicates,ARS Gen 6: Aero Architecture,100000,1.9324,99990,0,0.5422,54094681,1.2392,3158.5859
String,Duplicates,ARS Gen 6: Aero (Stable),100000,1.9227,99990,0,0.5421,54095947,1.2394,3174.4817
String,Duplicates,ARS Exp A: Recursive Parallel,100000,2.0992,200008,0,0.5413,54080902,1.2390,2907.6018
String,Duplicates,ARS Exp B: Hierarchical Staging,100000,2.3143,200008,0,0.5416,54072502,1.2390,2637.2893
String,Duplicates,ARS Exp C: Adaptive Hierarchical,100000,1.8108,100024,0,0.5422,54074323,1.2390,3370.6034
String,Duplicates,ARS Exp D: Stream Micro-Batch,100000,8.8289,151083,200000,0.5396,54165520,1.2418,691.3079
String,Duplicates,Quicksort,1000000,89.6566,5202060,0,0.5536,55190467,1.2408,680.7656
String,Duplicates,Timsort,1000000,151.0164,6111262,0,0.5547,55577648,1.2325,404.1625
String,Duplicates,ARS Gen 3: Apex Baseline,1000000,179.2916,12085476,1017407,0.5433,56251639,1.2521,340.4239
String,Duplicates,ARS Gen 4: Parallel Apex,1000000,31.6950,999988,1000000,0.5469,54180085,1.2220,1925.7005
String,Duplicates,ARS Gen 5: Optimized Apex (MAIN),1000000,22.1982,999988,0,0.5460,54197885,1.2176,2749.5581
String,Duplicates,ARS Gen 5: Optimized Apex (Stable),1000000,24.2194,999988,0,0.5470,54202543,1.2149,2520.0919
String,Duplicates,ARS Gen 6: Aero Architecture,1000000,24.2466,999988,0,0.5459,54451446,1.2218,2517.2651
String,Duplicates,ARS Gen 6: Aero (Stable),1000000,24.4893,999988,0,0.5461,54451800,1.2204,2492.3164
String,Duplicates,ARS Exp A: Recursive Parallel,1000000,33.9090,1999972,0,0.5479,54207615,1.2092,1799.9716
String,Duplicates,ARS Exp B: Hierarchical Staging,1000000,38.2394,1999976,0,0.5498,54196067,1.2071,1596.1334
String,Duplicates,ARS Exp C: Adaptive Hierarchical,1000000,36.5312,1999976,0,0.5478,54211555,1.2101,1670.7667
String,Duplicates,ARS Exp D: Stream Micro-Batch,1000000,309.8146,5709060,2000000,0.5668,55045680,1.2180,197.0054
String,Zipfian,Quicksort,1000,0.0549,10370,0,0.5408,54263066,1.2293,1111.4680
String,Zipfian,Timsort,1000,0.0706,10522,0,0.5408,54263916,1.2293,864.0311
String,Zipfian,ARS Gen 1: Foundation,1000,0.2740,0,2000,0.5408,54269852,1.2294,222.7276
String,Zipfian,ARS Gen 2: Grid Mapping,1000,0.2900,0,2000,0.5408,54270777,1.2294,210.4341
String,Zipfian,ARS Gen 3: Apex Baseline,1000,0.0579,10370,0,0.5408,54263547,1.2293,1055.0406
String,Zipfian,ARS Gen 4: Parallel Apex,1000,0.0600,10370,0,0.5408,54263594,1.2293,1017.3883
String,Zipfian,ARS Gen 5: Optimized Apex (MAIN),1000,0.0615,10370,0,0.5408,54263520,1.2293,992.0061
String,Zipfian,ARS Gen 5: Optimized Apex (Stable),1000,0.0659,10522,0,0.5408,54263908,1.2293,926.1784
String,Zipfian,ARS Gen 6: Aero Architecture,1000,0.0603,10370,0,0.5408,54263503,1.2293,1012.8467
String,Zipfian,ARS Gen 6: Aero (Stable),1000,0.0638,10522,0,0.5408,54263769,1.2293,956.0345
String,Zipfian,ARS Exp A: Recursive Parallel,1000,0.0612,10370,0,0.5408,54263593,1.2293,997.5836
String,Zipfian,ARS Exp B: Hierarchical Staging,1000,0.0613,10370,0,0.5408,54263451,1.2293,995.8582
String,Zipfian,ARS Exp C: Adaptive Hierarchical,1000,0.0639,10370,0,0.5408,54263453,1.2293,955.3312
String,Zipfian,ARS Exp D: Stream Micro-Batch,1000,0.2170,10370,2000,0.5408,54264913,1.2293,281.3108
String,Zipfian,Quicksort,10000,0.7839,136866,0,0.5405,54284837,1.2295,778.6566
String,Zipfian,Timsort,10000,0.9087,141490,0,0.5405,54288934,1.2295,671.6955
String,Zipfian,ARS Gen 1: Foundation,10000,5.7854,0,30000,0.5396,54359815,1.2311,105.4979
String,Zipfian,ARS Gen 2: Grid Mapping,10000,6.0441,0,30000,0.5393,54366014,1.2312,100.9823
String,Zipfian,ARS Gen 3: Apex Baseline,10000,1.9873,193846,14351,0.5405,54299806,1.2296,307.1263
String,Zipfian,ARS Gen 4: Parallel Apex,10000,0.6277,67438,10000,0.5405,54290325,1.2292,972.3371
String,Zipfian,ARS Gen 5: Optimized Apex (MAIN),10000,0.2395,67438,0,0.5405,54295090,1.2291,2548.4620
String,Zipfian,ARS Gen 5: Optimized Apex (Stable),10000,0.2454,70298,0,0.5405,54302880,1.2291,2487.4439
String,Zipfian,ARS Gen 6: Aero Architecture,10000,0.4168,63043,0,0.5405,54299653,1.2292,1464.2698
String,Zipfian,ARS Gen 6: Aero (Stable),10000,0.3637,67007,0,0.5405,54305338,1.2292,1678.1731
String,Zipfian,ARS Exp A: Recursive Parallel,10000,0.2376,67438,0,0.5405,54298510,1.2291,2568.8846
String,Zipfian,ARS Exp B: Hierarchical Staging,10000,0.2285,67438,0,0.5405,54296016,1.2292,2670.5969
String,Zipfian,ARS Exp C: Adaptive Hierarchical,10000,0.2340,67438,0,0.5405,54298939,1.2291,2608.8306
String,Zipfian,ARS Exp D: Stream Micro-Batch,10000,1.0938,67438,20000,0.5403,54296117,1.2293,557.9872
String,Zipfian,Quicksort,100000,11.1211,1718762,0,0.5366,54543369,1.2329,548.8207
String,Zipfian,Timsort,100000,13.7884,1759891,0,0.5350,54623203,1.2322,442.6556
String,Zipfian,ARS Gen 1: Foundation,100000,58.2003,0,300000,0.5077,55290938,1.2240,104.8709
String,Zipfian,ARS Gen 2: Grid Mapping,100000,57.7089,0,300000,0.5036,55353099,1.2188,105.7638
String,Zipfian,ARS Gen 3: Apex Baseline,100000,17.3909,1895222,108703,0.5394,54685361,1.2315,350.9594
String,Zipfian,ARS Gen 4: Parallel Apex,100000,4.3638,1029722,100000,0.5394,54535332,1.2282,1398.6792
String,Zipfian,ARS Gen 5: Optimized Apex (MAIN),100000,2.7283,1029722,0,0.5395,54487396,1.2271,2237.1287
String,Zipfian,ARS Gen 5: Optimized Apex (Stable),100000,3.0420,1071423,0,0.5393,54554847,1.2267,2006.4240
String,Zipfian,ARS Gen 6: Aero Architecture,100000,3.2060,978520,0,0.5391,54649357,1.2271,1903.7909
String,Zipfian,ARS Gen 6: Aero (Stable),100000,3.3827,1019338,0,0.5391,54609930,1.2273,1804.3272
String,Zipfian,ARS Exp A: Recursive Parallel,100000,3.0285,1029722,0,0.5392,54544522,1.2272,2015.3699
String,Zipfian,ARS Exp B: Hierarchical Staging,100000,3.0788,961965,0,0.5396,54572263,1.2273,1982.4565
String,Zipfian,ARS Exp C: Adaptive Hierarchical,100000,2.9697,1029722,0,0.5391,54604694,1.2269,2055.2585
String,Zipfian,ARS Exp D: Stream Micro-Batch,100000,9.9095,1029722,200000,0.5367,54557058,1.2298,615.9260
String,Zipfian,Quicksort,1000000,226.4544,20518628,0,0.5428,56453451,1.2536,269.5251
String,Zipfian,Timsort,1000000,350.1844,20902099,0,0.5345,57258141,1.2316,174.2943
String,Zipfian,ARS Gen 3: Apex Baseline,1000000,190.7064,21589743,1017407,0.5360,57444405,1.2296,320.0478
String,Zipfian,ARS Gen 4: Parallel Apex,1000000,61.5022,12256776,1000000,0.5418,57221071,1.1803,992.4054
String,Zipfian,ARS Gen 5: Optimized Apex (MAIN),1000000,47.7645,12256776,0,0.5431,55725295,1.1869,1277.8350
String,Zipfian,ARS Gen 5: Optimized Apex (Stable),1000000,60.5777,12679336,0,0.5394,56661780,1.1725,1007.5519
String,Zipfian,ARS Gen 6: Aero Architecture,1000000,62.9673,13331493,0,0.5439,55917569,1.1840,969.3153
String,Zipfian,ARS Gen 6: Aero (Stable),1000000,72.9563,13750405,0,0.5415,56250443,1.1707,836.5984
String,Zipfian,ARS Exp A: Recursive Parallel,1000000,51.6385,9434971,0,0.5448,55885478,1.1885,1181.9698
String,Zipfian,ARS Exp B: Hierarchical Staging,1000000,70.6701,7913738,0,0.5504,55717153,1.1842,863.6634
String,Zipfian,ARS Exp C: Adaptive Hierarchical,1000000,57.1223,8719170,0,0.5478,55977559,1.1822,1068.4988
String,Zipfian,ARS Exp D: Stream Micro-Batch,1000000,427.8364,15053938,2000000,0.5592,59526193,1.1934,142.6600
String,Skewed,Quicksort,1000,0.0613,10370,0,0.5339,55973747,1.2211,996.3622
String,Skewed,Timsort,1000,0.0653,10522,0,0.5339,55973470,1.2211,934.4452
String,Skewed,ARS Gen 1: Foundation,1000,0.2668,0,2000,0.5338,55979926,1.2212,228.7272
String,Skewed,ARS Gen 2: Grid Mapping,1000,0.3273,0,2000,0.5338,55980806,1.2212,186.5019
String,Skewed,ARS Gen 3: Apex Baseline,1000,0.0580,10370,0,0.5339,55973313,1.2211,1052.4392
String,Skewed,ARS Gen 4: Parallel Apex,1000,0.0613,10370,0,0.5339,55973153,1.2211,996.2646
String,Skewed,ARS Gen 5: Optimized Apex (MAIN),1000,0.0543,10370,0,0.5339,55973289,1.2211,1124.2845
String,Skewed,ARS Gen 5: Optimized Apex (Stable),1000,0.0769,10522,0,0.5339,55973452,1.2211,793.5404
String,Skewed,ARS Gen 6: Aero Architecture,1000,0.0624,10370,0,0.5339,55973172,1.2211,977.4070
String,Skewed,ARS Gen 6: Aero (Stable),1000,0.0796,10522,0,0.5339,55973338,1.2211,767.1781
String,Skewed,ARS Exp A: Recursive Parallel,1000,0.0514,10370,0,0.5339,55973130,1.2211,1188.5643
String,Skewed,ARS Exp B: Hierarchical Staging,1000,0.0557,10370,0,0.5339,55973205,1.2211,1095.9412
String,Skewed,ARS Exp C: Adaptive Hierarchical,1000,0.0630,10370,0,0.5339,55973031,1.2211,968.9197
String,Skewed,ARS Exp D: Stream Micro-Batch,1000,0.2255,10370,2000,0.5338,55975834,1.2211,270.6695
String,Skewed,Quicksort,10000,0.7244,136866,0,0.5336,55995682,1.2213,842.5103
String,Skewed,Timsort,10000,0.8847,141490,0,0.5335,55998825,1.2213,689.9122
String,Skewed,ARS Gen 1: Foundation,10000,5.9504,0,30000,0.5326,56070444,1.2229,102.5736
String,Skewed,ARS Gen 2: Grid Mapping,10000,5.7913,0,30000,0.5324,56076657,1.2230,105.3918
String,Skewed,ARS Gen 3: Apex Baseline,10000,2.0516,193846,14351,0.5335,56020847,1.2214,297.4937
String,Skewed,ARS Gen 4: Parallel Apex,10000,0.6624,67438,10000,0.5336,55999173,1.2211,921.4676
String,Skewed,ARS Gen 5: Optimized Apex (MAIN),10000,0.2459,67438,0,0.5336,56008840,1.2210,2481.7496
String,Skewed,ARS Gen 5: Optimized Apex (Stable),10000,0.2454,70298,0,0.5336,56012494,1.2210,2487.4337
String,Skewed,ARS Gen 6: Aero Architecture,10000,0.3511,63043,0,0.5335,56011285,1.2210,1738.4525
String,Skewed,ARS Gen 6: Aero (Stable),10000,0.3467,67007,0,0.5335,56015431,1.2210,1760.6329
String,Skewed,ARS Exp A: Recursive Parallel,10000,0.2299,67438,0,0.5336,56009339,1.2210,2655.1917
String,Skewed,ARS Exp B: Hierarchical Staging,10000,0.2429,67438,0,0.5336,56008455,1.2210,2513.0482
String,Skewed,ARS Exp C: Adaptive Hierarchical,10000,0.2441,67438,0,0.5336,56008822,1.2210,2500.3034
String,Skewed,ARS Exp D: Stream Micro-Batch,10000,1.0518,67438,20000,0.5334,56019346,1.2211,580.3079
String,Skewed,Quicksort,100000,10.3305,1718762,0,0.5299,56260853,1.2245,590.8270
String,Skewed,Timsort,100000,12.5693,1759891,0,0.5285,56326430,1.2239,485.5893
String,Skewed,ARS Gen 1: Foundation,100000,62.1561,0,300000,0.4977,57013489,1.2118,98.1966
String,Skewed,ARS Gen 2: Grid Mapping,100000,63.1256,0,300000,0.4945,57075846,1.2083,96.6884
String,Skewed,ARS Gen 3: Apex Baseline,100000,17.7968,1895222,108703,0.5326,56374760,1.2234,342.9553
String,Skewed,ARS Gen 4: Parallel Apex,100000,3.9662,1029722,100000,0.5325,56270200,1.2202,1538.8638
String,Skewed,ARS Gen 5: Optimized Apex (MAIN),100000,3.0790,1029722,0,0.5323,56375658,1.2187,1982.3335
String,Skewed,ARS Gen 5: Optimized Apex (Stable),100000,3.1732,1071423,0,0.5323,56369879,1.2184,1923.4527
String,Skewed,ARS Gen 6: Aero Architecture,100000,3.1959,978520,0,0.5322,56378006,1.2197,1909.7746
String,Skewed,ARS Gen 6: Aero (Stable),100000,3.4594,1019338,0,0.5322,56393172,1.2188,1764.3492
String,Skewed,ARS Exp A: Recursive Parallel,100000,3.1855,1029722,0,0.5323,56333132,1.2187,1916.0409
String,Skewed,ARS Exp B: Hierarchical Staging,100000,3.1342,961965,0,0.5327,56350177,1.2186,1947.4012
String,Skewed,ARS Exp C: Adaptive Hierarchical,100000,3.1600,1029722,0,0.5322,56360425,1.2187,1931.4892
String,Skewed,ARS Exp D: Stream Micro-Batch,100000,10.3687,1029722,200000,0.5296,56450596,1.2207,588.6502
String,Skewed,Quicksort,1000000,253.1188,20518628,0,0.5372,58056302,1.2435,241.1324
String,Skewed,Timsort,1000000,354.6092,20902099,0,0.5277,59080785,1.2260,172.1195
String,Skewed,ARS Gen 3: Apex Baseline,1000000,195.1201,21589743,1017407,0.5295,59225171,1.2235,312.8081
String,Skewed,ARS Gen 4: Parallel Apex,1000000,62.0144,12256776,1000000,0.5354,58868465,1.1752,984.2088
String,Skewed,ARS Gen 5: Optimized Apex (MAIN),1000000,48.6274,12256776,0,0.5367,58154790,1.1892,1255.1599
String,Skewed,ARS Gen 5: Optimized Apex (Stable),1000000,55.3742,12679336,0,0.5344,58347702,1.1743,1102.2303
String,Skewed,ARS Gen 6: Aero Architecture,1000000,61.9341,13331493,0,0.5378,57573720,1.1803,985.4848
String,Skewed,ARS Gen 6: Aero (Stable),1000000,72.8340,13750405,0,0.5360,58258570,1.1730,838.0041
String,Skewed,ARS Exp A: Recursive Parallel,1000000,52.0918,9434971,0,0.5388,57800228,1.1805,1171.6850
String,Skewed,ARS Exp B: Hierarchical Staging,1000000,67.8654,7913738,0,0.5446,57874177,1.1706,899.3557
String,Skewed,ARS Exp C: Adaptive Hierarchical,1000000,56.9793,8719170,0,0.5424,57878178,1.1801,1071.1819
String,Skewed,ARS Exp D: Stream Micro-Batch,1000000,424.1223,15199654,2000000,0.5532,61012543,1.1898,143.9093
String,Clustered,Quicksort,1000,0.0531,10370,0,0.5323,56951315,1.2218,1150.4780
String,Clustered,Timsort,1000,0.0603,10522,0,0.5323,56951491,1.2218,1012.0070
String,Clustered,ARS Gen 1: Foundation,1000,0.2899,0,2000,0.5323,56958522,1.2219,210.5045
String,Clustered,ARS Gen 2: Grid Mapping,1000,0.3012,0,2000,0.5323,56959369,1.2219,202.6507
String,Clustered,ARS Gen 3: Apex Baseline,1000,0.0510,10370,0,0.5323,56951376,1.2218,1197.3312
String,Clustered,ARS Gen 4: Parallel Apex,1000,0.0509,10370,0,0.5323,56951492,1.2218,1198.9305
String,Clustered,ARS Gen 5: Optimized Apex (MAIN),1000,0.0524,10370,0,0.5323,56951554,1.2218,1165.6384
String,Clustered,ARS Gen 5: Optimized Apex (Stable),1000,0.0610,10522,0,0.5323,56952037,1.2218,1000.5271
String,Clustered,ARS Gen 6: Aero Architecture,1000,0.0549,10370,0,0.5323,56951631,1.2218,1111.9743
String,Clustered,ARS Gen 6: Aero (Stable),1000,0.0666,10522,0,0.5323,56952183,1.2218,916.9808
String,Clustered,ARS Exp A: Recursive Parallel,1000,0.0513,10370,0,0.5323,56951537,1.2218,1188.6801
String,Clustered,ARS Exp B: Hierarchical Staging,1000,0.0548,10370,0,0.5323,56951547,1.2218,1114.6549
String,Clustered,ARS Exp C: Adaptive Hierarchical,1000,0.0603,10370,0,0.5323,56951658,1.2218,1012.6955
String,Clustered,ARS Exp D: Stream Micro-Batch,1000,0.2178,10370,2000,0.5323,56954204,1.2218,280.1808
String,Clustered,Quicksort,10000,0.8011,136866,0,0.5321,56973430,1.2220,761.8519
String,Clustered,Timsort,10000,0.9401,141490,0,0.5320,56981495,1.2220,649.2231
String,Clustered,ARS Gen 1: Foundation,10000,6.9033,0,30000,0.5312,57049196,1.2234,88.4146
String,Clustered,ARS Gen 2: Grid Mapping,10000,5.8388,0,30000,0.5311,57055642,1.2236,104.5335
String,Clustered,ARS Gen 3: Apex Baseline,10000,1.9647,193846,14351,0.5320,56989297,1.2221,310.6556
String,Clustered,ARS Gen 4: Parallel Apex,10000,0.6255,67438,10000,0.5320,56979261,1.2218,975.7195
String,Clustered,ARS Gen 5: Optimized Apex (MAIN),10000,0.2215,67438,0,0.5320,56974961,1.2217,2755.5997
String,Clustered,ARS Gen 5: Optimized Apex (Stable),10000,0.2415,70298,0,0.5320,56979826,1.2217,2527.7439
String,Clustered,ARS Gen 6: Aero Architecture,10000,0.3365,63043,0,0.5320,56978098,1.2217,1813.8234
String,Clustered,ARS Gen 6: Aero (Stable),10000,0.3679,67007,0,0.5320,56982040,1.2217,1659.1998
String,Clustered,ARS Exp A: Recursive Parallel,10000,0.2303,67438,0,0.5320,56977171,1.2217,2649.9925
String,Clustered,ARS Exp B: Hierarchical Staging,10000,0.2217,67438,0,0.5320,56977914,1.2217,2752.4930
String,Clustered,ARS Exp C: Adaptive Hierarchical,10000,0.2287,67438,0,0.5320,56978984,1.2217,2668.2502
String,Clustered,ARS Exp D: Stream Micro-Batch,10000,1.0377,67438,20000,0.5319,56996605,1.2217,588.1790
String,Clustered,Quicksort,100000,10.3647,1718762,0,0.5286,57181959,1.2250,588.8756
String,Clustered,Timsort,100000,11.8990,1759891,0,0.5274,57206054,1.2247,512.9449
String,Clustered,ARS Gen 1: Foundation,100000,60.6964,0,300000,0.5023,57975030,1.2163,100.5582
String,Clustered,ARS Gen 2: Grid Mapping,100000,60.3773,0,300000,0.4967,58039893,1.2118,101.0895
String,Clustered,ARS Gen 3: Apex Baseline,100000,17.1112,1895222,108703,0.5312,57265083,1.2240,356.6963
String,Clustered,ARS Gen 4: Parallel Apex,100000,4.2693,1029722,100000,0.5312,57224720,1.2208,1429.6278
String,Clustered,ARS Gen 5: Optimized Apex (MAIN),100000,2.9436,1029722,0,0.5311,57260832,1.2204,2073.4987
String,Clustered,ARS Gen 5: Optimized Apex (Stable),100000,3.1585,1071423,0,0.5308,57362167,1.2190,1932.3827
String,Clustered,ARS Gen 6: Aero Architecture,100000,3.2315,978520,0,0.5309,57278382,1.2205,1888.7802
String,Clustered,ARS Gen 6: Aero (Stable),100000,3.3396,1019338,0,0.5308,57368680,1.2193,1827.6089
String,Clustered,ARS Exp A: Recursive Parallel,100000,3.1745,1029722,0,0.5309,57304557,1.2196,1922.6517
String,Clustered,ARS Exp B: Hierarchical Staging,100000,3.1770,961965,0,0.5312,57315389,1.2197,1921.1479
String,Clustered,ARS Exp C: Adaptive Hierarchical,100000,3.0396,1029722,0,0.5310,57290565,1.2196,2008.0009
String,Clustered,ARS Exp D: Stream Micro-Batch,100000,10.3197,1029722,200000,0.5284,57362262,1.2217,591.4413
String,Clustered,Quicksort,1000000,239.1709,20518628,0,0.5355,59123431,1.2449,255.1947
String,Clustered,Timsort,1000000,394.4437,20902099,0,0.5258,60354782,1.2175,154.7373
String,Clustered,ARS Gen 3: Apex Baseline,1000000,194.5300,21589743,1017407,0.5281,60412677,1.2217,313.7570
String,Clustered,ARS Gen 4: Parallel Apex,1000000,61.8797,12256776,1000000,0.5338,59886694,1.1779,986.3518
String,Clustered,ARS Gen 5: Optimized Apex (MAIN),1000000,48.0696,12256776,0,0.5352,58383175,1.1838,1269.7238
String,Clustered,ARS Gen 5: Optimized Apex (Stable),1000000,57.1180,12679336,0,0.5328,58707731,1.1769,1068.5803
String,Clustered,ARS Gen 6: Aero Architecture,1000000,60.2081,13331493,0,0.5353,58902826,1.1791,1013.7374
String,Clustered,ARS Gen 6: Aero (Stable),1000000,73.7585,13750405,0,0.5338,59310638,1.1686,827.4999
String,Clustered,ARS Exp A: Recursive Parallel,1000000,52.2703,9434971,0,0.5374,58990654,1.1832,1167.6822
String,Clustered,ARS Exp B: Hierarchical Staging,1000000,70.2555,7913738,0,0.5428,58815903,1.1828,868.7593
String,Clustered,ARS Exp C: Adaptive Hierarchical,1000000,57.7536,8719170,0,0.5405,59008561,1.1816,1056.8208
String,Clustered,ARS Exp D: Stream Micro-Batch,1000000,432.2321,15199655,2000000,0.5514,61762054,1.1920,141.2092
String,BucketCollapse,Quicksort,1000,0.0512,10370,0,0.5274,58351204,1.2145,1191.3250
String,BucketCollapse,Timsort,1000,0.0637,10522,0,0.5274,58352753,1.2145,958.3613
String,BucketCollapse,ARS Gen 1: Foundation,1000,0.2684,0,2000,0.5274,58358691,1.2146,227.4232
String,BucketCollapse,ARS Gen 2: Grid Mapping,1000,0.2872,0,2000,0.5274,58359405,1.2146,212.5165
String,BucketCollapse,ARS Gen 3: Apex Baseline,1000,0.0749,10370,0,0.5274,58352421,1.2145,814.7254
String,BucketCollapse,ARS Gen 4: Parallel Apex,1000,0.0574,10370,0,0.5274,58352254,1.2145,1062.7748
String,BucketCollapse,ARS Gen 5: Optimized Apex (MAIN),1000,0.0548,10370,0,0.5274,58352256,1.2145,1113.1099
String,BucketCollapse,ARS Gen 5: Optimized Apex (Stable),1000,0.0633,10522,0,0.5274,58352584,1.2145,964.3424
String,BucketCollapse,ARS Gen 6: Aero Architecture,1000,0.0668,10370,0,0.5274,58352459,1.2145,913.9052
String,BucketCollapse,ARS Gen 6: Aero (Stable),1000,0.0659,10522,0,0.5274,58352733,1.2145,925.4902
String,BucketCollapse,ARS Exp A: Recursive Parallel,1000,0.0665,10370,0,0.5274,58352355,1.2145,917.3805
String,BucketCollapse,ARS Exp B: Hierarchical Staging,1000,0.0632,10370,0,0.5274,58352308,1.2145,966.2813
String,BucketCollapse,ARS Exp C: Adaptive Hierarchical,1000,0.0655,10370,0,0.5274,58352348,1.2145,931.7491
String,BucketCollapse,ARS Exp D: Stream Micro-Batch,1000,0.2215,10370,2000,0.5274,58354041,1.2145,275.5388
String,BucketCollapse,Quicksort,10000,0.8352,136866,0,0.5272,58377742,1.2147,730.7893
String,BucketCollapse,Timsort,10000,0.9111,141490,0,0.5271,58379412,1.2147,669.9239
String,BucketCollapse,ARS Gen 1: Foundation,10000,5.7659,0,30000,0.5266,58449292,1.2162,105.8553
String,BucketCollapse,ARS Gen 2: Grid Mapping,10000,6.0780,0,30000,0.5265,58455818,1.2163,100.4197
String,BucketCollapse,ARS Gen 3: Apex Baseline,10000,1.9372,193846,14351,0.5271,58390457,1.2148,315.0680
String,BucketCollapse,ARS Gen 4: Parallel Apex,10000,0.6336,67438,10000,0.5271,58384888,1.2145,963.3408
String,BucketCollapse,ARS Gen 5: Optimized Apex (MAIN),10000,0.2314,67438,0,0.5271,58388009,1.2144,2637.2825
String,BucketCollapse,ARS Gen 5: Optimized Apex (Stable),10000,0.2419,70298,0,0.5271,58393471,1.2144,2523.4799
String,BucketCollapse,ARS Gen 6: Aero Architecture,10000,0.3819,63043,0,0.5271,58388182,1.2144,1598.3982
String,BucketCollapse,ARS Gen 6: Aero (Stable),10000,0.4092,67007,0,0.5271,58392909,1.2144,1491.5290
String,BucketCollapse,ARS Exp A: Recursive Parallel,10000,0.2780,67438,0,0.5271,58388630,1.2144,2195.4066
String,BucketCollapse,ARS Exp B: Hierarchical Staging,10000,0.2212,67438,0,0.5271,58386903,1.2144,2758.7010
String,BucketCollapse,ARS Exp C: Adaptive Hierarchical,10000,0.2243,67438,0,0.5271,58387797,1.2144,2721.3092
String,BucketCollapse,ARS Exp D: Stream Micro-Batch,10000,1.1668,67438,20000,0.5270,58398128,1.2145,523.1202
String,BucketCollapse,Quicksort,100000,10.5139,1718762,0,0.5236,58688449,1.2176,580.5164
String,BucketCollapse,Timsort,100000,12.0980,1759891,0,0.5224,58678907,1.2173,504.5068
String,BucketCollapse,ARS Gen 1: Foundation,100000,59.0766,0,300000,0.4982,59394656,1.2089,103.3153
String,BucketCollapse,ARS Gen 2: Grid Mapping,100000,58.1714,0,300000,0.4952,59454309,1.2062,104.9230
String,BucketCollapse,ARS Gen 3: Apex Baseline,100000,16.5838,1895222,108703,0.5263,58739058,1.2167,368.0407
String,BucketCollapse,ARS Gen 4: Parallel Apex,100000,3.9887,1029722,100000,0.5263,58639666,1.2139,1530.2067
String,BucketCollapse,ARS Gen 5: Optimized Apex (MAIN),100000,2.7818,1029722,0,0.5263,58627363,1.2119,2194.1154
String,BucketCollapse,ARS Gen 5: Optimized Apex (Stable),100000,3.1416,1071423,0,0.5261,58711272,1.2114,1942.8271
String,BucketCollapse,ARS Gen 6: Aero Architecture,100000,3.1299,978520,0,0.5261,58632654,1.2129,1950.0972
String,BucketCollapse,ARS Gen 6: Aero (Stable),100000,3.3057,1019338,0,0.5260,58710058,1.2122,1846.3504
String,BucketCollapse,ARS Exp A: Recursive Parallel,100000,3.1886,1029722,0,0.5262,58638744,1.2130,1914.1408
String,BucketCollapse,ARS Exp B: Hierarchical Staging,100000,3.1676,961965,0,0.5265,58599003,1.2129,1926.8587
String,BucketCollapse,ARS Exp C: Adaptive Hierarchical,100000,2.9232,1029722,0,0.5262,58639260,1.2121,2087.9755
String,BucketCollapse,ARS Exp D: Stream Micro-Batch,100000,9.9880,1029722,200000,0.5240,58658804,1.2147,611.0825
String,BucketCollapse,Quicksort,1000000,247.7550,20518628,0,0.5302,61747562,1.2331,246.3529
String,BucketCollapse,Timsort,1000000,350.6402,20902099,0,0.5216,61679016,1.2179,174.0678
String,BucketCollapse,ARS Gen 3: Apex Baseline,1000000,206.8359,21589743,1017407,0.5239,62120708,1.2142,295.0897
String,BucketCollapse,ARS Gen 4: Parallel Apex,1000000,62.4387,12256776,1000000,0.5296,61135009,1.1720,977.5214
String,BucketCollapse,ARS Gen 5: Optimized Apex (MAIN),1000000,50.0027,12256776,0,0.5305,60620080,1.1826,1220.6362
String,BucketCollapse,ARS Gen 5: Optimized Apex (Stable),1000000,61.3265,12679336,0,0.5275,61766410,1.1639,995.2495
String,BucketCollapse,ARS Gen 6: Aero Architecture,1000000,66.1998,13331493,0,0.5310,61295106,1.1711,921.9836
String,BucketCollapse,ARS Gen 6: Aero (Stable),1000000,75.8235,13750405,0,0.5292,61852141,1.1575,804.9635
String,BucketCollapse,ARS Exp A: Recursive Parallel,1000000,52.3509,9434971,0,0.5325,60730067,1.1781,1165.8856
String,BucketCollapse,ARS Exp B: Hierarchical Staging,1000000,70.6219,7913738,0,0.5381,60452096,1.1702,864.2519
String,BucketCollapse,ARS Exp C: Adaptive Hierarchical,1000000,58.1305,8719170,0,0.5357,60703163,1.1684,1049.9683
String,BucketCollapse,ARS Exp D: Stream Micro-Batch,1000000,433.6044,15151080,2000000,0.5473,62681966,1.1836,140.7623
String,LowCardinality,Quicksort,1000,0.0310,5636,0,0.5252,58962253,1.2110,1966.8457
String,LowCardinality,Timsort,1000,0.0389,5782,0,0.5252,58962808,1.2110,1570.1170
String,LowCardinality,ARS Gen 1: Foundation,1000,0.1133,984,2000,0.5252,58964292,1.2110,538.4758
String,LowCardinality,ARS Gen 2: Grid Mapping,1000,0.1266,984,2000,0.5252,58964410,1.2110,482.2321
String,LowCardinality,ARS Gen 3: Apex Baseline,1000,0.0374,5636,0,0.5252,58962743,1.2110,1633.3536
String,LowCardinality,ARS Gen 4: Parallel Apex,1000,0.0355,5636,0,0.5252,58962691,1.2110,1720.6088
String,LowCardinality,ARS Gen 5: Optimized Apex (MAIN),1000,0.0352,5636,0,0.5252,58962682,1.2110,1734.0026
String,LowCardinality,ARS Gen 5: Optimized Apex (Stable),1000,0.0425,5782,0,0.5252,58962912,1.2110,1436.2565
String,LowCardinality,ARS Gen 6: Aero Architecture,1000,0.0355,5636,0,0.5252,58962688,1.2110,1721.3367
String,LowCardinality,ARS Gen 6: Aero (Stable),1000,0.0385,5782,0,0.5252,58962951,1.2110,1584.2177
String,LowCardinality,ARS Exp A: Recursive Parallel,1000,0.0346,5636,0,0.5252,58962556,1.2110,1763.5631
String,LowCardinality,ARS Exp B: Hierarchical Staging,1000,0.0374,5636,0,0.5252,58962715,1.2110,1632.3052
String,LowCardinality,ARS Exp C: Adaptive Hierarchical,1000,0.0375,5636,0,0.5252,58962761,1.2110,1625.6967
String,LowCardinality,ARS Exp D: Stream Micro-Batch,1000,0.2101,5636,2000,0.5252,58964848,1.2110,290.5537
String,LowCardinality,Quicksort,10000,0.3210,53113,0,0.5250,58975924,1.2110,1901.1935
String,LowCardinality,Timsort,10000,0.3739,54714,0,0.5249,58975963,1.2110,1632.3314
String,LowCardinality,ARS Gen 1: Foundation,10000,1.4233,9984,30000,0.5248,58997526,1.2113,428.8285
String,LowCardinality,ARS Gen 2: Grid Mapping,10000,1.4071,9984,30000,0.5248,58996785,1.2113,433.7798
String,LowCardinality,ARS Gen 3: Apex Baseline,10000,1.7801,122389,14351,0.5249,58991002,1.2113,342.8737
String,LowCardinality,ARS Gen 4: Parallel Apex,10000,0.5910,14075,10000,0.5250,58973437,1.2109,1032.8224
String,LowCardinality,ARS Gen 5: Optimized Apex (MAIN),10000,0.1496,14075,0,0.5250,58970265,1.2109,4079.3448
String,LowCardinality,ARS Gen 5: Optimized Apex (Stable),10000,0.1415,14094,0,0.5250,58969887,1.2109,4313.1338
String,LowCardinality,ARS Gen 6: Aero Architecture,10000,0.2755,12021,0,0.5249,58972612,1.2109,2215.2472
String,LowCardinality,ARS Gen 6: Aero (Stable),10000,0.2949,12028,0,0.5249,58973861,1.2109,2069.9918
String,LowCardinality,ARS Exp A: Recursive Parallel,10000,0.1733,14075,0,0.5250,58970900,1.2108,3521.4486
String,LowCardinality,ARS Exp B: Hierarchical Staging,10000,0.2102,14075,0,0.5249,58972197,1.2109,2903.6430
String,LowCardinality,ARS Exp C: Adaptive Hierarchical,10000,0.1330,14075,0,0.5249,58970883,1.2109,4589.4201
String,LowCardinality,ARS Exp D: Stream Micro-Batch,10000,0.9741,14075,20000,0.5248,58982472,1.2110,626.5941
String,LowCardinality,Quicksort,100000,3.9807,516589,0,0.5229,59112548,1.2117,1533.2696
String,LowCardinality,Timsort,100000,4.6923,529550,0,0.5221,59110200,1.2115,1300.7594
String,LowCardinality,ARS Gen 1: Foundation,100000,15.7612,99984,300000,0.5232,59289548,1.2128,387.2501
String,LowCardinality,ARS Gen 2: Grid Mapping,100000,15.5379,99984,300000,0.5230,59291818,1.2127,392.8157
String,LowCardinality,ARS Gen 3: Apex Baseline,100000,14.2167,1144965,108703,0.5244,59224313,1.2134,429.3200
String,LowCardinality,ARS Gen 4: Parallel Apex,100000,3.1666,151083,100000,0.5246,59005879,1.2097,1927.4860
String,LowCardinality,ARS Gen 5: Optimized Apex (MAIN),100000,1.6724,151083,0,0.5246,58992591,1.2084,3649.4807
String,LowCardinality,ARS Gen 5: Optimized Apex (Stable),100000,1.6077,151309,0,0.5245,59002101,1.2082,3796.5450
String,LowCardinality,ARS Gen 6: Aero Architecture,100000,1.9297,99990,0,0.5244,59019260,1.2091,3162.9284
String,LowCardinality,ARS Gen 6: Aero (Stable),100000,1.9573,99990,0,0.5244,59019901,1.2087,3118.3406
String,LowCardinality,ARS Exp A: Recursive Parallel,100000,2.2306,200008,0,0.5237,59004902,1.2085,2736.2823
String,LowCardinality,ARS Exp B: Hierarchical Staging,100000,1.9943,200008,0,0.5239,58993596,1.2085,3060.5385
String,LowCardinality,ARS Exp C: Adaptive Hierarchical,100000,1.6512,100024,0,0.5245,58996136,1.2085,3696.3807
String,LowCardinality,ARS Exp D: Stream Micro-Batch,100000,9.2398,151083,200000,0.5224,59066278,1.2114,660.5704
String,LowCardinality,Quicksort,1000000,91.8072,5202060,0,0.5357,60074704,1.2111,664.8190
String,LowCardinality,Timsort,1000000,149.9270,6111262,0,0.5369,60227063,1.2037,407.0992
String,LowCardinality,ARS Gen 3: Apex Baseline,1000000,161.4143,12085476,1017407,0.5263,60744762,1.2251,378.1274
String,LowCardinality,ARS Gen 4: Parallel Apex,1000000,31.0317,999988,1000000,0.5295,59070428,1.1951,1966.8678
String,LowCardinality,ARS Gen 5: Optimized Apex (MAIN),1000000,23.1540,999988,0,0.5289,59012313,1.1895,2636.0499
String,LowCardinality,ARS Gen 5: Optimized Apex (Stable),1000000,22.5686,999988,0,0.5291,59011169,1.1898,2704.4299
String,LowCardinality,ARS Gen 6: Aero Architecture,1000000,24.5966,999988,0,0.5293,59264488,1.1924,2481.4464
String,LowCardinality,ARS Gen 6: Aero (Stable),1000000,23.4659,999988,0,0.5288,59262783,1.1950,2601.0094
String,LowCardinality,ARS Exp A: Recursive Parallel,1000000,33.1460,1999972,0,0.5303,59021051,1.1855,1841.4037
String,LowCardinality,ARS Exp B: Hierarchical Staging,1000000,36.7153,1999976,0,0.5303,59009855,1.1844,1662.3883
String,LowCardinality,ARS Exp C: Adaptive Hierarchical,1000000,37.1674,1999976,0,0.5302,59020206,1.1827,1642.1671
String,LowCardinality,ARS Exp D: Stream Micro-Batch,1000000,332.5884,5709060,2000000,0.5531,60306004,1.1886,183.5156
String,PrefixCollision,Quicksort,1000,0.0563,10308,0,0.5249,59165534,1.1961,1084.6260
String,PrefixCollision,Timsort,1000,0.0650,10658,0,0.5249,59165878,1.1961,938.3239
String,PrefixCollision,ARS Gen 1: Foundation,1000,0.1270,10308,2000,0.5249,59166551,1.1962,480.4632
String,PrefixCollision,ARS Gen 2: Grid Mapping,1000,0.1453,10308,2000,0.5249,59166524,1.1962,419.9301
String,PrefixCollision,ARS Gen 3: Apex Baseline,1000,0.0529,10308,0,0.5249,59165535,1.1961,1154.0455
String,PrefixCollision,ARS Gen 4: Parallel Apex,1000,0.0544,10308,0,0.5249,59165537,1.1961,1121.2690
String,PrefixCollision,ARS Gen 5: Optimized Apex (MAIN),1000,0.0578,10308,0,0.5249,59165523,1.1961,1056.1908
String,PrefixCollision,ARS Gen 5: Optimized Apex (Stable),1000,0.0676,10658,0,0.5249,59165887,1.1961,903.4482
String,PrefixCollision,ARS Gen 6: Aero Architecture,1000,0.0591,10308,0,0.5249,59165532,1.1961,1033.1283
String,PrefixCollision,ARS Gen 6: Aero (Stable),1000,0.0721,10658,0,0.5249,59165947,1.1961,846.3000
String,PrefixCollision,ARS Exp A: Recursive Parallel,1000,0.0558,10308,0,0.5249,59165542,1.1961,1093.0952
String,PrefixCollision,ARS Exp B: Hierarchical Staging,1000,0.0560,10308,0,0.5249,59165523,1.1961,1089.2716
String,PrefixCollision,ARS Exp C: Adaptive Hierarchical,1000,0.0575,10308,0,0.5249,59165554,1.1961,1060.9828
String,PrefixCollision,ARS Exp D: Stream Micro-Batch,1000,0.2278,10308,2000,0.5249,59167339,1.1961,267.9166
String,PrefixCollision,Quicksort,10000,0.7700,138349,0,0.5245,59176843,1.1963,792.6253
String,PrefixCollision,Timsort,10000,0.9896,142268,0,0.5244,59179879,1.1963,616.7653
String,PrefixCollision,ARS Gen 1: Foundation,10000,2.2841,138349,30000,0.5241,59188775,1.1966,267.2178
String,PrefixCollision,ARS Gen 2: Grid Mapping,10000,2.1843,138349,30000,0.5240,59188993,1.1966,279.4221
String,PrefixCollision,ARS Gen 3: Apex Baseline,10000,2.3216,193925,14351,0.5244,59190498,1.1963,262.8980
String,PrefixCollision,ARS Gen 4: Parallel Apex,10000,1.6031,138355,10000,0.5244,59184578,1.1963,380.7423
String,PrefixCollision,ARS Gen 5: Optimized Apex (MAIN),10000,1.0494,138355,0,0.5243,59182698,1.1963,581.6378
String,PrefixCollision,ARS Gen 5: Optimized Apex (Stable),10000,1.1094,142274,0,0.5242,59186462,1.1962,550.1567
String,PrefixCollision,ARS Gen 6: Aero Architecture,10000,0.9756,138355,0,0.5242,59180944,1.1963,625.5935
String,PrefixCollision,ARS Gen 6: Aero (Stable),10000,1.1693,142274,0,0.5242,59184863,1.1963,521.9718
String,PrefixCollision,ARS Exp A: Recursive Parallel,10000,0.8014,138355,0,0.5244,59180350,1.1963,761.6418
String,PrefixCollision,ARS Exp B: Hierarchical Staging,10000,1.0122,138355,0,0.5243,59182496,1.1963,603.0236
String,PrefixCollision,ARS Exp C: Adaptive Hierarchical,10000,0.9478,138355,0,0.5243,59183354,1.1963,643.9632
String,PrefixCollision,ARS Exp D: Stream Micro-Batch,10000,1.9019,138355,20000,0.5240,59190887,1.1963,320.9132
String,PrefixCollision,Quicksort,100000,16.1671,1715173,0,0.5221,59271282,1.1977,377.5264
String,PrefixCollision,Timsort,100000,20.1316,1762853,0,0.5220,59298397,1.1967,303.1806
String,PrefixCollision,ARS Gen 1: Foundation,100000,48.7419,1715173,300000,0.5213,59366782,1.1955,125.2210
String,PrefixCollision,ARS Gen 2: Grid Mapping,100000,46.1516,1715173,300000,0.5211,59366803,1.1963,132.2492
String,PrefixCollision,ARS Gen 3: Apex Baseline,100000,21.3401,1895407,108703,0.5245,59318300,1.1958,286.0121
String,PrefixCollision,ARS Gen 4: Parallel Apex,100000,20.0385,1715179,100000,0.5216,59283070,1.1962,304.5900
String,PrefixCollision,ARS Gen 5: Optimized Apex (MAIN),100000,20.7652,1715179,0,0.5222,59279514,1.1949,293.9306
String,PrefixCollision,ARS Gen 5: Optimized Apex (Stable),100000,27.9042,1762859,0,0.5218,59307308,1.1932,218.7311
String,PrefixCollision,ARS Gen 6: Aero Architecture,100000,21.5578,1715179,0,0.5223,59279302,1.1935,283.1232
String,PrefixCollision,ARS Gen 6: Aero (Stable),100000,29.2825,1762859,0,0.5222,59306218,1.1920,208.4356
String,PrefixCollision,ARS Exp A: Recursive Parallel,100000,18.6609,1715179,0,0.5220,59277562,1.1955,327.0751
String,PrefixCollision,ARS Exp B: Hierarchical Staging,100000,19.1935,1715179,0,0.5219,59275286,1.1958,317.9993
String,PrefixCollision,ARS Exp C: Adaptive Hierarchical,100000,19.0414,1715179,0,0.5221,59277664,1.1955,320.5400
String,PrefixCollision,ARS Exp D: Stream Micro-Batch,100000,33.7857,1715179,200000,0.5203,59351859,1.1961,180.6536
String,PrefixCollision,Quicksort,1000000,630.3916,20523276,0,0.5440,60131747,1.1514,96.8210
String,PrefixCollision,Timsort,1000000,830.4097,20914644,0,0.5396,60404478,1.1244,73.5001
String,PrefixCollision,ARS Gen 3: Apex Baseline,1000000,262.0331,21586854,1017407,0.5210,60444905,1.1726,232.9292
String,PrefixCollision,ARS Gen 4: Parallel Apex,1000000,529.0751,20523280,1000000,0.5474,60150467,1.1581,115.3620
String,PrefixCollision,ARS Gen 5: Optimized Apex (MAIN),1000000,576.4057,20523280,0,0.5481,60152442,1.1563,105.8892
String,PrefixCollision,ARS Gen 5: Optimized Apex (Stable),1000000,707.3076,20914648,0,0.5426,60413490,1.1352,86.2922
String,PrefixCollision,ARS Gen 6: Aero Architecture,1000000,479.7740,20523280,0,0.5504,60146608,1.1606,127.2165
String,PrefixCollision,ARS Gen 6: Aero (Stable),1000000,702.2069,20914648,0,0.5431,60405750,1.1329,86.9190
String,PrefixCollision,ARS Exp A: Recursive Parallel,1000000,524.1704,20523280,0,0.5469,60142401,1.1658,116.4414
String,PrefixCollision,ARS Exp B: Hierarchical Staging,1000000,505.8319,20523280,0,0.5457,60142301,1.1706,120.6629
String,PrefixCollision,ARS Exp C: Adaptive Hierarchical,1000000,479.8120,20523280,0,0.5465,60143604,1.1734,127.2064
String,PrefixCollision,ARS Exp D: Stream Micro-Batch,1000000,674.4474,21815105,2000000,0.5745,61948095,1.1180,90.4965
Custom,Random,Quicksort,1000,0.0203,10378,0,0.6465,66132483,1.0751,2254.1051
Custom,Random,Timsort,1000,0.0285,10965,0,0.6465,66133355,1.0751,1606.2447
Custom,Random,ARS Gen 1: Foundation,1000,0.2073,0,2000,0.6465,66139623,1.0751,220.8719
Custom,Random,ARS Gen 2: Grid Mapping,1000,0.2384,0,2000,0.6465,66140477,1.0751,192.0053
Custom,Random,ARS Gen 3: Apex Baseline,1000,0.0188,10378,0,0.6465,66132503,1.0751,2439.7147
Custom,Random,ARS Gen 4: Parallel Apex,1000,0.0192,10378,0,0.6465,66132499,1.0751,2383.6892
Custom,Random,ARS Gen 5: Optimized Apex (MAIN),1000,0.0186,10378,0,0.6465,66132483,1.0751,2463.8768
Custom,Random,ARS Gen 5: Optimized Apex (Stable),1000,0.0261,10965,0,0.6465,66133353,1.0751,1751.0660
Custom,Random,ARS Gen 6: Aero Architecture,1000,0.0229,10378,0,0.6465,66132505,1.0751,1997.2237
Custom,Random,ARS Gen 6: Aero (Stable),1000,0.0290,10965,0,0.6465,66133356,1.0751,1577.6794
Custom,Random,ARS Exp A: Recursive Parallel,1000,0.0211,10378,0,0.6465,66132505,1.0751,2173.3071
Custom,Random,ARS Exp B: Hierarchical Staging,1000,0.0193,10378,0,0.6465,66132489,1.0751,2368.8867
Custom,Random,ARS Exp C: Adaptive Hierarchical,1000,0.0194,10378,0,0.6465,66132509,1.0751,2360.8235
Custom,Random,ARS Exp D: Stream Micro-Batch,1000,0.1140,10378,2000,0.6464,66133772,1.0751,401.5154
Custom,Random,Quicksort,10000,0.2286,138485,0,0.6464,66143507,1.0751,2002.5534
Custom,Random,Timsort,10000,0.3207,142802,0,0.6464,66152269,1.0751,1427.2377
Custom,Random,ARS Gen 1: Foundation,10000,5.3638,0,30000,0.6439,66231103,1.0761,85.3432
Custom,Random,ARS Gen 2: Grid Mapping,10000,5.5911,0,30000,0.6439,66236585,1.0761,81.8732
Custom,Random,ARS Gen 3: Apex Baseline,10000,0.4089,194235,14351,0.6463,66157920,1.0751,1119.5934
Custom,Random,ARS Gen 4: Parallel Apex,10000,0.2357,53078,10000,0.6463,66158103,1.0750,1942.0136
Custom,Random,ARS Gen 5: Optimized Apex (MAIN),10000,0.1351,53078,0,0.6463,66150595,1.0750,3388.9342
Custom,Random,ARS Gen 5: Optimized Apex (Stable),10000,0.1439,57974,0,0.6463,66157016,1.0750,3181.2561
Custom,Random,ARS Gen 6: Aero Architecture,10000,0.1346,60130,0,0.6463,66150406,1.0750,3400.1105
Custom,Random,ARS Gen 6: Aero (Stable),10000,0.1531,62739,0,0.6463,66156577,1.0750,2989.2037
Custom,Random,ARS Exp A: Recursive Parallel,10000,0.1536,53078,0,0.6463,66150001,1.0750,2981.0862
Custom,Random,ARS Exp B: Hierarchical Staging,10000,0.1444,53078,0,0.6463,66150413,1.0750,3169.5598
Custom,Random,ARS Exp C: Adaptive Hierarchical,10000,0.1354,53078,0,0.6463,66150577,1.0750,3380.8248
Custom,Random,ARS Exp D: Stream Micro-Batch,10000,0.3291,53078,20000,0.6463,66152488,1.0750,1391.1548
Custom,Random,Quicksort,100000,2.9135,1716233,0,0.6458,66262109,1.0761,1571.1732
Custom,Random,Timsort,100000,4.8408,1759914,0,0.6452,66346149,1.0758,945.6436
Custom,Random,ARS Gen 1: Foundation,100000,40.1851,0,300000,0.6229,67152458,1.0729,113.9137
Custom,Random,ARS Gen 2: Grid Mapping,100000,40.3242,0,300000,0.6220,67211802,1.0713,113.5209
Custom,Random,ARS Gen 3: Apex Baseline,100000,2.9603,1895170,108703,0.6457,66342757,1.0753,1546.3396
Custom,Random,ARS Gen 4: Parallel Apex,100000,1.5231,891495,100000,0.6460,66339458,1.0745,3005.5406
Custom,Random,ARS Gen 5: Optimized Apex (MAIN),100000,1.3759,891495,0,0.6460,66276395,1.0740,3326.9570
Custom,Random,ARS Gen 5: Optimized Apex (Stable),100000,1.5053,927102,0,0.6460,66362050,1.0741,3041.0432
Custom,Random,ARS Gen 6: Aero Architecture,100000,1.4070,954799,0,0.6459,66285998,1.0745,3253.4315
Custom,Random,ARS Gen 6: Aero (Stable),100000,1.7571,993233,0,0.6459,66374075,1.0742,2605.2642
Custom,Random,ARS Exp A: Recursive Parallel,100000,1.4310,891495,0,0.6459,66273905,1.0742,3198.9769
Custom,Random,ARS Exp B: Hierarchical Staging,100000,1.5060,780845,0,0.6459,66270995,1.0741,3039.5449
Custom,Random,ARS Exp C: Adaptive Hierarchical,100000,1.5127,891495,0,0.6460,66276158,1.0741,3026.1045
Custom,Random,ARS Exp D: Stream Micro-Batch,100000,1.7693,891495,200000,0.6459,66281099,1.0742,2587.2923
Custom,Random,Quicksort,1000000,40.4047,20512439,0,0.6413,67194441,1.0877,1132.9462
Custom,Random,Timsort,1000000,70.9198,20899150,0,0.6356,68036755,1.0820,645.4671
Custom,Random,ARS Gen 3: Apex Baseline,1000000,35.1527,21596717,1017407,0.6425,67856276,1.0781,1302.2154
Custom,Random,ARS Gen 4: Parallel Apex,1000000,18.4658,10310056,1000000,0.6464,67796340,1.0643,2478.9835
Custom,Random,ARS Gen 5: Optimized Apex (MAIN),1000000,17.1846,10310056,0,0.6464,67219465,1.0650,2663.8073
Custom,Random,ARS Gen 5: Optimized Apex (Stable),1000000,18.9550,10709205,0,0.6461,68081786,1.0643,2415.0020
Custom,Random,ARS Gen 6: Aero Architecture,1000000,17.7674,13016047,0,0.6458,67335227,1.0713,2576.4204
Custom,Random,ARS Gen 6: Aero (Stable),1000000,20.8703,13434584,0,0.6444,68200591,1.0691,2193.3754
Custom,Random,ARS Exp A: Recursive Parallel,1000000,19.1762,10310056,0,0.6460,67203505,1.0658,2387.1501
Custom,Random,ARS Exp B: Hierarchical Staging,1000000,20.7188,11367051,0,0.6466,67203337,1.0677,2209.4069
Custom,Random,ARS Exp C: Adaptive Hierarchical,1000000,19.6336,12398342,0,0.6465,67210765,1.0691,2331.5302
Custom,Random,ARS Exp D: Stream Micro-Batch,1000000,43.6036,12262439,2000000,0.6469,68793627,1.0614,1049.8291
Custom,Gaussian,Quicksort,1000,0.0250,10308,0,0.6466,67560832,1.0581,1830.0299
Custom,Gaussian,Timsort,1000,0.0355,10818,0,0.6466,67561732,1.0581,1289.1483
Custom,Gaussian,ARS Gen 1: Foundation,1000,0.2158,458,2000,0.6466,67568968,1.0581,212.1024
Custom,Gaussian,ARS Gen 2: Grid Mapping,1000,0.2422,458,2000,0.6466,67569504,1.0581,188.9953
Custom,Gaussian,ARS Gen 3: Apex Baseline,1000,0.0249,10308,0,0.6466,67560843,1.0581,1835.1655
Custom,Gaussian,ARS Gen 4: Parallel Apex,1000,0.0251,10308,0,0.6466,67560850,1.0581,1825.5780
Custom,Gaussian,ARS Gen 5: Optimized Apex (MAIN),1000,0.0251,10308,0,0.6466,67560838,1.0581,1824.8502
Custom,Gaussian,ARS Gen 5: Optimized Apex (Stable),1000,0.0353,10818,0,0.6466,67561722,1.0581,1297.6264
Custom,Gaussian,ARS Gen 6: Aero Architecture,1000,0.0257,10308,0,0.6466,67560861,1.0581,1783.7496
Custom,Gaussian,ARS Gen 6: Aero (Stable),1000,0.0359,10818,0,0.6466,67561723,1.0581,1274.9657
Custom,Gaussian,ARS Exp A: Recursive Parallel,1000,0.0252,10308,0,0.6466,67560844,1.0581,1813.2845
Custom,Gaussian,ARS Exp B: Hierarchical Staging,1000,0.0251,10308,0,0.6466,67560849,1.0581,1827.1811
Custom,Gaussian,ARS Exp C: Adaptive Hierarchical,1000,0.0251,10308,0,0.6466,67560866,1.0581,1823.9777
Custom,Gaussian,ARS Exp D: Stream Micro-Batch,1000,0.1472,10308,2000,0.6466,67561405,1.0581,310.8773
Custom,Gaussian,Quicksort,10000,0.3116,135501,0,0.6465,67572023,1.0582,1469.0983
Custom,Gaussian,Timsort,10000,0.3871,140463,0,0.6465,67580177,1.0581,1182.5157
Custom,Gaussian,ARS Gen 1: Foundation,10000,1.3655,53061,30000,0.6464,67661195,1.0582,335.2310
Custom,Gaussian,ARS Gen 2: Grid Mapping,10000,1.8936,53088,30000,0.6463,67663895,1.0582,241.7413
Custom,Gaussian,ARS Gen 3: Apex Baseline,10000,0.4669,191553,14351,0.6465,67585946,1.0581,980.3584
Custom,Gaussian,ARS Gen 4: Parallel Apex,10000,0.2676,59910,10000,0.6465,67585469,1.0581,1710.7992
Custom,Gaussian,ARS Gen 5: Optimized Apex (MAIN),10000,0.1600,59910,0,0.6465,67579381,1.0581,2861.1302
Custom,Gaussian,ARS Gen 5: Optimized Apex (Stable),10000,0.1691,62899,0,0.6464,67586450,1.0581,2706.3868
Custom,Gaussian,ARS Gen 6: Aero Architecture,10000,0.2818,59134,0,0.6464,67581193,1.0581,1624.2604
Custom,Gaussian,ARS Gen 6: Aero (Stable),10000,0.3070,61884,0,0.6464,67588209,1.0581,1490.9558
Custom,Gaussian,ARS Exp A: Recursive Parallel,10000,0.1767,59910,0,0.6465,67578435,1.0581,2591.1982
Custom,Gaussian,ARS Exp B: Hierarchical Staging,10000,0.1677,59910,0,0.6464,67579507,1.0581,2729.8860
Custom,Gaussian,ARS Exp C: Adaptive Hierarchical,10000,0.1666,59910,0,0.6464,67579028,1.0581,2746.9721
Custom,Gaussian,ARS Exp D: Stream Micro-Batch,10000,0.3543,59910,20000,0.6464,67581419,1.0580,1291.9243
Custom,Gaussian,Quicksort,100000,2.5966,1420515,0,0.6459,67636323,1.0591,1762.9607
Custom,Gaussian,Timsort,100000,3.4597,1424196,0,0.6453,67660400,1.0589,1323.1151
Custom,Gaussian,ARS Gen 1: Foundation,100000,10.5690,1360088,300000,0.6450,68498587,1.0579,433.1208
Custom,Gaussian,ARS Gen 2: Grid Mapping,100000,11.0535,1360044,300000,0.6450,68522594,1.0582,414.1360
Custom,Gaussian,ARS Gen 3: Apex Baseline,100000,3.2525,1616363,108703,0.6458,67668404,1.0586,1407.4262
Custom,Gaussian,ARS Gen 4: Parallel Apex,100000,1.5399,713263,100000,0.6461,67664424,1.0579,2972.6439
Custom,Gaussian,ARS Gen 5: Optimized Apex (MAIN),100000,1.2513,713263,0,0.6461,67651648,1.0576,3658.2112
Custom,Gaussian,ARS Gen 5: Optimized Apex (Stable),100000,1.4748,718641,0,0.6461,67680572,1.0575,3103.8024
Custom,Gaussian,ARS Gen 6: Aero Architecture,100000,1.4533,681744,0,0.6460,67662856,1.0578,3149.7638
Custom,Gaussian,ARS Gen 6: Aero (Stable),100000,1.5746,688930,0,0.6460,67692049,1.0577,2907.1116
Custom,Gaussian,ARS Exp A: Recursive Parallel,100000,1.4083,713263,0,0.6461,67650833,1.0577,3250.4791
Custom,Gaussian,ARS Exp B: Hierarchical Staging,100000,1.5048,609629,0,0.6461,67647247,1.0576,3042.0476
Custom,Gaussian,ARS Exp C: Adaptive Hierarchical,100000,1.5592,713263,0,0.6461,67651076,1.0576,2935.8523
Custom,Gaussian,ARS Exp D: Stream Micro-Batch,100000,1.8253,713263,200000,0.6460,67655351,1.0578,2507.9024
Custom,Gaussian,Quicksort,1000000,26.6043,13518116,0,0.6413,67690880,1.0676,1720.6411
Custom,Gaussian,Timsort,1000000,51.2946,14666956,0,0.6357,67794367,1.0639,892.4212
Custom,Gaussian,ARS Gen 3: Apex Baseline,1000000,31.9465,14952891,1017407,0.6427,67799111,1.0599,1432.9050
Custom,Gaussian,ARS Gen 4: Parallel Apex,1000000,15.7735,4752528,1000000,0.6468,67736731,1.0476,2902.1031
Custom,Gaussian,ARS Gen 5: Optimized Apex (MAIN),1000000,15.3915,4752528,0,0.6468,67717708,1.0476,2974.1416
Custom,Gaussian,ARS Gen 5: Optimized Apex (Stable),1000000,17.0821,4776632,0,0.6461,67791190,1.0434,2679.7786
Custom,Gaussian,ARS Gen 6: Aero Architecture,1000000,15.7804,6258981,0,0.6457,67835804,1.0524,2900.8322
Custom,Gaussian,ARS Gen 6: Aero (Stable),1000000,17.7663,6290267,0,0.6438,67906044,1.0496,2576.5881
Custom,Gaussian,ARS Exp A: Recursive Parallel,1000000,15.8199,4706394,0,0.6464,67711452,1.0484,2893.5890
Custom,Gaussian,ARS Exp B: Hierarchical Staging,1000000,22.1153,2307619,0,0.6454,67719859,1.0446,2069.8924
Custom,Gaussian,ARS Exp C: Adaptive Hierarchical,1000000,21.7028,2550221,0,0.6461,67734061,1.0465,2109.2350
Custom,Gaussian,ARS Exp D: Stream Micro-Batch,1000000,44.3003,11495264,2000000,0.6462,68064867,1.0484,1033.3196
Custom,NearlySorted,Quicksort,1000,0.0222,9427,0,0.6466,68662471,1.0435,2064.5094
Custom,NearlySorted,Timsort,1000,0.0241,9314,0,0.6466,68662739,1.0435,1900.6173
Custom,NearlySorted,ARS Gen 1: Foundation,1000,0.1093,9547,2000,0.6466,68666959,1.0435,418.6416
Custom,NearlySorted,ARS Gen 2: Grid Mapping,1000,0.1174,9540,2000,0.6466,68666644,1.0435,389.8847
Custom,NearlySorted,ARS Gen 3: Apex Baseline,1000,0.0196,9427,0,0.6466,68662477,1.0435,2336.4826
Custom,NearlySorted,ARS Gen 4: Parallel Apex,1000,0.0192,9427,0,0.6466,68662461,1.0435,2383.5651
Custom,NearlySorted,ARS Gen 5: Optimized Apex (MAIN),1000,0.0188,9427,0,0.6466,68662465,1.0435,2438.5450
Custom,NearlySorted,ARS Gen 5: Optimized Apex (Stable),1000,0.0220,9314,0,0.6466,68662717,1.0435,2081.0277
Custom,NearlySorted,ARS Gen 6: Aero Architecture,1000,0.0190,9427,0,0.6466,68662485,1.0435,2410.2973
Custom,NearlySorted,ARS Gen 6: Aero (Stable),1000,0.0217,9314,0,0.6466,68662681,1.0435,2105.5318
Custom,NearlySorted,ARS Exp A: Recursive Parallel,1000,0.0208,9427,0,0.6466,68662446,1.0435,2196.4573
Custom,NearlySorted,ARS Exp B: Hierarchical Staging,1000,0.0210,9427,0,0.6466,68662450,1.0435,2180.6577
Custom,NearlySorted,ARS Exp C: Adaptive Hierarchical,1000,0.0204,9427,0,0.6466,68662452,1.0435,2246.2519
Custom,NearlySorted,ARS Exp D: Stream Micro-Batch,1000,0.1133,9427,2000,0.6466,68663185,1.0435,403.9495
Custom,NearlySorted,Quicksort,10000,0.2309,133978,0,0.6466,68671513,1.0435,1982.9142
Custom,NearlySorted,Timsort,10000,0.2803,128297,0,0.6465,68673411,1.0435,1633.2021
Custom,NearlySorted,ARS Gen 1: Foundation,10000,0.9208,126223,30000,0.6465,68708512,1.0437,497.1169
Custom,NearlySorted,ARS Gen 2: Grid Mapping,10000,0.9370,126108,30000,0.6465,68704888,1.0437,488.5465
Custom,NearlySorted,ARS Gen 3: Apex Baseline,10000,0.4164,183316,14351,0.6465,68679306,1.0435,1099.2387
Custom,NearlySorted,ARS Gen 4: Parallel Apex,10000,0.2163,42006,10000,0.6465,68679593,1.0434,2116.7088
Custom,NearlySorted,ARS Gen 5: Optimized Apex (MAIN),10000,0.1353,42006,0,0.6465,68676249,1.0434,3383.2235
Custom,NearlySorted,ARS Gen 5: Optimized Apex (Stable),10000,0.1329,34856,0,0.6465,68675850,1.0434,3444.0073
Custom,NearlySorted,ARS Gen 6: Aero Architecture,10000,0.2514,49067,0,0.6465,68679121,1.0434,1820.5682
Custom,NearlySorted,ARS Gen 6: Aero (Stable),10000,0.2586,42432,0,0.6465,68681396,1.0434,1770.1543
Custom,NearlySorted,ARS Exp A: Recursive Parallel,10000,0.1551,42006,0,0.6465,68675077,1.0434,2952.1712
Custom,NearlySorted,ARS Exp B: Hierarchical Staging,10000,0.1534,42006,0,0.6465,68676182,1.0434,2984.0400
Custom,NearlySorted,ARS Exp C: Adaptive Hierarchical,10000,0.1437,42006,0,0.6465,68675782,1.0434,3185.2185
Custom,NearlySorted,ARS Exp D: Stream Micro-Batch,10000,0.3465,42006,20000,0.6465,68678322,1.0434,1321.2255
Custom,NearlySorted,Quicksort,100000,3.2782,1688686,0,0.6461,68775189,1.0445,1396.4064
Custom,NearlySorted,Timsort,100000,3.9512,1619959,0,0.6455,68790006,1.0443,1158.5496
Custom,NearlySorted,ARS Gen 1: Foundation,100000,10.6239,1609619,300000,0.6456,69139045,1.0451,430.8810
Custom,NearlySorted,ARS Gen 2: Grid Mapping,100000,10.3316,1609452,300000,0.6456,69093564,1.0452,443.0711
Custom,NearlySorted,ARS Gen 3: Apex Baseline,100000,3.0313,1798628,108703,0.6461,68816764,1.0439,1510.1417
Custom,NearlySorted,ARS Gen 4: Parallel Apex,100000,1.5931,801237,100000,0.6462,68819116,1.0432,2873.4705
Custom,NearlySorted,ARS Gen 5: Optimized Apex (MAIN),100000,1.4200,801237,0,0.6462,68781864,1.0430,3223.7696
Custom,NearlySorted,ARS Gen 5: Optimized Apex (Stable),100000,1.0949,405369,0,0.6462,68755816,1.0429,4180.7994
Custom,NearlySorted,ARS Gen 6: Aero Architecture,100000,1.5782,872624,0,0.6462,68791617,1.0431,2900.5778
Custom,NearlySorted,ARS Gen 6: Aero (Stable),100000,1.3350,443300,0,0.6461,68765683,1.0430,3428.9105
Custom,NearlySorted,ARS Exp A: Recursive Parallel,100000,1.5041,801237,0,0.6461,68780311,1.0430,3043.4836
Custom,NearlySorted,ARS Exp B: Hierarchical Staging,100000,1.5299,689539,0,0.6461,68772361,1.0431,2992.0583
Custom,NearlySorted,ARS Exp C: Adaptive Hierarchical,100000,1.4748,801237,0,0.6461,68783470,1.0431,3103.9034
Custom,NearlySorted,ARS Exp D: Stream Micro-Batch,100000,1.8655,801237,200000,0.6461,68786915,1.0431,2453.8746
Custom,NearlySorted,Quicksort,1000000,42.2498,20499945,0,0.6421,69553140,1.0562,1083.4705
Custom,NearlySorted,Timsort,1000000,63.8923,19254168,0,0.6363,69576246,1.0508,716.4616
Custom,NearlySorted,ARS Gen 3: Apex Baseline,1000000,30.9524,20728167,1017407,0.6454,69912855,1.0491,1478.9256
Custom,NearlySorted,ARS Gen 4: Parallel Apex,1000000,17.6876,9491317,1000000,0.6468,69866315,1.0378,2588.0433
Custom,NearlySorted,ARS Gen 5: Optimized Apex (MAIN),1000000,16.4829,9491317,0,0.6469,69509399,1.0364,2777.2052
Custom,NearlySorted,ARS Gen 5: Optimized Apex (Stable),1000000,15.1939,4131087,0,0.6469,69202494,1.0320,3012.8148
Custom,NearlySorted,ARS Gen 6: Aero Architecture,1000000,16.9933,12339609,0,0.6463,69641778,1.0399,2693.7857
Custom,NearlySorted,ARS Gen 6: Aero (Stable),1000000,14.4852,5760283,0,0.6460,69303442,1.0361,3160.2147
Custom,NearlySorted,ARS Exp A: Recursive Parallel,1000000,18.2560,9491317,0,0.6465,69499340,1.0379,2507.4661
Custom,NearlySorted,ARS Exp B: Hierarchical Staging,1000000,19.0983,10583380,0,0.6467,69504089,1.0391,2396.8822
Custom,NearlySorted,ARS Exp C: Adaptive Hierarchical,1000000,18.5059,11681981,0,0.6465,69529418,1.0403,2473.6120
Custom,NearlySorted,ARS Exp D: Stream Micro-Batch,1000000,45.1007,14859474,2000000,0.6460,69666400,1.0374,1014.9806
Custom,Duplicates,Quicksort,1000,0.0071,3761,0,0.6456,70759237,1.0355,6485.7420
Custom,Duplicates,Timsort,1000,0.0089,3799,0,0.6456,70759303,1.0355,5146.3032
Custom,Duplicates,ARS Gen 1: Foundation,1000,0.0402,995,2000,0.6456,70760628,1.0355,1137.6685
Custom,Duplicates,ARS Gen 2: Grid Mapping,1000,0.0513,995,2000,0.6456,70760799,1.0355,892.7619
Custom,Duplicates,ARS Gen 3: Apex Baseline,1000,0.0069,3761,0,0.6456,70759237,1.0355,6602.6781
Custom,Duplicates,ARS Gen 4: Parallel Apex,1000,0.0073,3761,0,0.6456,70759236,1.0355,6232.3168
Custom,Duplicates,ARS Gen 5: Optimized Apex (MAIN),1000,0.0068,3761,0,0.6456,70759241,1.0355,6702.2500
Custom,Duplicates,ARS Gen 5: Optimized Apex (Stable),1000,0.0091,3799,0,0.6456,70759313,1.0355,5008.9033
Custom,Duplicates,ARS Gen 6: Aero Architecture,1000,0.0068,3761,0,0.6456,70759237,1.0355,6716.0163
Custom,Duplicates,ARS Gen 6: Aero (Stable),1000,0.0091,3799,0,0.6456,70759302,1.0355,5004.5225
Custom,Duplicates,ARS Exp A: Recursive Parallel,1000,0.0068,3761,0,0.6456,70759236,1.0355,6700.2879
Custom,Duplicates,ARS Exp B: Hierarchical Staging,1000,0.0069,3761,0,0.6456,70759237,1.0355,6671.9672
Custom,Duplicates,ARS Exp C: Adaptive Hierarchical,1000,0.0068,3761,0,0.6456,70759236,1.0355,6683.6571
Custom,Duplicates,ARS Exp D: Stream Micro-Batch,1000,0.1242,3761,2000,0.6455,70759752,1.0355,368.6826
Custom,Duplicates,Quicksort,10000,0.0669,36513,0,0.6455,70761277,1.0355,6844.0408
Custom,Duplicates,Timsort,10000,0.0875,36606,0,0.6455,70761515,1.0355,5231.6446
Custom,Duplicates,ARS Gen 1: Foundation,10000,0.2461,9995,30000,0.6455,70773173,1.0355,1859.8375
Custom,Duplicates,ARS Gen 2: Grid Mapping,10000,0.2929,9995,30000,0.6454,70774439,1.0355,1562.9415
Custom,Duplicates,ARS Gen 3: Apex Baseline,10000,0.3073,115165,14351,0.6455,70763531,1.0355,1489.6506
Custom,Duplicates,ARS Gen 4: Parallel Apex,10000,0.2133,10001,10000,0.6454,70766497,1.0354,2146.1227
Custom,Duplicates,ARS Gen 5: Optimized Apex (MAIN),10000,0.1323,10001,0,0.6454,70766118,1.0354,3459.7552
Custom,Duplicates,ARS Gen 5: Optimized Apex (Stable),10000,0.1237,10001,0,0.6454,70765746,1.0354,3700.3862
Custom,Duplicates,ARS Gen 6: Aero Architecture,10000,0.2579,10001,0,0.6454,70771937,1.0354,1775.0002
Custom,Duplicates,ARS Gen 6: Aero (Stable),10000,0.2624,10001,0,0.6454,70771425,1.0354,1744.6459
Custom,Duplicates,ARS Exp A: Recursive Parallel,10000,0.1399,10001,0,0.6454,70766445,1.0354,3272.1011
Custom,Duplicates,ARS Exp B: Hierarchical Staging,10000,0.1263,10001,0,0.6454,70765896,1.0354,3625.7360
Custom,Duplicates,ARS Exp C: Adaptive Hierarchical,10000,0.1261,10001,0,0.6454,70766209,1.0354,3631.4887
Custom,Duplicates,ARS Exp D: Stream Micro-Batch,10000,0.2994,10001,20000,0.6454,70769088,1.0354,1528.8551
Custom,Duplicates,Quicksort,100000,0.6703,362118,0,0.6451,70778354,1.0356,6828.8282
Custom,Duplicates,Timsort,100000,1.1403,362412,0,0.6447,70779047,1.0355,4014.4989
Custom,Duplicates,ARS Gen 1: Foundation,100000,2.5260,99995,300000,0.6451,70893094,1.0352,1812.2357
Custom,Duplicates,ARS Gen 2: Grid Mapping,100000,2.7397,99995,300000,0.6451,70905942,1.0353,1670.8539
Custom,Duplicates,ARS Gen 3: Apex Baseline,100000,2.5333,1131774,108703,0.6451,70787089,1.0357,1807.0170
Custom,Duplicates,ARS Gen 4: Parallel Apex,100000,1.0310,99999,100000,0.6451,70790169,1.0351,4439.7901
Custom,Duplicates,ARS Gen 5: Optimized Apex (MAIN),100000,0.9291,99999,0,0.6451,70787857,1.0349,4927.0800
Custom,Duplicates,ARS Gen 5: Optimized Apex (Stable),100000,0.9357,99999,0,0.6451,70788755,1.0349,4892.0487
Custom,Duplicates,ARS Gen 6: Aero Architecture,100000,0.9977,99999,0,0.6451,70842642,1.0352,4588.3321
Custom,Duplicates,ARS Gen 6: Aero (Stable),100000,0.9381,99999,0,0.6451,70843628,1.0351,4879.6011
Custom,Duplicates,ARS Exp A: Recursive Parallel,100000,1.1895,199994,0,0.6451,70793839,1.0347,3848.4708
Custom,Duplicates,ARS Exp B: Hierarchical Staging,100000,1.1558,199994,0,0.6451,70786955,1.0349,3960.5272
Custom,Duplicates,ARS Exp C: Adaptive Hierarchical,100000,1.3672,199994,0,0.6451,70792479,1.0347,3348.1812
Custom,Duplicates,ARS Exp D: Stream Micro-Batch,100000,1.3836,99999,200000,0.6450,70791911,1.0351,3308.6168
Custom,Duplicates,Quicksort,1000000,11.0185,3806932,0,0.6442,70799266,1.0365,4154.4831
Custom,Duplicates,Timsort,1000000,30.3779,4710561,0,0.6421,70801194,1.0348,1506.8986
Custom,Duplicates,ARS Gen 3: Apex Baseline,1000000,27.9614,12059635,1017407,0.6451,70865494,1.0364,1637.1286
Custom,Duplicates,ARS Gen 4: Parallel Apex,1000000,14.0210,1000001,1000000,0.6457,70816599,1.0274,3264.8486
Custom,Duplicates,ARS Gen 5: Optimized Apex (MAIN),1000000,13.9314,1000001,0,0.6457,70815526,1.0283,3285.8484
Custom,Duplicates,ARS Gen 5: Optimized Apex (Stable),1000000,14.0016,1000001,0,0.6457,70815755,1.0282,3269.3613
Custom,Duplicates,ARS Gen 6: Aero Architecture,1000000,12.7519,1000001,0,0.6457,71370936,1.0284,3589.7608
Custom,Duplicates,ARS Gen 6: Aero (Stable),1000000,12.3443,1000001,0,0.6457,71372077,1.0272,3708.2946
Custom,Duplicates,ARS Exp A: Recursive Parallel,1000000,17.1152,1999996,0,0.6458,70820927,1.0257,2674.6012
Custom,Duplicates,ARS Exp B: Hierarchical Staging,1000000,16.4904,1999996,0,0.6459,70810903,1.0274,2775.9338
Custom,Duplicates,ARS Exp C: Adaptive Hierarchical,1000000,16.8384,1999996,0,0.6458,70821291,1.0267,2718.5713
Custom,Duplicates,ARS Exp D: Stream Micro-Batch,1000000,43.7221,5316906,2000000,0.6449,70878067,1.0252,1046.9839
Custom,Zipfian,Quicksort,1000,0.0121,5226,0,0.6445,70900497,1.0260,3771.9485
Custom,Zipfian,Timsort,1000,0.0170,5250,0,0.6445,70900719,1.0260,2699.3966
Custom,Zipfian,ARS Gen 1: Foundation,1000,0.0492,4636,2000,0.6445,70901489,1.0260,930.6031
Custom,Zipfian,ARS Gen 2: Grid Mapping,1000,0.0583,4636,2000,0.6445,70901458,1.0260,785.1595
Custom,Zipfian,ARS Gen 3: Apex Baseline,1000,0.0112,5226,0,0.6445,70900495,1.0260,4090.8282
Custom,Zipfian,ARS Gen 4: Parallel Apex,1000,0.0114,5226,0,0.6445,70900501,1.0260,4001.0810
Custom,Zipfian,ARS Gen 5: Optimized Apex (MAIN),1000,0.0108,5226,0,0.6445,70900487,1.0260,4233.8482
Custom,Zipfian,ARS Gen 5: Optimized Apex (Stable),1000,0.0146,5250,0,0.6445,70900733,1.0260,3134.9382
Custom,Zipfian,ARS Gen 6: Aero Architecture,1000,0.0105,5226,0,0.6445,70900499,1.0260,4371.3108
Custom,Zipfian,ARS Gen 6: Aero (Stable),1000,0.0139,5250,0,0.6445,70900723,1.0260,3294.9231
Custom,Zipfian,ARS Exp A: Recursive Parallel,1000,0.0100,5226,0,0.6445,70900502,1.0260,4598.7912
Custom,Zipfian,ARS Exp B: Hierarchical Staging,1000,0.0103,5226,0,0.6445,70900492,1.0260,4450.3565
Custom,Zipfian,ARS Exp C: Adaptive Hierarchical,1000,0.0103,5226,0,0.6445,70900489,1.0260,4449.0589
Custom,Zipfian,ARS Exp D: Stream Micro-Batch,1000,0.1141,5226,2000,0.6445,70901123,1.0260,401.1108
Custom,Zipfian,Quicksort,10000,0.0829,53591,0,0.6445,70903566,1.0260,5521.0786
Custom,Zipfian,Timsort,10000,0.1178,53226,0,0.6445,70904516,1.0260,3885.1479
Custom,Zipfian,ARS Gen 1: Foundation,10000,0.3073,55100,30000,0.6444,70909057,1.0260,1489.8057
Custom,Zipfian,ARS Gen 2: Grid Mapping,10000,0.3620,55099,30000,0.6444,70909160,1.0261,1264.7047
Custom,Zipfian,ARS Gen 3: Apex Baseline,10000,0.2742,125304,14351,0.6444,70907309,1.0260,1669.5126
Custom,Zipfian,ARS Gen 4: Parallel Apex,10000,0.3079,52153,10000,0.6444,70910382,1.0260,1486.5884
Custom,Zipfian,ARS Gen 5: Optimized Apex (MAIN),10000,0.2121,52153,0,0.6444,70909718,1.0260,2158.2140
Custom,Zipfian,ARS Gen 5: Optimized Apex (Stable),10000,0.2333,50387,0,0.6444,70910047,1.0260,1962.4527
Custom,Zipfian,ARS Gen 6: Aero Architecture,10000,0.4049,42939,0,0.6444,70909867,1.0260,1130.4537
Custom,Zipfian,ARS Gen 6: Aero (Stable),10000,0.3799,43078,0,0.6444,70910730,1.0260,1204.9203
Custom,Zipfian,ARS Exp A: Recursive Parallel,10000,0.2161,16855,0,0.6444,70913453,1.0259,2118.0603
Custom,Zipfian,ARS Exp B: Hierarchical Staging,10000,0.2115,52153,0,0.6444,70909034,1.0260,2163.9887
Custom,Zipfian,ARS Exp C: Adaptive Hierarchical,10000,0.2183,52153,0,0.6444,70909097,1.0260,2097.2647
Custom,Zipfian,ARS Exp D: Stream Micro-Batch,10000,0.3542,52153,20000,0.6444,70911994,1.0260,1292.2635
Custom,Zipfian,Quicksort,100000,0.8246,529990,0,0.6442,70911178,1.0263,5551.0661
Custom,Zipfian,Timsort,100000,1.4000,531868,0,0.6437,70914776,1.0261,3269.7966
Custom,Zipfian,ARS Gen 1: Foundation,100000,3.2218,501611,300000,0.6441,70964639,1.0261,1420.8232
Custom,Zipfian,ARS Gen 2: Grid Mapping,100000,3.3612,501611,300000,0.6440,70965360,1.0263,1361.9108
Custom,Zipfian,ARS Gen 3: Apex Baseline,100000,2.3283,1172752,108703,0.6442,70923984,1.0262,1966.0601
Custom,Zipfian,ARS Gen 4: Parallel Apex,100000,2.2302,516727,100000,0.6441,70925311,1.0259,2052.5954
Custom,Zipfian,ARS Gen 5: Optimized Apex (MAIN),100000,1.8783,516727,0,0.6440,70922624,1.0256,2437.1156
Custom,Zipfian,ARS Gen 5: Optimized Apex (Stable),100000,2.4949,519617,0,0.6436,70926991,1.0256,1834.8300
Custom,Zipfian,ARS Gen 6: Aero Architecture,100000,1.6736,512169,0,0.6440,70923550,1.0260,2735.2363
Custom,Zipfian,ARS Gen 6: Aero (Stable),100000,2.4985,502679,0,0.6437,70927201,1.0257,1832.1254
Custom,Zipfian,ARS Exp A: Recursive Parallel,100000,2.3023,206221,0,0.6437,70949163,1.0250,1988.2842
Custom,Zipfian,ARS Exp B: Hierarchical Staging,100000,1.8989,182412,0,0.6439,70927545,1.0251,2410.6731
Custom,Zipfian,ARS Exp C: Adaptive Hierarchical,100000,2.6158,200760,0,0.6437,70948606,1.0252,1750.0003
Custom,Zipfian,ARS Exp D: Stream Micro-Batch,100000,2.2763,516727,200000,0.6439,70926309,1.0260,2011.0218
Custom,Zipfian,Quicksort,1000000,13.7769,5281309,0,0.6428,70927586,1.0285,3322.6842
Custom,Zipfian,Timsort,1000000,34.5070,6327917,0,0.6399,70947512,1.0267,1326.5804
Custom,Zipfian,ARS Gen 3: Apex Baseline,1000000,29.8971,12313781,1017407,0.6441,71004223,1.0276,1531.1301
Custom,Zipfian,ARS Gen 4: Parallel Apex,1000000,29.8765,5208498,1000000,0.6435,70954850,1.0226,1532.1867
Custom,Zipfian,ARS Gen 5: Optimized Apex (MAIN),1000000,27.8943,5208498,0,0.6433,70946691,1.0233,1641.0625
Custom,Zipfian,ARS Gen 5: Optimized Apex (Stable),1000000,50.2539,6511840,0,0.6401,70972510,1.0219,910.9016
Custom,Zipfian,ARS Gen 6: Aero Architecture,1000000,27.2237,5225265,0,0.6436,70942768,1.0210,1681.4872
Custom,Zipfian,ARS Gen 6: Aero (Stable),1000000,47.5718,6529655,0,0.6402,70970591,1.0223,962.2584
Custom,Zipfian,ARS Exp A: Recursive Parallel,1000000,32.0388,1939650,0,0.6451,71017692,1.0148,1428.7783
Custom,Zipfian,ARS Exp B: Hierarchical Staging,1000000,45.3489,2064127,0,0.6453,71000306,1.0153,1009.4267
Custom,Zipfian,ARS Exp C: Adaptive Hierarchical,1000000,47.2138,2062304,0,0.6452,71039146,1.0149,969.5550
Custom,Zipfian,ARS Exp D: Stream Micro-Batch,1000000,52.9328,9705768,2000000,0.6435,71043060,1.0182,864.8014
Custom,Skewed,Quicksort,1000,0.0261,10133,0,0.6433,71139139,1.0244,1751.6020
Custom,Skewed,Timsort,1000,0.0357,10734,0,0.6433,71140037,1.0244,1283.9775
Custom,Skewed,ARS Gen 1: Foundation,1000,0.1927,691,2000,0.6433,71147447,1.0244,237.4995
Custom,Skewed,ARS Gen 2: Grid Mapping,1000,0.2123,691,2000,0.6433,71147705,1.0244,215.5744
Custom,Skewed,ARS Gen 3: Apex Baseline,1000,0.0240,10133,0,0.6433,71139141,1.0244,1906.7131
Custom,Skewed,ARS Gen 4: Parallel Apex,1000,0.0234,10133,0,0.6433,71139156,1.0244,1956.8404
Custom,Skewed,ARS Gen 5: Optimized Apex (MAIN),1000,0.0225,10133,0,0.6433,71139153,1.0244,2034.2340
Custom,Skewed,ARS Gen 5: Optimized Apex (Stable),1000,0.0311,10734,0,0.6433,71140030,1.0244,1472.4297
Custom,Skewed,ARS Gen 6: Aero Architecture,1000,0.0219,10133,0,0.6433,71139128,1.0244,2092.0601
Custom,Skewed,ARS Gen 6: Aero (Stable),1000,0.0295,10734,0,0.6433,71140013,1.0244,1553.9537
Custom,Skewed,ARS Exp A: Recursive Parallel,1000,0.0208,10133,0,0.6433,71139123,1.0244,2200.7869
Custom,Skewed,ARS Exp B: Hierarchical Staging,1000,0.0208,10133,0,0.6433,71139126,1.0244,2199.5179
Custom,Skewed,ARS Exp C: Adaptive Hierarchical,1000,0.0204,10133,0,0.6433,71139142,1.0244,2241.8516
Custom,Skewed,ARS Exp D: Stream Micro-Batch,1000,0.1224,10133,2000,0.6433,71139638,1.0244,373.8494
Custom,Skewed,Quicksort,10000,0.2363,133996,0,0.6433,71149770,1.0244,1937.1976
Custom,Skewed,Timsort,10000,0.3264,137398,0,0.6433,71156973,1.0244,1402.5353
Custom,Skewed,ARS Gen 1: Foundation,10000,0.9691,77629,30000,0.6432,71222855,1.0245,472.3571
Custom,Skewed,ARS Gen 2: Grid Mapping,10000,1.1732,77623,30000,0.6432,71224154,1.0245,390.1965
Custom,Skewed,ARS Gen 3: Apex Baseline,10000,0.4383,189660,14351,0.6432,71162762,1.0244,1044.3357
Custom,Skewed,ARS Gen 4: Parallel Apex,10000,0.2374,69470,10000,0.6432,71163113,1.0244,1928.6035
Custom,Skewed,ARS Gen 5: Optimized Apex (MAIN),10000,0.1652,69470,0,0.6432,71156775,1.0244,2771.2517
Custom,Skewed,ARS Gen 5: Optimized Apex (Stable),10000,0.1536,72482,0,0.6432,71164594,1.0243,2980.6397
Custom,Skewed,ARS Gen 6: Aero Architecture,10000,0.3154,59544,0,0.6432,71158063,1.0244,1451.3152
Custom,Skewed,ARS Gen 6: Aero (Stable),10000,0.3302,62683,0,0.6432,71165592,1.0244,1386.1965
Custom,Skewed,ARS Exp A: Recursive Parallel,10000,0.1622,69470,0,0.6432,71156482,1.0244,2822.8788
Custom,Skewed,ARS Exp B: Hierarchical Staging,10000,0.1399,69470,0,0.6432,71156728,1.0244,3271.9842
Custom,Skewed,ARS Exp C: Adaptive Hierarchical,10000,0.1547,69470,0,0.6432,71157109,1.0244,2958.6969
Custom,Skewed,ARS Exp D: Stream Micro-Batch,10000,0.3602,69470,20000,0.6432,71158485,1.0243,1270.8103
Custom,Skewed,Quicksort,100000,2.0389,1339911,0,0.6429,71196997,1.0252,2245.1843
Custom,Skewed,Timsort,100000,3.1856,1340773,0,0.6424,71218735,1.0250,1436.9801
Custom,Skewed,ARS Gen 1: Foundation,100000,8.3530,1262245,300000,0.6423,71924461,1.0243,548.0238
Custom,Skewed,ARS Gen 2: Grid Mapping,100000,8.7405,1262822,300000,0.6423,71931623,1.0246,523.7247
Custom,Skewed,ARS Gen 3: Apex Baseline,100000,2.8124,1543517,108703,0.6428,71227073,1.0248,1627.6869
Custom,Skewed,ARS Gen 4: Parallel Apex,100000,1.5582,727700,100000,0.6430,71223628,1.0242,2937.8514
Custom,Skewed,ARS Gen 5: Optimized Apex (MAIN),100000,1.2962,727700,0,0.6430,71212114,1.0239,3531.5085
Custom,Skewed,ARS Gen 5: Optimized Apex (Stable),100000,1.3865,737053,0,0.6430,71239815,1.0237,3301.4867
Custom,Skewed,ARS Gen 6: Aero Architecture,100000,1.3855,628770,0,0.6429,71223361,1.0241,3304.0603
Custom,Skewed,ARS Gen 6: Aero (Stable),100000,1.5724,634537,0,0.6429,71248880,1.0240,2911.1512
Custom,Skewed,ARS Exp A: Recursive Parallel,100000,1.3446,701327,0,0.6430,71212728,1.0238,3404.3611
Custom,Skewed,ARS Exp B: Hierarchical Staging,100000,1.3498,628891,0,0.6430,71206647,1.0239,3391.3645
Custom,Skewed,ARS Exp C: Adaptive Hierarchical,100000,1.2941,727700,0,0.6430,71211951,1.0239,3537.2774
Custom,Skewed,ARS Exp D: Stream Micro-Batch,100000,1.6582,727700,200000,0.6429,71214759,1.0240,2760.6575
Custom,Skewed,Quicksort,1000000,28.3998,12880459,0,0.6391,71227578,1.0323,1611.8577
Custom,Skewed,Timsort,1000000,52.1006,13984642,0,0.6343,71319470,1.0292,878.6147
Custom,Skewed,ARS Gen 3: Apex Baseline,1000000,33.1957,14266844,1017407,0.6404,71329590,1.0262,1378.9833
Custom,Skewed,ARS Gen 4: Parallel Apex,1000000,16.9464,5509338,1000000,0.6435,71274911,1.0169,2701.2372
Custom,Skewed,ARS Gen 5: Optimized Apex (MAIN),1000000,16.7741,5509338,0,0.6435,71256170,1.0150,2728.9897
Custom,Skewed,ARS Gen 5: Optimized Apex (Stable),1000000,18.1106,5538714,0,0.6418,71319341,1.0130,2527.5938
Custom,Skewed,ARS Gen 6: Aero Architecture,1000000,15.0711,6197232,0,0.6428,71372596,1.0175,3037.3510
Custom,Skewed,ARS Gen 6: Aero (Stable),1000000,17.9903,6228989,0,0.6410,71433708,1.0143,2544.5089
Custom,Skewed,ARS Exp A: Recursive Parallel,1000000,22.5436,2169826,0,0.6426,71317973,1.0161,2030.5701
Custom,Skewed,ARS Exp B: Hierarchical Staging,1000000,25.3772,1707337,0,0.6428,71274371,1.0116,1803.8397
Custom,Skewed,ARS Exp C: Adaptive Hierarchical,1000000,24.2244,1857655,0,0.6434,71295388,1.0152,1889.6771
Custom,Skewed,ARS Exp D: Stream Micro-Batch,1000000,44.0989,11949839,2000000,0.6435,71546341,1.0183,1038.0389
Custom,Clustered,Quicksort,1000,0.0242,9985,0,0.6437,71740193,1.0155,1894.3251
Custom,Clustered,Timsort,1000,0.0333,10392,0,0.6437,71741025,1.0155,1376.6086
Custom,Clustered,ARS Gen 1: Foundation,1000,0.1234,5421,2000,0.6437,71746276,1.0155,370.9863
Custom,Clustered,ARS Gen 2: Grid Mapping,1000,0.1385,5356,2000,0.6437,71746600,1.0155,330.4747
Custom,Clustered,ARS Gen 3: Apex Baseline,1000,0.0228,9985,0,0.6437,71740184,1.0155,2012.0596
Custom,Clustered,ARS Gen 4: Parallel Apex,1000,0.0233,9985,0,0.6437,71740180,1.0155,1963.6396
Custom,Clustered,ARS Gen 5: Optimized Apex (MAIN),1000,0.0221,9985,0,0.6437,71740193,1.0155,2073.3928
Custom,Clustered,ARS Gen 5: Optimized Apex (Stable),1000,0.0299,10392,0,0.6437,71740979,1.0155,1532.3146
Custom,Clustered,ARS Gen 6: Aero Architecture,1000,0.0214,9985,0,0.6437,71740178,1.0155,2144.0921
Custom,Clustered,ARS Gen 6: Aero (Stable),1000,0.0292,10392,0,0.6437,71740991,1.0155,1567.8986
Custom,Clustered,ARS Exp A: Recursive Parallel,1000,0.0208,9985,0,0.6437,71740171,1.0155,2200.6811
Custom,Clustered,ARS Exp B: Hierarchical Staging,1000,0.0204,9985,0,0.6437,71740180,1.0155,2247.9065
Custom,Clustered,ARS Exp C: Adaptive Hierarchical,1000,0.0201,9985,0,0.6437,71740184,1.0155,2275.2804
Custom,Clustered,ARS Exp D: Stream Micro-Batch,1000,0.1187,9985,2000,0.6436,71740626,1.0155,385.5566
Custom,Clustered,Quicksort,10000,0.1593,107604,0,0.6436,71743984,1.0156,2873.6671
Custom,Clustered,Timsort,10000,0.2110,109657,0,0.6436,71746746,1.0155,2169.0746
Custom,Clustered,ARS Gen 1: Foundation,10000,0.5281,73762,30000,0.6435,71773104,1.0156,866.7534
Custom,Clustered,ARS Gen 2: Grid Mapping,10000,0.6078,73552,30000,0.6435,71775367,1.0156,753.1696
Custom,Clustered,ARS Gen 3: Apex Baseline,10000,0.3326,160276,14351,0.6435,71751047,1.0155,1376.5217
Custom,Clustered,ARS Gen 4: Parallel Apex,10000,0.2378,70340,10000,0.6435,71752469,1.0155,1924.7840
Custom,Clustered,ARS Gen 5: Optimized Apex (MAIN),10000,0.1682,70340,0,0.6435,71750797,1.0155,2721.2203
Custom,Clustered,ARS Gen 5: Optimized Apex (Stable),10000,0.2030,71216,0,0.6435,71754653,1.0155,2255.4379
Custom,Clustered,ARS Gen 6: Aero Architecture,10000,0.3109,59344,0,0.6435,71750815,1.0155,1472.3729
Custom,Clustered,ARS Gen 6: Aero (Stable),10000,0.2925,60054,0,0.6435,71754309,1.0155,1565.1538
Custom,Clustered,ARS Exp A: Recursive Parallel,10000,0.1851,70340,0,0.6435,71750729,1.0155,2473.3955
Custom,Clustered,ARS Exp B: Hierarchical Staging,10000,0.1668,70340,0,0.6435,71750841,1.0155,2743.5970
Custom,Clustered,ARS Exp C: Adaptive Hierarchical,10000,0.1682,70340,0,0.6435,71750690,1.0155,2721.2041
Custom,Clustered,ARS Exp D: Stream Micro-Batch,10000,0.3764,70340,20000,0.6435,71752250,1.0155,1216.0336
Custom,Clustered,Quicksort,100000,1.5608,1011458,0,0.6432,71761779,1.0161,2932.8127
Custom,Clustered,Timsort,100000,2.3927,1014769,0,0.6427,71766879,1.0160,1913.1599
Custom,Clustered,ARS Gen 1: Foundation,100000,4.4237,696758,300000,0.6432,72051954,1.0153,1034.7970
Custom,Clustered,ARS Gen 2: Grid Mapping,100000,4.6081,697287,300000,0.6433,72068240,1.0156,993.3939
Custom,Clustered,ARS Gen 3: Apex Baseline,100000,2.8884,1231300,108703,0.6432,71775892,1.0158,1584.8375
Custom,Clustered,ARS Gen 4: Parallel Apex,100000,1.4881,671477,100000,0.6433,71778226,1.0153,3076.0835
Custom,Clustered,ARS Gen 5: Optimized Apex (MAIN),100000,1.2337,671477,0,0.6433,71775652,1.0152,3710.3469
Custom,Clustered,ARS Gen 5: Optimized Apex (Stable),100000,1.5608,673524,0,0.6432,71782066,1.0150,2932.8428
Custom,Clustered,ARS Gen 6: Aero Architecture,100000,1.2943,554286,0,0.6433,71785266,1.0153,3536.7063
Custom,Clustered,ARS Gen 6: Aero (Stable),100000,1.6439,555220,0,0.6432,71793314,1.0152,2784.6826
Custom,Clustered,ARS Exp A: Recursive Parallel,100000,1.6848,105158,0,0.6432,71784322,1.0149,2717.0128
Custom,Clustered,ARS Exp B: Hierarchical Staging,100000,1.6887,179970,0,0.6432,71775280,1.0150,2710.7347
Custom,Clustered,ARS Exp C: Adaptive Hierarchical,100000,1.6461,140724,0,0.6432,71781921,1.0148,2780.8493
Custom,Clustered,ARS Exp D: Stream Micro-Batch,100000,1.8336,671477,200000,0.6432,71779685,1.0154,2496.4697
Custom,Clustered,Quicksort,1000000,21.7536,9937773,0,0.6395,71788989,1.0210,2104.3144
Custom,Clustered,Timsort,1000000,46.1738,11004404,0,0.6348,71804316,1.0183,991.3937
Custom,Clustered,ARS Gen 3: Apex Baseline,1000000,31.9337,12334215,1017407,0.6410,71864629,1.0159,1433.4830
Custom,Clustered,ARS Gen 4: Parallel Apex,1000000,18.5861,4762552,1000000,0.6428,71819441,1.0058,2462.9404
Custom,Clustered,ARS Gen 5: Optimized Apex (MAIN),1000000,18.5034,4762552,0,0.6429,71814415,1.0044,2473.9470
Custom,Clustered,ARS Gen 5: Optimized Apex (Stable),1000000,27.6208,4748110,0,0.6414,71829856,0.9982,1657.3149
Custom,Clustered,ARS Gen 6: Aero Architecture,1000000,17.1280,4888204,0,0.6426,71932346,1.0061,2672.6036
Custom,Clustered,ARS Gen 6: Aero (Stable),1000000,25.6100,4904839,0,0.6409,71949928,1.0037,1787.4388
Custom,Clustered,ARS Exp A: Recursive Parallel,1000000,27.1129,1096506,0,0.6438,71841041,1.0058,1688.3588
Custom,Clustered,ARS Exp B: Hierarchical Staging,1000000,29.7072,1053340,0,0.6443,71814625,1.0021,1540.9206
Custom,Clustered,ARS Exp C: Adaptive Hierarchical,1000000,27.1099,1036862,0,0.6443,71823172,1.0043,1688.5504
Custom,Clustered,ARS Exp D: Stream Micro-Batch,1000000,44.7836,10693783,2000000,0.6424,71923048,1.0092,1022.1682
Custom,BucketCollapse,Quicksort,1000,0.0250,10337,0,0.6424,71951241,1.0105,1828.3487
Custom,BucketCollapse,Timsort,1000,0.0361,10667,0,0.6424,71952114,1.0105,1267.7976
Custom,BucketCollapse,ARS Gen 1: Foundation,1000,0.2555,0,2000,0.6424,71958382,1.0106,179.1989
Custom,BucketCollapse,ARS Gen 2: Grid Mapping,1000,0.2785,0,2000,0.6424,71959122,1.0106,164.3510
Custom,BucketCollapse,ARS Gen 3: Apex Baseline,1000,0.0220,10337,0,0.6424,71951254,1.0105,2081.8795
Custom,BucketCollapse,ARS Gen 4: Parallel Apex,1000,0.0221,10337,0,0.6424,71951245,1.0105,2068.4274
Custom,BucketCollapse,ARS Gen 5: Optimized Apex (MAIN),1000,0.0219,10337,0,0.6424,71951232,1.0105,2091.9645
Custom,BucketCollapse,ARS Gen 5: Optimized Apex (Stable),1000,0.0313,10667,0,0.6424,71952122,1.0105,1462.0833
Custom,BucketCollapse,ARS Gen 6: Aero Architecture,1000,0.0227,10337,0,0.6424,71951241,1.0105,2016.5801
Custom,BucketCollapse,ARS Gen 6: Aero (Stable),1000,0.0319,10667,0,0.6424,71952142,1.0105,1436.9779
Custom,BucketCollapse,ARS Exp A: Recursive Parallel,1000,0.0235,10337,0,0.6424,71951222,1.0105,1950.0050
Custom,BucketCollapse,ARS Exp B: Hierarchical Staging,1000,0.0233,10337,0,0.6424,71951236,1.0105,1968.1988
Custom,BucketCollapse,ARS Exp C: Adaptive Hierarchical,1000,0.0237,10337,0,0.6424,71951238,1.0105,1927.9942
Custom,BucketCollapse,ARS Exp D: Stream Micro-Batch,1000,0.1349,10337,2000,0.6424,71951916,1.0105,339.3884
Custom,BucketCollapse,Quicksort,10000,0.2906,137946,0,0.6424,71961767,1.0106,1575.4749
Custom,BucketCollapse,Timsort,10000,0.4169,142499,0,0.6424,71970344,1.0106,1098.0416
Custom,BucketCollapse,ARS Gen 1: Foundation,10000,7.0049,0,30000,0.6405,72049214,1.0114,65.3490
Custom,BucketCollapse,ARS Gen 2: Grid Mapping,10000,5.6945,0,30000,0.6404,72055019,1.0115,80.3869
Custom,BucketCollapse,ARS Gen 3: Apex Baseline,10000,0.3777,194806,14351,0.6423,71976301,1.0105,1211.9031
Custom,BucketCollapse,ARS Gen 4: Parallel Apex,10000,0.2352,52643,10000,0.6423,71976455,1.0105,1946.3320
Custom,BucketCollapse,ARS Gen 5: Optimized Apex (MAIN),10000,0.1532,52643,0,0.6423,71967755,1.0105,2988.2086
Custom,BucketCollapse,ARS Gen 5: Optimized Apex (Stable),10000,0.1510,58028,0,0.6423,71974886,1.0105,3032.3909
Custom,BucketCollapse,ARS Gen 6: Aero Architecture,10000,0.2592,60571,0,0.6423,71970178,1.0105,1765.8796
Custom,BucketCollapse,ARS Gen 6: Aero (Stable),10000,0.1639,63560,0,0.6423,71974983,1.0105,2793.2687
Custom,BucketCollapse,ARS Exp A: Recursive Parallel,10000,0.1609,52643,0,0.6423,71967933,1.0105,2845.6918
Custom,BucketCollapse,ARS Exp B: Hierarchical Staging,10000,0.1489,52643,0,0.6423,71968435,1.0105,3074.3027
Custom,BucketCollapse,ARS Exp C: Adaptive Hierarchical,10000,0.1470,52643,0,0.6423,71968450,1.0105,3113.1068
Custom,BucketCollapse,ARS Exp D: Stream Micro-Batch,10000,0.3333,52643,20000,0.6423,71970352,1.0105,1373.2347
Custom,BucketCollapse,Quicksort,100000,3.3978,1718970,0,0.6419,72091041,1.0114,1347.2220
Custom,BucketCollapse,Timsort,100000,5.0775,1756228,0,0.6415,72175283,1.0112,901.5510
Custom,BucketCollapse,ARS Gen 1: Foundation,100000,43.8837,5,300000,0.6239,72981713,1.0095,104.3129
Custom,BucketCollapse,ARS Gen 2: Grid Mapping,100000,47.0115,5,300000,0.6219,73041246,1.0085,97.3728
Custom,BucketCollapse,ARS Gen 3: Apex Baseline,100000,2.9626,1893310,108703,0.6419,72171877,1.0109,1545.1563
Custom,BucketCollapse,ARS Gen 4: Parallel Apex,100000,1.5848,888976,100000,0.6421,72169821,1.0102,2888.4287
Custom,BucketCollapse,ARS Gen 5: Optimized Apex (MAIN),100000,1.4525,888976,0,0.6421,72106336,1.0100,3151.6070
Custom,BucketCollapse,ARS Gen 5: Optimized Apex (Stable),100000,1.6987,929234,0,0.6421,72192255,1.0101,2694.7977
Custom,BucketCollapse,ARS Gen 6: Aero Architecture,100000,1.4868,956140,0,0.6420,72115883,1.0102,3078.8310
Custom,BucketCollapse,ARS Gen 6: Aero (Stable),100000,1.6873,992831,0,0.6420,72202079,1.0102,2712.9501
Custom,BucketCollapse,ARS Exp A: Recursive Parallel,100000,1.5852,888976,0,0.6420,72104230,1.0101,2887.6798
Custom,BucketCollapse,ARS Exp B: Hierarchical Staging,100000,1.6808,780493,0,0.6420,72099478,1.0101,2723.4334
Custom,BucketCollapse,ARS Exp C: Adaptive Hierarchical,100000,1.5835,888976,0,0.6420,72105254,1.0101,2890.7671
Custom,BucketCollapse,ARS Exp D: Stream Micro-Batch,100000,2.1154,888976,200000,0.6420,72109501,1.0102,2163.9590
Custom,BucketCollapse,Quicksort,1000000,49.7162,20525437,0,0.6383,73197325,1.0209,920.7541
Custom,BucketCollapse,Timsort,1000000,79.6497,20897754,0,0.6340,74040390,1.0169,574.7213
Custom,BucketCollapse,ARS Gen 3: Apex Baseline,1000000,41.5130,21586005,1017407,0.6392,73859458,1.0141,1102.6993
Custom,BucketCollapse,ARS Gen 4: Parallel Apex,1000000,18.8667,10308690,1000000,0.6422,73800836,1.0071,2426.3017
Custom,BucketCollapse,ARS Gen 5: Optimized Apex (MAIN),1000000,17.5294,10308690,0,0.6422,73219762,1.0041,2611.4033
Custom,BucketCollapse,ARS Gen 5: Optimized Apex (Stable),1000000,19.0697,10708698,0,0.6419,74081538,1.0060,2400.4759
Custom,BucketCollapse,ARS Gen 6: Aero Architecture,1000000,17.7473,13018570,0,0.6417,73335701,1.0087,2579.3435
Custom,BucketCollapse,ARS Gen 6: Aero (Stable),1000000,21.0638,13434605,0,0.6406,74200325,1.0069,2173.2199
Custom,BucketCollapse,ARS Exp A: Recursive Parallel,1000000,20.1975,10308690,0,0.6419,73207910,1.0060,2266.4322
Custom,BucketCollapse,ARS Exp B: Hierarchical Staging,1000000,19.7771,11360616,0,0.6424,73204938,1.0059,2314.6109
Custom,BucketCollapse,ARS Exp C: Adaptive Hierarchical,1000000,19.5823,12417054,0,0.6423,73216669,1.0075,2337.6366
Custom,BucketCollapse,ARS Exp D: Stream Micro-Batch,1000000,47.6074,13756863,2000000,0.6423,74221911,1.0036,961.5389
Custom,LowCardinality,Quicksort,1000,0.0103,5628,0,0.6431,79696248,1.0022,4457.7239
Custom,LowCardinality,Timsort,1000,0.0129,5482,0,0.6431,79696418,1.0022,3547.4556
Custom,LowCardinality,ARS Gen 1: Foundation,1000,0.0519,984,2000,0.6431,79698647,1.0022,882.4360
Custom,LowCardinality,ARS Gen 2: Grid Mapping,1000,0.0588,984,2000,0.6431,79698565,1.0022,778.5626
Custom,LowCardinality,ARS Gen 3: Apex Baseline,1000,0.0104,5628,0,0.6431,79696250,1.0022,4407.9314
Custom,LowCardinality,ARS Gen 4: Parallel Apex,1000,0.0093,5628,0,0.6431,79696255,1.0022,4936.5219
Custom,LowCardinality,ARS Gen 5: Optimized Apex (MAIN),1000,0.0099,5628,0,0.6431,79696250,1.0022,4622.4747
Custom,LowCardinality,ARS Gen 5: Optimized Apex (Stable),1000,0.0122,5482,0,0.6431,79696407,1.0022,3758.9397
Custom,LowCardinality,ARS Gen 6: Aero Architecture,1000,0.0092,5628,0,0.6431,79696245,1.0022,4974.6106
Custom,LowCardinality,ARS Gen 6: Aero (Stable),1000,0.0120,5482,0,0.6431,79696412,1.0022,3802.9714
Custom,LowCardinality,ARS Exp A: Recursive Parallel,1000,0.0093,5628,0,0.6431,79696248,1.0022,4947.1920
Custom,LowCardinality,ARS Exp B: Hierarchical Staging,1000,0.0093,5628,0,0.6431,79696250,1.0022,4931.2040
Custom,LowCardinality,ARS Exp C: Adaptive Hierarchical,1000,0.0103,5628,0,0.6431,79696253,1.0022,4427.1148
Custom,LowCardinality,ARS Exp D: Stream Micro-Batch,1000,0.1181,5628,2000,0.6431,79696749,1.0022,387.5314
Custom,LowCardinality,Quicksort,10000,0.0863,54006,0,0.6431,79697903,1.0022,5302.1181
Custom,LowCardinality,Timsort,10000,0.1236,53486,0,0.6431,79698223,1.0022,3702.3315
Custom,LowCardinality,ARS Gen 1: Foundation,10000,0.3012,9984,30000,0.6430,79717183,1.0022,1519.5626
Custom,LowCardinality,ARS Gen 2: Grid Mapping,10000,0.3794,9984,30000,0.6430,79717867,1.0022,1206.6990
Custom,LowCardinality,ARS Gen 3: Apex Baseline,10000,0.3261,122898,14351,0.6430,79700442,1.0022,1403.5760
Custom,LowCardinality,ARS Gen 4: Parallel Apex,10000,0.2129,9990,10000,0.6430,79703835,1.0022,2149.6803
Custom,LowCardinality,ARS Gen 5: Optimized Apex (MAIN),10000,0.1525,9990,0,0.6430,79703462,1.0022,3001.3944
Custom,LowCardinality,ARS Gen 5: Optimized Apex (Stable),10000,0.1299,9990,0,0.6430,79703620,1.0022,3523.9969
Custom,LowCardinality,ARS Gen 6: Aero Architecture,10000,0.2386,9990,0,0.6430,79705067,1.0022,1918.4034
Custom,LowCardinality,ARS Gen 6: Aero (Stable),10000,0.2281,9990,0,0.6430,79704995,1.0022,2006.6705
Custom,LowCardinality,ARS Exp A: Recursive Parallel,10000,0.1428,9990,0,0.6430,79703207,1.0022,3205.2913
Custom,LowCardinality,ARS Exp B: Hierarchical Staging,10000,0.1367,9990,0,0.6430,79703319,1.0022,3347.6940
Custom,LowCardinality,ARS Exp C: Adaptive Hierarchical,10000,0.1284,9990,0,0.6430,79702887,1.0022,3565.9708
Custom,LowCardinality,ARS Exp D: Stream Micro-Batch,10000,0.3215,9990,20000,0.6430,79705148,1.0021,1423.6867
Custom,LowCardinality,Quicksort,100000,0.9861,522721,0,0.6427,79712811,1.0024,4642.0263
Custom,LowCardinality,Timsort,100000,1.6121,535563,0,0.6422,79713606,1.0023,2839.5418
Custom,LowCardinality,ARS Gen 1: Foundation,100000,2.8207,99984,300000,0.6428,79899950,1.0019,1622.8720
Custom,LowCardinality,ARS Gen 2: Grid Mapping,100000,2.9975,99984,300000,0.6428,79914856,1.0021,1527.1475
Custom,LowCardinality,ARS Gen 3: Apex Baseline,100000,2.6009,1145301,108703,0.6428,79721949,1.0024,1760.0142
Custom,LowCardinality,ARS Gen 4: Parallel Apex,100000,1.0128,119528,100000,0.6428,79723765,1.0019,4519.9799
Custom,LowCardinality,ARS Gen 5: Optimized Apex (MAIN),100000,0.8563,119528,0,0.6428,79721911,1.0017,5345.7018
Custom,LowCardinality,ARS Gen 5: Optimized Apex (Stable),100000,0.8596,119779,0,0.6428,79724649,1.0018,5325.2979
Custom,LowCardinality,ARS Gen 6: Aero Architecture,100000,1.0963,99990,0,0.6428,79746387,1.0020,4175.5824
Custom,LowCardinality,ARS Gen 6: Aero (Stable),100000,0.9004,99990,0,0.6428,79746761,1.0020,5083.7212
Custom,LowCardinality,ARS Exp A: Recursive Parallel,100000,1.2553,199986,0,0.6427,79727538,1.0018,3646.7696
Custom,LowCardinality,ARS Exp B: Hierarchical Staging,100000,1.1884,199974,0,0.6428,79721263,1.0018,3851.8386
Custom,LowCardinality,ARS Exp C: Adaptive Hierarchical,100000,0.9861,100002,0,0.6428,79722209,1.0017,4642.0828
Custom,LowCardinality,ARS Exp D: Stream Micro-Batch,100000,1.4551,119528,200000,0.6426,79727433,1.0019,3145.9367
Custom,LowCardinality,Quicksort,1000000,14.0575,5200332,0,0.6411,79731059,1.0043,3256.3671
Custom,LowCardinality,Timsort,1000000,36.1588,6204510,0,0.6380,79733326,1.0026,1265.9812
Custom,LowCardinality,ARS Gen 3: Apex Baseline,1000000,27.2872,12086670,1017407,0.6427,79797982,1.0032,1677.5761
Custom,LowCardinality,ARS Gen 4: Parallel Apex,1000000,15.0613,999988,1000000,0.6436,79748359,0.9938,3039.3324
Custom,LowCardinality,ARS Gen 5: Optimized Apex (MAIN),1000000,15.0832,999988,0,0.6436,79747937,0.9945,3034.9301
Custom,LowCardinality,ARS Gen 5: Optimized Apex (Stable),1000000,14.8666,999988,0,0.6436,79743764,0.9946,3079.1329
Custom,LowCardinality,ARS Gen 6: Aero Architecture,1000000,12.4812,999988,0,0.6434,80000100,0.9965,3667.6372
Custom,LowCardinality,ARS Gen 6: Aero (Stable),1000000,12.1932,999988,0,0.6434,80000435,0.9978,3754.2661
Custom,LowCardinality,ARS Exp A: Recursive Parallel,1000000,17.2586,1999972,0,0.6434,79749822,0.9947,2652.3727
Custom,LowCardinality,ARS Exp B: Hierarchical Staging,1000000,16.5511,1999972,0,0.6435,79744962,0.9943,2765.7633
Custom,LowCardinality,ARS Exp C: Adaptive Hierarchical,1000000,16.7910,1999972,0,0.6434,79757035,0.9960,2726.2376
Custom,LowCardinality,ARS Exp D: Stream Micro-Batch,1000000,41.7847,5484640,2000000,0.6426,79804558,0.9935,1095.5297
Custom,PrefixCollision,Quicksort,1000,0.0259,10337,0,0.6425,79841376,0.9933,1769.9558
Custom,PrefixCollision,Timsort,1000,0.0367,10667,0,0.6425,79842303,0.9933,1247.8225
Custom,PrefixCollision,ARS Gen 1: Foundation,1000,0.2648,0,2000,0.6425,79848487,0.9933,172.8891
Custom,PrefixCollision,ARS Gen 2: Grid Mapping,1000,0.2900,0,2000,0.6424,79849330,0.9933,157.8642
Custom,PrefixCollision,ARS Gen 3: Apex Baseline,1000,0.0214,10337,0,0.6425,79841400,0.9933,2143.1887
Custom,PrefixCollision,ARS Gen 4: Parallel Apex,1000,0.0215,10337,0,0.6425,79841392,0.9933,2127.3523
Custom,PrefixCollision,ARS Gen 5: Optimized Apex (MAIN),1000,0.0222,10337,0,0.6425,79841389,0.9933,2058.0123
Custom,PrefixCollision,ARS Gen 5: Optimized Apex (Stable),1000,0.0313,10667,0,0.6425,79842248,0.9933,1461.3832
Custom,PrefixCollision,ARS Gen 6: Aero Architecture,1000,0.0215,10337,0,0.6425,79841391,0.9933,2127.1546
Custom,PrefixCollision,ARS Gen 6: Aero (Stable),1000,0.0294,10667,0,0.6425,79842279,0.9933,1556.7016
Custom,PrefixCollision,ARS Exp A: Recursive Parallel,1000,0.0209,10337,0,0.6425,79841376,0.9933,2191.5151
Custom,PrefixCollision,ARS Exp B: Hierarchical Staging,1000,0.0204,10337,0,0.6425,79841399,0.9933,2244.4897
Custom,PrefixCollision,ARS Exp C: Adaptive Hierarchical,1000,0.0198,10337,0,0.6425,79841385,0.9933,2315.4460
Custom,PrefixCollision,ARS Exp D: Stream Micro-Batch,1000,0.1163,10337,2000,0.6424,79842057,0.9933,393.7413
Custom,PrefixCollision,Quicksort,10000,0.2540,137946,0,0.6424,79851337,0.9933,1802.3824
Custom,PrefixCollision,Timsort,10000,0.4036,142499,0,0.6424,79859990,0.9933,1134.3307
Custom,PrefixCollision,ARS Gen 1: Foundation,10000,6.5069,0,30000,0.6406,79938846,0.9941,70.3502
Custom,PrefixCollision,ARS Gen 2: Grid Mapping,10000,6.5159,0,30000,0.6405,79944808,0.9941,70.2529
Custom,PrefixCollision,ARS Gen 3: Apex Baseline,10000,0.4216,194806,14351,0.6424,79865517,0.9933,1085.7515
Custom,PrefixCollision,ARS Gen 4: Parallel Apex,10000,0.2461,52643,10000,0.6424,79865944,0.9932,1859.7318
Custom,PrefixCollision,ARS Gen 5: Optimized Apex (MAIN),10000,0.1600,52643,0,0.6424,79857104,0.9933,2861.4879
Custom,PrefixCollision,ARS Gen 5: Optimized Apex (Stable),10000,0.1527,58028,0,0.6424,79864120,0.9933,2997.3852
Custom,PrefixCollision,ARS Gen 6: Aero Architecture,10000,0.2596,60571,0,0.6423,79858496,0.9932,1763.6616
Custom,PrefixCollision,ARS Gen 6: Aero (Stable),10000,0.2398,63560,0,0.6423,79864878,0.9932,1908.6529
Custom,PrefixCollision,ARS Exp A: Recursive Parallel,10000,0.1572,52643,0,0.6424,79857618,0.9933,2912.4458
Custom,PrefixCollision,ARS Exp B: Hierarchical Staging,10000,0.1461,52643,0,0.6424,79858233,0.9933,3133.1358
Custom,PrefixCollision,ARS Exp C: Adaptive Hierarchical,10000,0.1521,52643,0,0.6423,79858081,0.9933,3008.7725
Custom,PrefixCollision,ARS Exp D: Stream Micro-Batch,10000,0.3141,52643,20000,0.6423,79860333,0.9932,1457.2520
Custom,PrefixCollision,Quicksort,100000,3.2650,1718970,0,0.6420,79979993,0.9941,1402.0434
Custom,PrefixCollision,Timsort,100000,4.8687,1756228,0,0.6416,80064149,0.9939,940.2200
Custom,PrefixCollision,ARS Gen 1: Foundation,100000,41.7819,5,300000,0.6236,80873653,0.9916,109.5603
Custom,PrefixCollision,ARS Gen 2: Grid Mapping,100000,43.7562,5,300000,0.6227,80930490,0.9921,104.6168
Custom,PrefixCollision,ARS Gen 3: Apex Baseline,100000,3.0578,1893310,108703,0.6419,80061124,0.9936,1497.0223
Custom,PrefixCollision,ARS Gen 4: Parallel Apex,100000,1.5503,888976,100000,0.6421,80058670,0.9930,2952.7197
Custom,PrefixCollision,ARS Gen 5: Optimized Apex (MAIN),100000,1.2823,888976,0,0.6421,79993588,0.9928,3569.9587
Custom,PrefixCollision,ARS Gen 5: Optimized Apex (Stable),100000,1.5672,929234,0,0.6421,80080214,0.9927,2920.9704
Custom,PrefixCollision,ARS Gen 6: Aero Architecture,100000,1.4055,956140,0,0.6421,80004873,0.9929,3256.9940
Custom,PrefixCollision,ARS Gen 6: Aero (Stable),100000,1.6174,992831,0,0.6420,80090736,0.9929,2830.1898
Custom,PrefixCollision,ARS Exp A: Recursive Parallel,100000,1.4617,888976,0,0.6421,79994539,0.9927,3131.7982
Custom,PrefixCollision,ARS Exp B: Hierarchical Staging,100000,1.4746,780493,0,0.6421,79988330,0.9928,3104.3812
Custom,PrefixCollision,ARS Exp C: Adaptive Hierarchical,100000,1.3972,888976,0,0.6421,79995002,0.9928,3276.2626
Custom,PrefixCollision,ARS Exp D: Stream Micro-Batch,100000,1.9108,888976,200000,0.6421,79998442,0.9927,2395.7001
Custom,PrefixCollision,Quicksort,1000000,47.9096,20525437,0,0.6388,80994044,1.0028,955.4732
Custom,PrefixCollision,Timsort,1000000,78.3051,20897754,0,0.6347,81836972,0.9991,584.5899
Custom,PrefixCollision,ARS Gen 3: Apex Baseline,1000000,37.0756,21586005,1017407,0.6397,81656177,0.9971,1234.6764
Custom,PrefixCollision,ARS Gen 4: Parallel Apex,1000000,19.0315,10308690,1000000,0.6423,81592689,0.9876,2405.2999
Custom,PrefixCollision,ARS Gen 5: Optimized Apex (MAIN),1000000,17.1181,10308690,0,0.6423,81019324,0.9876,2674.1555
Custom,PrefixCollision,ARS Gen 5: Optimized Apex (Stable),1000000,18.5442,10708698,0,0.6421,81876169,0.9885,2468.5064
Custom,PrefixCollision,ARS Gen 6: Aero Architecture,1000000,17.8330,13018570,0,0.6419,81132608,0.9912,2566.9443
Custom,PrefixCollision,ARS Gen 6: Aero (Stable),1000000,20.5723,13434605,0,0.6409,81997019,0.9907,2225.1483
Custom,PrefixCollision,ARS Exp A: Recursive Parallel,1000000,19.1449,10308690,0,0.6421,80999936,0.9899,2391.0531
Custom,PrefixCollision,ARS Exp B: Hierarchical Staging,1000000,20.2094,11360616,0,0.6425,81002022,0.9919,2265.1068
Custom,PrefixCollision,ARS Exp C: Adaptive Hierarchical,1000000,19.8626,12417054,0,0.6424,81015520,0.9911,2304.6469
Custom,PrefixCollision,ARS Exp D: Stream Micro-Batch,1000000,49.2567,13756866,2000000,0.6424,82026204,0.9882,929.3429
