Category,Distribution,Algorithm,N,Time (ms),Comparisons,Moves,LLC Miss Rate,Branch Misses,IPC,Throughput (MB/s)
i64,Random,Quicksort,1000,0.0132,10227,0,0.0385,492,2.5552,1154.3947
i64,Random,Timsort,1000,0.0219,10588,0,0.0000,1161,2.0367,695.5098
i64,Random,ARS Gen 1: Foundation,1000,0.2681,0,2000,0.0077,7974,2.1044,56.9237
i64,Random,ARS Gen 2: Grid Mapping,1000,0.3132,0,2000,0.0143,8792,2.0758,48.7154
i64,Random,ARS Gen 3: Apex Baseline,1000,0.0133,10227,0,0.1515,520,2.5292,1151.2592
i64,Random,ARS Gen 4: Parallel Apex,1000,0.0130,10227,0,0.1739,484,2.5841,1171.1405
i64,Random,ARS Gen 5: Optimized Apex (MAIN),1000,0.0130,10227,0,0.2000,505,2.5872,1173.7530
i64,Random,ARS Gen 5: Optimized Apex (Stable),1000,0.0192,10588,0,0.0496,1134,2.0356,796.5540
i64,Random,ARS Gen 6: Aero Architecture,1000,0.0117,10227,0,0.4615,490,2.5226,1301.0564
i64,Random,ARS Gen 6: Aero (Stable),1000,0.0192,10588,0,0.0333,1142,2.0294,794.5631
i64,Random,ARS Exp A: Recursive Parallel,1000,0.0114,10227,0,0.0741,496,2.5760,1333.3440
i64,Random,ARS Exp B: Hierarchical Staging,1000,0.0113,10227,0,0.0000,481,2.6144,1356.0957
i64,Random,ARS Exp C: Adaptive Hierarchical,1000,0.0100,10227,0,0.0000,482,2.6130,1524.2023
i64,Random,ARS Exp D: Stream Micro-Batch,1000,0.1077,10227,2000,0.0079,1368,0.6163,141.6800
i64,Random,Quicksort,10000,0.1176,136654,0,0.0038,7951,1.0274,1297.2624
i64,Random,Timsort,10000,0.1724,140327,0,0.0035,14222,1.0633,885.3168
i64,Random,ARS Gen 1: Foundation,10000,4.4170,0,30000,0.0020,96577,1.7346,34.5454
i64,Random,ARS Gen 2: Grid Mapping,10000,4.7100,0,30000,0.0023,100379,1.7072,32.3963
i64,Random,ARS Gen 3: Apex Baseline,10000,0.2881,193611,14351,0.0107,13465,1.0743,529.6260
i64,Random,ARS Gen 4: Parallel Apex,10000,0.2016,51695,10000,0.0032,14547,0.8340,756.7868
i64,Random,ARS Gen 5: Optimized Apex (MAIN),10000,0.1284,51695,0,0.0021,14421,0.7240,1188.5829
i64,Random,ARS Gen 5: Optimized Apex (Stable),10000,0.1341,57359,0,0.0036,17381,0.7807,1137.5780
i64,Random,ARS Gen 6: Aero Architecture,10000,0.1345,59671,0,0.0019,16908,0.7523,1134.0693
i64,Random,ARS Gen 6: Aero (Stable),10000,0.1634,62214,0,0.0063,20131,0.7505,933.6761
i64,Random,ARS Exp A: Recursive Parallel,10000,0.1252,51695,0,0.0017,13995,0.7313,1218.4612
i64,Random,ARS Exp B: Hierarchical Staging,10000,0.1232,51695,0,0.0022,14164,0.7906,1238.3672
i64,Random,ARS Exp C: Adaptive Hierarchical,10000,0.1360,51695,0,0.0026,14464,0.7886,1122.1678
i64,Random,ARS Exp D: Stream Micro-Batch,10000,0.2965,51695,20000,0.0041,16693,0.7444,514.6269
i64,Random,Quicksort,100000,1.3815,1709595,0,0.0280,88831,1.6145,1104.4960
i64,Random,Timsort,100000,1.9959,1743505,0,0.0226,144754,1.5672,764.5032
i64,Random,ARS Gen 1: Foundation,100000,37.9150,0,300000,0.0167,1006410,0.9481,40.2447
i64,Random,ARS Gen 2: Grid Mapping,100000,40.2597,0,300000,0.0234,1036834,1.0064,37.9009
i64,Random,ARS Gen 3: Apex Baseline,100000,20.4536,1885062,108703,0.1834,109237,1.2908,74.6021
i64,Random,ARS Gen 4: Parallel Apex,100000,8.6326,881353,100000,0.1593,100968,1.1241,176.7576
i64,Random,ARS Gen 5: Optimized Apex (MAIN),100000,1.1221,881353,0,0.1454,104565,1.0843,1359.8058
i64,Random,ARS Gen 5: Optimized Apex (Stable),100000,1.1899,921838,0,0.1416,158198,1.0243,1282.3945
i64,Random,ARS Gen 6: Aero Architecture,100000,1.1428,955554,0,0.1130,114843,1.0755,1335.2342
i64,Random,ARS Gen 6: Aero (Stable),100000,1.3672,991979,0,0.1065,171783,1.0768,1116.0882
i64,Random,ARS Exp A: Recursive Parallel,100000,1.1637,881353,0,0.1116,104359,1.0195,1311.1809
i64,Random,ARS Exp B: Hierarchical Staging,100000,1.0842,772388,0,0.1216,97786,1.0099,1407.3478
i64,Random,ARS Exp C: Adaptive Hierarchical,100000,1.0345,881353,0,0.1070,103260,0.9466,1475.0387
i64,Random,ARS Exp D: Stream Micro-Batch,100000,1.3818,881353,200000,0.1418,108083,1.0001,1104.2378
i64,Random,Quicksort,1000000,22.1447,20423287,0,0.1525,696524,2.1618,689.0478
i64,Random,Timsort,1000000,32.4838,20813246,0,0.1927,1247177,1.8897,469.7354
i64,Random,ARS Gen 3: Apex Baseline,1000000,25.8048,21493355,1017407,0.2825,816069,1.4464,591.3164
i64,Random,ARS Gen 4: Parallel Apex,1000000,11.5038,10218658,1000000,0.4667,755755,1.0332,1326.4157
i64,Random,ARS Gen 5: Optimized Apex (MAIN),1000000,9.9221,10218658,0,0.4728,726724,0.9438,1537.8588
i64,Random,ARS Gen 5: Optimized Apex (Stable),1000000,9.5990,10628212,0,0.4704,1263230,1.0453,1589.6273
i64,Random,ARS Gen 6: Aero Architecture,1000000,6.3315,13023009,0,0.4085,844249,1.1513,2409.9809
i64,Random,ARS Gen 6: Aero (Stable),1000000,7.0615,13432511,0,0.3799,1387109,1.0774,2160.8342
i64,Random,ARS Exp A: Recursive Parallel,1000000,8.3418,10218658,0,0.4280,715918,1.0053,1829.1866
i64,Random,ARS Exp B: Hierarchical Staging,1000000,8.8344,11276404,0,0.4763,713652,1.1020,1727.2048
i64,Random,ARS Exp C: Adaptive Hierarchical,1000000,9.3792,12320223,0,0.4824,722134,0.9439,1626.8748
i64,Random,ARS Exp D: Stream Micro-Batch,1000000,20.9316,12171637,2000000,0.4571,2264422,0.9189,728.9832
i64,Gaussian,Quicksort,1000,0.0117,10330,0,0.3957,1376453,0.9159,1299.5051
i64,Gaussian,Timsort,1000,0.0186,10648,0,0.3957,1377040,0.9159,818.1656
i64,Gaussian,ARS Gen 1: Foundation,1000,0.1904,503,2000,0.3957,1385055,0.9168,80.1327
i64,Gaussian,ARS Gen 2: Grid Mapping,1000,0.2137,503,2000,0.3956,1385231,0.9170,71.4159
i64,Gaussian,ARS Gen 3: Apex Baseline,1000,0.0116,10330,0,0.3957,1376443,0.9159,1319.5079
i64,Gaussian,ARS Gen 4: Parallel Apex,1000,0.0116,10330,0,0.3957,1376458,0.9159,1315.0727
i64,Gaussian,ARS Gen 5: Optimized Apex (MAIN),1000,0.0115,10330,0,0.3957,1376438,0.9159,1332.5290
i64,Gaussian,ARS Gen 5: Optimized Apex (Stable),1000,0.0182,10648,0,0.3957,1376950,0.9159,839.9179
i64,Gaussian,ARS Gen 6: Aero Architecture,1000,0.0118,10330,0,0.3957,1376440,0.9159,1291.6947
i64,Gaussian,ARS Gen 6: Aero (Stable),1000,0.0184,10648,0,0.3957,1377011,0.9159,828.2917
i64,Gaussian,ARS Exp A: Recursive Parallel,1000,0.0120,10330,0,0.3957,1376474,0.9159,1267.4466
i64,Gaussian,ARS Exp B: Hierarchical Staging,1000,0.0117,10330,0,0.3957,1376454,0.9159,1307.4106
i64,Gaussian,ARS Exp C: Adaptive Hierarchical,1000,0.0117,10330,0,0.3957,1376448,0.9159,1304.6160
i64,Gaussian,ARS Exp D: Stream Micro-Batch,1000,0.1216,10330,2000,0.3950,1377079,0.9156,125.4793
i64,Gaussian,Quicksort,10000,0.1413,134638,0,0.3919,1383735,0.9160,1080.0159
i64,Gaussian,Timsort,10000,0.2143,140096,0,0.3918,1389965,0.9162,711.9031
i64,Gaussian,ARS Gen 1: Foundation,10000,1.2524,57643,30000,0.3878,1474819,0.9220,121.8340
i64,Gaussian,ARS Gen 2: Grid Mapping,10000,1.3203,57632,30000,0.3872,1472999,0.9236,115.5706
i64,Gaussian,ARS Gen 3: Apex Baseline,10000,0.3259,191358,14351,0.3898,1389557,0.9166,468.1529
i64,Gaussian,ARS Gen 4: Parallel Apex,10000,0.2342,61389,10000,0.3886,1392260,0.9151,651.5281
i64,Gaussian,ARS Gen 5: Optimized Apex (MAIN),10000,0.1505,61389,0,0.3878,1391224,0.9145,1014.0078
i64,Gaussian,ARS Gen 5: Optimized Apex (Stable),10000,0.1540,64672,0,0.3887,1395872,0.9145,990.9785
i64,Gaussian,ARS Gen 6: Aero Architecture,10000,0.2702,58551,0,0.3882,1392155,0.9155,564.8015
i64,Gaussian,ARS Gen 6: Aero (Stable),10000,0.2865,61376,0,0.3880,1397248,0.9151,532.5093
i64,Gaussian,ARS Exp A: Recursive Parallel,10000,0.1488,61389,0,0.3888,1390768,0.9145,1025.5941
i64,Gaussian,ARS Exp B: Hierarchical Staging,10000,0.1502,61389,0,0.3881,1390877,0.9147,1015.9792
i64,Gaussian,ARS Exp C: Adaptive Hierarchical,10000,0.1484,61389,0,0.3881,1391334,0.9145,1027.9363
i64,Gaussian,ARS Exp D: Stream Micro-Batch,10000,0.3316,61389,20000,0.3865,1393850,0.9142,460.0954
i64,Gaussian,Quicksort,100000,1.2836,1446704,0,0.3778,1428397,0.9368,1188.7866
i64,Gaussian,Timsort,100000,1.5877,1445193,0,0.3694,1454149,0.9382,961.0685
i64,Gaussian,ARS Gen 1: Foundation,100000,7.3242,1387258,300000,0.3547,2293598,0.9427,208.3341
i64,Gaussian,ARS Gen 2: Grid Mapping,100000,8.1549,1386968,300000,0.3571,2278038,0.9472,187.1128
i64,Gaussian,ARS Gen 3: Apex Baseline,100000,2.2217,1645061,108703,0.3746,1451394,0.9343,686.8072
i64,Gaussian,ARS Gen 4: Parallel Apex,100000,0.8876,734392,100000,0.3729,1448819,0.9255,1719.1878
i64,Gaussian,ARS Gen 5: Optimized Apex (MAIN),100000,0.7182,734392,0,0.3789,1443415,0.9194,2124.6617
i64,Gaussian,ARS Gen 5: Optimized Apex (Stable),100000,0.7531,735546,0,0.3729,1474608,0.9227,2026.0391
i64,Gaussian,ARS Gen 6: Aero Architecture,100000,0.8267,701300,0,0.3740,1454261,0.9234,1845.8160
i64,Gaussian,ARS Gen 6: Aero (Stable),100000,0.8234,706496,0,0.3727,1484527,0.9246,1853.1734
i64,Gaussian,ARS Exp A: Recursive Parallel,100000,0.5809,734392,0,0.3694,1444299,0.9242,2626.5915
i64,Gaussian,ARS Exp B: Hierarchical Staging,100000,0.6554,629097,0,0.3711,1438235,0.9240,2328.1253
i64,Gaussian,ARS Exp C: Adaptive Hierarchical,100000,0.7129,734392,0,0.3716,1443603,0.9216,2140.2687
i64,Gaussian,ARS Exp D: Stream Micro-Batch,100000,0.9953,734392,200000,0.3745,1446962,0.9211,1533.1583
i64,Gaussian,Quicksort,1000000,9.6158,13567694,0,0.3262,1509220,1.1106,1586.8379
i64,Gaussian,Timsort,1000000,14.6588,14681691,0,0.2909,1560244,1.0920,1040.9331
i64,Gaussian,ARS Gen 3: Apex Baseline,1000000,18.2576,14956001,1017407,0.3529,1605950,1.0583,835.7483
i64,Gaussian,ARS Gen 4: Parallel Apex,1000000,6.7797,4787996,1000000,0.4343,1551944,0.8920,2250.6747
i64,Gaussian,ARS Gen 5: Optimized Apex (MAIN),1000000,6.7340,4787996,0,0.4358,1536713,0.8742,2265.9462
i64,Gaussian,ARS Gen 5: Optimized Apex (Stable),1000000,6.9056,4821847,0,0.4346,1615604,0.8938,2209.6113
i64,Gaussian,ARS Gen 6: Aero Architecture,1000000,5.3860,6224416,0,0.4076,1653244,0.9779,2833.0619
i64,Gaussian,ARS Gen 6: Aero (Stable),1000000,5.6734,6253879,0,0.3977,1727476,0.9740,2689.5099
i64,Gaussian,ARS Exp A: Recursive Parallel,1000000,6.8404,4757456,0,0.4181,1532664,0.8890,2230.6844
i64,Gaussian,ARS Exp B: Hierarchical Staging,1000000,9.0745,2295151,0,0.4093,1539289,0.9218,1681.5047
i64,Gaussian,ARS Exp C: Adaptive Hierarchical,1000000,8.6407,2529783,0,0.4072,1550224,0.8899,1765.9164
i64,Gaussian,ARS Exp D: Stream Micro-Batch,1000000,16.9438,11703949,2000000,0.3975,1837551,0.9911,900.5504
i64,NearlySorted,Quicksort,1000,0.0111,9762,0,0.4492,2154350,1.2133,1373.1812
i64,NearlySorted,Timsort,1000,0.0152,9882,0,0.4492,2154679,1.2133,1003.5376
i64,NearlySorted,ARS Gen 1: Foundation,1000,0.0910,9788,2000,0.4492,2158465,1.2134,167.6937
i64,NearlySorted,ARS Gen 2: Grid Mapping,1000,0.0990,9815,2000,0.4492,2158204,1.2134,154.1588
i64,NearlySorted,ARS Gen 3: Apex Baseline,1000,0.0123,9762,0,0.4492,2154371,1.2133,1244.3964
i64,NearlySorted,ARS Gen 4: Parallel Apex,1000,0.0116,9762,0,0.4492,2154335,1.2133,1314.5063
i64,NearlySorted,ARS Gen 5: Optimized Apex (MAIN),1000,0.0115,9762,0,0.4492,2154361,1.2133,1325.8136
i64,NearlySorted,ARS Gen 5: Optimized Apex (Stable),1000,0.0154,9882,0,0.4492,2154659,1.2133,988.0076
i64,NearlySorted,ARS Gen 6: Aero Architecture,1000,0.0115,9762,0,0.4492,2154363,1.2133,1321.9084
i64,NearlySorted,ARS Gen 6: Aero (Stable),1000,0.0157,9882,0,0.4492,2154662,1.2133,970.2905
i64,NearlySorted,ARS Exp A: Recursive Parallel,1000,0.0114,9762,0,0.4492,2154369,1.2133,1339.9007
i64,NearlySorted,ARS Exp B: Hierarchical Staging,1000,0.0113,9762,0,0.4492,2154355,1.2133,1347.5924
i64,NearlySorted,ARS Exp C: Adaptive Hierarchical,1000,0.0112,9762,0,0.4492,2154338,1.2133,1368.5013
i64,NearlySorted,ARS Exp D: Stream Micro-Batch,1000,0.1246,9762,2000,0.4490,2155485,1.2127,122.4209
i64,NearlySorted,Quicksort,10000,0.1413,134689,0,0.4480,2161481,1.2126,1079.5422
i64,NearlySorted,Timsort,10000,0.1861,132195,0,0.4479,2164678,1.2127,820.1137
i64,NearlySorted,ARS Gen 1: Foundation,10000,0.8540,130386,30000,0.4468,2201168,1.2151,178.6792
i64,NearlySorted,ARS Gen 2: Grid Mapping,10000,0.9204,130325,30000,0.4466,2198727,1.2149,165.7832
i64,NearlySorted,ARS Gen 3: Apex Baseline,10000,0.3316,187157,14351,0.4472,2166489,1.2125,460.2203
i64,NearlySorted,ARS Gen 4: Parallel Apex,10000,0.2103,45304,10000,0.4468,2167144,1.2113,725.4862
i64,NearlySorted,ARS Gen 5: Optimized Apex (MAIN),10000,0.1376,45304,0,0.4467,2166747,1.2113,1109.3187
i64,NearlySorted,ARS Gen 5: Optimized Apex (Stable),10000,0.1352,36417,0,0.4468,2165759,1.2113,1128.9260
i64,NearlySorted,ARS Gen 6: Aero Architecture,10000,0.2756,52081,0,0.4469,2170411,1.2115,553.6028
i64,NearlySorted,ARS Gen 6: Aero (Stable),10000,0.2768,47021,0,0.4467,2171729,1.2114,551.2827
i64,NearlySorted,ARS Exp A: Recursive Parallel,10000,0.1440,45304,0,0.4468,2166837,1.2111,1059.7485
i64,NearlySorted,ARS Exp B: Hierarchical Staging,10000,0.1417,45304,0,0.4468,2166642,1.2113,1076.4654
i64,NearlySorted,ARS Exp C: Adaptive Hierarchical,10000,0.1427,45304,0,0.4467,2167188,1.2112,1069.0218
i64,NearlySorted,ARS Exp D: Stream Micro-Batch,10000,0.3148,45304,20000,0.4461,2168696,1.2110,484.6583
i64,NearlySorted,Quicksort,100000,1.6050,1716043,0,0.4421,2232845,1.2218,950.7312
i64,NearlySorted,Timsort,100000,1.9475,1660908,0,0.4384,2255713,1.2221,783.5162
i64,NearlySorted,ARS Gen 1: Foundation,100000,7.0831,1643878,300000,0.4340,2601789,1.2275,215.4247
i64,NearlySorted,ARS Gen 2: Grid Mapping,100000,7.7554,1643640,300000,0.4347,2554399,1.2297,196.7512
i64,NearlySorted,ARS Gen 3: Apex Baseline,100000,2.0649,1830188,108703,0.4405,2248908,1.2168,738.9681
i64,NearlySorted,ARS Gen 4: Parallel Apex,100000,0.9096,827444,100000,0.4395,2249232,1.2100,1677.4426
i64,NearlySorted,ARS Gen 5: Optimized Apex (MAIN),100000,0.6202,827444,0,0.4391,2247694,1.2089,2460.1348
i64,NearlySorted,ARS Gen 5: Optimized Apex (Stable),100000,0.5058,410171,0,0.4385,2226332,1.2101,3016.5069
i64,NearlySorted,ARS Gen 6: Aero Architecture,100000,0.6954,906132,0,0.4396,2254413,1.2098,2194.3252
i64,NearlySorted,ARS Gen 6: Aero (Stable),100000,0.6440,448015,0,0.4399,2237792,1.2101,2369.3294
i64,NearlySorted,ARS Exp A: Recursive Parallel,100000,0.6945,827444,0,0.4391,2247365,1.2097,2196.9918
i64,NearlySorted,ARS Exp B: Hierarchical Staging,100000,0.6757,718138,0,0.4394,2239730,1.2117,2258.0724
i64,NearlySorted,ARS Exp C: Adaptive Hierarchical,100000,0.6511,827444,0,0.4383,2246815,1.2092,2343.4284
i64,NearlySorted,ARS Exp D: Stream Micro-Batch,100000,1.1213,827444,200000,0.4398,2251799,1.2072,1360.8548
i64,NearlySorted,Quicksort,1000000,17.7075,20672771,0,0.4199,2788492,1.3338,861.7110
i64,NearlySorted,Timsort,1000000,24.6510,19775927,0,0.3920,3001666,1.3168,618.9921
i64,NearlySorted,ARS Gen 3: Apex Baseline,1000000,19.4569,20984698,1017407,0.4385,2876623,1.2641,784.2342
i64,NearlySorted,ARS Gen 4: Parallel Apex,1000000,9.2135,9742173,1000000,0.4556,2820879,1.1374,1656.1270
i64,NearlySorted,ARS Gen 5: Optimized Apex (MAIN),1000000,8.4902,9742173,0,0.4562,2816706,1.1356,1797.2337
i64,NearlySorted,ARS Gen 5: Optimized Apex (Stable),1000000,7.3620,4127840,0,0.4557,2571626,1.1334,2072.6368
i64,NearlySorted,ARS Gen 6: Aero Architecture,1000000,7.0685,12610499,0,0.4471,2925219,1.2196,2158.7136
i64,NearlySorted,ARS Gen 6: Aero (Stable),1000000,6.2075,5755875,0,0.4452,2702163,1.2032,2458.1219
i64,NearlySorted,ARS Exp A: Recursive Parallel,1000000,8.3304,9742173,0,0.4519,2804511,1.1561,1831.6933
i64,NearlySorted,ARS Exp B: Hierarchical Staging,1000000,8.8836,10843448,0,0.4550,2794295,1.1714,1717.6429
i64,NearlySorted,ARS Exp C: Adaptive Hierarchical,1000000,9.3521,11954018,0,0.4540,2811527,1.1521,1631.5880
i64,NearlySorted,ARS Exp D: Stream Micro-Batch,1000000,18.1094,15033625,2000000,0.4477,3060204,1.1791,842.5891
i64,Duplicates,Quicksort,1000,0.0032,3735,0,0.4523,4688541,1.2980,4740.2265
i64,Duplicates,Timsort,1000,0.0046,3747,0,0.4523,4688615,1.2980,3309.9326
i64,Duplicates,ARS Gen 1: Foundation,1000,0.0315,995,2000,0.4523,4689910,1.2980,484.0372
i64,Duplicates,ARS Gen 2: Grid Mapping,1000,0.0421,995,2000,0.4523,4689916,1.2981,362.7776
i64,Duplicates,ARS Gen 3: Apex Baseline,1000,0.0031,3735,0,0.4523,4688543,1.2980,4879.6895
i64,Duplicates,ARS Gen 4: Parallel Apex,1000,0.0032,3735,0,0.4523,4688542,1.2980,4825.6765
i64,Duplicates,ARS Gen 5: Optimized Apex (MAIN),1000,0.0033,3735,0,0.4523,4688541,1.2980,4644.9891
i64,Duplicates,ARS Gen 5: Optimized Apex (Stable),1000,0.0046,3747,0,0.4523,4688614,1.2980,3328.7062
i64,Duplicates,ARS Gen 6: Aero Architecture,1000,0.0033,3735,0,0.4523,4688541,1.2980,4615.4837
i64,Duplicates,ARS Gen 6: Aero (Stable),1000,0.0044,3747,0,0.4523,4688607,1.2980,3464.7568
i64,Duplicates,ARS Exp A: Recursive Parallel,1000,0.0032,3735,0,0.4523,4688543,1.2980,4804.4046
i64,Duplicates,ARS Exp B: Hierarchical Staging,1000,0.0031,3735,0,0.4523,4688544,1.2980,4854.8486
i64,Duplicates,ARS Exp C: Adaptive Hierarchical,1000,0.0031,3735,0,0.4523,4688541,1.2980,4845.5983
i64,Duplicates,ARS Exp D: Stream Micro-Batch,1000,0.1078,3735,2000,0.4521,4689138,1.2979,141.4908
i64,Duplicates,Quicksort,10000,0.0286,36573,0,0.4516,4690542,1.2973,5335.2409
i64,Duplicates,Timsort,10000,0.0378,36775,0,0.4516,4690800,1.2973,4032.5561
i64,Duplicates,ARS Gen 1: Foundation,10000,0.1987,9995,30000,0.4514,4702255,1.2975,767.8460
i64,Duplicates,ARS Gen 2: Grid Mapping,10000,0.2543,9995,30000,0.4514,4704404,1.2977,599.9154
i64,Duplicates,ARS Gen 3: Apex Baseline,10000,0.2504,115988,14351,0.4513,4692776,1.2975,609.2841
i64,Duplicates,ARS Gen 4: Parallel Apex,10000,0.2211,9999,10000,0.4511,4695457,1.2969,690.0277
i64,Duplicates,ARS Gen 5: Optimized Apex (MAIN),10000,0.1448,9999,0,0.4511,4694996,1.2969,1053.4928
i64,Duplicates,ARS Gen 5: Optimized Apex (Stable),10000,0.1550,9999,0,0.4511,4695170,1.2969,984.6349
i64,Duplicates,ARS Gen 6: Aero Architecture,10000,0.2755,9999,0,0.4511,4700350,1.2968,553.7837
i64,Duplicates,ARS Gen 6: Aero (Stable),10000,0.2670,9999,0,0.4511,4701099,1.2969,571.5737
i64,Duplicates,ARS Exp A: Recursive Parallel,10000,0.1536,9999,0,0.4511,4694992,1.2969,993.5789
i64,Duplicates,ARS Exp B: Hierarchical Staging,10000,0.1532,9999,0,0.4511,4695043,1.2969,995.7055
i64,Duplicates,ARS Exp C: Adaptive Hierarchical,10000,0.1257,9999,0,0.4511,4695540,1.2969,1213.8087
i64,Duplicates,ARS Exp D: Stream Micro-Batch,10000,0.3072,9999,20000,0.4507,4696850,1.2966,496.6973
i64,Duplicates,Quicksort,100000,0.2946,362094,0,0.4489,4708444,1.2971,5178.9665
i64,Duplicates,Timsort,100000,0.4092,382517,0,0.4470,4709068,1.2970,3728.7678
i64,Duplicates,ARS Gen 1: Foundation,100000,1.0629,99995,300000,0.4489,4824125,1.2943,1435.6268
i64,Duplicates,ARS Gen 2: Grid Mapping,100000,1.4478,99995,300000,0.4489,4843484,1.2951,1053.9534
i64,Duplicates,ARS Gen 3: Apex Baseline,100000,1.8162,1129938,108703,0.4486,4717235,1.2987,840.1538
i64,Duplicates,ARS Gen 4: Parallel Apex,100000,0.6133,100001,100000,0.4471,4719195,1.2955,2487.8880
i64,Duplicates,ARS Gen 5: Optimized Apex (MAIN),100000,0.3428,100001,0,0.4472,4717835,1.2952,4451.4038
i64,Duplicates,ARS Gen 5: Optimized Apex (Stable),100000,0.3562,100001,0,0.4472,4718232,1.2953,4283.6619
i64,Duplicates,ARS Gen 6: Aero Architecture,100000,0.5733,100001,0,0.4476,4771977,1.2943,2661.5482
i64,Duplicates,ARS Gen 6: Aero (Stable),100000,0.6107,100001,0,0.4477,4772139,1.2940,2498.7045
i64,Duplicates,ARS Exp A: Recursive Parallel,100000,0.5516,199996,0,0.4461,4723625,1.2951,2766.0974
i64,Duplicates,ARS Exp B: Hierarchical Staging,100000,0.6608,199996,0,0.4483,4716925,1.2939,2309.1388
i64,Duplicates,ARS Exp C: Adaptive Hierarchical,100000,0.5600,199996,0,0.4463,4724277,1.2941,2724.8908
i64,Duplicates,ARS Exp D: Stream Micro-Batch,100000,0.7898,100001,200000,0.4475,4721097,1.2916,1931.9569
i64,Duplicates,Quicksort,1000000,3.2093,3809528,0,0.4411,4733173,1.3051,4754.5922
i64,Duplicates,Timsort,1000000,6.8359,4510660,0,0.4390,4734831,1.2953,2232.1398
i64,Duplicates,ARS Gen 3: Apex Baseline,1000000,19.3272,12062959,1017407,0.4459,4799942,1.3155,789.4968
i64,Duplicates,ARS Gen 4: Parallel Apex,1000000,6.3429,999999,1000000,0.4589,4749610,1.2259,2405.6616
i64,Duplicates,ARS Gen 5: Optimized Apex (MAIN),1000000,6.6730,999999,0,0.4593,4747887,1.2448,2286.6556
i64,Duplicates,ARS Gen 5: Optimized Apex (Stable),1000000,6.4689,999999,0,0.4591,4748831,1.2431,2358.8087
i64,Duplicates,ARS Gen 6: Aero Architecture,1000000,4.4314,999999,0,0.4528,5299438,1.2734,3443.3283
i64,Duplicates,ARS Gen 6: Aero (Stable),1000000,4.4119,999999,0,0.4525,5299756,1.2604,3458.5254
i64,Duplicates,ARS Exp A: Recursive Parallel,1000000,8.2983,1999994,0,0.4606,4755941,1.2233,1838.7776
i64,Duplicates,ARS Exp B: Hierarchical Staging,1000000,7.0724,1999994,0,0.4583,4745500,1.2340,2157.5048
i64,Duplicates,ARS Exp C: Adaptive Hierarchical,1000000,8.2858,1999994,0,0.4606,4758619,1.2154,1841.5625
i64,Duplicates,ARS Exp D: Stream Micro-Batch,1000000,16.4084,5364815,2000000,0.4331,4807826,1.2837,929.9374
i64,Zipfian,Quicksort,1000,0.0051,5508,0,0.4398,4787842,1.2738,2986.0644
i64,Zipfian,Timsort,1000,0.0072,5460,0,0.4398,4788051,1.2738,2110.7745
i64,Zipfian,ARS Gen 1: Foundation,1000,0.0310,4914,2000,0.4398,4788779,1.2739,492.0761
i64,Zipfian,ARS Gen 2: Grid Mapping,1000,0.0390,4914,2000,0.4398,4788840,1.2739,391.1708
i64,Zipfian,ARS Gen 3: Apex Baseline,1000,0.0050,5508,0,0.4398,4787854,1.2738,3068.9439
i64,Zipfian,ARS Gen 4: Parallel Apex,1000,0.0062,5508,0,0.4398,4787853,1.2738,2461.8892
i64,Zipfian,ARS Gen 5: Optimized Apex (MAIN),1000,0.0055,5508,0,0.4398,4787843,1.2738,2755.7864
i64,Zipfian,ARS Gen 5: Optimized Apex (Stable),1000,0.0085,5460,0,0.4398,4788038,1.2738,1787.5807
i64,Zipfian,ARS Gen 6: Aero Architecture,1000,0.0052,5508,0,0.4398,4787846,1.2738,2933.8183
i64,Zipfian,ARS Gen 6: Aero (Stable),1000,0.0070,5460,0,0.4398,4788051,1.2738,2178.5821
i64,Zipfian,ARS Exp A: Recursive Parallel,1000,0.0045,5508,0,0.4398,4787836,1.2738,3360.2266
i64,Zipfian,ARS Exp B: Hierarchical Staging,1000,0.0046,5508,0,0.4398,4787851,1.2738,3335.9836
i64,Zipfian,ARS Exp C: Adaptive Hierarchical,1000,0.0049,5508,0,0.4398,4787852,1.2738,3107.0635
i64,Zipfian,ARS Exp D: Stream Micro-Batch,1000,0.1012,5508,2000,0.4397,4788333,1.2737,150.7041
i64,Zipfian,Quicksort,10000,0.0376,53621,0,0.4391,4790457,1.2733,4059.7002
i64,Zipfian,Timsort,10000,0.0514,53742,0,0.4391,4791312,1.2733,2967.6545
i64,Zipfian,ARS Gen 1: Foundation,10000,0.2465,50132,30000,0.4389,4796578,1.2739,619.1359
i64,Zipfian,ARS Gen 2: Grid Mapping,10000,0.2806,50259,30000,0.4389,4796257,1.2744,543.7876
i64,Zipfian,ARS Gen 3: Apex Baseline,10000,0.2263,124917,14351,0.4389,4793347,1.2734,674.1683
i64,Zipfian,ARS Gen 4: Parallel Apex,10000,0.2577,52500,10000,0.4386,4797215,1.2730,592.1190
i64,Zipfian,ARS Gen 5: Optimized Apex (MAIN),10000,0.1730,52500,0,0.4387,4795662,1.2729,881.8784
i64,Zipfian,ARS Gen 5: Optimized Apex (Stable),10000,0.1674,51829,0,0.4386,4796943,1.2729,911.4840
i64,Zipfian,ARS Gen 6: Aero Architecture,10000,0.3591,42054,0,0.4386,4796965,1.2732,424.9022
i64,Zipfian,ARS Gen 6: Aero (Stable),10000,0.3493,42636,0,0.4386,4797720,1.2732,436.8628
i64,Zipfian,ARS Exp A: Recursive Parallel,10000,0.1916,16860,0,0.4382,4799927,1.2725,796.4750
i64,Zipfian,ARS Exp B: Hierarchical Staging,10000,0.1647,52500,0,0.4386,4796092,1.2729,926.5890
i64,Zipfian,ARS Exp C: Adaptive Hierarchical,10000,0.1584,52500,0,0.4386,4796225,1.2729,963.1007
i64,Zipfian,ARS Exp D: Stream Micro-Batch,10000,0.2990,52500,20000,0.4383,4798254,1.2727,510.2557
i64,Zipfian,Quicksort,100000,0.3742,532062,0,0.4378,4797127,1.2742,4077.6768
i64,Zipfian,Timsort,100000,0.4930,535405,0,0.4361,4800460,1.2742,3095.2083
i64,Zipfian,ARS Gen 1: Foundation,100000,1.5471,506805,300000,0.4374,4855228,1.2742,986.2922
i64,Zipfian,ARS Gen 2: Grid Mapping,100000,1.7358,506783,300000,0.4372,4856761,1.2773,879.0683
i64,Zipfian,ARS Gen 3: Apex Baseline,100000,1.7250,1174310,108703,0.4374,4808192,1.2754,884.5762
i64,Zipfian,ARS Gen 4: Parallel Apex,100000,1.3692,519466,100000,0.4358,4809948,1.2739,1114.4513
i64,Zipfian,ARS Gen 5: Optimized Apex (MAIN),100000,0.8001,519466,0,0.4357,4806974,1.2738,1907.1436
i64,Zipfian,ARS Gen 5: Optimized Apex (Stable),100000,1.0780,520212,0,0.4347,4812191,1.2723,1415.5075
i64,Zipfian,ARS Gen 6: Aero Architecture,100000,1.0526,499545,0,0.4362,4808033,1.2744,1449.5954
i64,Zipfian,ARS Gen 6: Aero (Stable),100000,1.1401,502501,0,0.4350,4812332,1.2742,1338.3940
i64,Zipfian,ARS Exp A: Recursive Parallel,100000,1.1713,203055,0,0.4325,4834330,1.2679,1302.6714
i64,Zipfian,ARS Exp B: Hierarchical Staging,100000,0.9153,182074,0,0.4338,4812417,1.2717,1667.0442
i64,Zipfian,ARS Exp C: Adaptive Hierarchical,100000,1.3847,197448,0,0.4322,4832854,1.2708,1101.9507
i64,Zipfian,ARS Exp D: Stream Micro-Batch,100000,1.1974,519466,200000,0.4354,4811947,1.2733,1274.3236
i64,Zipfian,Quicksort,1000000,4.2012,5301519,0,0.4317,4811399,1.2910,3632.0082
i64,Zipfian,Timsort,1000000,8.4126,6302942,0,0.4249,4822546,1.2807,1813.7953
i64,Zipfian,ARS Gen 3: Apex Baseline,1000000,20.8216,12308876,1017407,0.4367,4882543,1.2936,732.8336
i64,Zipfian,ARS Gen 4: Parallel Apex,1000000,13.6960,5221477,1000000,0.4423,4834261,1.2245,1114.1040
i64,Zipfian,ARS Gen 5: Optimized Apex (MAIN),1000000,10.5089,5221477,0,0.4418,4828752,1.2251,1451.9812
i64,Zipfian,ARS Gen 5: Optimized Apex (Stable),1000000,14.5908,6004244,0,0.4351,4841534,1.2261,1045.7812
i64,Zipfian,ARS Gen 6: Aero Architecture,1000000,7.9439,5265586,0,0.4385,4827969,1.2665,1920.8198
i64,Zipfian,ARS Gen 6: Aero (Stable),1000000,12.3385,6045570,0,0.4334,4839243,1.2618,1236.6843
i64,Zipfian,ARS Exp A: Recursive Parallel,1000000,15.3348,1938046,0,0.4527,4894776,1.1894,995.0421
i64,Zipfian,ARS Exp B: Hierarchical Staging,1000000,22.2511,2076365,0,0.4577,4877958,1.2162,685.7549
i64,Zipfian,ARS Exp C: Adaptive Hierarchical,1000000,25.1120,2063926,0,0.4589,4913203,1.1897,607.6300
i64,Zipfian,ARS Exp D: Stream Micro-Batch,1000000,16.5979,9792110,2000000,0.4399,4925020,1.2256,919.3205
i64,Skewed,Quicksort,1000,0.0105,10296,0,0.4424,4987921,1.3669,1457.6604
i64,Skewed,Timsort,1000,0.0177,10670,0,0.4424,4988533,1.3669,861.3971
i64,Skewed,ARS Gen 1: Foundation,1000,0.1585,808,2000,0.4424,4996627,1.3669,96.2420
i64,Skewed,ARS Gen 2: Grid Mapping,1000,0.1846,808,2000,0.4424,4996753,1.3669,82.6631
i64,Skewed,ARS Gen 3: Apex Baseline,1000,0.0104,10296,0,0.4424,4987913,1.3669,1468.7447
i64,Skewed,ARS Gen 4: Parallel Apex,1000,0.0105,10296,0,0.4424,4987912,1.3669,1459.8918
i64,Skewed,ARS Gen 5: Optimized Apex (MAIN),1000,0.0103,10296,0,0.4424,4987918,1.3669,1487.6464
i64,Skewed,ARS Gen 5: Optimized Apex (Stable),1000,0.0172,10670,0,0.4424,4988562,1.3669,887.1905
i64,Skewed,ARS Gen 6: Aero Architecture,1000,0.0104,10296,0,0.4424,4987890,1.3669,1464.9375
i64,Skewed,ARS Gen 6: Aero (Stable),1000,0.0172,10670,0,0.4424,4988571,1.3669,889.1550
i64,Skewed,ARS Exp A: Recursive Parallel,1000,0.0103,10296,0,0.4424,4987905,1.3669,1484.8958
i64,Skewed,ARS Exp B: Hierarchical Staging,1000,0.0103,10296,0,0.4424,4987902,1.3669,1482.2993
i64,Skewed,ARS Exp C: Adaptive Hierarchical,1000,0.0112,10296,0,0.4424,4987896,1.3669,1368.1332
i64,Skewed,ARS Exp D: Stream Micro-Batch,1000,0.1052,10296,2000,0.4423,4988394,1.3668,145.0469
i64,Skewed,Quicksort,10000,0.1275,134101,0,0.4419,4994539,1.3666,1197.2185
i64,Skewed,Timsort,10000,0.1930,137729,0,0.4419,5000562,1.3665,790.5043
i64,Skewed,ARS Gen 1: Foundation,10000,0.9235,84429,30000,0.4414,5069761,1.3661,165.2312
i64,Skewed,ARS Gen 2: Grid Mapping,10000,1.0153,84430,30000,0.4414,5067002,1.3665,150.2957
i64,Skewed,ARS Gen 3: Apex Baseline,10000,0.3234,190005,14351,0.4416,5000447,1.3663,471.7949
i64,Skewed,ARS Gen 4: Parallel Apex,10000,0.2309,71389,10000,0.4415,5003008,1.3658,660.9657
i64,Skewed,ARS Gen 5: Optimized Apex (MAIN),10000,0.1407,71389,0,0.4414,5002092,1.3657,1084.1443
i64,Skewed,ARS Gen 5: Optimized Apex (Stable),10000,0.1533,73990,0,0.4414,5006947,1.3657,995.2574
i64,Skewed,ARS Gen 6: Aero Architecture,10000,0.3382,60048,0,0.4415,5003105,1.3659,451.2192
i64,Skewed,ARS Gen 6: Aero (Stable),10000,0.3729,62612,0,0.4414,5007954,1.3658,409.2408
i64,Skewed,ARS Exp A: Recursive Parallel,10000,0.1471,71389,0,0.4414,5001323,1.3657,1037.5964
i64,Skewed,ARS Exp B: Hierarchical Staging,10000,0.1508,71389,0,0.4415,5002029,1.3656,1011.9231
i64,Skewed,ARS Exp C: Adaptive Hierarchical,10000,0.1698,71389,0,0.4415,5001472,1.3658,898.7918
i64,Skewed,ARS Exp D: Stream Micro-Batch,10000,0.3590,71389,20000,0.4413,5003670,1.3655,425.0016
i64,Skewed,Quicksort,100000,1.2185,1353942,0,0.4401,5035308,1.3690,1252.2436
i64,Skewed,Timsort,100000,1.4922,1358979,0,0.4389,5056946,1.3691,1022.5563
i64,Skewed,ARS Gen 1: Foundation,100000,5.8661,1260666,300000,0.4375,5766526,1.3504,260.1159
i64,Skewed,ARS Gen 2: Grid Mapping,100000,6.6153,1260598,300000,0.4373,5740505,1.3487,230.6582
i64,Skewed,ARS Gen 3: Apex Baseline,100000,2.1684,1555111,108703,0.4398,5056139,1.3667,703.6733
i64,Skewed,ARS Gen 4: Parallel Apex,100000,0.8149,735888,100000,0.4394,5055125,1.3636,1872.3635
i64,Skewed,ARS Gen 5: Optimized Apex (MAIN),100000,0.6578,735888,0,0.4392,5051514,1.3631,2319.8181
i64,Skewed,ARS Gen 5: Optimized Apex (Stable),100000,0.7414,741765,0,0.4398,5077441,1.3619,2057.9716
i64,Skewed,ARS Gen 6: Aero Architecture,100000,0.7778,651349,0,0.4393,5060140,1.3646,1961.8084
i64,Skewed,ARS Gen 6: Aero (Stable),100000,0.8932,657321,0,0.4391,5086028,1.3645,1708.3226
i64,Skewed,ARS Exp A: Recursive Parallel,100000,0.6731,710308,0,0.4389,5051871,1.3628,2267.0299
i64,Skewed,ARS Exp B: Hierarchical Staging,100000,0.7074,631417,0,0.4392,5045377,1.3642,2156.8748
i64,Skewed,ARS Exp C: Adaptive Hierarchical,100000,0.7195,735888,0,0.4394,5051137,1.3628,2120.8374
i64,Skewed,ARS Exp D: Stream Micro-Batch,100000,1.0877,735888,200000,0.4391,5054203,1.3627,1402.7910
i64,Skewed,Quicksort,1000000,9.3005,12909957,0,0.4305,5100676,1.4036,1640.6363
i64,Skewed,Timsort,1000000,14.3304,14007926,0,0.4189,5145671,1.3945,1064.7867
i64,Skewed,ARS Gen 3: Apex Baseline,1000000,19.1350,14286900,1017407,0.4335,5192366,1.3784,797.4299
i64,Skewed,ARS Gen 4: Parallel Apex,1000000,7.5643,5157050,1000000,0.4473,5139962,1.3171,2017.2158
i64,Skewed,ARS Gen 5: Optimized Apex (MAIN),1000000,7.1865,5157050,0,0.4472,5128372,1.3143,2123.2497
i64,Skewed,ARS Gen 5: Optimized Apex (Stable),1000000,7.4517,5175392,0,0.4458,5191953,1.3203,2047.7036
i64,Skewed,ARS Gen 6: Aero Architecture,1000000,5.4995,6007232,0,0.4431,5244417,1.3523,2774.5689
i64,Skewed,ARS Gen 6: Aero (Stable),1000000,5.8436,6044896,0,0.4410,5308848,1.3498,2611.1784
i64,Skewed,ARS Exp A: Recursive Parallel,1000000,9.1099,2361022,0,0.4394,5185201,1.3153,1674.9761
i64,Skewed,ARS Exp B: Hierarchical Staging,1000000,9.7286,1866734,0,0.4415,5135710,1.3145,1568.4546
i64,Skewed,ARS Exp C: Adaptive Hierarchical,1000000,8.9813,2025491,0,0.4412,5150647,1.3006,1698.9562
i64,Skewed,ARS Exp D: Stream Micro-Batch,1000000,16.2325,11985588,2000000,0.4395,5385560,1.3465,940.0122
i64,Clustered,Quicksort,1000,0.0112,10451,0,0.4447,5840317,1.4104,1362.3919
i64,Clustered,Timsort,1000,0.0185,10742,0,0.4447,5840977,1.4104,822.9311
i64,Clustered,ARS Gen 1: Foundation,1000,0.1007,5331,2000,0.4447,5846338,1.4104,151.5137
i64,Clustered,ARS Gen 2: Grid Mapping,1000,0.1179,5339,2000,0.4447,5846572,1.4104,129.4247
i64,Clustered,ARS Gen 3: Apex Baseline,1000,0.0113,10451,0,0.4447,5840358,1.4104,1350.8135
i64,Clustered,ARS Gen 4: Parallel Apex,1000,0.0110,10451,0,0.4447,5840329,1.4104,1385.1479
i64,Clustered,ARS Gen 5: Optimized Apex (MAIN),1000,0.0109,10451,0,0.4447,5840306,1.4104,1393.7513
i64,Clustered,ARS Gen 5: Optimized Apex (Stable),1000,0.0182,10742,0,0.4447,5840980,1.4104,838.4871
i64,Clustered,ARS Gen 6: Aero Architecture,1000,0.0112,10451,0,0.4447,5840331,1.4104,1362.0271
i64,Clustered,ARS Gen 6: Aero (Stable),1000,0.0184,10742,0,0.4447,5840988,1.4104,827.6178
i64,Clustered,ARS Exp A: Recursive Parallel,1000,0.0113,10451,0,0.4447,5840344,1.4104,1351.1723
i64,Clustered,ARS Exp B: Hierarchical Staging,1000,0.0113,10451,0,0.4447,5840333,1.4104,1352.9694
i64,Clustered,ARS Exp C: Adaptive Hierarchical,1000,0.0110,10451,0,0.4447,5840323,1.4104,1387.7935
i64,Clustered,ARS Exp D: Stream Micro-Batch,1000,0.1166,10451,2000,0.4447,5840972,1.4103,130.8812
i64,Clustered,Quicksort,10000,0.1046,111159,0,0.4444,5844744,1.4101,1458.3152
i64,Clustered,Timsort,10000,0.1409,110728,0,0.4443,5847792,1.4101,1082.6597
i64,Clustered,ARS Gen 1: Foundation,10000,0.4483,75427,30000,0.4442,5879013,1.4099,340.4057
i64,Clustered,ARS Gen 2: Grid Mapping,10000,0.5606,74701,30000,0.4441,5881580,1.4100,272.1867
i64,Clustered,ARS Gen 3: Apex Baseline,10000,0.2848,163143,14351,0.4442,5849412,1.4100,535.7608
i64,Clustered,ARS Gen 4: Parallel Apex,10000,0.2318,72583,10000,0.4441,5852056,1.4095,658.4046
i64,Clustered,ARS Gen 5: Optimized Apex (MAIN),10000,0.1505,72583,0,0.4441,5850468,1.4095,1013.7248
i64,Clustered,ARS Gen 5: Optimized Apex (Stable),10000,0.1607,72287,0,0.4440,5855158,1.4094,949.5970
i64,Clustered,ARS Gen 6: Aero Architecture,10000,0.2573,63448,0,0.4440,5851553,1.4095,593.1225
i64,Clustered,ARS Gen 6: Aero (Stable),10000,0.2863,63348,0,0.4440,5855012,1.4095,532.9092
i64,Clustered,ARS Exp A: Recursive Parallel,10000,0.1569,72583,0,0.4441,5851006,1.4095,972.5850
i64,Clustered,ARS Exp B: Hierarchical Staging,10000,0.1569,72583,0,0.4440,5851294,1.4096,972.3433
i64,Clustered,ARS Exp C: Adaptive Hierarchical,10000,0.1520,72583,0,0.4441,5851059,1.4094,1003.9007
i64,Clustered,ARS Exp D: Stream Micro-Batch,10000,0.3215,72583,20000,0.4439,5853226,1.4093,474.5401
i64,Clustered,Quicksort,100000,0.8305,1016581,0,0.4431,5861973,1.4114,1837.1975
i64,Clustered,Timsort,100000,0.9670,1021185,0,0.4422,5867792,1.4115,1577.8877
i64,Clustered,ARS Gen 1: Foundation,100000,2.2689,680916,300000,0.4434,6175636,1.4042,672.5175
i64,Clustered,ARS Gen 2: Grid Mapping,100000,2.6005,680031,300000,0.4433,6198703,1.4042,586.7639
i64,Clustered,ARS Gen 3: Apex Baseline,100000,1.8925,1237724,108703,0.4425,5875510,1.4105,806.2628
i64,Clustered,ARS Gen 4: Parallel Apex,100000,0.8982,631252,100000,0.4426,5878700,1.4073,1698.8886
i64,Clustered,ARS Gen 5: Optimized Apex (MAIN),100000,0.5633,631252,0,0.4423,5873393,1.4081,2708.6239
i64,Clustered,ARS Gen 5: Optimized Apex (Stable),100000,0.6277,634097,0,0.4424,5883360,1.4074,2430.9435
i64,Clustered,ARS Gen 6: Aero Architecture,100000,0.6846,555626,0,0.4426,5883692,1.4085,2228.9922
i64,Clustered,ARS Gen 6: Aero (Stable),100000,0.7064,562372,0,0.4425,5892701,1.4086,2159.9310
i64,Clustered,ARS Exp A: Recursive Parallel,100000,0.7220,134521,0,0.4411,5883117,1.4078,2113.3589
i64,Clustered,ARS Exp B: Hierarchical Staging,100000,0.7223,169903,0,0.4416,5873515,1.4078,2112.4606
i64,Clustered,ARS Exp C: Adaptive Hierarchical,100000,0.6929,264519,0,0.4417,5877755,1.4067,2202.2491
i64,Clustered,ARS Exp D: Stream Micro-Batch,100000,1.1067,631252,200000,0.4423,5879085,1.4079,1378.7709
i64,Clustered,Quicksort,1000000,7.4458,9921218,0,0.4357,5891887,1.4327,2049.3213
i64,Clustered,Timsort,1000000,11.8825,11000160,0,0.4265,5899902,1.4240,1284.1449
i64,Clustered,ARS Gen 3: Apex Baseline,1000000,21.5261,12348632,1017407,0.4367,5966520,1.4150,708.8522
i64,Clustered,ARS Gen 4: Parallel Apex,1000000,7.2668,5346522,1000000,0.4473,5920948,1.3624,2099.8093
i64,Clustered,ARS Gen 5: Optimized Apex (MAIN),1000000,7.0838,5346522,0,0.4474,5914551,1.3672,2154.0316
i64,Clustered,ARS Gen 5: Optimized Apex (Stable),1000000,7.9562,5363683,0,0.4426,5931604,1.3596,1917.8455
i64,Clustered,ARS Gen 6: Aero Architecture,1000000,5.6363,5434749,0,0.4451,6033459,1.3923,2707.2284
i64,Clustered,ARS Gen 6: Aero (Stable),1000000,6.1621,5451863,0,0.4397,6050041,1.3863,2476.2324
i64,Clustered,ARS Exp A: Recursive Parallel,1000000,10.4699,1070102,0,0.4453,5950609,1.3393,1457.4021
i64,Clustered,ARS Exp B: Hierarchical Staging,1000000,12.4323,1041286,0,0.4515,5917071,1.3486,1227.3523
i64,Clustered,ARS Exp C: Adaptive Hierarchical,1000000,11.2647,1013215,0,0.4517,5932003,1.3382,1354.5701
i64,Clustered,ARS Exp D: Stream Micro-Batch,1000000,16.4292,11100982,2000000,0.4447,6008449,1.3804,928.7607
i64,BucketCollapse,Quicksort,1000,0.0113,10179,0,0.4435,6134570,1.4237,1354.2903
i64,BucketCollapse,Timsort,1000,0.0181,10913,0,0.4435,6135174,1.4237,844.5668
i64,BucketCollapse,ARS Gen 1: Foundation,1000,0.2497,0,2000,0.4435,6142094,1.4238,61.1014
i64,BucketCollapse,ARS Gen 2: Grid Mapping,1000,0.2702,0,2000,0.4435,6142770,1.4238,56.4651
i64,BucketCollapse,ARS Gen 3: Apex Baseline,1000,0.0112,10179,0,0.4435,6134561,1.4237,1360.5697
i64,BucketCollapse,ARS Gen 4: Parallel Apex,1000,0.0110,10179,0,0.4435,6134552,1.4237,1382.3871
i64,BucketCollapse,ARS Gen 5: Optimized Apex (MAIN),1000,0.0112,10179,0,0.4435,6134552,1.4237,1364.4629
i64,BucketCollapse,ARS Gen 5: Optimized Apex (Stable),1000,0.0179,10913,0,0.4435,6135163,1.4237,851.6375
i64,BucketCollapse,ARS Gen 6: Aero Architecture,1000,0.0113,10179,0,0.4435,6134565,1.4237,1349.7381
i64,BucketCollapse,ARS Gen 6: Aero (Stable),1000,0.0187,10913,0,0.4435,6135158,1.4236,815.4983
i64,BucketCollapse,ARS Exp A: Recursive Parallel,1000,0.0113,10179,0,0.4435,6134566,1.4237,1348.0687
i64,BucketCollapse,ARS Exp B: Hierarchical Staging,1000,0.0110,10179,0,0.4435,6134545,1.4237,1384.0171
i64,BucketCollapse,ARS Exp C: Adaptive Hierarchical,1000,0.0110,10179,0,0.4435,6134555,1.4237,1381.3859
i64,BucketCollapse,ARS Exp D: Stream Micro-Batch,1000,0.1202,10179,2000,0.4435,6135140,1.4236,126.9492
i64,BucketCollapse,Quicksort,10000,0.1408,137738,0,0.4432,6141410,1.4234,1084.0519
i64,BucketCollapse,Timsort,10000,0.2132,141392,0,0.4432,6147539,1.4234,715.7568
i64,BucketCollapse,ARS Gen 1: Foundation,10000,5.4410,0,30000,0.4398,6233746,1.4274,28.0443
i64,BucketCollapse,ARS Gen 2: Grid Mapping,10000,5.8419,0,30000,0.4398,6237455,1.4277,26.1195
i64,BucketCollapse,ARS Gen 3: Apex Baseline,10000,0.3386,193231,14351,0.4430,6147071,1.4232,450.6009
i64,BucketCollapse,ARS Gen 4: Parallel Apex,10000,0.2302,51645,10000,0.4429,6147859,1.4228,662.8579
i64,BucketCollapse,ARS Gen 5: Optimized Apex (MAIN),10000,0.1624,51645,0,0.4429,6147654,1.4228,939.3261
i64,BucketCollapse,ARS Gen 5: Optimized Apex (Stable),10000,0.1620,57426,0,0.4428,6150787,1.4227,942.0285
i64,BucketCollapse,ARS Gen 6: Aero Architecture,10000,0.2871,59080,0,0.4429,6150639,1.4229,531.5392
i64,BucketCollapse,ARS Gen 6: Aero (Stable),10000,0.2994,61965,0,0.4429,6154526,1.4227,509.7018
i64,BucketCollapse,ARS Exp A: Recursive Parallel,10000,0.1564,51645,0,0.4429,6147354,1.4227,975.9317
i64,BucketCollapse,ARS Exp B: Hierarchical Staging,10000,0.1490,51645,0,0.4428,6147628,1.4228,1023.9424
i64,BucketCollapse,ARS Exp C: Adaptive Hierarchical,10000,0.1567,51645,0,0.4429,6147796,1.4227,973.4909
i64,BucketCollapse,ARS Exp D: Stream Micro-Batch,10000,0.3349,51645,20000,0.4427,6149362,1.4226,455.5964
i64,BucketCollapse,Quicksort,100000,1.6810,1704558,0,0.4417,6219246,1.4249,907.6950
i64,BucketCollapse,Timsort,100000,2.3074,1748721,0,0.4408,6274678,1.4248,661.3091
i64,BucketCollapse,ARS Gen 1: Foundation,100000,42.4802,6,300000,0.3556,7148858,1.3615,35.9197
i64,BucketCollapse,ARS Gen 2: Grid Mapping,100000,46.0284,6,300000,0.3469,7184923,1.3476,33.1508
i64,BucketCollapse,ARS Gen 3: Apex Baseline,100000,2.4374,1886207,108703,0.4414,6238578,1.4229,626.0306
i64,BucketCollapse,ARS Gen 4: Parallel Apex,100000,0.9665,879882,100000,0.4413,6237083,1.4199,1578.7578
i64,BucketCollapse,ARS Gen 5: Optimized Apex (MAIN),100000,0.7060,879882,0,0.4412,6234224,1.4197,2161.3536
i64,BucketCollapse,ARS Gen 5: Optimized Apex (Stable),100000,0.8493,922129,0,0.4411,6288505,1.4195,1796.5509
i64,BucketCollapse,ARS Gen 6: Aero Architecture,100000,0.7273,954423,0,0.4412,6244214,1.4197,2098.1029
i64,BucketCollapse,ARS Gen 6: Aero (Stable),100000,0.8988,993675,0,0.4411,6295660,1.4191,1697.7186
i64,BucketCollapse,ARS Exp A: Recursive Parallel,100000,0.7018,879882,0,0.4411,6232910,1.4200,2174.3817
i64,BucketCollapse,ARS Exp B: Hierarchical Staging,100000,0.7553,773088,0,0.4410,6227663,1.4202,2020.1968
i64,BucketCollapse,ARS Exp C: Adaptive Hierarchical,100000,0.7919,879882,0,0.4413,6232537,1.4189,1926.8946
i64,BucketCollapse,ARS Exp D: Stream Micro-Batch,100000,1.1108,879882,200000,0.4413,6237810,1.4192,1373.6583
i64,BucketCollapse,Quicksort,1000000,18.2745,20437271,0,0.4353,6805934,1.4549,834.9761
i64,BucketCollapse,Timsort,1000000,26.4619,20799465,0,0.4274,7356667,1.4476,576.6331
i64,BucketCollapse,ARS Gen 3: Apex Baseline,1000000,23.6443,21505010,1017407,0.4377,6926413,1.4305,645.3469
i64,BucketCollapse,ARS Gen 4: Parallel Apex,1000000,9.4629,10221412,1000000,0.4448,6866853,1.3824,1612.4932
i64,BucketCollapse,ARS Gen 5: Optimized Apex (MAIN),1000000,8.5123,10221412,0,0.4448,6836734,1.3796,1792.5514
i64,BucketCollapse,ARS Gen 5: Optimized Apex (Stable),1000000,9.2704,10628930,0,0.4448,7373181,1.3802,1645.9622
i64,BucketCollapse,ARS Gen 6: Aero Architecture,1000000,6.8844,12929332,0,0.4430,6952730,1.4044,2216.4417
i64,BucketCollapse,ARS Gen 6: Aero (Stable),1000000,8.7336,13335182,0,0.4428,7495956,1.4026,1747.1286
i64,BucketCollapse,ARS Exp A: Recursive Parallel,1000000,8.4052,10221412,0,0.4430,6837069,1.3804,1815.3952
i64,BucketCollapse,ARS Exp B: Hierarchical Staging,1000000,8.9552,11275443,0,0.4452,6823835,1.3898,1703.8943
i64,BucketCollapse,ARS Exp C: Adaptive Hierarchical,1000000,9.4669,12322876,0,0.4451,6835361,1.3766,1611.7994
i64,BucketCollapse,ARS Exp D: Stream Micro-Batch,1000000,25.3529,13517886,2000000,0.4458,7882843,1.3783,601.8557
i64,LowCardinality,Quicksort,1000,0.0050,5504,0,0.4487,12822219,1.3645,3048.1001
i64,LowCardinality,Timsort,1000,0.0070,5497,0,0.4487,12822345,1.3645,2164.3672
i64,LowCardinality,ARS Gen 1: Foundation,1000,0.0442,984,2000,0.4487,12824466,1.3645,345.0107
i64,LowCardinality,ARS Gen 2: Grid Mapping,1000,0.0586,984,2000,0.4487,12824658,1.3645,260.4111
i64,LowCardinality,ARS Gen 3: Apex Baseline,1000,0.0049,5504,0,0.4487,12822226,1.3645,3100.7497
i64,LowCardinality,ARS Gen 4: Parallel Apex,1000,0.0052,5504,0,0.4487,12822219,1.3645,2930.4377
i64,LowCardinality,ARS Gen 5: Optimized Apex (MAIN),1000,0.0053,5504,0,0.4487,12822218,1.3645,2886.6419
i64,LowCardinality,ARS Gen 5: Optimized Apex (Stable),1000,0.0069,5497,0,0.4487,12822331,1.3645,2226.5853
i64,LowCardinality,ARS Gen 6: Aero Architecture,1000,0.0051,5504,0,0.4487,12822218,1.3645,3007.2505
i64,LowCardinality,ARS Gen 6: Aero (Stable),1000,0.0069,5497,0,0.4487,12822344,1.3645,2208.5380
i64,LowCardinality,ARS Exp A: Recursive Parallel,1000,0.0049,5504,0,0.4487,12822221,1.3645,3139.0226
i64,LowCardinality,ARS Exp B: Hierarchical Staging,1000,0.0049,5504,0,0.4487,12822221,1.3645,3144.1972
i64,LowCardinality,ARS Exp C: Adaptive Hierarchical,1000,0.0048,5504,0,0.4487,12822208,1.3645,3172.9651
i64,LowCardinality,ARS Exp D: Stream Micro-Batch,1000,0.1140,5504,2000,0.4486,12822697,1.3645,133.8314
i64,LowCardinality,Quicksort,10000,0.0415,53753,0,0.4484,12824598,1.3642,3673.8068
i64,LowCardinality,Timsort,10000,0.0524,54514,0,0.4484,12824945,1.3642,2910.3164
i64,LowCardinality,ARS Gen 1: Foundation,10000,0.2511,9984,30000,0.4483,12844013,1.3641,607.7722
i64,LowCardinality,ARS Gen 2: Grid Mapping,10000,0.3311,9984,30000,0.4483,12847324,1.3642,460.8054
i64,LowCardinality,ARS Gen 3: Apex Baseline,10000,0.2449,121806,14351,0.4483,12826964,1.3642,623.1129
i64,LowCardinality,ARS Gen 4: Parallel Apex,10000,0.2007,12063,10000,0.4482,12830311,1.3639,760.2861
i64,LowCardinality,ARS Gen 5: Optimized Apex (MAIN),10000,0.1230,12063,0,0.4482,12830068,1.3639,1240.3805
i64,LowCardinality,ARS Gen 5: Optimized Apex (Stable),10000,0.1257,12087,0,0.4482,12830265,1.3639,1214.1564
i64,LowCardinality,ARS Gen 6: Aero Architecture,10000,0.2517,12063,0,0.4482,12831441,1.3639,606.2461
i64,LowCardinality,ARS Gen 6: Aero (Stable),10000,0.2539,12087,0,0.4482,12832055,1.3639,601.0189
i64,LowCardinality,ARS Exp A: Recursive Parallel,10000,0.1238,12063,0,0.4482,12830003,1.3639,1232.9637
i64,LowCardinality,ARS Exp B: Hierarchical Staging,10000,0.1246,12063,0,0.4482,12829884,1.3639,1224.5433
i64,LowCardinality,ARS Exp C: Adaptive Hierarchical,10000,0.1330,12063,0,0.4482,12829918,1.3639,1147.5017
i64,LowCardinality,ARS Exp D: Stream Micro-Batch,10000,0.3104,12063,20000,0.4481,12832258,1.3638,491.5799
i64,LowCardinality,Quicksort,100000,0.4309,522910,0,0.4474,12839808,1.3644,3540.9056
i64,LowCardinality,Timsort,100000,0.5423,516617,0,0.4467,12840480,1.3644,2813.4994
i64,LowCardinality,ARS Gen 1: Foundation,100000,1.3167,99984,300000,0.4476,13027976,1.3617,1158.8784
i64,LowCardinality,ARS Gen 2: Grid Mapping,100000,1.6009,99984,300000,0.4475,13063389,1.3618,953.1465
i64,LowCardinality,ARS Gen 3: Apex Baseline,100000,1.7883,1144941,108703,0.4473,12848787,1.3648,853.2715
i64,LowCardinality,ARS Gen 4: Parallel Apex,100000,0.5663,144579,100000,0.4467,12851295,1.3634,2694.4948
i64,LowCardinality,ARS Gen 5: Optimized Apex (MAIN),100000,0.3667,144579,0,0.4469,12849428,1.3634,4160.6445
i64,LowCardinality,ARS Gen 5: Optimized Apex (Stable),100000,0.3501,145223,0,0.4468,12849522,1.3631,4357.8362
i64,LowCardinality,ARS Gen 6: Aero Architecture,100000,0.5066,99988,0,0.4470,12873573,1.3631,3011.7438
i64,LowCardinality,ARS Gen 6: Aero (Stable),100000,0.5028,99988,0,0.4469,12872614,1.3631,3035.0046
i64,LowCardinality,ARS Exp A: Recursive Parallel,100000,0.5351,199988,0,0.4465,12854936,1.3633,2851.7636
i64,LowCardinality,ARS Exp B: Hierarchical Staging,100000,0.4941,199972,0,0.4468,12846323,1.3633,3087.9736
i64,LowCardinality,ARS Exp C: Adaptive Hierarchical,100000,0.3953,100004,0,0.4467,12849168,1.3631,3859.8869
i64,LowCardinality,ARS Exp D: Stream Micro-Batch,100000,0.7456,144579,200000,0.4468,12852794,1.3629,2046.5142
i64,LowCardinality,Quicksort,1000000,4.0618,5201420,0,0.4426,12862149,1.3713,3756.6449
i64,LowCardinality,Timsort,1000000,7.9306,6174589,0,0.4387,12863895,1.3662,1924.0368
i64,LowCardinality,ARS Gen 3: Apex Baseline,1000000,19.5234,12089713,1017407,0.4460,12929329,1.3712,781.5626
i64,LowCardinality,ARS Gen 4: Parallel Apex,1000000,6.1666,999990,1000000,0.4516,12881344,1.3191,2474.4394
i64,LowCardinality,ARS Gen 5: Optimized Apex (MAIN),1000000,6.3888,999990,0,0.4519,12880759,1.3304,2388.3538
i64,LowCardinality,ARS Gen 5: Optimized Apex (Stable),1000000,6.3955,999990,0,0.4517,12876857,1.3317,2385.8779
i64,LowCardinality,ARS Gen 6: Aero Architecture,1000000,4.3258,999990,0,0.4492,13128826,1.3488,3527.4288
i64,LowCardinality,ARS Gen 6: Aero (Stable),1000000,4.1834,999990,0,0.4492,13127833,1.3500,3647.4899
i64,LowCardinality,ARS Exp A: Recursive Parallel,1000000,7.8262,1999974,0,0.4511,12886900,1.3180,1949.7065
i64,LowCardinality,ARS Exp B: Hierarchical Staging,1000000,6.8967,1999974,0,0.4505,12873615,1.3373,2212.4842
i64,LowCardinality,ARS Exp C: Adaptive Hierarchical,1000000,7.5349,1999984,0,0.4511,12882909,1.3176,2025.0708
i64,LowCardinality,ARS Exp D: Stream Micro-Batch,1000000,17.0979,5706274,2000000,0.4415,12944422,1.3577,892.4381
i64,PrefixCollision,Quicksort,1000,0.0112,10179,0,0.4445,12927388,1.3512,1360.4484
i64,PrefixCollision,Timsort,1000,0.0177,10913,0,0.4445,12927998,1.3512,861.4458
i64,PrefixCollision,ARS Gen 1: Foundation,1000,0.2337,0,2000,0.4445,12934870,1.3514,65.2939
i64,PrefixCollision,ARS Gen 2: Grid Mapping,1000,0.2693,0,2000,0.4444,12935511,1.3514,56.6531
i64,PrefixCollision,ARS Gen 3: Apex Baseline,1000,0.0111,10179,0,0.4445,12927391,1.3512,1373.1812
i64,PrefixCollision,ARS Gen 4: Parallel Apex,1000,0.0115,10179,0,0.4445,12927378,1.3512,1321.9084
i64,PrefixCollision,ARS Gen 5: Optimized Apex (MAIN),1000,0.0111,10179,0,0.4445,12927381,1.3512,1374.9134
i64,PrefixCollision,ARS Gen 5: Optimized Apex (Stable),1000,0.0180,10913,0,0.4445,12928007,1.3512,846.8636
i64,PrefixCollision,ARS Gen 6: Aero Architecture,1000,0.0113,10179,0,0.4445,12927381,1.3512,1351.6511
i64,PrefixCollision,ARS Gen 6: Aero (Stable),1000,0.0180,10913,0,0.4445,12928031,1.3512,849.6931
i64,PrefixCollision,ARS Exp A: Recursive Parallel,1000,0.0109,10179,0,0.4445,12927399,1.3512,1394.8980
i64,PrefixCollision,ARS Exp B: Hierarchical Staging,1000,0.0110,10179,0,0.4445,12927382,1.3512,1381.0109
i64,PrefixCollision,ARS Exp C: Adaptive Hierarchical,1000,0.0109,10179,0,0.4445,12927351,1.3512,1405.1744
i64,PrefixCollision,ARS Exp D: Stream Micro-Batch,1000,0.1139,10179,2000,0.4444,12927889,1.3512,133.9618
i64,PrefixCollision,Quicksort,10000,0.1405,137738,0,0.4442,12933906,1.3511,1086.1276
i64,PrefixCollision,Timsort,10000,0.2092,141392,0,0.4442,12940023,1.3511,729.4330
i64,PrefixCollision,ARS Gen 1: Foundation,10000,5.3837,0,30000,0.4418,13026217,1.3551,28.3426
i64,PrefixCollision,ARS Gen 2: Grid Mapping,10000,5.7798,0,30000,0.4406,13029891,1.3552,26.4003
i64,PrefixCollision,ARS Gen 3: Apex Baseline,10000,0.3378,193231,14351,0.4441,12939341,1.3510,451.7067
i64,PrefixCollision,ARS Gen 4: Parallel Apex,10000,0.2365,51645,10000,0.4440,12940683,1.3506,645.1837
i64,PrefixCollision,ARS Gen 5: Optimized Apex (MAIN),10000,0.1487,51645,0,0.4439,12940065,1.3506,1026.3529
i64,PrefixCollision,ARS Gen 5: Optimized Apex (Stable),10000,0.1535,57426,0,0.4439,12943421,1.3506,994.1097
i64,PrefixCollision,ARS Gen 6: Aero Architecture,10000,0.2992,59080,0,0.4440,12943165,1.3507,509.9743
i64,PrefixCollision,ARS Gen 6: Aero (Stable),10000,0.3098,61965,0,0.4439,12947432,1.3507,492.4843
i64,PrefixCollision,ARS Exp A: Recursive Parallel,10000,0.1618,51645,0,0.4440,12939981,1.3505,943.3447
i64,PrefixCollision,ARS Exp B: Hierarchical Staging,10000,0.1494,51645,0,0.4439,12940234,1.3506,1021.6799
i64,PrefixCollision,ARS Exp C: Adaptive Hierarchical,10000,0.1505,51645,0,0.4439,12939973,1.3506,1014.1156
i64,PrefixCollision,ARS Exp D: Stream Micro-Batch,10000,0.3465,51645,20000,0.4438,12942030,1.3505,440.3882
i64,PrefixCollision,Quicksort,100000,1.7172,1704558,0,0.4431,13007746,1.3525,888.5616
i64,PrefixCollision,Timsort,100000,2.3132,1748721,0,0.4425,13062875,1.3525,659.6359
i64,PrefixCollision,ARS Gen 1: Foundation,100000,40.9190,6,300000,0.3578,13939014,1.2898,37.2902
i64,PrefixCollision,ARS Gen 2: Grid Mapping,100000,44.5207,6,300000,0.3585,13974549,1.2911,34.2735
i64,PrefixCollision,ARS Gen 3: Apex Baseline,100000,2.4695,1886207,108703,0.4430,13027303,1.3508,617.8901
i64,PrefixCollision,ARS Gen 4: Parallel Apex,100000,0.9393,879882,100000,0.4427,13025589,1.3491,1624.4298
i64,PrefixCollision,ARS Gen 5: Optimized Apex (MAIN),100000,0.6990,879882,0,0.4427,13022352,1.3486,2183.0860
i64,PrefixCollision,ARS Gen 5: Optimized Apex (Stable),100000,0.7462,922129,0,0.4426,13077659,1.3488,2044.7891
i64,PrefixCollision,ARS Gen 6: Aero Architecture,100000,0.7370,954423,0,0.4428,13032795,1.3485,2070.2656
i64,PrefixCollision,ARS Gen 6: Aero (Stable),100000,0.8211,993675,0,0.4428,13084843,1.3482,1858.3939
i64,PrefixCollision,ARS Exp A: Recursive Parallel,100000,0.6429,879882,0,0.4424,13021760,1.3494,2373.5715
i64,PrefixCollision,ARS Exp B: Hierarchical Staging,100000,0.6590,773088,0,0.4425,13015811,1.3493,2315.5901
i64,PrefixCollision,ARS Exp C: Adaptive Hierarchical,100000,0.6831,879882,0,0.4425,13021429,1.3490,2233.8544
i64,PrefixCollision,ARS Exp D: Stream Micro-Batch,100000,1.1504,879882,200000,0.4427,13026053,1.3481,1326.3956
i64,PrefixCollision,Quicksort,1000000,17.8022,20437271,0,0.4374,13584164,1.3794,857.1302
i64,PrefixCollision,Timsort,1000000,29.7294,20799465,0,0.4309,14132144,1.3736,513.2550
i64,PrefixCollision,ARS Gen 3: Apex Baseline,1000000,21.5715,21505010,1017407,0.4403,13703285,1.3577,707.3598
i64,PrefixCollision,ARS Gen 4: Parallel Apex,1000000,9.2652,10221412,1000000,0.4455,13641128,1.3257,1646.8917
i64,PrefixCollision,ARS Gen 5: Optimized Apex (MAIN),1000000,8.6405,10221412,0,0.4455,13615419,1.3157,1765.9524
i64,PrefixCollision,ARS Gen 5: Optimized Apex (Stable),1000000,9.4483,10628930,0,0.4454,14149865,1.3224,1614.9693
i64,PrefixCollision,ARS Gen 6: Aero Architecture,1000000,6.7948,12929332,0,0.4443,13730188,1.3433,2245.6621
i64,PrefixCollision,ARS Gen 6: Aero (Stable),1000000,8.2699,13335182,0,0.4436,14270394,1.3405,1845.0884
i64,PrefixCollision,ARS Exp A: Recursive Parallel,1000000,8.4350,10221412,0,0.4443,13614114,1.3272,1808.9812
i64,PrefixCollision,ARS Exp B: Hierarchical Staging,1000000,9.3171,11275443,0,0.4461,13598923,1.3348,1637.7256
i64,PrefixCollision,ARS Exp C: Adaptive Hierarchical,1000000,9.4865,12322876,0,0.4459,13606422,1.3296,1608.4669
i64,PrefixCollision,ARS Exp D: Stream Micro-Batch,1000000,24.6865,13517882,2000000,0.4432,14631274,1.3258,618.1032
f64,Random,Quicksort,1000,0.0182,10325,0,0.4471,19672202,1.3141,839.2250
f64,Random,Timsort,1000,0.0265,10521,0,0.4470,19672729,1.3141,575.5210
f64,Random,ARS Gen 1: Foundation,1000,0.2371,0,2000,0.4470,19679580,1.3142,64.3551
f64,Random,ARS Gen 2: Grid Mapping,1000,0.2766,0,2000,0.4470,19680220,1.3143,55.1709
f64,Random,ARS Gen 3: Apex Baseline,1000,0.0170,10325,0,0.4470,19672175,1.3141,896.6791
f64,Random,ARS Gen 4: Parallel Apex,1000,0.0175,10325,0,0.4470,19672187,1.3141,869.9424
f64,Random,ARS Gen 5: Optimized Apex (MAIN),1000,0.0173,10325,0,0.4470,19672201,1.3141,880.1793
f64,Random,ARS Gen 5: Optimized Apex (Stable),1000,0.0264,10521,0,0.4470,19672743,1.3141,577.5688
f64,Random,ARS Gen 6: Aero Architecture,1000,0.0182,10325,0,0.4471,19672208,1.3141,840.6583
f64,Random,ARS Gen 6: Aero (Stable),1000,0.0262,10521,0,0.4470,19672719,1.3141,582.3743
f64,Random,ARS Exp A: Recursive Parallel,1000,0.0183,10325,0,0.4470,19672183,1.3141,833.1307
f64,Random,ARS Exp B: Hierarchical Staging,1000,0.0174,10325,0,0.4470,19672208,1.3141,877.0931
f64,Random,ARS Exp C: Adaptive Hierarchical,1000,0.0174,10325,0,0.4470,19672186,1.3141,875.0309
f64,Random,ARS Exp D: Stream Micro-Batch,1000,0.1185,10325,2000,0.4470,19672871,1.3140,128.7509
f64,Random,Quicksort,10000,0.2264,136464,0,0.4468,19679584,1.3140,673.8289
f64,Random,Timsort,10000,0.3167,141512,0,0.4468,19684985,1.3139,481.7738
f64,Random,ARS Gen 1: Foundation,10000,5.4512,0,30000,0.4446,19770589,1.3178,27.9918
f64,Random,ARS Gen 2: Grid Mapping,10000,5.8616,0,30000,0.4437,19776660,1.3177,26.0316
f64,Random,ARS Gen 3: Apex Baseline,10000,0.4086,193135,14351,0.4467,19684944,1.3138,373.4389
f64,Random,ARS Gen 4: Parallel Apex,10000,0.2593,73138,10000,0.4466,19687572,1.3136,588.4290
f64,Random,ARS Gen 5: Optimized Apex (MAIN),10000,0.1616,73138,0,0.4466,19686881,1.3136,944.0217
f64,Random,ARS Gen 5: Optimized Apex (Stable),10000,0.1747,76380,0,0.4466,19691665,1.3136,873.3381
f64,Random,ARS Gen 6: Aero Architecture,10000,0.2297,62698,0,0.4466,19687722,1.3136,664.3384
f64,Random,ARS Gen 6: Aero (Stable),10000,0.2481,65867,0,0.4466,19692047,1.3135,615.0555
f64,Random,ARS Exp A: Recursive Parallel,10000,0.1685,73138,0,0.4466,19686485,1.3136,905.4318
f64,Random,ARS Exp B: Hierarchical Staging,10000,0.1668,73138,0,0.4466,19686773,1.3136,915.0259
f64,Random,ARS Exp C: Adaptive Hierarchical,10000,0.1665,73138,0,0.4466,19686527,1.3136,916.3117
f64,Random,ARS Exp D: Stream Micro-Batch,10000,0.3399,73138,20000,0.4465,19688624,1.3136,448.8922
f64,Random,Quicksort,100000,2.5985,1705718,0,0.4459,19762358,1.3159,587.2207
f64,Random,Timsort,100000,3.4257,1751732,0,0.4452,19811124,1.3155,445.4263
f64,Random,ARS Gen 1: Foundation,100000,41.6084,0,300000,0.3702,20676536,1.2654,36.6724
f64,Random,ARS Gen 2: Grid Mapping,100000,44.8000,0,300000,0.3644,20730177,1.2660,34.0598
f64,Random,ARS Gen 3: Apex Baseline,100000,3.1640,1884272,108703,0.4458,19776706,1.3140,482.2614
f64,Random,ARS Gen 4: Parallel Apex,100000,1.2239,1101865,100000,0.4458,19776371,1.3129,1246.7716
f64,Random,ARS Gen 5: Optimized Apex (MAIN),100000,0.9591,1101865,0,0.4456,19776684,1.3126,1590.9487
f64,Random,ARS Gen 5: Optimized Apex (Stable),100000,1.1367,1142841,0,0.4458,19829870,1.3117,1342.3855
f64,Random,ARS Gen 6: Aero Architecture,100000,0.9528,1002379,0,0.4456,19787789,1.3126,1601.5018
f64,Random,ARS Gen 6: Aero (Stable),100000,1.1003,1045724,0,0.4456,19842205,1.3123,1386.7542
f64,Random,ARS Exp A: Recursive Parallel,100000,0.9528,1101865,0,0.4456,19775536,1.3128,1601.3959
f64,Random,ARS Exp B: Hierarchical Staging,100000,0.9394,999614,0,0.4456,19770096,1.3131,1624.2586
f64,Random,ARS Exp C: Adaptive Hierarchical,100000,0.9307,1101865,0,0.4455,19776713,1.3128,1639.4889
f64,Random,ARS Exp D: Stream Micro-Batch,100000,1.3733,1101865,200000,0.4455,19779925,1.3128,1111.1257
f64,Random,Quicksort,1000000,28.8215,20430901,0,0.4422,20336530,1.3450,529.4244
f64,Random,Timsort,1000000,42.0778,20822215,0,0.4375,20819747,1.3365,362.6328
f64,Random,ARS Gen 3: Apex Baseline,1000000,27.7310,21498086,1017407,0.4433,20396288,1.3159,550.2437
f64,Random,ARS Gen 4: Parallel Apex,1000000,11.0871,12665814,1000000,0.4493,20343484,1.3012,1376.2660
f64,Random,ARS Gen 5: Optimized Apex (MAIN),1000000,10.1086,12665814,0,0.4494,20358257,1.2976,1509.4835
f64,Random,ARS Gen 5: Optimized Apex (Stable),1000000,11.8818,13081361,0,0.4487,20865816,1.2926,1284.2105
f64,Random,ARS Gen 6: Aero Architecture,1000000,9.0580,13583765,0,0.4475,20507556,1.3167,1684.5729
f64,Random,ARS Gen 6: Aero (Stable),1000000,11.3173,14002566,0,0.4463,21012032,1.3118,1348.2666
f64,Random,ARS Exp A: Recursive Parallel,1000000,10.8107,6406252,0,0.4458,20380114,1.2942,1411.4526
f64,Random,ARS Exp B: Hierarchical Staging,1000000,11.5667,5861815,0,0.4456,20289765,1.3006,1319.1955
f64,Random,ARS Exp C: Adaptive Hierarchical,1000000,11.3844,7398340,0,0.4463,20341132,1.2905,1340.3245
f64,Random,ARS Exp D: Stream Micro-Batch,1000000,24.9208,14470210,2000000,0.4488,21931666,1.2912,612.2915
f64,Gaussian,Quicksort,1000,0.0190,10345,0,0.4473,21215074,1.2834,803.9828
f64,Gaussian,Timsort,1000,0.0272,10685,0,0.4473,21215628,1.2834,560.7169
f64,Gaussian,ARS Gen 1: Foundation,1000,0.2436,0,2000,0.4472,21222468,1.2835,62.6338
f64,Gaussian,ARS Gen 2: Grid Mapping,1000,0.2895,0,2000,0.4472,21223265,1.2835,52.7107
f64,Gaussian,ARS Gen 3: Apex Baseline,1000,0.0179,10345,0,0.4473,21215072,1.2834,853.3521
f64,Gaussian,ARS Gen 4: Parallel Apex,1000,0.0182,10345,0,0.4473,21215056,1.2834,839.4559
f64,Gaussian,ARS Gen 5: Optimized Apex (MAIN),1000,0.0180,10345,0,0.4473,21215078,1.2834,849.4093
f64,Gaussian,ARS Gen 5: Optimized Apex (Stable),1000,0.0271,10685,0,0.4473,21215623,1.2834,563.6789
f64,Gaussian,ARS Gen 6: Aero Architecture,1000,0.0188,10345,0,0.4473,21215075,1.2834,813.6285
f64,Gaussian,ARS Gen 6: Aero (Stable),1000,0.0276,10685,0,0.4473,21215637,1.2834,553.0952
f64,Gaussian,ARS Exp A: Recursive Parallel,1000,0.0189,10345,0,0.4473,21215081,1.2834,805.9787
f64,Gaussian,ARS Exp B: Hierarchical Staging,1000,0.0179,10345,0,0.4473,21215072,1.2834,853.6385
f64,Gaussian,ARS Exp C: Adaptive Hierarchical,1000,0.0177,10345,0,0.4473,21215053,1.2834,861.1055
f64,Gaussian,ARS Exp D: Stream Micro-Batch,1000,0.1301,10345,2000,0.4472,21215894,1.2834,117.3013
f64,Gaussian,Quicksort,10000,0.2350,137462,0,0.4470,21222778,1.2833,649.1831
f64,Gaussian,Timsort,10000,0.3278,141011,0,0.4470,21228076,1.2833,465.4298
f64,Gaussian,ARS Gen 1: Foundation,10000,5.5461,0,30000,0.4448,21314099,1.2868,27.5126
f64,Gaussian,ARS Gen 2: Grid Mapping,10000,6.2774,0,30000,0.4443,21319693,1.2866,24.3075
f64,Gaussian,ARS Gen 3: Apex Baseline,10000,0.4373,192671,14351,0.4469,21228239,1.2832,348.9677
f64,Gaussian,ARS Gen 4: Parallel Apex,10000,0.4226,125399,10000,0.4469,21230434,1.2832,361.1112
f64,Gaussian,ARS Gen 5: Optimized Apex (MAIN),10000,0.3138,125399,0,0.4469,21229392,1.2831,486.2894
f64,Gaussian,ARS Gen 5: Optimized Apex (Stable),10000,0.3428,130052,0,0.4468,21236419,1.2831,445.1391
f64,Gaussian,ARS Gen 6: Aero Architecture,10000,0.4094,109718,0,0.4469,21231563,1.2831,372.7229
f64,Gaussian,ARS Gen 6: Aero (Stable),10000,0.4353,113881,0,0.4469,21238368,1.2830,350.5463
f64,Gaussian,ARS Exp A: Recursive Parallel,10000,0.2594,48812,0,0.4466,21235820,1.2828,588.2657
f64,Gaussian,ARS Exp B: Hierarchical Staging,10000,0.3114,125399,0,0.4469,21229648,1.2831,490.0549
f64,Gaussian,ARS Exp C: Adaptive Hierarchical,10000,0.3075,125399,0,0.4468,21231409,1.2831,496.1934
f64,Gaussian,ARS Exp D: Stream Micro-Batch,10000,0.4881,125399,20000,0.4468,21233006,1.2829,312.6244
f64,Gaussian,Quicksort,100000,2.6238,1710455,0,0.4464,21302429,1.2853,581.5570
f64,Gaussian,Timsort,100000,3.4027,1746462,0,0.4458,21351604,1.2849,448.4340
f64,Gaussian,ARS Gen 1: Foundation,100000,43.0162,0,300000,0.3759,22215830,1.2452,35.4722
f64,Gaussian,ARS Gen 2: Grid Mapping,100000,49.9160,0,300000,0.3745,22271583,1.2536,30.5690
f64,Gaussian,ARS Gen 3: Apex Baseline,100000,3.0324,1884751,108703,0.4463,21316741,1.2834,503.2001
f64,Gaussian,ARS Gen 4: Parallel Apex,100000,2.2674,1586392,100000,0.4459,21313887,1.2852,672.9713
f64,Gaussian,ARS Gen 5: Optimized Apex (MAIN),100000,1.6779,1586392,0,0.4460,21315529,1.2845,909.4045
f64,Gaussian,ARS Gen 5: Optimized Apex (Stable),100000,2.1659,1629438,0,0.4459,21367540,1.2834,704.5040
f64,Gaussian,ARS Gen 6: Aero Architecture,100000,1.3825,1447738,0,0.4462,21331304,1.2838,1103.7155
f64,Gaussian,ARS Gen 6: Aero (Stable),100000,1.7438,1487078,0,0.4460,21384355,1.2832,875.0389
f64,Gaussian,ARS Exp A: Recursive Parallel,100000,1.1256,834504,0,0.4453,21326132,1.2820,1355.5644
f64,Gaussian,ARS Exp B: Hierarchical Staging,100000,1.1496,657220,0,0.4452,21314619,1.2829,1327.2667
f64,Gaussian,ARS Exp C: Adaptive Hierarchical,100000,1.1815,834504,0,0.4453,21326529,1.2822,1291.4673
f64,Gaussian,ARS Exp D: Stream Micro-Batch,100000,2.0351,1586392,200000,0.4459,21317498,1.2848,749.7727
f64,Gaussian,Quicksort,1000000,29.0787,20420624,0,0.4430,21811967,1.3117,524.7419
f64,Gaussian,Timsort,1000000,42.5511,20810565,0,0.4382,22293264,1.3049,358.5993
f64,Gaussian,ARS Gen 3: Apex Baseline,1000000,26.9475,21491076,1017407,0.4446,21871581,1.2853,566.2417
f64,Gaussian,ARS Gen 4: Parallel Apex,1000000,20.7188,17729670,1000000,0.4480,21823202,1.2908,736.4700
f64,Gaussian,ARS Gen 5: Optimized Apex (MAIN),1000000,18.0594,17729670,0,0.4479,21834184,1.2853,844.9221
f64,Gaussian,ARS Gen 5: Optimized Apex (Stable),1000000,23.6638,18126422,0,0.4435,22326071,1.2804,644.8152
f64,Gaussian,ARS Gen 6: Aero Architecture,1000000,13.0369,17798278,0,0.4465,22026729,1.2928,1170.4338
f64,Gaussian,ARS Gen 6: Aero (Stable),1000000,18.7481,18171061,0,0.4436,22517014,1.2811,813.8864
f64,Gaussian,ARS Exp A: Recursive Parallel,1000000,14.8447,9157468,0,0.4484,21894922,1.2550,1027.8959
f64,Gaussian,ARS Exp B: Hierarchical Staging,1000000,15.5545,9620349,0,0.4515,21843574,1.2666,980.9868
f64,Gaussian,ARS Exp C: Adaptive Hierarchical,1000000,15.2481,11727786,0,0.4525,21857356,1.2574,1000.7023
f64,Gaussian,ARS Exp D: Stream Micro-Batch,1000000,27.4403,19223480,2000000,0.4483,23407093,1.2733,556.0720
f64,NearlySorted,Quicksort,1000,0.0176,9762,0,0.4471,22233766,1.2858,868.7042
f64,NearlySorted,Timsort,1000,0.0230,9882,0,0.4471,22234087,1.2857,662.4176
f64,NearlySorted,ARS Gen 1: Foundation,1000,0.1213,0,2000,0.4470,22236582,1.2858,125.7803
f64,NearlySorted,ARS Gen 2: Grid Mapping,1000,0.1651,0,2000,0.4470,22237770,1.2858,92.4484
f64,NearlySorted,ARS Gen 3: Apex Baseline,1000,0.0169,9762,0,0.4471,22233795,1.2858,903.2076
f64,NearlySorted,ARS Gen 4: Parallel Apex,1000,0.0171,9762,0,0.4471,22233780,1.2858,892.7967
f64,NearlySorted,ARS Gen 5: Optimized Apex (MAIN),1000,0.0169,9762,0,0.4471,22233760,1.2858,901.5533
f64,NearlySorted,ARS Gen 5: Optimized Apex (Stable),1000,0.0232,9882,0,0.4471,22234095,1.2857,657.8482
f64,NearlySorted,ARS Gen 6: Aero Architecture,1000,0.0176,9762,0,0.4471,22233763,1.2858,869.3476
f64,NearlySorted,ARS Gen 6: Aero (Stable),1000,0.0225,9882,0,0.4471,22234066,1.2857,676.8748
f64,NearlySorted,ARS Exp A: Recursive Parallel,1000,0.0176,9762,0,0.4471,22233764,1.2858,865.9926
f64,NearlySorted,ARS Exp B: Hierarchical Staging,1000,0.0167,9762,0,0.4471,22233745,1.2858,911.8980
f64,NearlySorted,ARS Exp C: Adaptive Hierarchical,1000,0.0166,9762,0,0.4471,22233747,1.2858,921.3688
f64,NearlySorted,ARS Exp D: Stream Micro-Batch,1000,0.1232,9762,2000,0.4470,22234361,1.2857,123.8981
f64,NearlySorted,Quicksort,10000,0.2237,134689,0,0.4469,22240393,1.2857,682.2162
f64,NearlySorted,Timsort,10000,0.2821,132195,0,0.4468,22243494,1.2856,540.9364
f64,NearlySorted,ARS Gen 1: Foundation,10000,2.2656,0,30000,0.4458,22276105,1.2873,67.3494
f64,NearlySorted,ARS Gen 2: Grid Mapping,10000,2.4376,0,30000,0.4456,22283824,1.2874,62.5979
f64,NearlySorted,ARS Gen 3: Apex Baseline,10000,0.3928,187157,14351,0.4467,22245062,1.2856,388.4848
f64,NearlySorted,ARS Gen 4: Parallel Apex,10000,0.4842,129133,10000,0.4467,22248070,1.2856,315.1236
f64,NearlySorted,ARS Gen 5: Optimized Apex (MAIN),10000,0.4219,129133,0,0.4467,22248276,1.2855,361.6890
f64,NearlySorted,ARS Gen 5: Optimized Apex (Stable),10000,0.4394,124389,0,0.4467,22250459,1.2855,347.2682
f64,NearlySorted,ARS Gen 6: Aero Architecture,10000,0.2908,112273,0,0.4467,22250297,1.2854,524.6329
f64,NearlySorted,ARS Gen 6: Aero (Stable),10000,0.3207,109531,0,0.4467,22252375,1.2854,475.8438
f64,NearlySorted,ARS Exp A: Recursive Parallel,10000,0.2349,51743,0,0.4465,22251301,1.2853,649.4760
f64,NearlySorted,ARS Exp B: Hierarchical Staging,10000,0.4237,129133,0,0.4467,22248030,1.2855,360.1158
f64,NearlySorted,ARS Exp C: Adaptive Hierarchical,10000,0.3827,129133,0,0.4467,22247849,1.2855,398.7089
f64,NearlySorted,ARS Exp D: Stream Micro-Batch,10000,0.5563,129133,20000,0.4466,22250357,1.2854,274.2857
f64,NearlySorted,Quicksort,100000,2.6097,1716043,0,0.4461,22307355,1.2877,584.7043
f64,NearlySorted,Timsort,100000,3.0391,1660908,0,0.4456,22328420,1.2873,502.0861
f64,NearlySorted,ARS Gen 1: Foundation,100000,18.4977,0,300000,0.4265,22639688,1.2831,82.4903
f64,NearlySorted,ARS Gen 2: Grid Mapping,100000,20.4058,0,300000,0.4243,22707432,1.2858,74.7767
f64,NearlySorted,ARS Gen 3: Apex Baseline,100000,2.9716,1830188,108703,0.4462,22319845,1.2862,513.4832
f64,NearlySorted,ARS Gen 4: Parallel Apex,100000,3.5083,1653890,100000,0.4459,22321372,1.2876,434.9350
f64,NearlySorted,ARS Gen 5: Optimized Apex (MAIN),100000,2.8344,1653890,0,0.4456,22321370,1.2871,538.3491
f64,NearlySorted,ARS Gen 5: Optimized Apex (Stable),100000,3.3720,1589383,0,0.4453,22342038,1.2865,452.5179
f64,NearlySorted,ARS Gen 6: Aero Architecture,100000,1.6152,1472393,0,0.4460,22345693,1.2862,944.6780
f64,NearlySorted,ARS Gen 6: Aero (Stable),100000,1.8603,1387582,0,0.4457,22363927,1.2861,820.2248
f64,NearlySorted,ARS Exp A: Recursive Parallel,100000,1.0954,815713,0,0.4451,22333610,1.2848,1392.9993
f64,NearlySorted,ARS Exp B: Hierarchical Staging,100000,1.1314,631229,0,0.4452,22312285,1.2858,1348.6680
f64,NearlySorted,ARS Exp C: Adaptive Hierarchical,100000,1.2288,815713,0,0.4449,22333064,1.2850,1241.7857
f64,NearlySorted,ARS Exp D: Stream Micro-Batch,100000,3.4933,1653890,200000,0.4456,22323945,1.2874,436.8042
f64,NearlySorted,Quicksort,1000000,28.7385,20672771,0,0.4430,22853028,1.3174,530.9525
f64,NearlySorted,Timsort,1000000,38.1943,19775927,0,0.4376,23054022,1.3108,399.5039
f64,NearlySorted,ARS Gen 3: Apex Baseline,1000000,27.5213,20984698,1017407,0.4462,22904220,1.2958,554.4347
f64,NearlySorted,ARS Gen 4: Parallel Apex,1000000,20.3336,18442598,1000000,0.4476,22864085,1.2937,750.4236
f64,NearlySorted,ARS Gen 5: Optimized Apex (MAIN),1000000,17.5363,18442598,0,0.4480,22871165,1.2923,870.1243
f64,NearlySorted,ARS Gen 5: Optimized Apex (Stable),1000000,23.2689,17501336,0,0.4443,23025686,1.2837,655.7579
f64,NearlySorted,ARS Gen 6: Aero Architecture,1000000,16.3072,18449113,0,0.4457,23134981,1.3062,935.7108
f64,NearlySorted,ARS Gen 6: Aero (Stable),1000000,21.3552,17575612,0,0.4422,23293496,1.2978,714.5248
f64,NearlySorted,ARS Exp A: Recursive Parallel,1000000,13.8317,8914015,0,0.4510,22892513,1.2657,1103.1764
f64,NearlySorted,ARS Exp B: Hierarchical Staging,1000000,15.6911,9611874,0,0.4521,22864672,1.2751,972.4508
f64,NearlySorted,ARS Exp C: Adaptive Hierarchical,1000000,17.3575,11855374,0,0.4523,22883388,1.2731,879.0916
f64,NearlySorted,ARS Exp D: Stream Micro-Batch,1000000,19.9981,16617913,2000000,0.4472,23153603,1.2896,763.0131
f64,Duplicates,Quicksort,1000,0.0048,3735,0,0.4459,23232614,1.2812,3206.9754
f64,Duplicates,Timsort,1000,0.0068,3747,0,0.4459,23232687,1.2812,2239.9867
f64,Duplicates,ARS Gen 1: Foundation,1000,0.0324,995,2000,0.4459,23233900,1.2812,471.1102
f64,Duplicates,ARS Gen 2: Grid Mapping,1000,0.0323,995,2000,0.4459,23233300,1.2812,472.0868
f64,Duplicates,ARS Gen 3: Apex Baseline,1000,0.0046,3735,0,0.4459,23232612,1.2812,3307.0631
f64,Duplicates,ARS Gen 4: Parallel Apex,1000,0.0048,3735,0,0.4459,23232614,1.2812,3165.0672
f64,Duplicates,ARS Gen 5: Optimized Apex (MAIN),1000,0.0050,3735,0,0.4459,23232615,1.2812,3035.9708
f64,Duplicates,ARS Gen 5: Optimized Apex (Stable),1000,0.0068,3747,0,0.4459,23232695,1.2812,2257.2173
f64,Duplicates,ARS Gen 6: Aero Architecture,1000,0.0053,3735,0,0.4459,23232611,1.2812,2873.0539
f64,Duplicates,ARS Gen 6: Aero (Stable),1000,0.0071,3747,0,0.4459,23232696,1.2812,2153.6752
f64,Duplicates,ARS Exp A: Recursive Parallel,1000,0.0051,3735,0,0.4459,23232613,1.2812,2975.5829
f64,Duplicates,ARS Exp B: Hierarchical Staging,1000,0.0049,3735,0,0.4459,23232613,1.2812,3101.3799
f64,Duplicates,ARS Exp C: Adaptive Hierarchical,1000,0.0047,3735,0,0.4459,23232609,1.2812,3214.4068
f64,Duplicates,ARS Exp D: Stream Micro-Batch,1000,0.1163,3735,2000,0.4458,23233140,1.2811,131.2257
f64,Duplicates,Quicksort,10000,0.0451,36573,0,0.4457,23234816,1.2810,3384.2240
f64,Duplicates,Timsort,10000,0.0641,36775,0,0.4457,23235070,1.2810,2380.0208
f64,Duplicates,ARS Gen 1: Foundation,10000,0.2849,9995,30000,0.4456,23246789,1.2810,535.4919
f64,Duplicates,ARS Gen 2: Grid Mapping,10000,0.3476,9995,30000,0.4456,23245246,1.2810,439.0260
f64,Duplicates,ARS Gen 3: Apex Baseline,10000,0.2873,115988,14351,0.4456,23237376,1.2810,531.0619
f64,Duplicates,ARS Gen 4: Parallel Apex,10000,0.2115,9999,10000,0.4455,23240229,1.2809,721.5240
f64,Duplicates,ARS Gen 5: Optimized Apex (MAIN),10000,0.1261,9999,0,0.4455,23239493,1.2809,1209.7668
f64,Duplicates,ARS Gen 5: Optimized Apex (Stable),10000,0.1282,9999,0,0.4456,23239437,1.2809,1189.8619
f64,Duplicates,ARS Gen 6: Aero Architecture,10000,0.2474,9999,0,0.4455,23244913,1.2809,616.8332
f64,Duplicates,ARS Gen 6: Aero (Stable),10000,0.2654,9999,0,0.4456,23245001,1.2808,574.8792
f64,Duplicates,ARS Exp A: Recursive Parallel,10000,0.1317,9999,0,0.4455,23239728,1.2809,1158.5669
f64,Duplicates,ARS Exp B: Hierarchical Staging,10000,0.1289,9999,0,0.4456,23239320,1.2809,1184.1554
f64,Duplicates,ARS Exp C: Adaptive Hierarchical,10000,0.1275,9999,0,0.4455,23239778,1.2809,1196.3080
f64,Duplicates,ARS Exp D: Stream Micro-Batch,10000,0.3084,9999,20000,0.4454,23242166,1.2808,494.8112
f64,Duplicates,Quicksort,100000,0.4657,362094,0,0.4449,23252830,1.2811,3276.6402
f64,Duplicates,Timsort,100000,0.6404,382517,0,0.4444,23253465,1.2810,2382.7375
f64,Duplicates,ARS Gen 1: Foundation,100000,1.1843,99995,300000,0.4449,23367286,1.2803,1288.3758
f64,Duplicates,ARS Gen 2: Grid Mapping,100000,1.3124,99995,300000,0.4449,23367952,1.2807,1162.7073
f64,Duplicates,ARS Gen 3: Apex Baseline,100000,2.1621,1129938,108703,0.4448,23261379,1.2812,705.7465
f64,Duplicates,ARS Gen 4: Parallel Apex,100000,0.4686,100001,100000,0.4444,23262721,1.2809,3256.1183
f64,Duplicates,ARS Gen 5: Optimized Apex (MAIN),100000,0.3752,100001,0,0.4444,23260807,1.2805,4067.2967
f64,Duplicates,ARS Gen 5: Optimized Apex (Stable),100000,0.3965,100001,0,0.4444,23263013,1.2805,3848.0405
f64,Duplicates,ARS Gen 6: Aero Architecture,100000,0.6132,100001,0,0.4445,23315604,1.2801,2488.2815
f64,Duplicates,ARS Gen 6: Aero (Stable),100000,0.6021,100001,0,0.4446,23315576,1.2802,2534.2153
f64,Duplicates,ARS Exp A: Recursive Parallel,100000,0.6883,199996,0,0.4442,23268629,1.2803,2216.7807
f64,Duplicates,ARS Exp B: Hierarchical Staging,100000,0.5138,199996,0,0.4444,23261439,1.2809,2969.7800
f64,Duplicates,ARS Exp C: Adaptive Hierarchical,100000,0.6057,199996,0,0.4442,23268407,1.2803,2519.0452
f64,Duplicates,ARS Exp D: Stream Micro-Batch,100000,0.8229,100001,200000,0.4443,23264512,1.2804,1854.3400
f64,Duplicates,Quicksort,1000000,4.3041,3809528,0,0.4426,23279322,1.2847,3545.2107
f64,Duplicates,Timsort,1000000,8.0395,4510660,0,0.4422,23280914,1.2820,1897.9868
f64,Duplicates,ARS Gen 3: Apex Baseline,1000000,24.3605,12062959,1017407,0.4439,23345175,1.2831,626.3751
f64,Duplicates,ARS Gen 4: Parallel Apex,1000000,6.1618,999999,1000000,0.4478,23294033,1.2580,2476.3328
f64,Duplicates,ARS Gen 5: Optimized Apex (MAIN),1000000,6.3831,999999,0,0.4478,23292758,1.2648,2390.4967
f64,Duplicates,ARS Gen 5: Optimized Apex (Stable),1000000,6.3512,999999,0,0.4478,23294555,1.2664,2402.5181
f64,Duplicates,ARS Gen 6: Aero Architecture,1000000,4.7115,999999,0,0.4457,23843865,1.2742,3238.6609
f64,Duplicates,ARS Gen 6: Aero (Stable),1000000,4.7559,999999,0,0.4457,23844389,1.2747,3208.3658
f64,Duplicates,ARS Exp A: Recursive Parallel,1000000,8.5313,1999994,0,0.4483,23306101,1.2605,1788.5701
f64,Duplicates,ARS Exp B: Hierarchical Staging,1000000,7.1258,1999994,0,0.4474,23291365,1.2700,2141.3410
f64,Duplicates,ARS Exp C: Adaptive Hierarchical,1000000,8.6333,1999994,0,0.4483,23304920,1.2590,1767.4255
f64,Duplicates,ARS Exp D: Stream Micro-Batch,1000000,17.9548,5364815,2000000,0.4422,23351401,1.2825,849.8424
f64,Zipfian,Quicksort,1000,0.0090,5508,0,0.4445,23357023,1.2807,1700.1436
f64,Zipfian,Timsort,1000,0.0114,5460,0,0.4445,23357210,1.2807,1334.1601
f64,Zipfian,ARS Gen 1: Foundation,1000,0.0473,921,2000,0.4445,23359200,1.2808,322.7324
f64,Zipfian,ARS Gen 2: Grid Mapping,1000,0.0531,921,2000,0.4445,23359184,1.2808,287.2351
f64,Zipfian,ARS Gen 3: Apex Baseline,1000,0.0081,5508,0,0.4445,23357011,1.2807,1891.5073
f64,Zipfian,ARS Gen 4: Parallel Apex,1000,0.0090,5508,0,0.4445,23357023,1.2807,1701.6604
f64,Zipfian,ARS Gen 5: Optimized Apex (MAIN),1000,0.0086,5508,0,0.4445,23357019,1.2807,1777.5849
f64,Zipfian,ARS Gen 5: Optimized Apex (Stable),1000,0.0114,5460,0,0.4445,23357204,1.2807,1340.0184
f64,Zipfian,ARS Gen 6: Aero Architecture,1000,0.0081,5508,0,0.4445,23357027,1.2807,1890.1015
f64,Zipfian,ARS Gen 6: Aero (Stable),1000,0.0116,5460,0,0.4445,23357213,1.2807,1314.2799
f64,Zipfian,ARS Exp A: Recursive Parallel,1000,0.0089,5508,0,0.4445,23357021,1.2807,1709.4767
f64,Zipfian,ARS Exp B: Hierarchical Staging,1000,0.0080,5508,0,0.4445,23357023,1.2807,1899.2767
f64,Zipfian,ARS Exp C: Adaptive Hierarchical,1000,0.0078,5508,0,0.4445,23357001,1.2807,1956.7567
f64,Zipfian,ARS Exp D: Stream Micro-Batch,1000,0.1059,5508,2000,0.4445,23357634,1.2807,144.0432
f64,Zipfian,Quicksort,10000,0.0677,53621,0,0.4443,23359776,1.2806,2252.3195
f64,Zipfian,Timsort,10000,0.0929,53742,0,0.4443,23360626,1.2806,1641.6126
f64,Zipfian,ARS Gen 1: Foundation,10000,0.2953,9683,30000,0.4442,23377342,1.2807,516.7374
f64,Zipfian,ARS Gen 2: Grid Mapping,10000,0.3303,9683,30000,0.4442,23378635,1.2807,461.9242
f64,Zipfian,ARS Gen 3: Apex Baseline,10000,0.2924,124917,14351,0.4443,23362897,1.2806,521.8143
f64,Zipfian,ARS Gen 4: Parallel Apex,10000,0.2015,10961,10000,0.4442,23365999,1.2805,757.2487
f64,Zipfian,ARS Gen 5: Optimized Apex (MAIN),10000,0.1210,10961,0,0.4442,23365596,1.2805,1260.5881
f64,Zipfian,ARS Gen 5: Optimized Apex (Stable),10000,0.1290,11013,0,0.4442,23365602,1.2805,1182.5585
f64,Zipfian,ARS Gen 6: Aero Architecture,10000,0.3187,13929,0,0.4442,23366006,1.2805,478.7627
f64,Zipfian,ARS Gen 6: Aero (Stable),10000,0.3341,14152,0,0.4442,23366763,1.2805,456.6886
f64,Zipfian,ARS Exp A: Recursive Parallel,10000,0.1279,15115,0,0.4442,23365208,1.2805,1193.0809
f64,Zipfian,ARS Exp B: Hierarchical Staging,10000,0.1284,10961,0,0.4442,23365565,1.2805,1188.5181
f64,Zipfian,ARS Exp C: Adaptive Hierarchical,10000,0.1261,10961,0,0.4442,23365521,1.2805,1209.6230
f64,Zipfian,ARS Exp D: Stream Micro-Batch,10000,0.3053,10961,20000,0.4441,23367635,1.2804,499.8047
f64,Zipfian,Quicksort,100000,0.6643,532062,0,0.4436,23378691,1.2809,2296.9311
f64,Zipfian,Timsort,100000,0.9084,535405,0,0.4432,23381832,1.2808,1679.7693
f64,Zipfian,ARS Gen 1: Foundation,100000,1.8780,98733,300000,0.4435,23557317,1.2804,812.4969
f64,Zipfian,ARS Gen 2: Grid Mapping,100000,1.9495,98733,300000,0.4435,23574944,1.2799,782.6878
f64,Zipfian,ARS Gen 3: Apex Baseline,100000,2.1796,1174310,108703,0.4435,23388976,1.2808,700.0851
f64,Zipfian,ARS Gen 4: Parallel Apex,100000,0.5774,122228,100000,0.4432,23390898,1.2804,2642.6950
f64,Zipfian,ARS Gen 5: Optimized Apex (MAIN),100000,0.3877,122228,0,0.4431,23389344,1.2801,3935.8628
f64,Zipfian,ARS Gen 5: Optimized Apex (Stable),100000,0.3945,122352,0,0.4431,23392020,1.2801,3867.6747
f64,Zipfian,ARS Gen 6: Aero Architecture,100000,0.6415,151498,0,0.4433,23400379,1.2801,2378.5405
f64,Zipfian,ARS Gen 6: Aero (Stable),100000,0.6627,152054,0,0.4433,23402978,1.2802,2302.5149
f64,Zipfian,ARS Exp A: Recursive Parallel,100000,0.5553,192482,0,0.4430,23392814,1.2800,2748.0143
f64,Zipfian,ARS Exp B: Hierarchical Staging,100000,0.6059,182525,0,0.4431,23386663,1.2805,2518.2470
f64,Zipfian,ARS Exp C: Adaptive Hierarchical,100000,0.5374,186875,0,0.4430,23392813,1.2800,2839.2459
f64,Zipfian,ARS Exp D: Stream Micro-Batch,100000,0.7658,122228,200000,0.4432,23388737,1.2799,1992.5865
f64,Zipfian,Quicksort,1000000,6.0623,5301519,0,0.4420,23395334,1.2866,2517.0038
f64,Zipfian,Timsort,1000000,10.9308,6302942,0,0.4406,23406063,1.2831,1395.9484
f64,Zipfian,ARS Gen 3: Apex Baseline,1000000,24.7924,12308876,1017407,0.4434,23462988,1.2824,615.4635
f64,Zipfian,ARS Gen 4: Parallel Apex,1000000,6.1470,1094612,1000000,0.4472,23411096,1.2621,2482.3079
f64,Zipfian,ARS Gen 5: Optimized Apex (MAIN),1000000,6.1936,1094612,0,0.4473,23414411,1.2636,2463.6493
f64,Zipfian,ARS Gen 5: Optimized Apex (Stable),1000000,6.2471,1095552,0,0.4472,23416139,1.2636,2442.5404
f64,Zipfian,ARS Gen 6: Aero Architecture,1000000,4.7913,1534410,0,0.4455,23540044,1.2764,3184.7159
f64,Zipfian,ARS Gen 6: Aero (Stable),1000000,4.7310,1541577,0,0.4455,23552310,1.2758,3225.2716
f64,Zipfian,ARS Exp A: Recursive Parallel,1000000,8.1052,1989097,0,0.4475,23422334,1.2595,1882.5979
f64,Zipfian,ARS Exp B: Hierarchical Staging,1000000,7.0442,2062330,0,0.4469,23406361,1.2720,2166.1604
f64,Zipfian,ARS Exp C: Adaptive Hierarchical,1000000,8.2819,2113182,0,0.4474,23419818,1.2617,1842.4166
f64,Zipfian,ARS Exp D: Stream Micro-Batch,1000000,19.5064,5807618,2000000,0.4401,23512792,1.2827,782.2459
f64,Skewed,Quicksort,1000,0.0178,10241,0,0.4425,23436456,1.2770,855.9370
f64,Skewed,Timsort,1000,0.0257,10555,0,0.4425,23436996,1.2770,593.5424
f64,Skewed,ARS Gen 1: Foundation,1000,0.2322,0,2000,0.4425,23443870,1.2771,65.7199
f64,Skewed,ARS Gen 2: Grid Mapping,1000,0.2838,0,2000,0.4425,23444435,1.2771,53.7582
f64,Skewed,ARS Gen 3: Apex Baseline,1000,0.0175,10241,0,0.4425,23436434,1.2770,872.1301
f64,Skewed,ARS Gen 4: Parallel Apex,1000,0.0178,10241,0,0.4425,23436415,1.2770,855.7450
f64,Skewed,ARS Gen 5: Optimized Apex (MAIN),1000,0.0179,10241,0,0.4425,23436440,1.2770,854.4033
f64,Skewed,ARS Gen 5: Optimized Apex (Stable),1000,0.0265,10555,0,0.4425,23436987,1.2770,575.2173
f64,Skewed,ARS Gen 6: Aero Architecture,1000,0.0174,10241,0,0.4425,23436419,1.2770,875.7843
f64,Skewed,ARS Gen 6: Aero (Stable),1000,0.0253,10555,0,0.4425,23436944,1.2770,603.4481
f64,Skewed,ARS Exp A: Recursive Parallel,1000,0.0176,10241,0,0.4425,23436447,1.2770,866.8289
f64,Skewed,ARS Exp B: Hierarchical Staging,1000,0.0173,10241,0,0.4425,23436446,1.2770,884.0038
f64,Skewed,ARS Exp C: Adaptive Hierarchical,1000,0.0166,10241,0,0.4425,23436429,1.2770,917.6563
f64,Skewed,ARS Exp D: Stream Micro-Batch,1000,0.1251,10241,2000,0.4425,23437360,1.2770,122.0156
f64,Skewed,Quicksort,10000,0.2209,137603,0,0.4423,23444333,1.2769,690.7618
f64,Skewed,Timsort,10000,0.3042,140916,0,0.4423,23449573,1.2769,501.6665
f64,Skewed,ARS Gen 1: Foundation,10000,5.2418,0,30000,0.4406,23535759,1.2798,29.1097
f64,Skewed,ARS Gen 2: Grid Mapping,10000,5.5857,0,30000,0.4394,23540948,1.2796,27.3175
f64,Skewed,ARS Gen 3: Apex Baseline,10000,0.3546,192365,14351,0.4422,23449670,1.2768,430.2492
f64,Skewed,ARS Gen 4: Parallel Apex,10000,0.2251,66763,10000,0.4422,23451821,1.2767,677.9515
f64,Skewed,ARS Gen 5: Optimized Apex (MAIN),10000,0.1721,66763,0,0.4422,23450910,1.2767,886.7574
f64,Skewed,ARS Gen 5: Optimized Apex (Stable),10000,0.1662,69738,0,0.4421,23456376,1.2766,918.1588
f64,Skewed,ARS Gen 6: Aero Architecture,10000,0.2418,61148,0,0.4421,23452596,1.2767,631.0892
f64,Skewed,ARS Gen 6: Aero (Stable),10000,0.2579,64565,0,0.4421,23456710,1.2766,591.6002
f64,Skewed,ARS Exp A: Recursive Parallel,10000,0.1571,66763,0,0.4422,23450930,1.2767,971.0500
f64,Skewed,ARS Exp B: Hierarchical Staging,10000,0.1567,66763,0,0.4421,23451226,1.2767,973.9570
f64,Skewed,ARS Exp C: Adaptive Hierarchical,10000,0.1593,66763,0,0.4421,23451402,1.2767,957.7748
f64,Skewed,ARS Exp D: Stream Micro-Batch,10000,0.3419,66763,20000,0.4421,23454085,1.2766,446.2548
f64,Skewed,Quicksort,100000,2.6184,1710395,0,0.4416,23532764,1.2783,582.7480
f64,Skewed,Timsort,100000,3.4083,1746952,0,0.4411,23581887,1.2780,447.6980
f64,Skewed,ARS Gen 1: Foundation,100000,42.6118,0,300000,0.3782,24447563,1.2459,35.8088
f64,Skewed,ARS Gen 2: Grid Mapping,100000,49.6670,0,300000,0.3703,24500707,1.2399,30.7222
f64,Skewed,ARS Gen 3: Apex Baseline,100000,3.0260,1885598,108703,0.4414,23547129,1.2768,504.2519
f64,Skewed,ARS Gen 4: Parallel Apex,100000,1.1597,1045510,100000,0.4413,23546599,1.2762,1315.7441
f64,Skewed,ARS Gen 5: Optimized Apex (MAIN),100000,0.9666,1045510,0,0.4415,23548100,1.2761,1578.6533
f64,Skewed,ARS Gen 5: Optimized Apex (Stable),100000,1.1123,1086813,0,0.4413,23602274,1.2756,1371.8663
f64,Skewed,ARS Gen 6: Aero Architecture,100000,0.9939,981178,0,0.4413,23557518,1.2763,1535.2933
f64,Skewed,ARS Gen 6: Aero (Stable),100000,1.1434,1020346,0,0.4414,23611712,1.2756,1334.5347
f64,Skewed,ARS Exp A: Recursive Parallel,100000,0.9078,1045510,0,0.4412,23546993,1.2767,1680.8295
f64,Skewed,ARS Exp B: Hierarchical Staging,100000,0.8571,936769,0,0.4412,23541240,1.2764,1780.1793
f64,Skewed,ARS Exp C: Adaptive Hierarchical,100000,0.9288,1045510,0,0.4413,23547392,1.2763,1642.8516
f64,Skewed,ARS Exp D: Stream Micro-Batch,100000,1.3290,1045510,200000,0.4414,23550183,1.2755,1148.1000
f64,Skewed,Quicksort,1000000,28.4334,20431039,0,0.4381,24162169,1.2996,536.6494
f64,Skewed,Timsort,1000000,41.9726,20806652,0,0.4341,24647254,1.2943,363.5414
f64,Skewed,ARS Gen 3: Apex Baseline,1000000,27.1381,21500526,1017407,0.4397,24224490,1.2786,562.2638
f64,Skewed,ARS Gen 4: Parallel Apex,1000000,10.7795,12082942,1000000,0.4444,24167495,1.2695,1415.5331
f64,Skewed,ARS Gen 5: Optimized Apex (MAIN),1000000,10.5486,12082942,0,0.4443,24183985,1.2651,1446.5206
f64,Skewed,ARS Gen 5: Optimized Apex (Stable),1000000,11.6476,12502702,0,0.4442,24690254,1.2677,1310.0427
f64,Skewed,ARS Gen 6: Aero Architecture,1000000,9.1707,13210593,0,0.4427,24316172,1.2776,1663.8674
f64,Skewed,ARS Gen 6: Aero (Stable),1000000,11.0615,13633723,0,0.4420,24821703,1.2747,1379.4501
f64,Skewed,ARS Exp A: Recursive Parallel,1000000,10.8740,7768109,0,0.4425,24301843,1.2648,1403.2304
f64,Skewed,ARS Exp B: Hierarchical Staging,1000000,11.6005,6294342,0,0.4417,24137974,1.2718,1315.3530
f64,Skewed,ARS Exp C: Adaptive Hierarchical,1000000,11.2551,7082878,0,0.4416,24163076,1.2656,1355.7200
f64,Skewed,ARS Exp D: Stream Micro-Batch,1000000,25.6300,13879909,2000000,0.4437,25747602,1.2638,595.3483
f64,Clustered,Quicksort,1000,0.0191,10551,0,0.4437,24810302,1.2605,800.6921
f64,Clustered,Timsort,1000,0.0275,10537,0,0.4437,24810852,1.2605,554.2604
f64,Clustered,ARS Gen 1: Foundation,1000,0.2419,0,2000,0.4437,24817580,1.2606,63.0883
f64,Clustered,ARS Gen 2: Grid Mapping,1000,0.2898,0,2000,0.4437,24818387,1.2606,52.6517
f64,Clustered,ARS Gen 3: Apex Baseline,1000,0.0181,10551,0,0.4437,24810313,1.2605,844.1463
f64,Clustered,ARS Gen 4: Parallel Apex,1000,0.0185,10551,0,0.4437,24810315,1.2605,825.7367
f64,Clustered,ARS Gen 5: Optimized Apex (MAIN),1000,0.0181,10551,0,0.4437,24810284,1.2605,842.6080
f64,Clustered,ARS Gen 5: Optimized Apex (Stable),1000,0.0273,10537,0,0.4437,24810850,1.2605,558.0102
f64,Clustered,ARS Gen 6: Aero Architecture,1000,0.0189,10551,0,0.4437,24810270,1.2605,808.6269
f64,Clustered,ARS Gen 6: Aero (Stable),1000,0.0274,10537,0,0.4437,24810833,1.2605,557.6228
f64,Clustered,ARS Exp A: Recursive Parallel,1000,0.0191,10551,0,0.4437,24810293,1.2605,800.5661
f64,Clustered,ARS Exp B: Hierarchical Staging,1000,0.0184,10551,0,0.4437,24810302,1.2605,827.5280
f64,Clustered,ARS Exp C: Adaptive Hierarchical,1000,0.0181,10551,0,0.4437,24810300,1.2605,843.2134
f64,Clustered,ARS Exp D: Stream Micro-Batch,1000,0.1310,10551,2000,0.4437,24810878,1.2605,116.4597
f64,Clustered,Quicksort,10000,0.2339,136744,0,0.4435,24817618,1.2604,652.3192
f64,Clustered,Timsort,10000,0.3290,140772,0,0.4435,24823134,1.2604,463.8282
f64,Clustered,ARS Gen 1: Foundation,10000,5.5729,0,30000,0.4417,24909021,1.2631,27.3804
f64,Clustered,ARS Gen 2: Grid Mapping,10000,6.0165,0,30000,0.4412,24914331,1.2630,25.3616
f64,Clustered,ARS Gen 3: Apex Baseline,10000,0.3885,193085,14351,0.4434,24823009,1.2604,392.7131
f64,Clustered,ARS Gen 4: Parallel Apex,10000,0.4021,126000,10000,0.4434,24825377,1.2603,379.5067
f64,Clustered,ARS Gen 5: Optimized Apex (MAIN),10000,0.2981,126000,0,0.4434,24824930,1.2603,511.9385
f64,Clustered,ARS Gen 5: Optimized Apex (Stable),10000,0.3441,130426,0,0.4434,24829376,1.2603,443.4895
f64,Clustered,ARS Gen 6: Aero Architecture,10000,0.4131,118809,0,0.4434,24827809,1.2603,369.3898
f64,Clustered,ARS Gen 6: Aero (Stable),10000,0.4485,123101,0,0.4434,24833601,1.2602,340.1932
f64,Clustered,ARS Exp A: Recursive Parallel,10000,0.2704,90031,0,0.4433,24829378,1.2602,564.3753
f64,Clustered,ARS Exp B: Hierarchical Staging,10000,0.3161,126000,0,0.4434,24824694,1.2603,482.6470
f64,Clustered,ARS Exp C: Adaptive Hierarchical,10000,0.3099,126000,0,0.4434,24824828,1.2603,492.4509
f64,Clustered,ARS Exp D: Stream Micro-Batch,10000,0.5309,126000,20000,0.4433,24827222,1.2602,287.3995
f64,Clustered,Quicksort,100000,2.5495,1704961,0,0.4430,24880584,1.2619,598.5080
f64,Clustered,Timsort,100000,3.4001,1748322,0,0.4426,24929612,1.2616,448.7712
f64,Clustered,ARS Gen 1: Foundation,100000,43.5349,0,300000,0.3815,25794424,1.2328,35.0495
f64,Clustered,ARS Gen 2: Grid Mapping,100000,44.5508,0,300000,0.3807,25850245,1.2394,34.2503
f64,Clustered,ARS Gen 3: Apex Baseline,100000,3.1611,1885129,108703,0.4430,24894979,1.2605,482.7032
f64,Clustered,ARS Gen 4: Parallel Apex,100000,2.1945,1618379,100000,0.4426,24892658,1.2621,695.3193
f64,Clustered,ARS Gen 5: Optimized Apex (MAIN),100000,1.7793,1618379,0,0.4426,24894212,1.2614,857.5760
f64,Clustered,ARS Gen 5: Optimized Apex (Stable),100000,2.2403,1658575,0,0.4426,24944014,1.2608,681.0977
f64,Clustered,ARS Gen 6: Aero Architecture,100000,1.9041,1529988,0,0.4429,24948305,1.2606,801.3779
f64,Clustered,ARS Gen 6: Aero (Stable),100000,2.2469,1573500,0,0.4427,24998599,1.2605,679.1001
f64,Clustered,ARS Exp A: Recursive Parallel,100000,1.2844,673827,0,0.4417,24920225,1.2596,1188.0285
f64,Clustered,ARS Exp B: Hierarchical Staging,100000,1.4636,837701,0,0.4422,24896261,1.2604,1042.5853
f64,Clustered,ARS Exp C: Adaptive Hierarchical,100000,1.4721,967480,0,0.4422,24909786,1.2600,1036.5490
f64,Clustered,ARS Exp D: Stream Micro-Batch,100000,2.1039,1618379,200000,0.4426,24896411,1.2616,725.2783
f64,Clustered,Quicksort,1000000,31.1712,20435426,0,0.4403,25384581,1.2823,489.5150
f64,Clustered,Timsort,1000000,42.6789,20818465,0,0.4364,25868072,1.2776,357.5252
f64,Clustered,ARS Gen 3: Apex Baseline,1000000,27.4843,21488833,1017407,0.4415,25445743,1.2627,555.1829
f64,Clustered,ARS Gen 4: Parallel Apex,1000000,21.8582,19275700,1000000,0.4442,25393764,1.2665,698.0804
f64,Clustered,ARS Gen 5: Optimized Apex (MAIN),1000000,21.3880,19275700,0,0.4439,25409231,1.2629,713.4282
f64,Clustered,ARS Gen 5: Optimized Apex (Stable),1000000,26.2392,19658200,0,0.4402,25891777,1.2621,581.5266
f64,Clustered,ARS Gen 6: Aero Architecture,1000000,13.1210,19275700,0,0.4430,25955252,1.2730,1162.9287
f64,Clustered,ARS Gen 6: Aero (Stable),1000000,26.8371,19658200,0,0.4395,26432429,1.2646,568.5715
f64,Clustered,ARS Exp A: Recursive Parallel,1000000,17.3525,6708948,0,0.4440,25494875,1.2352,879.3405
f64,Clustered,ARS Exp B: Hierarchical Staging,1000000,18.1499,6379291,0,0.4488,25359914,1.2455,840.7074
f64,Clustered,ARS Exp C: Adaptive Hierarchical,1000000,18.7606,8360463,0,0.4485,25429024,1.2353,813.3444
f64,Clustered,ARS Exp D: Stream Micro-Batch,1000000,30.9787,20819818,2000000,0.4450,26398800,1.2663,492.5567
f64,BucketCollapse,Quicksort,1000,0.0185,10288,0,0.4502,30006809,1.2707,825.3794
f64,BucketCollapse,Timsort,1000,0.0268,10450,0,0.4502,30007307,1.2707,570.1023
f64,BucketCollapse,ARS Gen 1: Foundation,1000,0.2326,0,2000,0.4502,30014276,1.2708,65.6049
f64,BucketCollapse,ARS Gen 2: Grid Mapping,1000,0.2773,0,2000,0.4502,30015362,1.2708,55.0178
f64,BucketCollapse,ARS Gen 3: Apex Baseline,1000,0.0174,10288,0,0.4502,30006778,1.2707,879.4184
f64,BucketCollapse,ARS Gen 4: Parallel Apex,1000,0.0179,10288,0,0.4502,30006775,1.2707,852.8275
f64,BucketCollapse,ARS Gen 5: Optimized Apex (MAIN),1000,0.0175,10288,0,0.4502,30006780,1.2707,873.5281
f64,BucketCollapse,ARS Gen 5: Optimized Apex (Stable),1000,0.0275,10450,0,0.4502,30007306,1.2707,554.1799
f64,BucketCollapse,ARS Gen 6: Aero Architecture,1000,0.0185,10288,0,0.4502,30006775,1.2707,822.9755
f64,BucketCollapse,ARS Gen 6: Aero (Stable),1000,0.0266,10450,0,0.4502,30007314,1.2707,574.0919
f64,BucketCollapse,ARS Exp A: Recursive Parallel,1000,0.0184,10288,0,0.4502,30006773,1.2707,829.8683
f64,BucketCollapse,ARS Exp B: Hierarchical Staging,1000,0.0177,10288,0,0.4502,30006785,1.2707,860.7169
f64,BucketCollapse,ARS Exp C: Adaptive Hierarchical,1000,0.0174,10288,0,0.4502,30006773,1.2707,878.1026
f64,BucketCollapse,ARS Exp D: Stream Micro-Batch,1000,0.1196,10288,2000,0.4502,30007439,1.2706,127.6213
f64,BucketCollapse,Quicksort,10000,0.2264,136714,0,0.4500,30014195,1.2706,673.9867
f64,BucketCollapse,Timsort,10000,0.3154,140903,0,0.4500,30019387,1.2706,483.7364
f64,BucketCollapse,ARS Gen 1: Foundation,10000,5.3450,160,30000,0.4483,30106042,1.2730,28.5478
f64,BucketCollapse,ARS Gen 2: Grid Mapping,10000,5.7187,160,30000,0.4482,30111371,1.2730,26.6823
f64,BucketCollapse,ARS Gen 3: Apex Baseline,10000,0.4200,193162,14351,0.4499,30019324,1.2705,363.3106
f64,BucketCollapse,ARS Gen 4: Parallel Apex,10000,0.2396,52333,10000,0.4499,30020490,1.2704,636.8390
f64,BucketCollapse,ARS Gen 5: Optimized Apex (MAIN),10000,0.1524,52333,0,0.4498,30019964,1.2704,1001.2789
f64,BucketCollapse,ARS Gen 5: Optimized Apex (Stable),10000,0.1700,57763,0,0.4498,30022549,1.2704,897.8029
f64,BucketCollapse,ARS Gen 6: Aero Architecture,10000,0.2102,59057,0,0.4499,30023077,1.2704,725.8831
f64,BucketCollapse,ARS Gen 6: Aero (Stable),10000,0.2070,62100,0,0.4499,30024910,1.2704,737.2322
f64,BucketCollapse,ARS Exp A: Recursive Parallel,10000,0.1644,52333,0,0.4498,30019668,1.2704,928.0091
f64,BucketCollapse,ARS Exp B: Hierarchical Staging,10000,0.1636,52333,0,0.4498,30020364,1.2704,932.8542
f64,BucketCollapse,ARS Exp C: Adaptive Hierarchical,10000,0.1610,52333,0,0.4498,30020201,1.2704,948.0276
f64,BucketCollapse,ARS Exp D: Stream Micro-Batch,10000,0.3481,52333,20000,0.4497,30022529,1.2703,438.3236
f64,BucketCollapse,Quicksort,100000,2.7169,1706033,0,0.4492,30094770,1.2718,561.6231
f64,BucketCollapse,Timsort,100000,3.4477,1748408,0,0.4487,30144041,1.2716,442.5850
f64,BucketCollapse,ARS Gen 1: Foundation,100000,46.3221,15822,300000,0.3886,31018522,1.2400,32.9406
f64,BucketCollapse,ARS Gen 2: Grid Mapping,100000,46.8972,15822,300000,0.3874,31111198,1.2468,32.5367
f64,BucketCollapse,ARS Gen 3: Apex Baseline,100000,2.9836,1885784,108703,0.4491,30108894,1.2706,511.4204
f64,BucketCollapse,ARS Gen 4: Parallel Apex,100000,1.1366,882348,100000,0.4491,30108089,1.2700,1342.4351
f64,BucketCollapse,ARS Gen 5: Optimized Apex (MAIN),100000,0.7596,882348,0,0.4489,30107729,1.2700,2008.8773
f64,BucketCollapse,ARS Gen 5: Optimized Apex (Stable),100000,1.0453,921462,0,0.4489,30159276,1.2702,1459.6865
f64,BucketCollapse,ARS Gen 6: Aero Architecture,100000,0.9983,939598,0,0.4489,30119632,1.2701,1528.5033
f64,BucketCollapse,ARS Gen 6: Aero (Stable),100000,1.1701,975983,0,0.4489,30172497,1.2697,1304.0474
f64,BucketCollapse,ARS Exp A: Recursive Parallel,100000,0.8274,882348,0,0.4488,30108387,1.2701,1844.1073
f64,BucketCollapse,ARS Exp B: Hierarchical Staging,100000,0.8886,771432,0,0.4488,30100394,1.2702,1717.0946
f64,BucketCollapse,ARS Exp C: Adaptive Hierarchical,100000,0.8142,882348,0,0.4488,30108226,1.2700,1874.0744
f64,BucketCollapse,ARS Exp D: Stream Micro-Batch,100000,1.2361,882348,200000,0.4491,30112603,1.2695,1234.4200
f64,BucketCollapse,Quicksort,1000000,29.1093,20389196,0,0.4460,30717003,1.2897,524.1893
f64,BucketCollapse,Timsort,1000000,42.5701,20780417,0,0.4425,31201081,1.2851,358.4389
f64,BucketCollapse,ARS Gen 3: Apex Baseline,1000000,27.1016,21441825,1017407,0.4468,30778566,1.2717,563.0211
f64,BucketCollapse,ARS Gen 4: Parallel Apex,1000000,10.2665,10157321,1000000,0.4508,30725928,1.2603,1486.2647
f64,BucketCollapse,ARS Gen 5: Optimized Apex (MAIN),1000000,9.6313,10157321,0,0.4508,30732282,1.2575,1584.2848
f64,BucketCollapse,ARS Gen 5: Optimized Apex (Stable),1000000,10.9414,10561958,0,0.4509,31246527,1.2565,1394.5957
f64,BucketCollapse,ARS Gen 6: Aero Architecture,1000000,9.0008,12859603,0,0.4500,30870332,1.2731,1695.2756
f64,BucketCollapse,ARS Gen 6: Aero (Stable),1000000,10.8107,13271645,0,0.4495,31379820,1.2682,1411.4579
f64,BucketCollapse,ARS Exp A: Recursive Parallel,1000000,9.6283,10157321,0,0.4499,30735971,1.2596,1584.7885
f64,BucketCollapse,ARS Exp B: Hierarchical Staging,1000000,10.6605,11214454,0,0.4510,30728338,1.2679,1431.3328
f64,BucketCollapse,ARS Exp C: Adaptive Hierarchical,1000000,10.5527,12268914,0,0.4511,30735353,1.2625,1445.9587
f64,BucketCollapse,ARS Exp D: Stream Micro-Batch,1000000,30.6316,13658791,2000000,0.4492,31737983,1.2675,498.1384
f64,LowCardinality,Quicksort,1000,0.0079,5797,0,0.4571,37709209,1.2728,1943.5472
f64,LowCardinality,Timsort,1000,0.0111,5499,0,0.4571,37709364,1.2728,1379.1386
f64,LowCardinality,ARS Gen 1: Foundation,1000,0.0471,984,2000,0.4571,37711422,1.2728,324.2067
f64,LowCardinality,ARS Gen 2: Grid Mapping,1000,0.0581,984,2000,0.4571,37711559,1.2729,262.6298
f64,LowCardinality,ARS Gen 3: Apex Baseline,1000,0.0073,5797,0,0.4571,37709213,1.2728,2087.1001
f64,LowCardinality,ARS Gen 4: Parallel Apex,1000,0.0078,5797,0,0.4571,37709212,1.2728,1964.8196
f64,LowCardinality,ARS Gen 5: Optimized Apex (MAIN),1000,0.0075,5797,0,0.4571,37709215,1.2728,2030.7145
f64,LowCardinality,ARS Gen 5: Optimized Apex (Stable),1000,0.0111,5499,0,0.4571,37709369,1.2728,1368.9924
f64,LowCardinality,ARS Gen 6: Aero Architecture,1000,0.0077,5797,0,0.4571,37709208,1.2728,1980.6320
f64,LowCardinality,ARS Gen 6: Aero (Stable),1000,0.0110,5499,0,0.4571,37709370,1.2728,1389.6893
f64,LowCardinality,ARS Exp A: Recursive Parallel,1000,0.0079,5797,0,0.4571,37709210,1.2728,1924.4279
f64,LowCardinality,ARS Exp B: Hierarchical Staging,1000,0.0074,5797,0,0.4571,37709212,1.2728,2067.0264
f64,LowCardinality,ARS Exp C: Adaptive Hierarchical,1000,0.0073,5797,0,0.4571,37709199,1.2728,2101.1827
f64,LowCardinality,ARS Exp D: Stream Micro-Batch,1000,0.1108,5797,2000,0.4570,37709731,1.2728,137.7358
f64,LowCardinality,Quicksort,10000,0.0676,53838,0,0.4569,37711811,1.2727,2257.1839
f64,LowCardinality,Timsort,10000,0.0895,53843,0,0.4569,37712184,1.2727,1705.8075
f64,LowCardinality,ARS Gen 1: Foundation,10000,0.2724,9984,30000,0.4569,37730845,1.2727,560.2516
f64,LowCardinality,ARS Gen 2: Grid Mapping,10000,0.3107,9984,30000,0.4569,37731151,1.2728,491.1369
f64,LowCardinality,ARS Gen 3: Apex Baseline,10000,0.3090,122148,14351,0.4569,37714640,1.2727,493.8439
f64,LowCardinality,ARS Gen 4: Parallel Apex,10000,0.2411,12061,10000,0.4568,37717843,1.2726,632.9137
f64,LowCardinality,ARS Gen 5: Optimized Apex (MAIN),10000,0.1289,12061,0,0.4568,37717129,1.2726,1184.0543
f64,LowCardinality,ARS Gen 5: Optimized Apex (Stable),10000,0.1252,12085,0,0.4568,37717148,1.2726,1218.9284
f64,LowCardinality,ARS Gen 6: Aero Architecture,10000,0.2166,12061,0,0.4568,37718603,1.2726,704.4198
f64,LowCardinality,ARS Gen 6: Aero (Stable),10000,0.2416,12085,0,0.4568,37718841,1.2726,631.4914
f64,LowCardinality,ARS Exp A: Recursive Parallel,10000,0.1326,12061,0,0.4568,37717156,1.2726,1150.9900
f64,LowCardinality,ARS Exp B: Hierarchical Staging,10000,0.1304,12061,0,0.4568,37717286,1.2726,1170.5026
f64,LowCardinality,ARS Exp C: Adaptive Hierarchical,10000,0.1332,12061,0,0.4568,37717333,1.2726,1145.2194
f64,LowCardinality,ARS Exp D: Stream Micro-Batch,10000,0.2977,12061,20000,0.4567,37719405,1.2726,512.5748
f64,LowCardinality,Quicksort,100000,0.6545,529379,0,0.4563,37729230,1.2729,2331.5190
f64,LowCardinality,Timsort,100000,0.8932,529674,0,0.4559,37729933,1.2728,1708.2328
f64,LowCardinality,ARS Gen 1: Foundation,100000,1.3917,99984,300000,0.4564,37915244,1.2721,1096.4231
f64,LowCardinality,ARS Gen 2: Grid Mapping,100000,1.5193,99984,300000,0.4564,37927787,1.2723,1004.3448
f64,LowCardinality,ARS Gen 3: Apex Baseline,100000,2.2168,1143461,108703,0.4563,37737907,1.2728,688.3281
f64,LowCardinality,ARS Gen 4: Parallel Apex,100000,0.5355,151116,100000,0.4560,37739939,1.2726,2849.3832
f64,LowCardinality,ARS Gen 5: Optimized Apex (MAIN),100000,0.3706,151116,0,0.4560,37740040,1.2723,4117.6759
f64,LowCardinality,ARS Gen 5: Optimized Apex (Stable),100000,0.3797,151622,0,0.4560,37739869,1.2723,4018.5799
f64,LowCardinality,ARS Gen 6: Aero Architecture,100000,0.5634,99988,0,0.4561,37762187,1.2723,2708.4797
f64,LowCardinality,ARS Gen 6: Aero (Stable),100000,0.5629,99988,0,0.4561,37762690,1.2723,2710.8567
f64,LowCardinality,ARS Exp A: Recursive Parallel,100000,0.7471,199984,0,0.4557,37747970,1.2723,2042.2795
f64,LowCardinality,ARS Exp B: Hierarchical Staging,100000,0.5719,199972,0,0.4560,37738300,1.2726,2668.2829
f64,LowCardinality,ARS Exp C: Adaptive Hierarchical,100000,0.5605,100000,0,0.4559,37741844,1.2722,2722.3337
f64,LowCardinality,ARS Exp D: Stream Micro-Batch,100000,0.8627,151116,200000,0.4560,37742663,1.2724,1768.7002
f64,LowCardinality,Quicksort,1000000,5.6425,5138620,0,0.4540,37748959,1.2769,2704.2613
f64,LowCardinality,Timsort,1000000,9.9756,6175006,0,0.4518,37750856,1.2747,1529.6132
f64,LowCardinality,ARS Gen 3: Apex Baseline,1000000,24.2181,12087538,1017407,0.4558,37814734,1.2739,630.0560
f64,LowCardinality,ARS Gen 4: Parallel Apex,1000000,6.2582,999988,1000000,0.4590,37767389,1.2587,2438.1937
f64,LowCardinality,ARS Gen 5: Optimized Apex (MAIN),1000000,6.3230,999988,0,0.4590,37766552,1.2564,2413.2053
f64,LowCardinality,ARS Gen 5: Optimized Apex (Stable),1000000,6.5203,999988,0,0.4590,37765623,1.2587,2340.1870
f64,LowCardinality,ARS Gen 6: Aero Architecture,1000000,4.4439,999988,0,0.4576,38014359,1.2691,3433.6729
f64,LowCardinality,ARS Gen 6: Aero (Stable),1000000,4.3916,999988,0,0.4575,38015220,1.2683,3474.5256
f64,LowCardinality,ARS Exp A: Recursive Parallel,1000000,7.8236,1999972,0,0.4586,37776176,1.2570,1950.3517
f64,LowCardinality,ARS Exp B: Hierarchical Staging,1000000,7.1233,1999972,0,0.4585,37761090,1.2651,2142.0877
f64,LowCardinality,ARS Exp C: Adaptive Hierarchical,1000000,7.8938,1999976,0,0.4589,37774729,1.2556,1933.0101
f64,LowCardinality,ARS Exp D: Stream Micro-Batch,1000000,16.5488,5668763,2000000,0.4539,37824584,1.2737,922.0496
f64,PrefixCollision,Quicksort,1000,0.0171,10288,0,0.4558,37833438,1.2728,890.9201
f64,PrefixCollision,Timsort,1000,0.0251,10450,0,0.4558,37833985,1.2728,607.2908
f64,PrefixCollision,ARS Gen 1: Foundation,1000,0.2204,0,2000,0.4558,37840850,1.2729,69.2404
f64,PrefixCollision,ARS Gen 2: Grid Mapping,1000,0.2622,0,2000,0.4557,37842071,1.2729,58.1959
f64,PrefixCollision,ARS Gen 3: Apex Baseline,1000,0.0162,10288,0,0.4558,37833445,1.2728,940.1595
f64,PrefixCollision,ARS Gen 4: Parallel Apex,1000,0.0169,10288,0,0.4558,37833446,1.2728,902.8335
f64,PrefixCollision,ARS Gen 5: Optimized Apex (MAIN),1000,0.0164,10288,0,0.4558,37833434,1.2728,932.3469
f64,PrefixCollision,ARS Gen 5: Optimized Apex (Stable),1000,0.0249,10450,0,0.4558,37833954,1.2728,611.6973
f64,PrefixCollision,ARS Gen 6: Aero Architecture,1000,0.0170,10288,0,0.4558,37833430,1.2728,900.0642
f64,PrefixCollision,ARS Gen 6: Aero (Stable),1000,0.0248,10450,0,0.4558,37833982,1.2728,616.0936
f64,PrefixCollision,ARS Exp A: Recursive Parallel,1000,0.0172,10288,0,0.4558,37833407,1.2728,887.7583
f64,PrefixCollision,ARS Exp B: Hierarchical Staging,1000,0.0167,10288,0,0.4558,37833437,1.2728,913.0985
f64,PrefixCollision,ARS Exp C: Adaptive Hierarchical,1000,0.0166,10288,0,0.4558,37833407,1.2728,916.8292
f64,PrefixCollision,ARS Exp D: Stream Micro-Batch,1000,0.1218,10288,2000,0.4557,37833987,1.2728,125.2959
f64,PrefixCollision,Quicksort,10000,0.2183,136714,0,0.4556,37840843,1.2727,698.9409
f64,PrefixCollision,Timsort,10000,0.3117,140903,0,0.4556,37846145,1.2727,489.5062
f64,PrefixCollision,ARS Gen 1: Foundation,10000,5.1872,160,30000,0.4541,37932379,1.2747,29.4160
f64,PrefixCollision,ARS Gen 2: Grid Mapping,10000,5.4554,160,30000,0.4540,37937906,1.2748,27.9698
f64,PrefixCollision,ARS Gen 3: Apex Baseline,10000,0.3973,193162,14351,0.4555,37846287,1.2727,384.0805
f64,PrefixCollision,ARS Gen 4: Parallel Apex,10000,0.2432,52333,10000,0.4555,37847364,1.2726,627.4715
f64,PrefixCollision,ARS Gen 5: Optimized Apex (MAIN),10000,0.1572,52333,0,0.4554,37846904,1.2725,970.8029
f64,PrefixCollision,ARS Gen 5: Optimized Apex (Stable),10000,0.1622,57763,0,0.4554,37848987,1.2725,940.7450
f64,PrefixCollision,ARS Gen 6: Aero Architecture,10000,0.1888,59057,0,0.4555,37850307,1.2725,808.0317
f64,PrefixCollision,ARS Gen 6: Aero (Stable),10000,0.1815,62100,0,0.4555,37851548,1.2725,840.5101
f64,PrefixCollision,ARS Exp A: Recursive Parallel,10000,0.1699,52333,0,0.4554,37846113,1.2725,898.0671
f64,PrefixCollision,ARS Exp B: Hierarchical Staging,10000,0.1565,52333,0,0.4554,37846707,1.2725,974.8032
f64,PrefixCollision,ARS Exp C: Adaptive Hierarchical,10000,0.1656,52333,0,0.4554,37846008,1.2726,921.6248
f64,PrefixCollision,ARS Exp D: Stream Micro-Batch,10000,0.3545,52333,20000,0.4554,37849357,1.2725,430.4034
f64,PrefixCollision,Quicksort,100000,2.7036,1706033,0,0.4549,37924856,1.2737,564.3788
f64,PrefixCollision,Timsort,100000,3.4098,1748408,0,0.4545,37973907,1.2735,447.5019
f64,PrefixCollision,ARS Gen 1: Foundation,100000,41.4736,15822,300000,0.3999,38847339,1.2485,36.7915
f64,PrefixCollision,ARS Gen 2: Grid Mapping,100000,45.7935,15822,300000,0.4000,38939734,1.2499,33.3209
f64,PrefixCollision,ARS Gen 3: Apex Baseline,100000,3.0385,1885784,108703,0.4548,37938799,1.2727,502.1806
f64,PrefixCollision,ARS Gen 4: Parallel Apex,100000,1.0454,882348,100000,0.4548,37937762,1.2721,1459.6376
f64,PrefixCollision,ARS Gen 5: Optimized Apex (MAIN),100000,0.8737,882348,0,0.4549,37938103,1.2718,1746.4643
f64,PrefixCollision,ARS Gen 5: Optimized Apex (Stable),100000,1.0250,921462,0,0.4548,37988695,1.2715,1488.6609
f64,PrefixCollision,ARS Gen 6: Aero Architecture,100000,1.0248,939598,0,0.4548,37950008,1.2721,1489.0226
f64,PrefixCollision,ARS Gen 6: Aero (Stable),100000,1.1863,975983,0,0.4548,38002464,1.2719,1286.2624
f64,PrefixCollision,ARS Exp A: Recursive Parallel,100000,0.8067,882348,0,0.4546,37937237,1.2722,1891.6222
f64,PrefixCollision,ARS Exp B: Hierarchical Staging,100000,0.7866,771432,0,0.4546,37930640,1.2723,1939.9248
f64,PrefixCollision,ARS Exp C: Adaptive Hierarchical,100000,0.8127,882348,0,0.4546,37938187,1.2720,1877.4479
f64,PrefixCollision,ARS Exp D: Stream Micro-Batch,100000,1.3364,882348,200000,0.4546,37942172,1.2721,1141.7583
f64,PrefixCollision,Quicksort,1000000,30.7677,20389196,0,0.4520,38531062,1.2895,495.9345
f64,PrefixCollision,Timsort,1000000,45.3176,20780417,0,0.4485,39014274,1.2857,336.7081
f64,PrefixCollision,ARS Gen 3: Apex Baseline,1000000,27.2348,21441825,1017407,0.4532,38592703,1.2742,560.2677
f64,PrefixCollision,ARS Gen 4: Parallel Apex,1000000,10.3478,10157321,1000000,0.4564,38536429,1.2660,1474.5988
f64,PrefixCollision,ARS Gen 5: Optimized Apex (MAIN),1000000,9.5876,10157321,0,0.4563,38547761,1.2643,1591.5101
f64,PrefixCollision,ARS Gen 5: Optimized Apex (Stable),1000000,11.1691,10561958,0,0.4564,39063027,1.2601,1366.1619
f64,PrefixCollision,ARS Gen 6: Aero Architecture,1000000,8.9605,12859603,0,0.4556,38685405,1.2747,1702.8857
f64,PrefixCollision,ARS Gen 6: Aero (Stable),1000000,11.3517,13271645,0,0.4552,39194168,1.2711,1344.1883
f64,PrefixCollision,ARS Exp A: Recursive Parallel,1000000,9.6282,10157321,0,0.4555,38546568,1.2639,1584.7956
f64,PrefixCollision,ARS Exp B: Hierarchical Staging,1000000,10.6868,11214454,0,0.4565,38539345,1.2683,1427.8226
f64,PrefixCollision,ARS Exp C: Adaptive Hierarchical,1000000,10.6062,12268914,0,0.4566,38547730,1.2676,1438.6695
f64,PrefixCollision,ARS Exp D: Stream Micro-Batch,1000000,30.4417,13658796,2000000,0.4555,39546165,1.2676,501.2457
String,Random,Quicksort,1000,0.0653,10370,0,0.4637,45796735,1.2741,934.6026
String,Random,Timsort,1000,0.0773,10522,0,0.4637,45797000,1.2741,789.5166
String,Random,ARS Gen 1: Foundation,1000,0.3301,0,2000,0.4637,45803745,1.2742,184.8715
String,Random,ARS Gen 2: Grid Mapping,1000,0.3755,0,2000,0.4637,45804566,1.2742,162.5623
String,Random,ARS Gen 3: Apex Baseline,1000,0.0669,10370,0,0.4637,45796937,1.2741,912.4706
String,Random,ARS Gen 4: Parallel Apex,1000,0.0665,10370,0,0.4637,45796998,1.2741,917.2150
String,Random,ARS Gen 5: Optimized Apex (MAIN),1000,0.0679,10370,0,0.4637,45796924,1.2741,898.4875
String,Random,ARS Gen 5: Optimized Apex (Stable),1000,0.0743,10522,0,0.4637,45797177,1.2741,821.8784
String,Random,ARS Gen 6: Aero Architecture,1000,0.0668,10370,0,0.4637,45796957,1.2741,913.9462
String,Random,ARS Gen 6: Aero (Stable),1000,0.0760,10522,0,0.4637,45797418,1.2741,802.9251
String,Random,ARS Exp A: Recursive Parallel,1000,0.0667,10370,0,0.4637,45796879,1.2741,915.0972
String,Random,ARS Exp B: Hierarchical Staging,1000,0.0652,10370,0,0.4637,45796784,1.2741,935.7202
String,Random,ARS Exp C: Adaptive Hierarchical,1000,0.0658,10370,0,0.4637,45796839,1.2741,927.3182
String,Random,ARS Exp D: Stream Micro-Batch,1000,0.2581,10370,2000,0.4637,45798341,1.2741,236.4421
String,Random,Quicksort,10000,0.8255,136866,0,0.4634,45815956,1.2743,739.3997
String,Random,Timsort,10000,0.9958,141490,0,0.4632,45818656,1.2743,612.9566
String,Random,ARS Gen 1: Foundation,10000,6.5681,0,30000,0.4619,45891786,1.2765,92.9267
String,Random,ARS Gen 2: Grid Mapping,10000,6.7835,0,30000,0.4620,45897845,1.2766,89.9761
String,Random,ARS Gen 3: Apex Baseline,10000,2.3402,193846,14351,0.4632,45831286,1.2745,260.8120
String,Random,ARS Gen 4: Parallel Apex,10000,0.7444,67438,10000,0.4633,45831684,1.2740,819.9583
String,Random,ARS Gen 5: Optimized Apex (MAIN),10000,0.2676,67438,0,0.4633,45826932,1.2739,2281.2446
String,Random,ARS Gen 5: Optimized Apex (Stable),10000,0.2762,70298,0,0.4633,45836348,1.2738,2209.7214
String,Random,ARS Gen 6: Aero Architecture,10000,0.4301,63043,0,0.4633,45834922,1.2739,1419.0097
String,Random,ARS Gen 6: Aero (Stable),10000,0.4761,67007,0,0.4633,45839956,1.2739,1281.9738
String,Random,ARS Exp A: Recursive Parallel,10000,0.2961,67438,0,0.4633,45833360,1.2738,2061.5528
String,Random,ARS Exp B: Hierarchical Staging,10000,0.2726,67438,0,0.4633,45834487,1.2738,2239.0499
String,Random,ARS Exp C: Adaptive Hierarchical,10000,0.2798,67438,0,0.4633,45834418,1.2738,2181.1201
String,Random,ARS Exp D: Stream Micro-Batch,10000,1.3450,67438,20000,0.4632,45836019,1.2740,453.7997
String,Random,Quicksort,100000,12.7166,1718762,0,0.4582,46082522,1.2784,479.9659
String,Random,Timsort,100000,14.0828,1759891,0,0.4565,46099578,1.2779,433.4020
String,Random,ARS Gen 1: Foundation,100000,57.9187,0,300000,0.4156,46788184,1.2601,105.3808
String,Random,ARS Gen 2: Grid Mapping,100000,57.6076,0,300000,0.4119,46843856,1.2584,105.9498
String,Random,ARS Gen 3: Apex Baseline,100000,17.8954,1895222,108703,0.4626,46196016,1.2765,341.0660
String,Random,ARS Gen 4: Parallel Apex,100000,4.1241,1029722,100000,0.4626,46059800,1.2725,1479.9494
String,Random,ARS Gen 5: Optimized Apex (MAIN),100000,2.7196,1029722,0,0.4626,45992899,1.2719,2244.3084
String,Random,ARS Gen 5: Optimized Apex (Stable),100000,3.1281,1071423,0,0.4622,46123900,1.2698,1951.1801
String,Random,ARS Gen 6: Aero Architecture,100000,3.3377,978520,0,0.4623,46095239,1.2711,1828.6591
String,Random,ARS Gen 6: Aero (Stable),100000,3.5097,1019338,0,0.4622,46100416,1.2705,1739.0331
String,Random,ARS Exp A: Recursive Parallel,100000,3.2491,1029722,0,0.4624,46076472,1.2712,1878.5458
String,Random,ARS Exp B: Hierarchical Staging,100000,3.3028,961965,0,0.4628,46054981,1.2711,1847.9822
String,Random,ARS Exp C: Adaptive Hierarchical,100000,3.4078,1029722,0,0.4623,46066271,1.2712,1791.0691
String,Random,ARS Exp D: Stream Micro-Batch,100000,11.9820,1029722,200000,0.4587,46238135,1.2734,509.3921
String,Random,Quicksort,1000000,300.4121,20518628,0,0.4812,47879925,1.2861,203.1714
String,Random,Timsort,1000000,362.4077,20902099,0,0.4688,48680559,1.2711,168.4157
String,Random,ARS Gen 3: Apex Baseline,1000000,214.9572,21589743,1017407,0.4638,49645058,1.2663,283.9409
String,Random,ARS Gen 4: Parallel Apex,1000000,57.4442,12256776,1000000,0.4741,48219071,1.2087,1062.5130
String,Random,ARS Gen 5: Optimized Apex (MAIN),1000000,50.3989,12256776,0,0.4735,48041916,1.2152,1211.0402
String,Random,ARS Gen 5: Optimized Apex (Stable),1000000,55.9838,12679336,0,0.4707,48593989,1.2002,1090.2285
String,Random,ARS Gen 6: Aero Architecture,1000000,64.0267,13331493,0,0.4756,48985474,1.2002,953.2768
String,Random,ARS Gen 6: Aero (Stable),1000000,70.3760,13750405,0,0.4734,48741346,1.1960,867.2725
String,Random,ARS Exp A: Recursive Parallel,1000000,52.2074,9434971,0,0.4763,48130309,1.2143,1169.0902
String,Random,ARS Exp B: Hierarchical Staging,1000000,68.7930,7913738,0,0.4873,47794656,1.1898,887.2295
String,Random,ARS Exp C: Adaptive Hierarchical,1000000,59.0102,8719170,0,0.4823,48466706,1.1980,1034.3149
String,Random,ARS Exp D: Stream Micro-Batch,1000000,432.0964,15199661,2000000,0.5098,50657726,1.2202,141.2536
String,Gaussian,Quicksort,1000,0.0563,10370,0,0.4555,47931818,1.2548,1084.3369
String,Gaussian,Timsort,1000,0.0711,10522,0,0.4555,47932759,1.2548,858.1513
String,Gaussian,ARS Gen 1: Foundation,1000,0.2771,0,2000,0.4555,47938795,1.2549,220.2457
String,Gaussian,ARS Gen 2: Grid Mapping,1000,0.3009,0,2000,0.4555,47939598,1.2549,202.8582
String,Gaussian,ARS Gen 3: Apex Baseline,1000,0.0567,10370,0,0.4555,47932045,1.2548,1076.9896
String,Gaussian,ARS Gen 4: Parallel Apex,1000,0.0583,10370,0,0.4555,47932210,1.2548,1046.7716
String,Gaussian,ARS Gen 5: Optimized Apex (MAIN),1000,0.0590,10370,0,0.4555,47931950,1.2548,1034.0735
String,Gaussian,ARS Gen 5: Optimized Apex (Stable),1000,0.0609,10522,0,0.4555,47932241,1.2548,1002.4662
String,Gaussian,ARS Gen 6: Aero Architecture,1000,0.0547,10370,0,0.4555,47932027,1.2548,1115.2455
String,Gaussian,ARS Gen 6: Aero (Stable),1000,0.0680,10522,0,0.4555,47932511,1.2548,897.3251
String,Gaussian,ARS Exp A: Recursive Parallel,1000,0.0585,10370,0,0.4555,47932011,1.2548,1042.8369
String,Gaussian,ARS Exp B: Hierarchical Staging,1000,0.0548,10370,0,0.4555,47932201,1.2548,1114.7363
String,Gaussian,ARS Exp C: Adaptive Hierarchical,1000,0.0547,10370,0,0.4555,47932218,1.2548,1114.8585
String,Gaussian,ARS Exp D: Stream Micro-Batch,1000,0.2213,10370,2000,0.4555,47933937,1.2548,275.8551
String,Gaussian,Quicksort,10000,0.7190,136866,0,0.4552,47952834,1.2551,848.8517
String,Gaussian,Timsort,10000,0.8781,141490,0,0.4551,47960957,1.2550,695.1050
String,Gaussian,ARS Gen 1: Foundation,10000,5.9484,0,30000,0.4537,48027551,1.2571,102.6078
String,Gaussian,ARS Gen 2: Grid Mapping,10000,6.1872,0,30000,0.4535,48033548,1.2572,98.6475
String,Gaussian,ARS Gen 3: Apex Baseline,10000,2.0233,193846,14351,0.4550,47971699,1.2552,301.6622
String,Gaussian,ARS Gen 4: Parallel Apex,10000,0.6325,67438,10000,0.4551,47968414,1.2547,965.0086
String,Gaussian,ARS Gen 5: Optimized Apex (MAIN),10000,0.2178,67438,0,0.4552,47955545,1.2547,2802.4388
String,Gaussian,ARS Gen 5: Optimized Apex (Stable),10000,0.2184,70298,0,0.4551,47959408,1.2546,2794.4837
String,Gaussian,ARS Gen 6: Aero Architecture,10000,0.3534,63043,0,0.4551,47957875,1.2547,1726.9572
String,Gaussian,ARS Gen 6: Aero (Stable),10000,0.3928,67007,0,0.4551,47961391,1.2547,1553.9946
String,Gaussian,ARS Exp A: Recursive Parallel,10000,0.2322,67438,0,0.4551,47958837,1.2547,2628.7635
String,Gaussian,ARS Exp B: Hierarchical Staging,10000,0.2247,67438,0,0.4551,47960682,1.2546,2716.0415
String,Gaussian,ARS Exp C: Adaptive Hierarchical,10000,0.2343,67438,0,0.4551,47960298,1.2546,2605.4673
String,Gaussian,ARS Exp D: Stream Micro-Batch,10000,1.0037,67438,20000,0.4549,47978857,1.2548,608.0828
String,Gaussian,Quicksort,100000,9.6136,1718762,0,0.4506,48137161,1.2597,634.8806
String,Gaussian,Timsort,100000,12.2410,1759891,0,0.4486,48268236,1.2586,498.6119
String,Gaussian,ARS Gen 1: Foundation,100000,58.8357,0,300000,0.4136,48945433,1.2427,103.7382
String,Gaussian,ARS Gen 2: Grid Mapping,100000,58.6530,0,300000,0.4123,49006719,1.2436,104.0614
String,Gaussian,ARS Gen 3: Apex Baseline,100000,18.5572,1895222,108703,0.4544,48313471,1.2576,328.9035
String,Gaussian,ARS Gen 4: Parallel Apex,100000,3.9553,1029722,100000,0.4541,48273776,1.2538,1543.1198
String,Gaussian,ARS Gen 5: Optimized Apex (MAIN),100000,2.8478,1029722,0,0.4538,48284327,1.2509,2143.2313
String,Gaussian,ARS Gen 5: Optimized Apex (Stable),100000,3.1478,1071423,0,0.4533,48383968,1.2505,1938.9942
String,Gaussian,ARS Gen 6: Aero Architecture,100000,3.1911,978520,0,0.4537,48309670,1.2523,1912.6766
String,Gaussian,ARS Gen 6: Aero (Stable),100000,3.3102,1019338,0,0.4537,48356270,1.2511,1843.8432
String,Gaussian,ARS Exp A: Recursive Parallel,100000,2.9111,1029722,0,0.4536,48297448,1.2513,2096.6658
String,Gaussian,ARS Exp B: Hierarchical Staging,100000,3.0537,961965,0,0.4543,48271432,1.2514,1998.7391
String,Gaussian,ARS Exp C: Adaptive Hierarchical,100000,2.9417,1029722,0,0.4536,48297186,1.2517,2074.8182
String,Gaussian,ARS Exp D: Stream Micro-Batch,100000,10.4887,1029722,200000,0.4512,48215896,1.2551,581.9150
String,Gaussian,Quicksort,1000000,284.1665,20518628,0,0.4740,50958408,1.2722,214.7866
String,Gaussian,Timsort,1000000,385.1759,20902099,0,0.4642,50451196,1.2475,158.4605
String,Gaussian,ARS Gen 3: Apex Baseline,1000000,199.5109,21589743,1017407,0.4558,51429570,1.2479,305.9239
String,Gaussian,ARS Gen 4: Parallel Apex,1000000,61.0542,12256776,1000000,0.4671,50202256,1.1955,999.6873
String,Gaussian,ARS Gen 5: Optimized Apex (MAIN),1000000,48.8551,12256776,0,0.4659,49296110,1.1943,1249.3106
String,Gaussian,ARS Gen 5: Optimized Apex (Stable),1000000,55.1819,12679336,0,0.4637,49799520,1.1872,1106.0710
String,Gaussian,ARS Gen 6: Aero Architecture,1000000,62.2454,13331493,0,0.4679,49605221,1.1919,980.5563
String,Gaussian,ARS Gen 6: Aero (Stable),1000000,69.3014,13750405,0,0.4667,49852646,1.1896,880.7202
String,Gaussian,ARS Exp A: Recursive Parallel,1000000,51.5771,9434971,0,0.4686,49403693,1.1984,1183.3761
String,Gaussian,ARS Exp B: Hierarchical Staging,1000000,69.8449,7913738,0,0.4791,49410061,1.1761,873.8669
String,Gaussian,ARS Exp C: Adaptive Hierarchical,1000000,57.2594,8719170,0,0.4744,49421759,1.1899,1065.9411
String,Gaussian,ARS Exp D: Stream Micro-Batch,1000000,431.2204,15199653,2000000,0.5013,52654724,1.2042,141.5405
String,NearlySorted,Quicksort,1000,0.0472,9540,0,0.4505,49329620,1.2425,1292.1048
String,NearlySorted,Timsort,1000,0.0479,9492,0,0.4505,49330040,1.2425,1273.3431
String,NearlySorted,ARS Gen 1: Foundation,1000,0.1349,9394,2000,0.4505,49330652,1.2426,452.3669
String,NearlySorted,ARS Gen 2: Grid Mapping,1000,0.1341,9417,2000,0.4505,49330578,1.2426,455.1160
String,NearlySorted,ARS Gen 3: Apex Baseline,1000,0.0503,9540,0,0.4505,49330135,1.2425,1214.2917
String,NearlySorted,ARS Gen 4: Parallel Apex,1000,0.0485,9540,0,0.4505,49330393,1.2425,1257.8085
String,NearlySorted,ARS Gen 5: Optimized Apex (MAIN),1000,0.0478,9540,0,0.4505,49330398,1.2425,1277.8218
String,NearlySorted,ARS Gen 5: Optimized Apex (Stable),1000,0.0516,9492,0,0.4505,49330404,1.2425,1182.0959
String,NearlySorted,ARS Gen 6: Aero Architecture,1000,0.0493,9540,0,0.4505,49330542,1.2425,1236.9317
String,NearlySorted,ARS Gen 6: Aero (Stable),1000,0.0497,9492,0,0.4505,49330340,1.2425,1227.9480
String,NearlySorted,ARS Exp A: Recursive Parallel,1000,0.0508,9540,0,0.4505,49330436,1.2425,1202.1657
String,NearlySorted,ARS Exp B: Hierarchical Staging,1000,0.0505,9540,0,0.4505,49330508,1.2425,1208.5212
String,NearlySorted,ARS Exp C: Adaptive Hierarchical,1000,0.0555,9540,0,0.4505,49330456,1.2425,1099.5344
String,NearlySorted,ARS Exp D: Stream Micro-Batch,1000,0.2004,9540,2000,0.4505,49331536,1.2425,304.5818
String,NearlySorted,Quicksort,10000,0.7147,132500,0,0.4503,49348010,1.2427,853.9849
String,NearlySorted,Timsort,10000,0.7472,127861,0,0.4502,49349180,1.2427,816.8462
String,NearlySorted,ARS Gen 1: Foundation,10000,1.8856,94604,30000,0.4500,49366152,1.2432,323.6876
String,NearlySorted,ARS Gen 2: Grid Mapping,10000,1.9247,94565,30000,0.4500,49367875,1.2432,317.1165
String,NearlySorted,ARS Gen 3: Apex Baseline,10000,2.1009,182797,14351,0.4501,49359773,1.2429,290.5173
String,NearlySorted,ARS Gen 4: Parallel Apex,10000,0.7283,88075,10000,0.4501,49362590,1.2425,838.0312
String,NearlySorted,ARS Gen 5: Optimized Apex (MAIN),10000,0.2838,88075,0,0.4502,49348785,1.2424,2150.7913
String,NearlySorted,ARS Gen 5: Optimized Apex (Stable),10000,0.2689,63479,0,0.4502,49349615,1.2423,2269.9691
String,NearlySorted,ARS Gen 6: Aero Architecture,10000,0.3480,73151,0,0.4501,49351892,1.2424,1753.8636
String,NearlySorted,ARS Gen 6: Aero (Stable),10000,0.3342,48448,0,0.4501,49348432,1.2424,1826.2844
String,NearlySorted,ARS Exp A: Recursive Parallel,10000,0.3305,88075,0,0.4502,49349149,1.2424,1846.5845
String,NearlySorted,ARS Exp B: Hierarchical Staging,10000,0.2821,88075,0,0.4502,49350455,1.2424,2163.7688
String,NearlySorted,ARS Exp C: Adaptive Hierarchical,10000,0.2980,88075,0,0.4502,49351950,1.2424,2047.9397
String,NearlySorted,ARS Exp D: Stream Micro-Batch,10000,1.1028,88075,20000,0.4500,49371766,1.2425,553.4603
String,NearlySorted,Quicksort,100000,9.8606,1695729,0,0.4485,49524760,1.2473,618.9791
String,NearlySorted,Timsort,100000,10.4421,1618264,0,0.4472,49495904,1.2466,584.5080
String,NearlySorted,ARS Gen 1: Foundation,100000,23.3329,958264,300000,0.4507,49822517,1.2471,261.5845
String,NearlySorted,ARS Gen 2: Grid Mapping,100000,22.4904,958287,300000,0.4506,49844948,1.2466,271.3830
String,NearlySorted,ARS Gen 3: Apex Baseline,100000,16.9713,1799629,108703,0.4501,49575688,1.2456,359.6382
String,NearlySorted,ARS Gen 4: Parallel Apex,100000,4.7826,1250176,100000,0.4492,49610391,1.2416,1276.1858
String,NearlySorted,ARS Gen 5: Optimized Apex (MAIN),100000,3.0537,1250176,0,0.4496,49477985,1.2418,1998.7162
String,NearlySorted,ARS Gen 5: Optimized Apex (Stable),100000,3.3614,957484,0,0.4492,49493947,1.2396,1815.7557
String,NearlySorted,ARS Gen 6: Aero Architecture,100000,2.9865,1082137,0,0.4494,49527847,1.2415,2043.7306
String,NearlySorted,ARS Gen 6: Aero (Stable),100000,2.5202,561919,0,0.4492,49464430,1.2403,2421.8734
String,NearlySorted,ARS Exp A: Recursive Parallel,100000,3.1709,877121,0,0.4495,49505660,1.2396,1924.8309
String,NearlySorted,ARS Exp B: Hierarchical Staging,100000,3.2557,943356,0,0.4492,49522876,1.2405,1874.7433
String,NearlySorted,ARS Exp C: Adaptive Hierarchical,100000,3.5045,1084625,0,0.4494,49532585,1.2405,1741.6457
String,NearlySorted,ARS Exp D: Stream Micro-Batch,100000,11.3794,1250176,200000,0.4489,49518374,1.2437,536.3673
String,NearlySorted,Quicksort,1000000,145.9715,20467458,0,0.4422,50869494,1.2922,418.1307
String,NearlySorted,Timsort,1000000,181.0917,19247236,0,0.4398,50987590,1.2795,337.0400
String,NearlySorted,ARS Gen 3: Apex Baseline,1000000,221.5033,20726079,1017407,0.4623,52220505,1.2606,275.5497
String,NearlySorted,ARS Gen 4: Parallel Apex,1000000,61.6742,14427992,1000000,0.4606,51299007,1.2098,989.6389
String,NearlySorted,ARS Gen 5: Optimized Apex (MAIN),1000000,41.5740,14427992,0,0.4511,51046907,1.2170,1468.1106
String,NearlySorted,ARS Gen 5: Optimized Apex (Stable),1000000,40.7668,9562892,0,0.4468,49938822,1.2039,1497.1778
String,NearlySorted,ARS Gen 6: Aero Architecture,1000000,54.9032,14500857,0,0.4556,50567253,1.2125,1111.6865
String,NearlySorted,ARS Gen 6: Aero (Stable),1000000,53.5803,9781181,0,0.4502,50573066,1.1958,1139.1333
String,NearlySorted,ARS Exp A: Recursive Parallel,1000000,43.6567,10121426,0,0.4592,50624066,1.2242,1398.0696
String,NearlySorted,ARS Exp B: Hierarchical Staging,1000000,53.4872,10340217,0,0.4627,50771749,1.2116,1141.1170
String,NearlySorted,ARS Exp C: Adaptive Hierarchical,1000000,50.3824,11441302,0,0.4601,50963755,1.2152,1211.4377
String,NearlySorted,ARS Exp D: Stream Micro-Batch,1000000,248.4148,19075227,2000000,0.4725,52338890,1.2525,245.6986
String,Duplicates,Quicksort,1000,0.0402,5636,0,0.5156,55192021,1.2618,1520.1025
String,Duplicates,Timsort,1000,0.0508,5782,0,0.5156,55192492,1.2618,1202.4499
String,Duplicates,ARS Gen 1: Foundation,1000,0.1362,984,2000,0.5156,55193905,1.2619,448.2474
String,Duplicates,ARS Gen 2: Grid Mapping,1000,0.1397,984,2000,0.5156,55193944,1.2619,436.9235
String,Duplicates,ARS Gen 3: Apex Baseline,1000,0.0398,5636,0,0.5156,55192342,1.2618,1534.8578
String,Duplicates,ARS Gen 4: Parallel Apex,1000,0.0405,5636,0,0.5156,55192637,1.2618,1506.0369
String,Duplicates,ARS Gen 5: Optimized Apex (MAIN),1000,0.0394,5636,0,0.5156,55192426,1.2618,1550.5718
String,Duplicates,ARS Gen 5: Optimized Apex (Stable),1000,0.0423,5782,0,0.5156,55192747,1.2618,1443.4575
String,Duplicates,ARS Gen 6: Aero Architecture,1000,0.0376,5636,0,0.5156,55192553,1.2618,1621.4211
String,Duplicates,ARS Gen 6: Aero (Stable),1000,0.0405,5782,0,0.5156,55192710,1.2618,1507.0781
String,Duplicates,ARS Exp A: Recursive Parallel,1000,0.0360,5636,0,0.5156,55192385,1.2618,1696.3634
String,Duplicates,ARS Exp B: Hierarchical Staging,1000,0.0379,5636,0,0.5156,55192595,1.2618,1610.1289
String,Duplicates,ARS Exp C: Adaptive Hierarchical,1000,0.0370,5636,0,0.5156,55192548,1.2618,1648.3069
String,Duplicates,ARS Exp D: Stream Micro-Batch,1000,0.1945,5636,2000,0.5155,55194408,1.2618,313.7764
String,Duplicates,Quicksort,10000,0.3598,53113,0,0.5153,55205670,1.2618,1696.3116
String,Duplicates,Timsort,10000,0.4706,54714,0,0.5152,55206932,1.2618,1297.0721
String,Duplicates,ARS Gen 1: Foundation,10000,1.5393,9984,30000,0.5151,55226350,1.2621,396.5134
String,Duplicates,ARS Gen 2: Grid Mapping,10000,1.5666,9984,30000,0.5151,55225888,1.2622,389.5990
String,Duplicates,ARS Gen 3: Apex Baseline,10000,1.7710,122389,14351,0.5153,55221650,1.2621,344.6447
String,Duplicates,ARS Gen 4: Parallel Apex,10000,0.6281,14075,10000,0.5153,55203017,1.2618,971.6932
String,Duplicates,ARS Gen 5: Optimized Apex (MAIN),10000,0.1546,14075,0,0.5153,55200524,1.2617,3947.1488
String,Duplicates,ARS Gen 5: Optimized Apex (Stable),10000,0.1591,14094,0,0.5153,55200833,1.2617,3835.8665
String,Duplicates,ARS Gen 6: Aero Architecture,10000,0.3361,12021,0,0.5153,55203077,1.2618,1815.8254
String,Duplicates,ARS Gen 6: Aero (Stable),10000,0.3153,12028,0,0.5153,55203193,1.2617,1935.8479
String,Duplicates,ARS Exp A: Recursive Parallel,10000,0.2260,14075,0,0.5153,55201505,1.2617,2700.9455
String,Duplicates,ARS Exp B: Hierarchical Staging,10000,0.1372,14075,0,0.5153,55199054,1.2617,4449.8266
String,Duplicates,ARS Exp C: Adaptive Hierarchical,10000,0.1846,14075,0,0.5153,55201376,1.2617,3306.4719
String,Duplicates,ARS Exp D: Stream Micro-Batch,10000,1.1485,14075,20000,0.5151,55211367,1.2617,531.4267
String,Duplicates,Quicksort,100000,4.1329,516589,0,0.5132,55324499,1.2625,1476.8068
String,Duplicates,Timsort,100000,4.7279,529550,0,0.5123,55323435,1.2622,1290.9505
String,Duplicates,ARS Gen 1: Foundation,100000,15.2071,99984,300000,0.5134,55519714,1.2632,401.3586
String,Duplicates,ARS Gen 2: Grid Mapping,100000,15.7553,99984,300000,0.5132,55523349,1.2634,387.3943
String,Duplicates,ARS Gen 3: Apex Baseline,100000,16.6136,1144965,108703,0.5149,55421773,1.2643,367.3815
String,Duplicates,ARS Gen 4: Parallel Apex,100000,3.1305,151083,100000,0.5151,55234460,1.2602,1949.6960
String,Duplicates,ARS Gen 5: Optimized Apex (MAIN),100000,1.8854,151083,0,0.5150,55224699,1.2581,3237.1717
String,Duplicates,ARS Gen 5: Optimized Apex (Stable),100000,1.6667,151309,0,0.5150,55221621,1.2582,3662.0010
String,Duplicates,ARS Gen 6: Aero Architecture,100000,1.8788,99990,0,0.5148,55245722,1.2593,3248.6262
String,Duplicates,ARS Gen 6: Aero (Stable),100000,1.9391,99990,0,0.5150,55245736,1.2592,3147.5958
String,Duplicates,ARS Exp A: Recursive Parallel,100000,1.9789,200008,0,0.5141,55225982,1.2585,3084.3221
String,Duplicates,ARS Exp B: Hierarchical Staging,100000,2.4561,200008,0,0.5144,55222395,1.2586,2485.0264
String,Duplicates,ARS Exp C: Adaptive Hierarchical,100000,1.6717,100024,0,0.5148,55223019,1.2588,3651.1202
String,Duplicates,ARS Exp D: Stream Micro-Batch,100000,8.8951,151083,200000,0.5128,55293103,1.2613,686.1697
String,Duplicates,Quicksort,1000000,96.4873,5202060,0,0.5289,56646770,1.2597,632.5722
String,Duplicates,Timsort,1000000,156.3066,6111262,0,0.5302,56626078,1.2511,390.4837
String,Duplicates,ARS Gen 3: Apex Baseline,1000000,172.7631,12085476,1017407,0.5174,57067410,1.2743,353.2882
String,Duplicates,ARS Gen 4: Parallel Apex,1000000,30.2649,999988,1000000,0.5207,55300973,1.2456,2016.7006
String,Duplicates,ARS Gen 5: Optimized Apex (MAIN),1000000,23.2801,999988,0,0.5201,55268853,1.2358,2621.7699
String,Duplicates,ARS Gen 5: Optimized Apex (Stable),1000000,22.4503,999988,0,0.5199,55269631,1.2360,2718.6785
String,Duplicates,ARS Gen 6: Aero Architecture,1000000,24.9404,999988,0,0.5202,55524162,1.2403,2447.2423
String,Duplicates,ARS Gen 6: Aero (Stable),1000000,23.9795,999988,0,0.5204,55523443,1.2416,2545.3050
String,Duplicates,ARS Exp A: Recursive Parallel,1000000,34.1048,1999972,0,0.5218,55285280,1.2284,1789.6366
String,Duplicates,ARS Exp B: Hierarchical Staging,1000000,41.4454,1999976,0,0.5246,55267149,1.2298,1472.6654
String,Duplicates,ARS Exp C: Adaptive Hierarchical,1000000,34.5931,1999976,0,0.5222,55283265,1.2279,1764.3759
String,Duplicates,ARS Exp D: Stream Micro-Batch,1000000,318.7999,5709060,2000000,0.5433,56503769,1.2376,191.4529
String,Zipfian,Quicksort,1000,0.0538,10370,0,0.5143,55343447,1.2522,1135.4322
String,Zipfian,Timsort,1000,0.0611,10522,0,0.5143,55343456,1.2522,999.7569
String,Zipfian,ARS Gen 1: Foundation,1000,0.2795,0,2000,0.5143,55350253,1.2523,218.3344
String,Zipfian,ARS Gen 2: Grid Mapping,1000,0.2973,0,2000,0.5143,55351042,1.2523,205.3003
String,Zipfian,ARS Gen 3: Apex Baseline,1000,0.0540,10370,0,0.5143,55343336,1.2522,1129.5277
String,Zipfian,ARS Gen 4: Parallel Apex,1000,0.0582,10370,0,0.5143,55343467,1.2522,1048.0657
String,Zipfian,ARS Gen 5: Optimized Apex (MAIN),1000,0.0597,10370,0,0.5143,55343472,1.2522,1023.1871
String,Zipfian,ARS Gen 5: Optimized Apex (Stable),1000,0.0687,10522,0,0.5143,55343788,1.2522,887.8357
String,Zipfian,ARS Gen 6: Aero Architecture,1000,0.0582,10370,0,0.5143,55343407,1.2522,1048.1557
String,Zipfian,ARS Gen 6: Aero (Stable),1000,0.0709,10522,0,0.5143,55343770,1.2522,860.6562
String,Zipfian,ARS Exp A: Recursive Parallel,1000,0.0614,10370,0,0.5143,55343408,1.2522,994.8194
String,Zipfian,ARS Exp B: Hierarchical Staging,1000,0.0612,10370,0,0.5143,55343411,1.2522,997.3880
String,Zipfian,ARS Exp C: Adaptive Hierarchical,1000,0.0617,10370,0,0.5143,55343320,1.2522,989.8984
String,Zipfian,ARS Exp D: Stream Micro-Batch,1000,0.2396,10370,2000,0.5143,55345536,1.2522,254.6952
String,Zipfian,Quicksort,10000,0.7902,136866,0,0.5140,55365868,1.2524,772.4111
String,Zipfian,Timsort,10000,0.8811,141490,0,0.5140,55363498,1.2524,692.7367
String,Zipfian,ARS Gen 1: Foundation,10000,6.0492,0,30000,0.5128,55439713,1.2539,100.8971
String,Zipfian,ARS Gen 2: Grid Mapping,10000,5.9437,0,30000,0.5128,55446421,1.2540,102.6888
String,Zipfian,ARS Gen 3: Apex Baseline,10000,1.9630,193846,14351,0.5139,55389873,1.2525,310.9325
String,Zipfian,ARS Gen 4: Parallel Apex,10000,0.6555,67438,10000,0.5140,55373990,1.2521,931.1663
String,Zipfian,ARS Gen 5: Optimized Apex (MAIN),10000,0.2271,67438,0,0.5140,55365593,1.2521,2687.0452
String,Zipfian,ARS Gen 5: Optimized Apex (Stable),10000,0.2420,70298,0,0.5140,55375413,1.2521,2521.6867
String,Zipfian,ARS Gen 6: Aero Architecture,10000,0.3708,63043,0,0.5140,55374136,1.2521,1645.8933
String,Zipfian,ARS Gen 6: Aero (Stable),10000,0.3850,67007,0,0.5140,55374777,1.2521,1585.4729
String,Zipfian,ARS Exp A: Recursive Parallel,10000,0.2346,67438,0,0.5140,55372082,1.2520,2601.7467
String,Zipfian,ARS Exp B: Hierarchical Staging,10000,0.2346,67438,0,0.5140,55369291,1.2521,2601.6247
String,Zipfian,ARS Exp C: Adaptive Hierarchical,10000,0.2398,67438,0,0.5140,55370513,1.2521,2545.2101
String,Zipfian,ARS Exp D: Stream Micro-Batch,10000,1.0545,67438,20000,0.5138,55375756,1.2522,578.8319
String,Zipfian,Quicksort,100000,9.8157,1718762,0,0.5107,55551025,1.2558,621.8127
String,Zipfian,Timsort,100000,12.4110,1759891,0,0.5092,55668375,1.2549,491.7823
String,Zipfian,ARS Gen 1: Foundation,100000,57.1640,0,300000,0.4879,56365285,1.2502,106.7720
String,Zipfian,ARS Gen 2: Grid Mapping,100000,58.8917,0,300000,0.4771,56430279,1.2397,103.6396
String,Zipfian,ARS Gen 3: Apex Baseline,100000,16.7060,1895222,108703,0.5132,55745723,1.2540,365.3494
String,Zipfian,ARS Gen 4: Parallel Apex,100000,3.9059,1029722,100000,0.5130,55706907,1.2509,1562.6208
String,Zipfian,ARS Gen 5: Optimized Apex (MAIN),100000,2.9023,1029722,0,0.5127,55745363,1.2494,2103.0231
String,Zipfian,ARS Gen 5: Optimized Apex (Stable),100000,3.1334,1071423,0,0.5126,55789485,1.2491,1947.8990
String,Zipfian,ARS Gen 6: Aero Architecture,100000,3.0680,978520,0,0.5130,55622277,1.2500,1989.3996
String,Zipfian,ARS Gen 6: Aero (Stable),100000,3.5044,1019338,0,0.5127,55759087,1.2499,1741.6681
String,Zipfian,ARS Exp A: Recursive Parallel,100000,2.9685,1029722,0,0.5131,55639020,1.2499,2056.1268
String,Zipfian,ARS Exp B: Hierarchical Staging,100000,3.1468,961965,0,0.5133,55623191,1.2505,1939.5925
String,Zipfian,ARS Exp C: Adaptive Hierarchical,100000,2.9542,1029722,0,0.5129,55628506,1.2497,2066.0455
String,Zipfian,ARS Exp D: Stream Micro-Batch,100000,10.2500,1029722,200000,0.5102,55795579,1.2521,595.4641
String,Zipfian,Quicksort,1000000,252.2414,20518628,0,0.5197,58363116,1.2715,241.9712
String,Zipfian,Timsort,1000000,345.6734,20902099,0,0.5096,58844394,1.2534,176.5689
String,Zipfian,ARS Gen 3: Apex Baseline,1000000,194.1222,21589743,1017407,0.5113,58816595,1.2467,314.4162
String,Zipfian,ARS Gen 4: Parallel Apex,1000000,60.0589,12256776,1000000,0.5180,57982444,1.2012,1016.2544
String,Zipfian,ARS Gen 5: Optimized Apex (MAIN),1000000,49.0609,12256776,0,0.5185,56735576,1.2138,1244.0705
String,Zipfian,ARS Gen 5: Optimized Apex (Stable),1000000,60.1163,12679336,0,0.5146,57797116,1.1939,1015.2843
String,Zipfian,ARS Gen 6: Aero Architecture,1000000,62.4357,13331493,0,0.5195,56963686,1.2059,977.5688
String,Zipfian,ARS Gen 6: Aero (Stable),1000000,74.3828,13750405,0,0.5169,57304059,1.1918,820.5547
String,Zipfian,ARS Exp A: Recursive Parallel,1000000,51.9739,9434971,0,0.5195,56890294,1.2121,1174.3430
String,Zipfian,ARS Exp B: Hierarchical Staging,1000000,69.2794,7913738,0,0.5262,56813007,1.1978,880.9999
String,Zipfian,ARS Exp C: Adaptive Hierarchical,1000000,57.9308,8719170,0,0.5232,57083424,1.1993,1053.5875
String,Zipfian,ARS Exp D: Stream Micro-Batch,1000000,421.5775,15199655,2000000,0.5384,60056154,1.2148,144.7780
String,Skewed,Quicksort,1000,0.0516,10370,0,0.5252,59560293,1.2246,1182.4852
String,Skewed,Timsort,1000,0.0654,10522,0,0.5252,59561863,1.2246,933.8161
String,Skewed,ARS Gen 1: Foundation,1000,0.2815,0,2000,0.5252,59567882,1.2247,216.8319
String,Skewed,ARS Gen 2: Grid Mapping,1000,0.3068,0,2000,0.5252,59568755,1.2247,198.9217
String,Skewed,ARS Gen 3: Apex Baseline,1000,0.0576,10370,0,0.5252,59561235,1.2246,1059.0681
String,Skewed,ARS Gen 4: Parallel Apex,1000,0.0556,10370,0,0.5252,59561624,1.2246,1098.1891
String,Skewed,ARS Gen 5: Optimized Apex (MAIN),1000,0.0588,10370,0,0.5252,59561469,1.2246,1037.4130
String,Skewed,ARS Gen 5: Optimized Apex (Stable),1000,0.0626,10522,0,0.5252,59561589,1.2246,974.8001
String,Skewed,ARS Gen 6: Aero Architecture,1000,0.0574,10370,0,0.5252,59561422,1.2246,1063.0154
String,Skewed,ARS Gen 6: Aero (Stable),1000,0.0661,10522,0,0.5252,59561785,1.2246,923.0269
String,Skewed,ARS Exp A: Recursive Parallel,1000,0.0593,10370,0,0.5252,59561298,1.2246,1029.6947
String,Skewed,ARS Exp B: Hierarchical Staging,1000,0.0573,10370,0,0.5252,59561138,1.2246,1065.1488
String,Skewed,ARS Exp C: Adaptive Hierarchical,1000,0.0529,10370,0,0.5252,59561062,1.2246,1152.8684
String,Skewed,ARS Exp D: Stream Micro-Batch,1000,0.2243,10370,2000,0.5252,59562560,1.2246,272.1576
String,Skewed,Quicksort,10000,0.7254,136866,0,0.5250,59584353,1.2248,841.3559
String,Skewed,Timsort,10000,0.9367,141490,0,0.5249,59588388,1.2248,651.6241
String,Skewed,ARS Gen 1: Foundation,10000,5.6598,0,30000,0.5239,59658957,1.2263,107.8393
String,Skewed,ARS Gen 2: Grid Mapping,10000,6.7110,0,30000,0.5237,59664652,1.2263,90.9482
String,Skewed,ARS Gen 3: Apex Baseline,10000,2.1859,193846,14351,0.5249,59617557,1.2248,279.2176
String,Skewed,ARS Gen 4: Parallel Apex,10000,0.7089,67438,10000,0.5250,59595857,1.2245,860.9366
String,Skewed,ARS Gen 5: Optimized Apex (MAIN),10000,0.2263,67438,0,0.5250,59591638,1.2245,2697.1977
String,Skewed,ARS Gen 5: Optimized Apex (Stable),10000,0.2340,70298,0,0.5250,59588625,1.2245,2608.6299
String,Skewed,ARS Gen 6: Aero Architecture,10000,0.3646,63043,0,0.5249,59595555,1.2245,1674.2373
String,Skewed,ARS Gen 6: Aero (Stable),10000,0.3674,67007,0,0.5249,59598050,1.2245,1661.3992
String,Skewed,ARS Exp A: Recursive Parallel,10000,0.2353,67438,0,0.5250,59593670,1.2245,2593.6868
String,Skewed,ARS Exp B: Hierarchical Staging,10000,0.2226,67438,0,0.5250,59593182,1.2245,2742.3027
String,Skewed,ARS Exp C: Adaptive Hierarchical,10000,0.2205,67438,0,0.5250,59590739,1.2245,2768.6244
String,Skewed,ARS Exp D: Stream Micro-Batch,10000,1.0463,67438,20000,0.5248,59604112,1.2246,583.3188
String,Skewed,Quicksort,100000,10.0011,1718762,0,0.5216,59827211,1.2279,610.2836
String,Skewed,Timsort,100000,12.7783,1759891,0,0.5202,59940547,1.2271,477.6468
String,Skewed,ARS Gen 1: Foundation,100000,60.7074,0,300000,0.4915,60607349,1.2138,100.5398
String,Skewed,ARS Gen 2: Grid Mapping,100000,61.6733,0,300000,0.4915,60668956,1.2144,98.9653
String,Skewed,ARS Gen 3: Apex Baseline,100000,17.0252,1895222,108703,0.5241,59979090,1.2264,358.4997
String,Skewed,ARS Gen 4: Parallel Apex,100000,3.9521,1029722,100000,0.5239,59934589,1.2237,1544.3544
String,Skewed,ARS Gen 5: Optimized Apex (MAIN),100000,2.6689,1029722,0,0.5241,59798236,1.2224,2286.8911
String,Skewed,ARS Gen 5: Optimized Apex (Stable),100000,3.0787,1071423,0,0.5239,59900470,1.2223,1982.4867
String,Skewed,ARS Gen 6: Aero Architecture,100000,3.1757,978520,0,0.5239,59878370,1.2230,1921.9561
String,Skewed,ARS Gen 6: Aero (Stable),100000,3.3000,1019338,0,0.5239,59896339,1.2225,1849.5255
String,Skewed,ARS Exp A: Recursive Parallel,100000,3.0424,1029722,0,0.5241,59789070,1.2234,2006.1694
String,Skewed,ARS Exp B: Hierarchical Staging,100000,3.1070,961965,0,0.5243,59833954,1.2228,1964.4370
String,Skewed,ARS Exp C: Adaptive Hierarchical,100000,2.9412,1029722,0,0.5241,59810545,1.2227,2075.1519
String,Skewed,ARS Exp D: Stream Micro-Batch,100000,10.3997,1029722,200000,0.5217,59867868,1.2246,586.8924
String,Skewed,Quicksort,1000000,239.2689,20518628,0,0.5291,62405306,1.2466,255.0902
String,Skewed,Timsort,1000000,341.3745,20902099,0,0.5200,62344615,1.2294,178.7924
String,Skewed,ARS Gen 3: Apex Baseline,1000000,214.6274,21589743,1017407,0.5220,62951662,1.2212,284.3773
String,Skewed,ARS Gen 4: Parallel Apex,1000000,61.2146,12256776,1000000,0.5281,62140139,1.1816,997.0683
String,Skewed,ARS Gen 5: Optimized Apex (MAIN),1000000,50.8468,12256776,0,0.5267,61848601,1.1872,1200.3731
String,Skewed,ARS Gen 5: Optimized Apex (Stable),1000000,57.7703,12679336,0,0.5252,62623412,1.1786,1056.5145
String,Skewed,ARS Gen 6: Aero Architecture,1000000,67.2183,13331493,0,0.5281,62959185,1.1829,908.0146
String,Skewed,ARS Gen 6: Aero (Stable),1000000,74.6436,13750405,0,0.5264,62837916,1.1810,817.6872
String,Skewed,ARS Exp A: Recursive Parallel,1000000,53.4711,9434971,0,0.5300,62196888,1.1843,1141.4596
String,Skewed,ARS Exp B: Hierarchical Staging,1000000,70.5683,7913738,0,0.5353,62082377,1.1748,864.9091
String,Skewed,ARS Exp C: Adaptive Hierarchical,1000000,60.0740,8719170,0,0.5333,62288105,1.1844,1015.9995
String,Skewed,ARS Exp D: Stream Micro-Batch,1000000,434.6418,15199655,2000000,0.5467,63940420,1.1957,140.4263
String,Clustered,Quicksort,1000,0.0542,10370,0,0.5191,61568339,1.2141,1126.6504
String,Clustered,Timsort,1000,0.0644,10522,0,0.5191,61569058,1.2141,947.6037
String,Clustered,ARS Gen 1: Foundation,1000,0.2705,0,2000,0.5191,61575308,1.2141,225.6166
String,Clustered,ARS Gen 2: Grid Mapping,1000,0.2952,0,2000,0.5190,61576211,1.2141,206.7608
String,Clustered,ARS Gen 3: Apex Baseline,1000,0.0594,10370,0,0.5191,61569002,1.2141,1027.4241
String,Clustered,ARS Gen 4: Parallel Apex,1000,0.0548,10370,0,0.5191,61568824,1.2141,1113.7802
String,Clustered,ARS Gen 5: Optimized Apex (MAIN),1000,0.0583,10370,0,0.5191,61568682,1.2141,1047.3643
String,Clustered,ARS Gen 5: Optimized Apex (Stable),1000,0.0664,10522,0,0.5191,61569086,1.2141,919.4396
String,Clustered,ARS Gen 6: Aero Architecture,1000,0.0577,10370,0,0.5191,61568716,1.2141,1058.4437
String,Clustered,ARS Gen 6: Aero (Stable),1000,0.0654,10522,0,0.5191,61569290,1.2141,933.5305
String,Clustered,ARS Exp A: Recursive Parallel,1000,0.0538,10370,0,0.5191,61568784,1.2141,1134.9677
String,Clustered,ARS Exp B: Hierarchical Staging,1000,0.0585,10370,0,0.5191,61568765,1.2141,1043.7464
String,Clustered,ARS Exp C: Adaptive Hierarchical,1000,0.0565,10370,0,0.5191,61568748,1.2141,1080.5934
String,Clustered,ARS Exp D: Stream Micro-Batch,1000,0.2197,10370,2000,0.5190,61570864,1.2141,277.7557
String,Clustered,Quicksort,10000,0.7314,136866,0,0.5188,61589337,1.2143,834.5273
String,Clustered,Timsort,10000,0.8960,141490,0,0.5188,61591895,1.2142,681.1648
String,Clustered,ARS Gen 1: Foundation,10000,6.2132,0,30000,0.5181,61666049,1.2157,98.2340
String,Clustered,ARS Gen 2: Grid Mapping,10000,5.7856,0,30000,0.5181,61672034,1.2158,105.4956
String,Clustered,ARS Gen 3: Apex Baseline,10000,2.1267,193846,14351,0.5188,61605110,1.2144,286.9966
String,Clustered,ARS Gen 4: Parallel Apex,10000,0.6649,67438,10000,0.5188,61602968,1.2140,918.0083
String,Clustered,ARS Gen 5: Optimized Apex (MAIN),10000,0.2224,67438,0,0.5188,61592690,1.2140,2744.2385
String,Clustered,ARS Gen 5: Optimized Apex (Stable),10000,0.2274,70298,0,0.5188,61601439,1.2140,2683.6780
String,Clustered,ARS Gen 6: Aero Architecture,10000,0.3535,63043,0,0.5188,61597992,1.2140,1726.6738
String,Clustered,ARS Gen 6: Aero (Stable),10000,0.3719,67007,0,0.5188,61607189,1.2140,1641.3742
String,Clustered,ARS Exp A: Recursive Parallel,10000,0.2306,67438,0,0.5188,61601347,1.2139,2647.2455
String,Clustered,ARS Exp B: Hierarchical Staging,10000,0.2245,67438,0,0.5188,61604209,1.2140,2718.3641
String,Clustered,ARS Exp C: Adaptive Hierarchical,10000,0.2413,67438,0,0.5188,61600374,1.2140,2529.8183
String,Clustered,ARS Exp D: Stream Micro-Batch,10000,1.0907,67438,20000,0.5187,61615908,1.2140,559.5885
String,Clustered,Quicksort,100000,11.1253,1718762,0,0.5153,61895326,1.2171,548.6175
String,Clustered,Timsort,100000,12.9950,1759891,0,0.5144,61887191,1.2167,469.6805
String,Clustered,ARS Gen 1: Foundation,100000,62.3811,0,300000,0.4906,62603347,1.2055,97.8424
String,Clustered,ARS Gen 2: Grid Mapping,100000,61.0567,0,300000,0.4880,62665811,1.2034,99.9647
String,Clustered,ARS Gen 3: Apex Baseline,100000,16.4888,1895222,108703,0.5181,61963055,1.2161,370.1612
String,Clustered,ARS Gen 4: Parallel Apex,100000,4.0042,1029722,100000,0.5179,61936616,1.2133,1524.2598
String,Clustered,ARS Gen 5: Optimized Apex (MAIN),100000,2.8453,1029722,0,0.5181,61805793,1.2123,2145.1092
String,Clustered,ARS Gen 5: Optimized Apex (Stable),100000,3.0199,1071423,0,0.5179,61872563,1.2117,2021.0819
String,Clustered,ARS Gen 6: Aero Architecture,100000,3.1937,978520,0,0.5179,61850046,1.2125,1911.1285
String,Clustered,ARS Gen 6: Aero (Stable),100000,3.4443,1019338,0,0.5178,61942067,1.2117,1772.0843
String,Clustered,ARS Exp A: Recursive Parallel,100000,2.9306,1029722,0,0.5179,61835599,1.2122,2082.7003
String,Clustered,ARS Exp B: Hierarchical Staging,100000,3.3966,961965,0,0.5182,61832389,1.2120,1796.9512
String,Clustered,ARS Exp C: Adaptive Hierarchical,100000,3.0504,1029722,0,0.5179,61873175,1.2123,2000.8693
String,Clustered,ARS Exp D: Stream Micro-Batch,100000,10.1226,1029722,200000,0.5160,61860246,1.2142,602.9579
String,Clustered,Quicksort,1000000,251.5141,20518628,0,0.5230,64997738,1.2338,242.6709
String,Clustered,Timsort,1000000,363.0151,20902099,0,0.5155,64822471,1.2148,168.1339
String,Clustered,ARS Gen 3: Apex Baseline,1000000,201.1829,21589743,1017407,0.5175,64966874,1.2171,303.3814
String,Clustered,ARS Gen 4: Parallel Apex,1000000,61.0608,12256776,1000000,0.5224,64180529,1.1801,999.5801
String,Clustered,ARS Gen 5: Optimized Apex (MAIN),1000000,53.8736,12256776,0,0.5213,64928626,1.1709,1132.9335
String,Clustered,ARS Gen 5: Optimized Apex (Stable),1000000,61.1887,12679336,0,0.5191,65427089,1.1663,997.4908
String,Clustered,ARS Gen 6: Aero Architecture,1000000,68.2827,13331493,0,0.5231,64686607,1.1722,893.8596
String,Clustered,ARS Gen 6: Aero (Stable),1000000,79.0283,13750405,0,0.5212,65438312,1.1563,772.3202
String,Clustered,ARS Exp A: Recursive Parallel,1000000,55.8687,9434971,0,0.5234,64534321,1.1733,1092.4756
String,Clustered,ARS Exp B: Hierarchical Staging,1000000,72.6153,7913738,0,0.5299,64316194,1.1596,840.5275
String,Clustered,ARS Exp C: Adaptive Hierarchical,1000000,60.9190,8719170,0,0.5270,64491836,1.1662,1001.9072
String,Clustered,ARS Exp D: Stream Micro-Batch,1000000,426.7837,15199655,2000000,0.5418,66111453,1.1869,143.0119
String,BucketCollapse,Quicksort,1000,0.0543,10370,0,0.5138,63387264,1.2048,1123.4360
String,BucketCollapse,Timsort,1000,0.0612,10522,0,0.5138,63387733,1.2048,997.6814
String,BucketCollapse,ARS Gen 1: Foundation,1000,0.2868,0,2000,0.5138,63394409,1.2048,212.8181
String,BucketCollapse,ARS Gen 2: Grid Mapping,1000,0.3134,0,2000,0.5137,63395202,1.2048,194.7404
String,BucketCollapse,ARS Gen 3: Apex Baseline,1000,0.0544,10370,0,0.5138,63387784,1.2048,1122.1142
String,BucketCollapse,ARS Gen 4: Parallel Apex,1000,0.0569,10370,0,0.5138,63387805,1.2048,1072.1088
String,BucketCollapse,ARS Gen 5: Optimized Apex (MAIN),1000,0.0630,10370,0,0.5138,63387797,1.2048,968.7659
String,BucketCollapse,ARS Gen 5: Optimized Apex (Stable),1000,0.0687,10522,0,0.5138,63387931,1.2048,888.7407
String,BucketCollapse,ARS Gen 6: Aero Architecture,1000,0.0616,10370,0,0.5138,63387784,1.2048,990.3803
String,BucketCollapse,ARS Gen 6: Aero (Stable),1000,0.0708,10522,0,0.5138,63387917,1.2048,862.3221
String,BucketCollapse,ARS Exp A: Recursive Parallel,1000,0.0632,10370,0,0.5138,63387742,1.2048,965.9295
String,BucketCollapse,ARS Exp B: Hierarchical Staging,1000,0.0642,10370,0,0.5138,63387830,1.2048,950.5997
String,BucketCollapse,ARS Exp C: Adaptive Hierarchical,1000,0.0635,10370,0,0.5138,63387744,1.2048,960.4273
String,BucketCollapse,ARS Exp D: Stream Micro-Batch,1000,0.2360,10370,2000,0.5137,63389925,1.2048,258.6564
String,BucketCollapse,Quicksort,10000,0.7744,136866,0,0.5136,63407886,1.2049,788.2023
String,BucketCollapse,Timsort,10000,0.8366,141490,0,0.5135,63412340,1.2049,729.5480
String,BucketCollapse,ARS Gen 1: Foundation,10000,6.5318,0,30000,0.5123,63485525,1.2060,93.4432
String,BucketCollapse,ARS Gen 2: Grid Mapping,10000,6.2808,0,30000,0.5125,63491169,1.2064,97.1769
String,BucketCollapse,ARS Gen 3: Apex Baseline,10000,2.1451,193846,14351,0.5135,63429532,1.2050,284.5393
String,BucketCollapse,ARS Gen 4: Parallel Apex,10000,0.6047,67438,10000,0.5135,63423042,1.2047,1009.3694
String,BucketCollapse,ARS Gen 5: Optimized Apex (MAIN),10000,0.2170,67438,0,0.5135,63417913,1.2046,2812.9393
String,BucketCollapse,ARS Gen 5: Optimized Apex (Stable),10000,0.2561,70298,0,0.5135,63427500,1.2046,2383.1711
String,BucketCollapse,ARS Gen 6: Aero Architecture,10000,0.3535,63043,0,0.5135,63424408,1.2047,1726.5908
String,BucketCollapse,ARS Gen 6: Aero (Stable),10000,0.3659,67007,0,0.5135,63428204,1.2047,1668.0237
String,BucketCollapse,ARS Exp A: Recursive Parallel,10000,0.2470,67438,0,0.5135,63422574,1.2046,2470.7889
String,BucketCollapse,ARS Exp B: Hierarchical Staging,10000,0.2297,67438,0,0.5135,63424124,1.2046,2657.6543
String,BucketCollapse,ARS Exp C: Adaptive Hierarchical,10000,0.2295,67438,0,0.5135,63425229,1.2046,2659.0784
String,BucketCollapse,ARS Exp D: Stream Micro-Batch,10000,1.0243,67438,20000,0.5134,63421426,1.2047,595.8754
String,BucketCollapse,Quicksort,100000,11.3576,1718762,0,0.5104,63662573,1.2078,537.3933
String,BucketCollapse,Timsort,100000,14.0288,1759891,0,0.5092,63757122,1.2071,435.0711
String,BucketCollapse,ARS Gen 1: Foundation,100000,61.2009,0,300000,0.4855,64428110,1.1990,99.7293
String,BucketCollapse,ARS Gen 2: Grid Mapping,100000,61.5789,0,300000,0.4863,64488396,1.1993,99.1171
String,BucketCollapse,ARS Gen 3: Apex Baseline,100000,17.6359,1895222,108703,0.5129,63767397,1.2065,346.0857
String,BucketCollapse,ARS Gen 4: Parallel Apex,100000,4.1187,1029722,100000,0.5127,63757763,1.2040,1481.8926
String,BucketCollapse,ARS Gen 5: Optimized Apex (MAIN),100000,2.8172,1029722,0,0.5126,63716810,1.2028,2166.5215
String,BucketCollapse,ARS Gen 5: Optimized Apex (Stable),100000,3.1032,1071423,0,0.5126,63759939,1.2024,1966.8660
String,BucketCollapse,ARS Gen 6: Aero Architecture,100000,3.3280,978520,0,0.5126,63757201,1.2032,1834.0133
String,BucketCollapse,ARS Gen 6: Aero (Stable),100000,3.3863,1019338,0,0.5125,63744170,1.2028,1802.4207
String,BucketCollapse,ARS Exp A: Recursive Parallel,100000,2.9344,1029722,0,0.5125,63732728,1.2031,2080.0145
String,BucketCollapse,ARS Exp B: Hierarchical Staging,100000,3.0681,961965,0,0.5128,63754861,1.2029,1989.3671
String,BucketCollapse,ARS Exp C: Adaptive Hierarchical,100000,2.8872,1029722,0,0.5125,63730473,1.2028,2113.9920
String,BucketCollapse,ARS Exp D: Stream Micro-Batch,100000,10.5010,1029722,200000,0.5106,63707476,1.2049,581.2294
String,BucketCollapse,Quicksort,1000000,237.7766,20518628,0,0.5188,65666620,1.2266,256.6912
String,BucketCollapse,Timsort,1000000,352.5361,20902099,0,0.5109,66322494,1.2101,173.1317
String,BucketCollapse,ARS Gen 3: Apex Baseline,1000000,201.1657,21589743,1017407,0.5117,66985969,1.2041,303.4073
String,BucketCollapse,ARS Gen 4: Parallel Apex,1000000,60.2764,12256776,1000000,0.5167,66313715,1.1673,1012.5878
String,BucketCollapse,ARS Gen 5: Optimized Apex (MAIN),1000000,50.9788,12256776,0,0.5166,65787052,1.1695,1197.2661
String,BucketCollapse,ARS Gen 5: Optimized Apex (Stable),1000000,61.1549,12679336,0,0.5141,66988554,1.1564,998.0420
String,BucketCollapse,ARS Gen 6: Aero Architecture,1000000,64.0678,13331493,0,0.5172,66486806,1.1657,952.6649
String,BucketCollapse,ARS Gen 6: Aero (Stable),1000000,76.5997,13750405,0,0.5156,67011189,1.1583,796.8066
String,BucketCollapse,ARS Exp A: Recursive Parallel,1000000,53.9027,9434971,0,0.5186,65801486,1.1753,1132.3208
String,BucketCollapse,ARS Exp B: Hierarchical Staging,1000000,72.2769,7913738,0,0.5241,65891893,1.1593,844.4628
String,BucketCollapse,ARS Exp C: Adaptive Hierarchical,1000000,59.0850,8719170,0,0.5220,66148930,1.1635,1033.0055
String,BucketCollapse,ARS Exp D: Stream Micro-Batch,1000000,459.4248,15151080,2000000,0.5340,67899240,1.1816,132.8512
String,LowCardinality,Quicksort,1000,0.0360,5636,0,0.5076,65441166,1.1983,1694.8561
String,LowCardinality,Timsort,1000,0.0510,5782,0,0.5076,65441577,1.1983,1197.8952
String,LowCardinality,ARS Gen 1: Foundation,1000,0.1693,984,2000,0.5076,65443241,1.1983,360.5063
String,LowCardinality,ARS Gen 2: Grid Mapping,1000,0.1604,984,2000,0.5076,65443266,1.1983,380.6276
String,LowCardinality,ARS Gen 3: Apex Baseline,1000,0.0437,5636,0,0.5076,65441659,1.1983,1395.5039
String,LowCardinality,ARS Gen 4: Parallel Apex,1000,0.0516,5636,0,0.5076,65441718,1.1983,1182.8519
String,LowCardinality,ARS Gen 5: Optimized Apex (MAIN),1000,0.0356,5636,0,0.5076,65441640,1.1983,1714.7115
String,LowCardinality,ARS Gen 5: Optimized Apex (Stable),1000,0.0479,5782,0,0.5076,65441729,1.1983,1273.7949
String,LowCardinality,ARS Gen 6: Aero Architecture,1000,0.0426,5636,0,0.5076,65441694,1.1983,1433.8272
String,LowCardinality,ARS Gen 6: Aero (Stable),1000,0.0561,5782,0,0.5076,65441903,1.1983,1088.0483
String,LowCardinality,ARS Exp A: Recursive Parallel,1000,0.0506,5636,0,0.5076,65441632,1.1983,1207.3498
String,LowCardinality,ARS Exp B: Hierarchical Staging,1000,0.0413,5636,0,0.5076,65441528,1.1983,1476.9548
String,LowCardinality,ARS Exp C: Adaptive Hierarchical,1000,0.0426,5636,0,0.5076,65441701,1.1983,1432.6156
String,LowCardinality,ARS Exp D: Stream Micro-Batch,1000,0.2917,5636,2000,0.5076,65443397,1.1983,209.2624
String,LowCardinality,Quicksort,10000,0.3793,53113,0,0.5074,65455802,1.1983,1609.2077
String,LowCardinality,Timsort,10000,0.4288,54714,0,0.5074,65455733,1.1982,1423.3414
String,LowCardinality,ARS Gen 1: Foundation,10000,1.7113,9984,30000,0.5072,65476078,1.1985,356.6571
String,LowCardinality,ARS Gen 2: Grid Mapping,10000,1.7221,9984,30000,0.5072,65476122,1.1986,354.4300
String,LowCardinality,ARS Gen 3: Apex Baseline,10000,1.9321,122389,14351,0.5074,65473107,1.1985,315.9076
String,LowCardinality,ARS Gen 4: Parallel Apex,10000,0.8287,14075,10000,0.5074,65453054,1.1982,736.5151
String,LowCardinality,ARS Gen 5: Optimized Apex (MAIN),10000,0.3176,14075,0,0.5074,65451938,1.1981,1921.6529
String,LowCardinality,ARS Gen 5: Optimized Apex (Stable),10000,0.2025,14094,0,0.5074,65451045,1.1981,3013.5460
String,LowCardinality,ARS Gen 6: Aero Architecture,10000,0.4139,12021,0,0.5074,65452639,1.1982,1474.5890
String,LowCardinality,ARS Gen 6: Aero (Stable),10000,0.3834,12028,0,0.5074,65452775,1.1982,1591.8117
String,LowCardinality,ARS Exp A: Recursive Parallel,10000,0.2500,14075,0,0.5074,65450300,1.1982,2440.9669
String,LowCardinality,ARS Exp B: Hierarchical Staging,10000,0.2582,14075,0,0.5074,65451770,1.1981,2363.6882
String,LowCardinality,ARS Exp C: Adaptive Hierarchical,10000,0.1597,14075,0,0.5074,65450922,1.1982,3822.7489
String,LowCardinality,ARS Exp D: Stream Micro-Batch,10000,1.3195,14075,20000,0.5072,65460567,1.1983,462.5642
String,LowCardinality,Quicksort,100000,3.9644,516589,0,0.5057,65580889,1.1987,1539.5738
String,LowCardinality,Timsort,100000,4.8628,529550,0,0.5051,65576035,1.1984,1255.1430
String,LowCardinality,ARS Gen 1: Foundation,100000,16.9087,99984,300000,0.5060,65773714,1.1999,360.9683
String,LowCardinality,ARS Gen 2: Grid Mapping,100000,18.0480,99984,300000,0.5060,65777180,1.1997,338.1831
String,LowCardinality,ARS Gen 3: Apex Baseline,100000,16.4479,1144965,108703,0.5071,65646514,1.2002,371.0811
String,LowCardinality,ARS Gen 4: Parallel Apex,100000,3.7609,151083,100000,0.5073,65485472,1.1973,1622.9038
String,LowCardinality,ARS Gen 5: Optimized Apex (MAIN),100000,1.6817,151083,0,0.5072,65475947,1.1964,3629.4696
String,LowCardinality,ARS Gen 5: Optimized Apex (Stable),100000,1.8137,151309,0,0.5072,65479276,1.1961,3365.2215
String,LowCardinality,ARS Gen 6: Aero Architecture,100000,2.1475,99990,0,0.5070,65501491,1.1969,2842.1506
String,LowCardinality,ARS Gen 6: Aero (Stable),100000,2.1232,99990,0,0.5071,65500707,1.1970,2874.6817
String,LowCardinality,ARS Exp A: Recursive Parallel,100000,2.2730,200008,0,0.5067,65484187,1.1963,2685.1786
String,LowCardinality,ARS Exp B: Hierarchical Staging,100000,2.1626,200008,0,0.5066,65472502,1.1965,2822.3541
String,LowCardinality,ARS Exp C: Adaptive Hierarchical,100000,1.8063,100024,0,0.5071,65477306,1.1963,3379.1053
String,LowCardinality,ARS Exp D: Stream Micro-Batch,100000,8.9128,151083,200000,0.5055,65538302,1.1977,684.8045
String,LowCardinality,Quicksort,1000000,90.2890,5202060,0,0.5181,66611832,1.1996,675.9975
String,LowCardinality,Timsort,1000000,146.0285,6111262,0,0.5195,66744868,1.1938,417.9675
String,LowCardinality,ARS Gen 3: Apex Baseline,1000000,160.5129,12085476,1017407,0.5096,67402363,1.2109,380.2508
String,LowCardinality,ARS Gen 4: Parallel Apex,1000000,30.8004,999988,1000000,0.5125,65551380,1.1837,1981.6352
String,LowCardinality,ARS Gen 5: Optimized Apex (MAIN),1000000,24.5487,999988,0,0.5115,65552844,1.1801,2486.2879
String,LowCardinality,ARS Gen 5: Optimized Apex (Stable),1000000,21.7746,999988,0,0.5111,65615117,1.1786,2803.0388
String,LowCardinality,ARS Gen 6: Aero Architecture,1000000,25.9003,999988,0,0.5121,65865065,1.1830,2356.5389
String,LowCardinality,ARS Gen 6: Aero (Stable),1000000,25.1306,999988,0,0.5113,65866179,1.1840,2428.7170
String,LowCardinality,ARS Exp A: Recursive Parallel,1000000,33.8194,1999972,0,0.5129,65610744,1.1742,1804.7390
String,LowCardinality,ARS Exp B: Hierarchical Staging,1000000,39.5011,1999976,0,0.5147,65611281,1.1750,1545.1505
String,LowCardinality,ARS Exp C: Adaptive Hierarchical,1000000,36.5192,1999976,0,0.5137,65620392,1.1729,1671.3177
String,LowCardinality,ARS Exp D: Stream Micro-Batch,1000000,322.8942,5709060,2000000,0.5328,66640133,1.1839,189.0253
String,PrefixCollision,Quicksort,1000,0.0574,10308,0,0.5067,65603643,1.1902,1063.5897
String,PrefixCollision,Timsort,1000,0.0672,10658,0,0.5067,65603981,1.1902,908.8969
String,PrefixCollision,ARS Gen 1: Foundation,1000,0.1358,10308,2000,0.5066,65604640,1.1902,449.3695
String,PrefixCollision,ARS Gen 2: Grid Mapping,1000,0.1402,10308,2000,0.5066,65604660,1.1902,435.3373
String,PrefixCollision,ARS Gen 3: Apex Baseline,1000,0.0541,10308,0,0.5067,65603648,1.1902,1127.3995
String,PrefixCollision,ARS Gen 4: Parallel Apex,1000,0.0578,10308,0,0.5067,65603624,1.1902,1055.2230
String,PrefixCollision,ARS Gen 5: Optimized Apex (MAIN),1000,0.0534,10308,0,0.5067,65603601,1.1902,1142.3387
String,PrefixCollision,ARS Gen 5: Optimized Apex (Stable),1000,0.0631,10658,0,0.5067,65603963,1.1902,967.0314
String,PrefixCollision,ARS Gen 6: Aero Architecture,1000,0.0538,10308,0,0.5067,65603630,1.1902,1134.9044
String,PrefixCollision,ARS Gen 6: Aero (Stable),1000,0.0641,10658,0,0.5067,65604020,1.1902,951.6669
String,PrefixCollision,ARS Exp A: Recursive Parallel,1000,0.0524,10308,0,0.5067,65603627,1.1902,1163.9268
String,PrefixCollision,ARS Exp B: Hierarchical Staging,1000,0.0533,10308,0,0.5067,65603609,1.1902,1144.6310
String,PrefixCollision,ARS Exp C: Adaptive Hierarchical,1000,0.0548,10308,0,0.5067,65603627,1.1902,1113.2927
String,PrefixCollision,ARS Exp D: Stream Micro-Batch,1000,0.2323,10308,2000,0.5066,65605556,1.1902,262.7451
String,PrefixCollision,Quicksort,10000,0.7619,138349,0,0.5063,65614803,1.1903,801.0599
String,PrefixCollision,Timsort,10000,0.9218,142268,0,0.5062,65617676,1.1903,662.1230
String,PrefixCollision,ARS Gen 1: Foundation,10000,2.3779,138349,30000,0.5059,65626756,1.1905,256.6779
String,PrefixCollision,ARS Gen 2: Grid Mapping,10000,2.4490,138349,30000,0.5059,65626796,1.1905,249.2209
String,PrefixCollision,ARS Gen 3: Apex Baseline,10000,2.3686,193925,14351,0.5062,65627879,1.1904,257.6897
String,PrefixCollision,ARS Gen 4: Parallel Apex,10000,1.5050,138355,10000,0.5062,65622517,1.1903,405.5414
String,PrefixCollision,ARS Gen 5: Optimized Apex (MAIN),10000,0.9035,138355,0,0.5061,65620950,1.1903,675.5234
String,PrefixCollision,ARS Gen 5: Optimized Apex (Stable),10000,1.0839,142274,0,0.5061,65623575,1.1903,563.0960
String,PrefixCollision,ARS Gen 6: Aero Architecture,10000,0.9825,138355,0,0.5061,65619540,1.1903,621.2078
String,PrefixCollision,ARS Gen 6: Aero (Stable),10000,1.3596,142274,0,0.5060,65623484,1.1903,448.9299
String,PrefixCollision,ARS Exp A: Recursive Parallel,10000,0.8208,138355,0,0.5062,65617961,1.1903,743.6392
String,PrefixCollision,ARS Exp B: Hierarchical Staging,10000,0.8972,138355,0,0.5061,65620963,1.1903,680.2788
String,PrefixCollision,ARS Exp C: Adaptive Hierarchical,10000,0.9282,138355,0,0.5061,65620842,1.1903,657.5711
String,PrefixCollision,ARS Exp D: Stream Micro-Batch,10000,1.9648,138355,20000,0.5059,65630263,1.1904,310.6459
String,PrefixCollision,Quicksort,100000,15.0778,1715173,0,0.5041,65709159,1.1918,404.8002
String,PrefixCollision,Timsort,100000,18.3474,1762853,0,0.5037,65735222,1.1912,332.6641
String,PrefixCollision,ARS Gen 1: Foundation,100000,46.6374,1715173,300000,0.5034,65804016,1.1899,130.8717
String,PrefixCollision,ARS Gen 2: Grid Mapping,100000,47.2692,1715173,300000,0.5038,65804084,1.1896,129.1224
String,PrefixCollision,ARS Gen 3: Apex Baseline,100000,20.9517,1895407,108703,0.5064,65767912,1.1900,291.3134
String,PrefixCollision,ARS Gen 4: Parallel Apex,100000,19.8683,1715179,100000,0.5039,65720530,1.1902,307.1994
String,PrefixCollision,ARS Gen 5: Optimized Apex (MAIN),100000,21.1611,1715179,0,0.5046,65718746,1.1889,288.4312
String,PrefixCollision,ARS Gen 5: Optimized Apex (Stable),100000,28.4875,1762859,0,0.5044,65744719,1.1874,214.2525
String,PrefixCollision,ARS Gen 6: Aero Architecture,100000,21.4689,1715179,0,0.5044,65718054,1.1882,284.2960
String,PrefixCollision,ARS Gen 6: Aero (Stable),100000,29.3845,1762859,0,0.5041,65743094,1.1864,207.7124
String,PrefixCollision,ARS Exp A: Recursive Parallel,100000,21.0974,1715179,0,0.5044,65714691,1.1895,289.3013
String,PrefixCollision,ARS Exp B: Hierarchical Staging,100000,19.2777,1715179,0,0.5044,65714104,1.1898,316.6099
String,PrefixCollision,ARS Exp C: Adaptive Hierarchical,100000,20.3261,1715179,0,0.5044,65715455,1.1896,300.2794
String,PrefixCollision,ARS Exp D: Stream Micro-Batch,100000,33.8561,1715179,200000,0.5026,65792089,1.1901,180.2780
String,PrefixCollision,Quicksort,1000000,516.4510,20523276,0,0.5281,66577971,1.1705,118.1819
String,PrefixCollision,Timsort,1000000,724.3977,20914644,0,0.5237,66833480,1.1404,84.2564
String,PrefixCollision,ARS Gen 3: Apex Baseline,1000000,249.8929,21586854,1017407,0.5063,66935214,1.1693,244.2453
String,PrefixCollision,ARS Gen 4: Parallel Apex,1000000,499.7024,20523280,1000000,0.5297,66587547,1.1678,122.1430
String,PrefixCollision,ARS Gen 5: Optimized Apex (MAIN),1000000,470.2206,20523280,0,0.5301,66591311,1.1681,129.8011
String,PrefixCollision,ARS Gen 5: Optimized Apex (Stable),1000000,621.3698,20914648,0,0.5248,66853274,1.1505,98.2268
String,PrefixCollision,ARS Gen 6: Aero Architecture,1000000,463.6987,20523280,0,0.5326,66588354,1.1618,131.6268
String,PrefixCollision,ARS Gen 6: Aero (Stable),1000000,639.5437,20914648,0,0.5273,66839708,1.1412,95.4355
String,PrefixCollision,ARS Exp A: Recursive Parallel,1000000,449.3376,20523280,0,0.5289,66586050,1.1753,135.8336
String,PrefixCollision,ARS Exp B: Hierarchical Staging,1000000,437.7380,20523280,0,0.5292,66583473,1.1769,139.4331
String,PrefixCollision,ARS Exp C: Adaptive Hierarchical,1000000,485.8851,20523280,0,0.5304,66589301,1.1692,125.6164
String,PrefixCollision,ARS Exp D: Stream Micro-Batch,1000000,659.2443,21960826,2000000,0.5578,68379773,1.1200,92.5835
Custom,Random,Quicksort,1000,0.0211,10378,0,0.6288,73006715,1.0713,2165.6984
Custom,Random,Timsort,1000,0.0282,10965,0,0.6288,73007585,1.0713,1623.0452
Custom,Random,ARS Gen 1: Foundation,1000,0.2062,0,2000,0.6288,73013804,1.0714,221.9708
Custom,Random,ARS Gen 2: Grid Mapping,1000,0.2497,0,2000,0.6288,73014541,1.0714,183.3078
Custom,Random,ARS Gen 3: Apex Baseline,1000,0.0237,10378,0,0.6288,73006723,1.0713,1935.2485
Custom,Random,ARS Gen 4: Parallel Apex,1000,0.0198,10378,0,0.6288,73006734,1.0713,2311.1207
Custom,Random,ARS Gen 5: Optimized Apex (MAIN),1000,0.0238,10378,0,0.6288,73006695,1.0713,1923.7809
Custom,Random,ARS Gen 5: Optimized Apex (Stable),1000,0.0271,10965,0,0.6288,73007585,1.0713,1686.8617
Custom,Random,ARS Gen 6: Aero Architecture,1000,0.0202,10378,0,0.6288,73006736,1.0713,2271.4418
Custom,Random,ARS Gen 6: Aero (Stable),1000,0.0290,10965,0,0.6288,73007583,1.0713,1580.0210
Custom,Random,ARS Exp A: Recursive Parallel,1000,0.0189,10378,0,0.6288,73006708,1.0713,2419.8534
Custom,Random,ARS Exp B: Hierarchical Staging,1000,0.0189,10378,0,0.6288,73006717,1.0713,2416.1494
Custom,Random,ARS Exp C: Adaptive Hierarchical,1000,0.0189,10378,0,0.6288,73006700,1.0713,2420.1093
Custom,Random,ARS Exp D: Stream Micro-Batch,1000,0.1123,10378,2000,0.6288,73007371,1.0713,407.5023
Custom,Random,Quicksort,10000,0.2279,138485,0,0.6287,73017439,1.0714,2008.3168
Custom,Random,Timsort,10000,0.3263,142802,0,0.6287,73026199,1.0713,1402.7459
Custom,Random,ARS Gen 1: Foundation,10000,4.5812,0,30000,0.6284,73105809,1.0725,99.9229
Custom,Random,ARS Gen 2: Grid Mapping,10000,4.6314,0,30000,0.6283,73110542,1.0726,98.8399
Custom,Random,ARS Gen 3: Apex Baseline,10000,0.3590,194235,14351,0.6286,73031875,1.0713,1275.1717
Custom,Random,ARS Gen 4: Parallel Apex,10000,0.2215,53078,10000,0.6286,73032133,1.0713,2066.7185
Custom,Random,ARS Gen 5: Optimized Apex (MAIN),10000,0.1367,53078,0,0.6286,73024453,1.0713,3349.0410
Custom,Random,ARS Gen 5: Optimized Apex (Stable),10000,0.1434,57974,0,0.6286,73030343,1.0713,3191.2806
Custom,Random,ARS Gen 6: Aero Architecture,10000,0.1720,60130,0,0.6286,73027001,1.0713,2661.0454
Custom,Random,ARS Gen 6: Aero (Stable),10000,0.2040,62739,0,0.6286,73029744,1.0713,2244.2476
Custom,Random,ARS Exp A: Recursive Parallel,10000,0.1557,53078,0,0.6286,73023932,1.0713,2939.6211
Custom,Random,ARS Exp B: Hierarchical Staging,10000,0.1353,53078,0,0.6286,73024258,1.0713,3383.4986
Custom,Random,ARS Exp C: Adaptive Hierarchical,10000,0.1395,53078,0,0.6286,73024387,1.0713,3280.3313
Custom,Random,ARS Exp D: Stream Micro-Batch,10000,0.3031,53078,20000,0.6286,73026686,1.0712,1510.4472
Custom,Random,Quicksort,100000,2.8884,1716233,0,0.6282,73143207,1.0723,1584.8101
Custom,Random,Timsort,100000,4.2874,1759914,0,0.6277,73227253,1.0720,1067.7008
Custom,Random,ARS Gen 1: Foundation,100000,36.2260,0,300000,0.6079,74035344,1.0683,126.3633
Custom,Random,ARS Gen 2: Grid Mapping,100000,39.9398,0,300000,0.6058,74093630,1.0672,114.6134
Custom,Random,ARS Gen 3: Apex Baseline,100000,2.7603,1895170,108703,0.6281,73224097,1.0716,1658.4030
Custom,Random,ARS Gen 4: Parallel Apex,100000,1.5102,891495,100000,0.6284,73221704,1.0710,3031.2002
Custom,Random,ARS Gen 5: Optimized Apex (MAIN),100000,1.3711,891495,0,0.6284,73158794,1.0704,3338.6770
Custom,Random,ARS Gen 5: Optimized Apex (Stable),100000,1.5313,927102,0,0.6284,73244015,1.0702,2989.3814
Custom,Random,ARS Gen 6: Aero Architecture,100000,1.5278,954799,0,0.6282,73167704,1.0704,2996.2728
Custom,Random,ARS Gen 6: Aero (Stable),100000,1.6127,993233,0,0.6282,73252650,1.0705,2838.5716
Custom,Random,ARS Exp A: Recursive Parallel,100000,1.5379,891495,0,0.6283,73157285,1.0705,2976.4884
Custom,Random,ARS Exp B: Hierarchical Staging,100000,1.5431,780845,0,0.6283,73152430,1.0705,2966.4429
Custom,Random,ARS Exp C: Adaptive Hierarchical,100000,1.4288,891495,0,0.6283,73158143,1.0704,3203.7927
Custom,Random,ARS Exp D: Stream Micro-Batch,100000,1.7953,891495,200000,0.6282,73161278,1.0708,2549.7623
Custom,Random,Quicksort,1000000,40.2107,20512439,0,0.6243,74208393,1.0827,1138.4134
Custom,Random,Timsort,1000000,72.0129,20899150,0,0.6192,75048093,1.0773,635.6693
Custom,Random,ARS Gen 3: Apex Baseline,1000000,34.6545,21596717,1017407,0.6254,74871405,1.0742,1320.9352
Custom,Random,ARS Gen 4: Parallel Apex,1000000,18.6010,10310056,1000000,0.6285,74807500,1.0628,2460.9574
Custom,Random,ARS Gen 5: Optimized Apex (MAIN),1000000,17.3425,10310056,0,0.6285,74226945,1.0623,2639.5442
Custom,Random,ARS Gen 5: Optimized Apex (Stable),1000000,18.5413,10709205,0,0.6282,75099478,1.0603,2468.8891
Custom,Random,ARS Gen 6: Aero Architecture,1000000,16.8641,13007245,0,0.6279,74346282,1.0630,2714.4264
Custom,Random,ARS Gen 6: Aero (Stable),1000000,19.2630,13425517,0,0.6271,75213730,1.0614,2376.3875
Custom,Random,ARS Exp A: Recursive Parallel,1000000,18.8418,10310056,0,0.6282,74218464,1.0619,2429.5090
Custom,Random,ARS Exp B: Hierarchical Staging,1000000,20.3380,11367051,0,0.6288,74215360,1.0627,2250.7833
Custom,Random,ARS Exp C: Adaptive Hierarchical,1000000,20.5970,12398342,0,0.6287,74227317,1.0660,2222.4732
Custom,Random,ARS Exp D: Stream Micro-Batch,1000000,44.0335,12262435,2000000,0.6294,75786416,1.0596,1039.5793
Custom,Gaussian,Quicksort,1000,0.0244,10308,0,0.6291,75464976,1.0530,1875.0816
Custom,Gaussian,Timsort,1000,0.0342,10818,0,0.6291,75465787,1.0530,1339.8223
Custom,Gaussian,ARS Gen 1: Foundation,1000,0.2105,458,2000,0.6291,75473078,1.0531,217.4505
Custom,Gaussian,ARS Gen 2: Grid Mapping,1000,0.2317,458,2000,0.6291,75473592,1.0531,197.6032
Custom,Gaussian,ARS Gen 3: Apex Baseline,1000,0.0242,10308,0,0.6291,75464962,1.0530,1888.7757
Custom,Gaussian,ARS Gen 4: Parallel Apex,1000,0.0245,10308,0,0.6291,75464973,1.0530,1865.7578
Custom,Gaussian,ARS Gen 5: Optimized Apex (MAIN),1000,0.0243,10308,0,0.6291,75464951,1.0530,1886.0520
Custom,Gaussian,ARS Gen 5: Optimized Apex (Stable),1000,0.0343,10818,0,0.6291,75465780,1.0530,1334.9382
Custom,Gaussian,ARS Gen 6: Aero Architecture,1000,0.0243,10308,0,0.6291,75464971,1.0530,1883.2586
Custom,Gaussian,ARS Gen 6: Aero (Stable),1000,0.0340,10818,0,0.6291,75465818,1.0530,1345.0582
Custom,Gaussian,ARS Exp A: Recursive Parallel,1000,0.0250,10308,0,0.6291,75464940,1.0530,1833.1812
Custom,Gaussian,ARS Exp B: Hierarchical Staging,1000,0.0242,10308,0,0.6291,75464942,1.0530,1893.0717
Custom,Gaussian,ARS Exp C: Adaptive Hierarchical,1000,0.0245,10308,0,0.6291,75464957,1.0530,1870.1788
Custom,Gaussian,ARS Exp D: Stream Micro-Batch,1000,0.1300,10308,2000,0.6291,75465582,1.0530,352.0609
Custom,Gaussian,Quicksort,10000,0.3011,135501,0,0.6291,75475717,1.0531,1520.3751
Custom,Gaussian,Timsort,10000,0.3991,140463,0,0.6290,75483939,1.0530,1147.1250
Custom,Gaussian,ARS Gen 1: Foundation,10000,1.4649,53061,30000,0.6289,75565990,1.0531,312.4773
Custom,Gaussian,ARS Gen 2: Grid Mapping,10000,1.5337,53088,30000,0.6289,75568353,1.0531,298.4678
Custom,Gaussian,ARS Gen 3: Apex Baseline,10000,0.4407,191553,14351,0.6290,75489444,1.0530,1038.6770
Custom,Gaussian,ARS Gen 4: Parallel Apex,10000,0.2568,59910,10000,0.6290,75489855,1.0530,1782.5549
Custom,Gaussian,ARS Gen 5: Optimized Apex (MAIN),10000,0.1620,59910,0,0.6290,75482860,1.0530,2825.0739
Custom,Gaussian,ARS Gen 5: Optimized Apex (Stable),10000,0.1745,62899,0,0.6290,75490119,1.0530,2623.7536
Custom,Gaussian,ARS Gen 6: Aero Architecture,10000,0.3244,59126,0,0.6290,75485184,1.0530,1411.0043
Custom,Gaussian,ARS Gen 6: Aero (Stable),10000,0.3266,61853,0,0.6290,75492146,1.0530,1401.7579
Custom,Gaussian,ARS Exp A: Recursive Parallel,10000,0.1762,59910,0,0.6290,75482356,1.0530,2598.7151
Custom,Gaussian,ARS Exp B: Hierarchical Staging,10000,0.1665,59910,0,0.6290,75482907,1.0530,2749.0342
Custom,Gaussian,ARS Exp C: Adaptive Hierarchical,10000,0.1711,59910,0,0.6290,75483018,1.0530,2675.8695
Custom,Gaussian,ARS Exp D: Stream Micro-Batch,10000,0.3583,59910,20000,0.6290,75486360,1.0529,1277.4242
Custom,Gaussian,Quicksort,100000,2.5217,1420515,0,0.6286,75540085,1.0539,1815.2936
Custom,Gaussian,Timsort,100000,3.5041,1424196,0,0.6280,75564381,1.0538,1306.3637
Custom,Gaussian,ARS Gen 1: Foundation,100000,11.0249,1360088,300000,0.6277,76403257,1.0533,415.2089
Custom,Gaussian,ARS Gen 2: Grid Mapping,100000,10.6110,1360044,300000,0.6278,76425845,1.0532,431.4046
Custom,Gaussian,ARS Gen 3: Apex Baseline,100000,3.1438,1616363,108703,0.6285,75571405,1.0534,1456.0724
Custom,Gaussian,ARS Gen 4: Parallel Apex,100000,1.4579,713263,100000,0.6287,75568477,1.0529,3139.8559
Custom,Gaussian,ARS Gen 5: Optimized Apex (MAIN),100000,1.2914,713263,0,0.6287,75557019,1.0526,3544.7525
Custom,Gaussian,ARS Gen 5: Optimized Apex (Stable),100000,1.5005,718641,0,0.6287,75584115,1.0525,3050.6514
Custom,Gaussian,ARS Gen 6: Aero Architecture,100000,1.4924,681503,0,0.6286,75566970,1.0528,3067.3399
Custom,Gaussian,ARS Gen 6: Aero (Stable),100000,1.7498,688539,0,0.6286,75597152,1.0527,2616.0585
Custom,Gaussian,ARS Exp A: Recursive Parallel,100000,1.4430,713263,0,0.6287,75557423,1.0525,3172.2263
Custom,Gaussian,ARS Exp B: Hierarchical Staging,100000,1.5313,609629,0,0.6287,75550580,1.0526,2989.3580
Custom,Gaussian,ARS Exp C: Adaptive Hierarchical,100000,1.4889,713263,0,0.6287,75556144,1.0525,3074.4699
Custom,Gaussian,ARS Exp D: Stream Micro-Batch,100000,1.8970,713263,200000,0.6287,75559975,1.0523,2413.0494
Custom,Gaussian,Quicksort,1000000,25.4975,13518116,0,0.6248,75607451,1.0617,1795.3303
Custom,Gaussian,Timsort,1000000,51.9900,14666956,0,0.6197,75712012,1.0581,880.4842
Custom,Gaussian,ARS Gen 3: Apex Baseline,1000000,32.1967,14952891,1017407,0.6261,75714765,1.0550,1421.7719
Custom,Gaussian,ARS Gen 4: Parallel Apex,1000000,16.0178,4752528,1000000,0.6294,75647207,1.0425,2857.8399
Custom,Gaussian,ARS Gen 5: Optimized Apex (MAIN),1000000,15.5042,4752528,0,0.6295,75627926,1.0420,2952.5048
Custom,Gaussian,ARS Gen 5: Optimized Apex (Stable),1000000,17.2348,4776632,0,0.6287,75710395,1.0431,2656.0401
Custom,Gaussian,ARS Gen 6: Aero Architecture,1000000,15.1745,6246227,0,0.6285,75753643,1.0480,3016.6542
Custom,Gaussian,ARS Gen 6: Aero (Stable),1000000,18.0824,6276231,0,0.6269,75824102,1.0443,2531.5385
Custom,Gaussian,ARS Exp A: Recursive Parallel,1000000,15.8805,4706394,0,0.6291,75635050,1.0446,2882.5455
Custom,Gaussian,ARS Exp B: Hierarchical Staging,1000000,21.8996,2307619,0,0.6284,75641356,1.0444,2090.2856
Custom,Gaussian,ARS Exp C: Adaptive Hierarchical,1000000,22.3391,2550221,0,0.6289,75645674,1.0414,2049.1549
Custom,Gaussian,ARS Exp D: Stream Micro-Batch,1000000,44.7331,11446691,2000000,0.6293,75981499,1.0443,1023.3219
Custom,NearlySorted,Quicksort,1000,0.0238,9427,0,0.6296,76282907,1.0448,1926.5337
Custom,NearlySorted,Timsort,1000,0.0275,9314,0,0.6296,76283163,1.0448,1662.6604
Custom,NearlySorted,ARS Gen 1: Foundation,1000,0.1317,9547,2000,0.6296,76287235,1.0448,347.6334
Custom,NearlySorted,ARS Gen 2: Grid Mapping,1000,0.1393,9540,2000,0.6296,76287013,1.0448,328.7328
Custom,NearlySorted,ARS Gen 3: Apex Baseline,1000,0.0239,9427,0,0.6296,76282925,1.0448,1916.0507
Custom,NearlySorted,ARS Gen 4: Parallel Apex,1000,0.0240,9427,0,0.6296,76282879,1.0448,1907.8256
Custom,NearlySorted,ARS Gen 5: Optimized Apex (MAIN),1000,0.0243,9427,0,0.6296,76282901,1.0448,1884.2664
Custom,NearlySorted,ARS Gen 5: Optimized Apex (Stable),1000,0.0283,9314,0,0.6296,76283157,1.0448,1614.8006
Custom,NearlySorted,ARS Gen 6: Aero Architecture,1000,0.0237,9427,0,0.6296,76282894,1.0448,1930.1892
Custom,NearlySorted,ARS Gen 6: Aero (Stable),1000,0.0280,9314,0,0.6296,76283138,1.0448,1634.9286
Custom,NearlySorted,ARS Exp A: Recursive Parallel,1000,0.0239,9427,0,0.6296,76282929,1.0448,1918.2185
Custom,NearlySorted,ARS Exp B: Hierarchical Staging,1000,0.0240,9427,0,0.6296,76282910,1.0448,1909.5765
Custom,NearlySorted,ARS Exp C: Adaptive Hierarchical,1000,0.0237,9427,0,0.6296,76282883,1.0448,1927.9130
Custom,NearlySorted,ARS Exp D: Stream Micro-Batch,1000,0.1429,9427,2000,0.6296,76283556,1.0448,320.2555
Custom,NearlySorted,Quicksort,10000,0.2554,133978,0,0.6295,76292124,1.0449,1792.0805
Custom,NearlySorted,Timsort,10000,0.2958,128297,0,0.6295,76294216,1.0448,1547.7643
Custom,NearlySorted,ARS Gen 1: Foundation,10000,1.0444,126223,30000,0.6294,76329180,1.0450,438.2879
Custom,NearlySorted,ARS Gen 2: Grid Mapping,10000,1.0388,126108,30000,0.6294,76325636,1.0450,440.6493
Custom,NearlySorted,ARS Gen 3: Apex Baseline,10000,0.4114,183316,14351,0.6295,76299507,1.0448,1112.7568
Custom,NearlySorted,ARS Gen 4: Parallel Apex,10000,0.2272,42006,10000,0.6295,76300324,1.0448,2014.5034
Custom,NearlySorted,ARS Gen 5: Optimized Apex (MAIN),10000,0.1458,42006,0,0.6295,76296838,1.0448,3138.6783
Custom,NearlySorted,ARS Gen 5: Optimized Apex (Stable),10000,0.1459,34856,0,0.6295,76296873,1.0448,3138.3770
Custom,NearlySorted,ARS Gen 6: Aero Architecture,10000,0.2960,48982,0,0.6294,76300675,1.0448,1546.3996
Custom,NearlySorted,ARS Gen 6: Aero (Stable),10000,0.3183,42275,0,0.6294,76302928,1.0448,1438.2375
Custom,NearlySorted,ARS Exp A: Recursive Parallel,10000,0.1638,42006,0,0.6295,76296097,1.0448,2794.4794
Custom,NearlySorted,ARS Exp B: Hierarchical Staging,10000,0.1535,42006,0,0.6295,76296668,1.0448,2981.2221
Custom,NearlySorted,ARS Exp C: Adaptive Hierarchical,10000,0.1525,42006,0,0.6295,76296566,1.0448,3000.8042
Custom,NearlySorted,ARS Exp D: Stream Micro-Batch,10000,0.3545,42006,20000,0.6294,76298444,1.0448,1291.2429
Custom,NearlySorted,Quicksort,100000,3.3255,1688686,0,0.6291,76389912,1.0457,1376.5321
Custom,NearlySorted,Timsort,100000,3.9717,1619959,0,0.6286,76404732,1.0456,1152.5618
Custom,NearlySorted,ARS Gen 1: Foundation,100000,10.4116,1609619,300000,0.6287,76755969,1.0464,439.6658
Custom,NearlySorted,ARS Gen 2: Grid Mapping,100000,10.5220,1609452,300000,0.6286,76705893,1.0464,435.0532
Custom,NearlySorted,ARS Gen 3: Apex Baseline,100000,2.9726,1798628,108703,0.6291,76430998,1.0452,1539.9189
Custom,NearlySorted,ARS Gen 4: Parallel Apex,100000,1.5839,801237,100000,0.6292,76435472,1.0445,2890.1794
Custom,NearlySorted,ARS Gen 5: Optimized Apex (MAIN),100000,1.3498,801237,0,0.6292,76396100,1.0445,3391.3721
Custom,NearlySorted,ARS Gen 5: Optimized Apex (Stable),100000,1.1103,405369,0,0.6292,76371613,1.0443,4122.7417
Custom,NearlySorted,ARS Gen 6: Aero Architecture,100000,1.6031,871959,0,0.6292,76401820,1.0443,2855.4263
Custom,NearlySorted,ARS Gen 6: Aero (Stable),100000,1.4692,443409,0,0.6291,76387407,1.0444,3115.7448
Custom,NearlySorted,ARS Exp A: Recursive Parallel,100000,1.5873,801237,0,0.6292,76396589,1.0444,2883.9994
Custom,NearlySorted,ARS Exp B: Hierarchical Staging,100000,1.4624,689539,0,0.6292,76386938,1.0444,3130.3248
Custom,NearlySorted,ARS Exp C: Adaptive Hierarchical,100000,1.4832,801237,0,0.6291,76397854,1.0443,3086.3746
Custom,NearlySorted,ARS Exp D: Stream Micro-Batch,100000,1.7130,801237,200000,0.6291,76398179,1.0446,2672.3469
Custom,NearlySorted,Quicksort,1000000,40.8729,20499945,0,0.6257,77245730,1.0567,1119.9673
Custom,NearlySorted,Timsort,1000000,64.0361,19254168,0,0.6202,77269590,1.0515,714.8523
Custom,NearlySorted,ARS Gen 3: Apex Baseline,1000000,31.2616,20728167,1017407,0.6285,77607171,1.0494,1464.2988
Custom,NearlySorted,ARS Gen 4: Parallel Apex,1000000,17.6737,9491317,1000000,0.6297,77557397,1.0391,2590.0769
Custom,NearlySorted,ARS Gen 5: Optimized Apex (MAIN),1000000,16.1339,9491317,0,0.6297,77201971,1.0378,2837.2762
Custom,NearlySorted,ARS Gen 5: Optimized Apex (Stable),1000000,15.1088,4131087,0,0.6297,76897245,1.0359,3029.7902
Custom,NearlySorted,ARS Gen 6: Aero Architecture,1000000,17.2059,12332035,0,0.6294,77322949,1.0405,2660.5098
Custom,NearlySorted,ARS Gen 6: Aero (Stable),1000000,15.5069,5755621,0,0.6294,77003534,1.0378,2952.0069
Custom,NearlySorted,ARS Exp A: Recursive Parallel,1000000,18.3687,9491317,0,0.6294,77190409,1.0398,2492.0849
Custom,NearlySorted,ARS Exp B: Hierarchical Staging,1000000,19.3359,10583380,0,0.6297,77196677,1.0387,2367.4272
Custom,NearlySorted,ARS Exp C: Adaptive Hierarchical,1000000,18.7324,11681981,0,0.6295,77217692,1.0422,2443.6990
Custom,NearlySorted,ARS Exp D: Stream Micro-Batch,1000000,44.2983,14713601,2000000,0.6294,77365165,1.0381,1033.3651
Custom,Duplicates,Quicksort,1000,0.0071,3761,0,0.6291,78306482,1.0387,6474.7337
Custom,Duplicates,Timsort,1000,0.0091,3799,0,0.6291,78306555,1.0387,5051.4640
Custom,Duplicates,ARS Gen 1: Foundation,1000,0.0397,995,2000,0.6291,78307827,1.0387,1153.9582
Custom,Duplicates,ARS Gen 2: Grid Mapping,1000,0.0504,995,2000,0.6291,78308054,1.0387,908.6940
Custom,Duplicates,ARS Gen 3: Apex Baseline,1000,0.0067,3761,0,0.6291,78306483,1.0387,6811.9594
Custom,Duplicates,ARS Gen 4: Parallel Apex,1000,0.0066,3761,0,0.6291,78306481,1.0387,6911.7269
Custom,Duplicates,ARS Gen 5: Optimized Apex (MAIN),1000,0.0065,3761,0,0.6291,78306482,1.0387,7075.1727
Custom,Duplicates,ARS Gen 5: Optimized Apex (Stable),1000,0.0085,3799,0,0.6291,78306546,1.0387,5386.7224
Custom,Duplicates,ARS Gen 6: Aero Architecture,1000,0.0064,3761,0,0.6291,78306482,1.0387,7139.1714
Custom,Duplicates,ARS Gen 6: Aero (Stable),1000,0.0082,3799,0,0.6291,78306552,1.0387,5564.1628
Custom,Duplicates,ARS Exp A: Recursive Parallel,1000,0.0062,3761,0,0.6291,78306481,1.0387,7352.4522
Custom,Duplicates,ARS Exp B: Hierarchical Staging,1000,0.0061,3761,0,0.6291,78306482,1.0387,7450.5806
Custom,Duplicates,ARS Exp C: Adaptive Hierarchical,1000,0.0062,3761,0,0.6291,78306480,1.0387,7360.7280
Custom,Duplicates,ARS Exp D: Stream Micro-Batch,1000,0.1116,3761,2000,0.6291,78307003,1.0387,410.1531
Custom,Duplicates,Quicksort,10000,0.0585,36513,0,0.6291,78308539,1.0387,7823.6827
Custom,Duplicates,Timsort,10000,0.0874,36606,0,0.6291,78308763,1.0387,5238.2898
Custom,Duplicates,ARS Gen 1: Foundation,10000,0.2237,9995,30000,0.6290,78320211,1.0387,2046.6670
Custom,Duplicates,ARS Gen 2: Grid Mapping,10000,0.2752,9995,30000,0.6290,78321399,1.0387,1663.4519
Custom,Duplicates,ARS Gen 3: Apex Baseline,10000,0.3202,115165,14351,0.6290,78311120,1.0387,1429.7162
Custom,Duplicates,ARS Gen 4: Parallel Apex,10000,0.2042,10001,10000,0.6290,78314038,1.0387,2242.1920
Custom,Duplicates,ARS Gen 5: Optimized Apex (MAIN),10000,0.1287,10001,0,0.6290,78313201,1.0387,3556.9378
Custom,Duplicates,ARS Gen 5: Optimized Apex (Stable),10000,0.1299,10001,0,0.6290,78313596,1.0387,3523.3730
Custom,Duplicates,ARS Gen 6: Aero Architecture,10000,0.2637,10001,0,0.6290,78318687,1.0387,1735.6758
Custom,Duplicates,ARS Gen 6: Aero (Stable),10000,0.2858,10001,0,0.6290,78319449,1.0387,1601.5971
Custom,Duplicates,ARS Exp A: Recursive Parallel,10000,0.1325,10001,0,0.6290,78313311,1.0387,3456.0200
Custom,Duplicates,ARS Exp B: Hierarchical Staging,10000,0.1324,10001,0,0.6290,78313205,1.0387,3458.6051
Custom,Duplicates,ARS Exp C: Adaptive Hierarchical,10000,0.1376,10001,0,0.6290,78313283,1.0387,3325.6108
Custom,Duplicates,ARS Exp D: Stream Micro-Batch,10000,0.3053,10001,20000,0.6290,78315045,1.0386,1499.3799
Custom,Duplicates,Quicksort,100000,0.7016,362118,0,0.6287,78326344,1.0389,6524.7165
Custom,Duplicates,Timsort,100000,1.1588,362412,0,0.6283,78326968,1.0388,3950.4819
Custom,Duplicates,ARS Gen 1: Foundation,100000,2.4614,99995,300000,0.6287,78441628,1.0384,1859.7476
Custom,Duplicates,ARS Gen 2: Grid Mapping,100000,2.6343,99995,300000,0.6287,78456216,1.0386,1737.7236
Custom,Duplicates,ARS Gen 3: Apex Baseline,100000,3.0664,1131774,108703,0.6287,78335267,1.0388,1492.8374
Custom,Duplicates,ARS Gen 4: Parallel Apex,100000,1.0481,99999,100000,0.6288,78336570,1.0383,4367.4655
Custom,Duplicates,ARS Gen 5: Optimized Apex (MAIN),100000,1.0360,99999,0,0.6288,78337627,1.0381,4418.5213
Custom,Duplicates,ARS Gen 5: Optimized Apex (Stable),100000,0.9458,99999,0,0.6287,78336611,1.0382,4839.7989
Custom,Duplicates,ARS Gen 6: Aero Architecture,100000,0.9458,99999,0,0.6287,78390706,1.0385,4839.7682
Custom,Duplicates,ARS Gen 6: Aero (Stable),100000,0.9560,99999,0,0.6287,78390169,1.0385,4788.4181
Custom,Duplicates,ARS Exp A: Recursive Parallel,100000,1.2364,199994,0,0.6287,78341890,1.0380,3702.2926
Custom,Duplicates,ARS Exp B: Hierarchical Staging,100000,1.1579,199994,0,0.6287,78335795,1.0382,3953.2453
Custom,Duplicates,ARS Exp C: Adaptive Hierarchical,100000,1.2254,199994,0,0.6287,78343166,1.0380,3735.7393
Custom,Duplicates,ARS Exp D: Stream Micro-Batch,100000,1.4956,99999,200000,0.6286,78340690,1.0383,3060.7053
Custom,Duplicates,Quicksort,1000000,10.6552,3806932,0,0.6279,78342520,1.0400,4296.1685
Custom,Duplicates,Timsort,1000000,31.4007,4710561,0,0.6264,78344427,1.0383,1457.8148
Custom,Duplicates,ARS Gen 3: Apex Baseline,1000000,28.2722,12059635,1017407,0.6288,78408845,1.0400,1619.1288
Custom,Duplicates,ARS Gen 4: Parallel Apex,1000000,13.9690,1000001,1000000,0.6295,78358731,1.0297,3276.9946
Custom,Duplicates,ARS Gen 5: Optimized Apex (MAIN),1000000,14.5627,1000001,0,0.6295,78358372,1.0318,3143.3964
Custom,Duplicates,ARS Gen 5: Optimized Apex (Stable),1000000,14.2311,1000001,0,0.6295,78358328,1.0330,3216.6429
Custom,Duplicates,ARS Gen 6: Aero Architecture,1000000,12.5829,1000001,0,0.6295,78912537,1.0329,3637.9791
Custom,Duplicates,ARS Gen 6: Aero (Stable),1000000,12.4325,1000001,0,0.6295,78912427,1.0333,3682.0043
Custom,Duplicates,ARS Exp A: Recursive Parallel,1000000,17.3534,1999996,0,0.6296,78366183,1.0295,2637.8899
Custom,Duplicates,ARS Exp B: Hierarchical Staging,1000000,16.7135,1999996,0,0.6297,78356095,1.0290,2738.8853
Custom,Duplicates,ARS Exp C: Adaptive Hierarchical,1000000,17.1420,1999996,0,0.6295,78369577,1.0310,2670.4140
Custom,Duplicates,ARS Exp D: Stream Micro-Batch,1000000,43.9629,5365482,2000000,0.6292,78410142,1.0281,1041.2503
Custom,Zipfian,Quicksort,1000,0.0121,5226,0,0.6297,78440984,1.0257,3781.2958
Custom,Zipfian,Timsort,1000,0.0160,5250,0,0.6297,78441209,1.0257,2861.5595
Custom,Zipfian,ARS Gen 1: Foundation,1000,0.0483,4636,2000,0.6297,78441952,1.0257,947.3978
Custom,Zipfian,ARS Gen 2: Grid Mapping,1000,0.0586,4636,2000,0.6297,78441989,1.0257,780.9135
Custom,Zipfian,ARS Gen 3: Apex Baseline,1000,0.0114,5226,0,0.6297,78441005,1.0257,4001.0810
Custom,Zipfian,ARS Gen 4: Parallel Apex,1000,0.0121,5226,0,0.6297,78440997,1.0257,3790.0619
Custom,Zipfian,ARS Gen 5: Optimized Apex (MAIN),1000,0.0109,5226,0,0.6297,78440972,1.0257,4184.6940
Custom,Zipfian,ARS Gen 5: Optimized Apex (Stable),1000,0.0143,5250,0,0.6297,78441228,1.0257,3192.6606
Custom,Zipfian,ARS Gen 6: Aero Architecture,1000,0.0106,5226,0,0.6297,78440994,1.0257,4325.8710
Custom,Zipfian,ARS Gen 6: Aero (Stable),1000,0.0139,5250,0,0.6297,78441227,1.0257,3289.4774
Custom,Zipfian,ARS Exp A: Recursive Parallel,1000,0.0099,5226,0,0.6297,78440985,1.0257,4622.9415
Custom,Zipfian,ARS Exp B: Hierarchical Staging,1000,0.0097,5226,0,0.6297,78440987,1.0257,4728.4751
Custom,Zipfian,ARS Exp C: Adaptive Hierarchical,1000,0.0097,5226,0,0.6297,78440996,1.0257,4712.8969
Custom,Zipfian,ARS Exp D: Stream Micro-Batch,1000,0.1034,5226,2000,0.6296,78441555,1.0257,442.6216
Custom,Zipfian,Quicksort,10000,0.0830,53591,0,0.6296,78444011,1.0257,5512.7675
Custom,Zipfian,Timsort,10000,0.1147,53226,0,0.6296,78444974,1.0257,3991.8698
Custom,Zipfian,ARS Gen 1: Foundation,10000,0.2986,55100,30000,0.6296,78449222,1.0258,1532.7815
Custom,Zipfian,ARS Gen 2: Grid Mapping,10000,0.3704,55099,30000,0.6295,78449396,1.0258,1235.9898
Custom,Zipfian,ARS Gen 3: Apex Baseline,10000,0.2727,125304,14351,0.6296,78447666,1.0257,1678.9425
Custom,Zipfian,ARS Gen 4: Parallel Apex,10000,0.3254,52153,10000,0.6296,78450725,1.0257,1406.8370
Custom,Zipfian,ARS Gen 5: Optimized Apex (MAIN),10000,0.2309,52153,0,0.6295,78449972,1.0257,1982.4591
Custom,Zipfian,ARS Gen 5: Optimized Apex (Stable),10000,0.2455,50387,0,0.6295,78451891,1.0257,1864.4431
Custom,Zipfian,ARS Gen 6: Aero Architecture,10000,0.4160,42939,0,0.6295,78450299,1.0257,1100.3458
Custom,Zipfian,ARS Gen 6: Aero (Stable),10000,0.4331,43078,0,0.6295,78451945,1.0257,1056.8736
Custom,Zipfian,ARS Exp A: Recursive Parallel,10000,0.2063,16855,0,0.6295,78454005,1.0257,2218.8148
Custom,Zipfian,ARS Exp B: Hierarchical Staging,10000,0.3020,52153,0,0.6295,78450525,1.0257,1515.8992
Custom,Zipfian,ARS Exp C: Adaptive Hierarchical,10000,0.2198,52153,0,0.6295,78450470,1.0257,2082.9026
Custom,Zipfian,ARS Exp D: Stream Micro-Batch,10000,0.3366,52153,20000,0.6295,78452104,1.0257,1359.9795
Custom,Zipfian,Quicksort,100000,0.8323,529990,0,0.6293,78450799,1.0260,5500.2880
Custom,Zipfian,Timsort,100000,1.4093,531868,0,0.6289,78454325,1.0259,3248.1865
Custom,Zipfian,ARS Gen 1: Foundation,100000,3.2886,501611,300000,0.6292,78504882,1.0258,1391.9890
Custom,Zipfian,ARS Gen 2: Grid Mapping,100000,3.3746,501611,300000,0.6292,78505696,1.0261,1356.4855
Custom,Zipfian,ARS Gen 3: Apex Baseline,100000,2.2488,1172752,108703,0.6293,78463494,1.0259,2035.6198
Custom,Zipfian,ARS Gen 4: Parallel Apex,100000,2.2133,516727,100000,0.6292,78465869,1.0256,2068.2003
Custom,Zipfian,ARS Gen 5: Optimized Apex (MAIN),100000,1.8839,516727,0,0.6292,78462904,1.0254,2429.8247
Custom,Zipfian,ARS Gen 5: Optimized Apex (Stable),100000,2.5449,519617,0,0.6288,78466919,1.0254,1798.7534
Custom,Zipfian,ARS Gen 6: Aero Architecture,100000,2.0567,512024,0,0.6292,78463651,1.0257,2225.7701
Custom,Zipfian,ARS Gen 6: Aero (Stable),100000,2.7384,502467,0,0.6289,78468007,1.0255,1671.6550
Custom,Zipfian,ARS Exp A: Recursive Parallel,100000,2.4133,206221,0,0.6289,78489453,1.0249,1896.8590
Custom,Zipfian,ARS Exp B: Hierarchical Staging,100000,1.8926,182412,0,0.6291,78467834,1.0250,2418.7180
Custom,Zipfian,ARS Exp C: Adaptive Hierarchical,100000,2.6379,200760,0,0.6289,78489059,1.0250,1735.3455
Custom,Zipfian,ARS Exp D: Stream Micro-Batch,100000,2.2289,516727,200000,0.6291,78464737,1.0257,2053.8046
Custom,Zipfian,Quicksort,1000000,13.1764,5281309,0,0.6280,78467956,1.0282,3474.1153
Custom,Zipfian,Timsort,1000000,35.3441,6327917,0,0.6258,78488134,1.0264,1295.1643
Custom,Zipfian,ARS Gen 3: Apex Baseline,1000000,28.9317,12313781,1017407,0.6294,78544892,1.0272,1582.2218
Custom,Zipfian,ARS Gen 4: Parallel Apex,1000000,29.1646,5208498,1000000,0.6288,78496121,1.0230,1569.5841
Custom,Zipfian,ARS Gen 5: Optimized Apex (MAIN),1000000,28.5234,5208498,0,0.6288,78485689,1.0225,1604.8706
Custom,Zipfian,ARS Gen 5: Optimized Apex (Stable),1000000,50.3026,6511840,0,0.6259,78513641,1.0222,910.0198
Custom,Zipfian,ARS Gen 6: Aero Architecture,1000000,25.1725,5225265,0,0.6288,78489200,1.0223,1818.5076
Custom,Zipfian,ARS Gen 6: Aero (Stable),1000000,47.4534,6529655,0,0.6259,78515678,1.0218,964.6601
Custom,Zipfian,ARS Exp A: Recursive Parallel,1000000,32.2725,1939650,0,0.6304,78565395,1.0178,1418.4326
Custom,Zipfian,ARS Exp B: Hierarchical Staging,1000000,45.5860,2064127,0,0.6306,78540891,1.0169,1004.1753
Custom,Zipfian,ARS Exp C: Adaptive Hierarchical,1000000,46.6803,2062304,0,0.6304,78582692,1.0165,980.6365
Custom,Zipfian,ARS Exp D: Stream Micro-Batch,1000000,52.2928,9705779,2000000,0.6294,78576318,1.0169,875.3857
Custom,Skewed,Quicksort,1000,0.0271,10133,0,0.6298,78620044,1.0271,1690.5997
Custom,Skewed,Timsort,1000,0.0384,10734,0,0.6298,78620922,1.0271,1192.0308
Custom,Skewed,ARS Gen 1: Foundation,1000,0.2067,691,2000,0.6298,78628346,1.0272,221.4821
Custom,Skewed,ARS Gen 2: Grid Mapping,1000,0.2079,691,2000,0.6298,78628705,1.0272,220.2036
Custom,Skewed,ARS Gen 3: Apex Baseline,1000,0.0233,10133,0,0.6298,78620072,1.0271,1961.0319
Custom,Skewed,ARS Gen 4: Parallel Apex,1000,0.0230,10133,0,0.6298,78620046,1.0271,1987.1665
Custom,Skewed,ARS Gen 5: Optimized Apex (MAIN),1000,0.0223,10133,0,0.6298,78620039,1.0271,2049.1681
Custom,Skewed,ARS Gen 5: Optimized Apex (Stable),1000,0.0315,10734,0,0.6298,78620929,1.0271,1451.6972
Custom,Skewed,ARS Gen 6: Aero Architecture,1000,0.0221,10133,0,0.6298,78620058,1.0271,2067.5866
Custom,Skewed,ARS Gen 6: Aero (Stable),1000,0.0323,10734,0,0.6298,78620936,1.0271,1418.4986
Custom,Skewed,ARS Exp A: Recursive Parallel,1000,0.0225,10133,0,0.6298,78620043,1.0271,2030.9848
Custom,Skewed,ARS Exp B: Hierarchical Staging,1000,0.0210,10133,0,0.6298,78620065,1.0271,2175.1659
Custom,Skewed,ARS Exp C: Adaptive Hierarchical,1000,0.0212,10133,0,0.6298,78620057,1.0271,2163.1399
Custom,Skewed,ARS Exp D: Stream Micro-Batch,1000,0.1157,10133,2000,0.6298,78620689,1.0271,395.7052
Custom,Skewed,Quicksort,10000,0.2389,133996,0,0.6297,78630747,1.0272,1916.4117
Custom,Skewed,Timsort,10000,0.3205,137398,0,0.6297,78638126,1.0272,1428.1818
Custom,Skewed,ARS Gen 1: Foundation,10000,1.0704,77629,30000,0.6296,78703941,1.0272,427.6431
Custom,Skewed,ARS Gen 2: Grid Mapping,10000,1.0628,77623,30000,0.6296,78705331,1.0272,430.7346
Custom,Skewed,ARS Gen 3: Apex Baseline,10000,0.3875,189660,14351,0.6297,78643867,1.0272,1181.2250
Custom,Skewed,ARS Gen 4: Parallel Apex,10000,0.2229,69470,10000,0.6297,78644085,1.0271,2053.4609
Custom,Skewed,ARS Gen 5: Optimized Apex (MAIN),10000,0.1485,69470,0,0.6297,78638393,1.0271,3082.7497
Custom,Skewed,ARS Gen 5: Optimized Apex (Stable),10000,0.1609,72482,0,0.6297,78645318,1.0271,2845.3027
Custom,Skewed,ARS Gen 6: Aero Architecture,10000,0.3159,59470,0,0.6297,78639262,1.0271,1448.9585
Custom,Skewed,ARS Gen 6: Aero (Stable),10000,0.3966,62562,0,0.6297,78646503,1.0271,1154.2579
Custom,Skewed,ARS Exp A: Recursive Parallel,10000,0.1712,69470,0,0.6297,78637630,1.0271,2674.1969
Custom,Skewed,ARS Exp B: Hierarchical Staging,10000,0.1450,69470,0,0.6297,78637647,1.0271,3155.9244
Custom,Skewed,ARS Exp C: Adaptive Hierarchical,10000,0.1370,69470,0,0.6297,78638039,1.0271,3341.1943
Custom,Skewed,ARS Exp D: Stream Micro-Batch,10000,0.3039,69470,20000,0.6296,78639498,1.0271,1506.2425
Custom,Skewed,Quicksort,100000,2.2390,1339911,0,0.6293,78678998,1.0279,2044.4832
Custom,Skewed,Timsort,100000,3.1931,1340773,0,0.6289,78700389,1.0277,1433.6247
Custom,Skewed,ARS Gen 1: Foundation,100000,8.5304,1262245,300000,0.6288,79404262,1.0270,536.6270
Custom,Skewed,ARS Gen 2: Grid Mapping,100000,8.4195,1262822,300000,0.6288,79414096,1.0272,543.6914
Custom,Skewed,ARS Gen 3: Apex Baseline,100000,2.5502,1543517,108703,0.6293,78708947,1.0275,1795.0165
Custom,Skewed,ARS Gen 4: Parallel Apex,100000,1.5132,727700,100000,0.6295,78706119,1.0269,3025.0866
Custom,Skewed,ARS Gen 5: Optimized Apex (MAIN),100000,1.3222,727700,0,0.6295,78694879,1.0267,3462.1626
Custom,Skewed,ARS Gen 5: Optimized Apex (Stable),100000,1.4028,737053,0,0.6294,78719905,1.0265,3263.1024
Custom,Skewed,ARS Gen 6: Aero Architecture,100000,1.3901,628511,0,0.6294,78704659,1.0268,3292.9724
Custom,Skewed,ARS Gen 6: Aero (Stable),100000,1.5847,634320,0,0.6294,78730268,1.0266,2888.5709
Custom,Skewed,ARS Exp A: Recursive Parallel,100000,1.3439,701327,0,0.6294,78695237,1.0267,3406.1622
Custom,Skewed,ARS Exp B: Hierarchical Staging,100000,1.3530,628891,0,0.6294,78688366,1.0267,3383.4410
Custom,Skewed,ARS Exp C: Adaptive Hierarchical,100000,1.3125,727700,0,0.6294,78695156,1.0267,3487.7976
Custom,Skewed,ARS Exp D: Stream Micro-Batch,100000,1.6186,727700,200000,0.6293,78696641,1.0269,2828.2122
Custom,Skewed,Quicksort,1000000,27.7818,12880459,0,0.6262,78710947,1.0346,1647.7087
Custom,Skewed,Timsort,1000000,52.2133,13984642,0,0.6217,78803299,1.0314,876.7180
Custom,Skewed,ARS Gen 3: Apex Baseline,1000000,31.5815,14266844,1017407,0.6273,78814110,1.0289,1449.4687
Custom,Skewed,ARS Gen 4: Parallel Apex,1000000,17.0988,5509338,1000000,0.6298,78751336,1.0229,2677.1758
Custom,Skewed,ARS Gen 5: Optimized Apex (MAIN),1000000,16.2738,5509338,0,0.6299,78739076,1.0178,2812.8855
Custom,Skewed,ARS Gen 5: Optimized Apex (Stable),1000000,18.5817,5538714,0,0.6285,78793441,1.0165,2463.5191
Custom,Skewed,ARS Gen 6: Aero Architecture,1000000,15.7600,6195850,0,0.6294,78857022,1.0203,2904.5832
Custom,Skewed,ARS Gen 6: Aero (Stable),1000000,18.0671,6227611,0,0.6276,78917563,1.0198,2533.6879
Custom,Skewed,ARS Exp A: Recursive Parallel,1000000,21.9904,2169826,0,0.6291,78811801,1.0186,2081.6529
Custom,Skewed,ARS Exp B: Hierarchical Staging,1000000,26.4249,1707337,0,0.6294,78756801,1.0173,1732.3216
Custom,Skewed,ARS Exp C: Adaptive Hierarchical,1000000,25.2814,1857655,0,0.6300,78769996,1.0174,1810.6769
Custom,Skewed,ARS Exp D: Stream Micro-Batch,1000000,43.1008,11804109,2000000,0.6300,79033992,1.0201,1062.0766
Custom,Clustered,Quicksort,1000,0.0250,9985,0,0.6305,79191515,1.0184,1833.6952
Custom,Clustered,Timsort,1000,0.0332,10392,0,0.6305,79192325,1.0184,1377.9761
Custom,Clustered,ARS Gen 1: Foundation,1000,0.1232,5421,2000,0.6305,79197681,1.0184,371.6157
Custom,Clustered,ARS Gen 2: Grid Mapping,1000,0.1393,5356,2000,0.6305,79198020,1.0184,328.6950
Custom,Clustered,ARS Gen 3: Apex Baseline,1000,0.0224,9985,0,0.6305,79191501,1.0184,2045.9626
Custom,Clustered,ARS Gen 4: Parallel Apex,1000,0.0220,9985,0,0.6305,79191491,1.0184,2076.5908
Custom,Clustered,ARS Gen 5: Optimized Apex (MAIN),1000,0.0214,9985,0,0.6305,79191522,1.0184,2135.9884
Custom,Clustered,ARS Gen 5: Optimized Apex (Stable),1000,0.0297,10392,0,0.6305,79192358,1.0184,1543.7868
Custom,Clustered,ARS Gen 6: Aero Architecture,1000,0.0215,9985,0,0.6305,79191505,1.0184,2125.6730
Custom,Clustered,ARS Gen 6: Aero (Stable),1000,0.0301,10392,0,0.6305,79192347,1.0184,1523.0866
Custom,Clustered,ARS Exp A: Recursive Parallel,1000,0.0218,9985,0,0.6305,79191484,1.0184,2103.1134
Custom,Clustered,ARS Exp B: Hierarchical Staging,1000,0.0209,9985,0,0.6305,79191497,1.0184,2190.2568
Custom,Clustered,ARS Exp C: Adaptive Hierarchical,1000,0.0208,9985,0,0.6305,79191510,1.0184,2201.2102
Custom,Clustered,ARS Exp D: Stream Micro-Batch,1000,0.1141,9985,2000,0.6305,79192026,1.0184,401.0967
Custom,Clustered,Quicksort,10000,0.1584,107604,0,0.6304,79194899,1.0184,2890.7069
Custom,Clustered,Timsort,10000,0.2314,109657,0,0.6304,79197768,1.0184,1977.8166
Custom,Clustered,ARS Gen 1: Foundation,10000,0.5206,73762,30000,0.6304,79224482,1.0185,879.3002
Custom,Clustered,ARS Gen 2: Grid Mapping,10000,0.6428,73552,30000,0.6304,79225996,1.0185,712.1811
Custom,Clustered,ARS Gen 3: Apex Baseline,10000,0.3561,160276,14351,0.6304,79201845,1.0184,1285.6436
Custom,Clustered,ARS Gen 4: Parallel Apex,10000,0.2398,70340,10000,0.6304,79203708,1.0184,1909.2420
Custom,Clustered,ARS Gen 5: Optimized Apex (MAIN),10000,0.1684,70340,0,0.6304,79200846,1.0184,2718.1825
Custom,Clustered,ARS Gen 5: Optimized Apex (Stable),10000,0.2142,71216,0,0.6304,79205063,1.0184,2136.6663
Custom,Clustered,ARS Gen 6: Aero Architecture,10000,0.2994,59344,0,0.6304,79202191,1.0184,1528.8193
Custom,Clustered,ARS Gen 6: Aero (Stable),10000,0.3070,60054,0,0.6304,79205545,1.0184,1491.0286
Custom,Clustered,ARS Exp A: Recursive Parallel,10000,0.2076,70340,0,0.6304,79201540,1.0184,2204.8999
Custom,Clustered,ARS Exp B: Hierarchical Staging,10000,0.1898,70340,0,0.6304,79201901,1.0184,2411.4274
Custom,Clustered,ARS Exp C: Adaptive Hierarchical,10000,0.1813,70340,0,0.6304,79200065,1.0184,2524.4367
Custom,Clustered,ARS Exp D: Stream Micro-Batch,10000,0.3710,70340,20000,0.6304,79203850,1.0184,1233.7812
Custom,Clustered,Quicksort,100000,1.5307,1011458,0,0.6301,79212646,1.0190,2990.4789
Custom,Clustered,Timsort,100000,2.5347,1014769,0,0.6296,79217784,1.0188,1805.9797
Custom,Clustered,ARS Gen 1: Foundation,100000,4.2916,696758,300000,0.6301,79501502,1.0183,1066.6466
Custom,Clustered,ARS Gen 2: Grid Mapping,100000,4.2845,697287,300000,0.6301,79520557,1.0184,1068.4055
Custom,Clustered,ARS Gen 3: Apex Baseline,100000,2.5204,1231300,108703,0.6300,79227045,1.0187,1816.2652
Custom,Clustered,ARS Gen 4: Parallel Apex,100000,1.3631,671477,100000,0.6301,79229201,1.0183,3358.1486
Custom,Clustered,ARS Gen 5: Optimized Apex (MAIN),100000,1.3543,671477,0,0.6302,79225864,1.0180,3380.0609
Custom,Clustered,ARS Gen 5: Optimized Apex (Stable),100000,1.4735,673524,0,0.6301,79235294,1.0177,3106.6629
Custom,Clustered,ARS Gen 6: Aero Architecture,100000,1.2005,554286,0,0.6302,79235344,1.0182,3813.2165
Custom,Clustered,ARS Gen 6: Aero (Stable),100000,1.4612,555220,0,0.6301,79243761,1.0180,3132.7263
Custom,Clustered,ARS Exp A: Recursive Parallel,100000,1.4670,105158,0,0.6300,79231928,1.0178,3120.4812
Custom,Clustered,ARS Exp B: Hierarchical Staging,100000,1.5946,179970,0,0.6300,79225659,1.0179,2870.7404
Custom,Clustered,ARS Exp C: Adaptive Hierarchical,100000,1.3097,140724,0,0.6301,79231725,1.0180,3495.1209
Custom,Clustered,ARS Exp D: Stream Micro-Batch,100000,1.8682,671477,200000,0.6300,79230886,1.0183,2450.3333
Custom,Clustered,Quicksort,1000000,22.2135,9937773,0,0.6269,79244555,1.0235,2060.7417
Custom,Clustered,Timsort,1000000,46.6302,11004404,0,0.6224,79259420,1.0208,981.6895
Custom,Clustered,ARS Gen 3: Apex Baseline,1000000,31.9566,12334215,1017407,0.6284,79320991,1.0186,1432.4529
Custom,Clustered,ARS Gen 4: Parallel Apex,1000000,18.3314,4762552,1000000,0.6300,79274092,1.0083,2497.1622
Custom,Clustered,ARS Gen 5: Optimized Apex (MAIN),1000000,19.1288,4762552,0,0.6300,79263969,1.0074,2393.0548
Custom,Clustered,ARS Gen 5: Optimized Apex (Stable),1000000,27.7866,4748110,0,0.6286,79285291,1.0038,1647.4289
Custom,Clustered,ARS Gen 6: Aero Architecture,1000000,16.2446,4888204,0,0.6297,79388977,1.0109,2817.9481
Custom,Clustered,ARS Gen 6: Aero (Stable),1000000,26.3137,4904839,0,0.6284,79405242,1.0045,1739.6419
Custom,Clustered,ARS Exp A: Recursive Parallel,1000000,26.8914,1096506,0,0.6308,79292676,1.0076,1702.2677
Custom,Clustered,ARS Exp B: Hierarchical Staging,1000000,30.2020,1053340,0,0.6313,79269802,1.0059,1515.6718
Custom,Clustered,ARS Exp C: Adaptive Hierarchical,1000000,26.5335,1036862,0,0.6311,79281412,1.0094,1725.2266
Custom,Clustered,ARS Exp D: Stream Micro-Batch,1000000,45.7094,10645205,2000000,0.6297,79375167,1.0129,1001.4650
Custom,BucketCollapse,Quicksort,1000,0.0267,10337,0,0.6294,79484494,1.0086,1715.4344
Custom,BucketCollapse,Timsort,1000,0.0376,10667,0,0.6294,79485359,1.0086,1216.5183
Custom,BucketCollapse,ARS Gen 1: Foundation,1000,0.2901,0,2000,0.6294,79491699,1.0087,157.8202
Custom,BucketCollapse,ARS Gen 2: Grid Mapping,1000,0.2898,0,2000,0.6294,79492518,1.0087,157.9558
Custom,BucketCollapse,ARS Gen 3: Apex Baseline,1000,0.0222,10337,0,0.6294,79484475,1.0086,2064.6025
Custom,BucketCollapse,ARS Gen 4: Parallel Apex,1000,0.0223,10337,0,0.6294,79484479,1.0086,2049.8105
Custom,BucketCollapse,ARS Gen 5: Optimized Apex (MAIN),1000,0.0222,10337,0,0.6294,79484489,1.0086,2057.4573
Custom,BucketCollapse,ARS Gen 5: Optimized Apex (Stable),1000,0.0301,10667,0,0.6294,79485388,1.0086,1522.5293
Custom,BucketCollapse,ARS Gen 6: Aero Architecture,1000,0.0214,10337,0,0.6294,79484482,1.0086,2139.3825
Custom,BucketCollapse,ARS Gen 6: Aero (Stable),1000,0.0295,10667,0,0.6294,79485392,1.0086,1553.4791
Custom,BucketCollapse,ARS Exp A: Recursive Parallel,1000,0.0207,10337,0,0.6294,79484464,1.0086,2211.3119
Custom,BucketCollapse,ARS Exp B: Hierarchical Staging,1000,0.0208,10337,0,0.6294,79484477,1.0086,2197.5117
Custom,BucketCollapse,ARS Exp C: Adaptive Hierarchical,1000,0.0205,10337,0,0.6294,79484470,1.0086,2236.4846
Custom,BucketCollapse,ARS Exp D: Stream Micro-Batch,1000,0.1201,10337,2000,0.6294,79485129,1.0086,381.0664
Custom,BucketCollapse,Quicksort,10000,0.2365,137946,0,0.6293,79494653,1.0087,1935.2976
Custom,BucketCollapse,Timsort,10000,0.3303,142499,0,0.6293,79503337,1.0086,1385.8188
Custom,BucketCollapse,ARS Gen 1: Foundation,10000,5.0441,0,30000,0.6291,79582651,1.0096,90.7526
Custom,BucketCollapse,ARS Gen 2: Grid Mapping,10000,5.5205,0,30000,0.6290,79588165,1.0096,82.9203
Custom,BucketCollapse,ARS Gen 3: Apex Baseline,10000,0.4109,194806,14351,0.6293,79509025,1.0086,1114.1109
Custom,BucketCollapse,ARS Gen 4: Parallel Apex,10000,0.2216,52643,10000,0.6293,79508833,1.0086,2065.3477
Custom,BucketCollapse,ARS Gen 5: Optimized Apex (MAIN),10000,0.1385,52643,0,0.6293,79500987,1.0086,3304.4848
Custom,BucketCollapse,ARS Gen 5: Optimized Apex (Stable),10000,0.1475,58028,0,0.6293,79507645,1.0086,3104.0507
Custom,BucketCollapse,ARS Gen 6: Aero Architecture,10000,0.2740,60571,0,0.6293,79503890,1.0086,1670.6398
Custom,BucketCollapse,ARS Gen 6: Aero (Stable),10000,0.1812,63560,0,0.6293,79507337,1.0086,2526.5406
Custom,BucketCollapse,ARS Exp A: Recursive Parallel,10000,0.1629,52643,0,0.6293,79500989,1.0086,2810.8493
Custom,BucketCollapse,ARS Exp B: Hierarchical Staging,10000,0.1481,52643,0,0.6293,79501588,1.0086,3090.1165
Custom,BucketCollapse,ARS Exp C: Adaptive Hierarchical,10000,0.1321,52643,0,0.6293,79501372,1.0086,3464.1276
Custom,BucketCollapse,ARS Exp D: Stream Micro-Batch,10000,0.2933,52643,20000,0.6292,79503169,1.0086,1560.9855
Custom,BucketCollapse,Quicksort,100000,3.5360,1718970,0,0.6289,79622984,1.0094,1294.5985
Custom,BucketCollapse,Timsort,100000,5.2603,1756228,0,0.6285,79707140,1.0092,870.2230
Custom,BucketCollapse,ARS Gen 1: Foundation,100000,38.8440,5,300000,0.6134,80517751,1.0079,117.8468
Custom,BucketCollapse,ARS Gen 2: Grid Mapping,100000,42.6192,5,300000,0.6119,80572694,1.0071,107.4080
Custom,BucketCollapse,ARS Gen 3: Apex Baseline,100000,2.9163,1893310,108703,0.6289,79704042,1.0089,1569.6922
Custom,BucketCollapse,ARS Gen 4: Parallel Apex,100000,1.6235,888976,100000,0.6291,79699261,1.0085,2819.6916
Custom,BucketCollapse,ARS Gen 5: Optimized Apex (MAIN),100000,1.4552,888976,0,0.6291,79637525,1.0083,3145.7162
Custom,BucketCollapse,ARS Gen 5: Optimized Apex (Stable),100000,1.6615,929234,0,0.6291,79723283,1.0082,2755.1428
Custom,BucketCollapse,ARS Gen 6: Aero Architecture,100000,1.5702,956140,0,0.6290,79647839,1.0083,2915.3988
Custom,BucketCollapse,ARS Gen 6: Aero (Stable),100000,1.7129,992831,0,0.6289,79730601,1.0082,2672.4998
Custom,BucketCollapse,ARS Exp A: Recursive Parallel,100000,1.6257,888976,0,0.6290,79636585,1.0082,2815.8237
Custom,BucketCollapse,ARS Exp B: Hierarchical Staging,100000,1.6246,780493,0,0.6290,79631231,1.0083,2817.6332
Custom,BucketCollapse,ARS Exp C: Adaptive Hierarchical,100000,1.6341,888976,0,0.6290,79638396,1.0083,2801.3541
Custom,BucketCollapse,ARS Exp D: Stream Micro-Batch,100000,2.1341,888976,200000,0.6290,79641823,1.0084,2144.9511
Custom,BucketCollapse,Quicksort,1000000,42.3140,20525437,0,0.6260,80731259,1.0181,1081.8256
Custom,BucketCollapse,Timsort,1000000,72.9999,20897754,0,0.6220,81568886,1.0143,627.0744
Custom,BucketCollapse,ARS Gen 3: Apex Baseline,1000000,35.6867,21586005,1017407,0.6267,81392441,1.0118,1282.7295
Custom,BucketCollapse,ARS Gen 4: Parallel Apex,1000000,18.7795,10308690,1000000,0.6292,81332342,1.0030,2437.5727
Custom,BucketCollapse,ARS Gen 5: Optimized Apex (MAIN),1000000,17.2438,10308690,0,0.6292,80755121,1.0036,2654.6627
Custom,BucketCollapse,ARS Gen 5: Optimized Apex (Stable),1000000,19.2455,10708698,0,0.6290,81616499,1.0032,2378.5504
Custom,BucketCollapse,ARS Gen 6: Aero Architecture,1000000,18.6538,13010120,0,0.6287,80870306,1.0056,2453.9914
Custom,BucketCollapse,ARS Gen 6: Aero (Stable),1000000,21.5896,13427133,0,0.6282,81733718,1.0050,2120.2964
Custom,BucketCollapse,ARS Exp A: Recursive Parallel,1000000,19.3299,10308690,0,0.6290,80739240,1.0039,2368.1665
Custom,BucketCollapse,ARS Exp B: Hierarchical Staging,1000000,20.5202,11360616,0,0.6294,80738381,1.0050,2230.7929
Custom,BucketCollapse,ARS Exp C: Adaptive Hierarchical,1000000,20.6803,12417054,0,0.6293,80746722,1.0048,2213.5209
Custom,BucketCollapse,ARS Exp D: Stream Micro-Batch,1000000,48.2294,13659719,2000000,0.6295,81757917,1.0034,949.1373
Custom,LowCardinality,Quicksort,1000,0.0101,5628,0,0.6305,86113406,1.0014,4544.4621
Custom,LowCardinality,Timsort,1000,0.0129,5482,0,0.6305,86113554,1.0014,3547.1807
Custom,LowCardinality,ARS Gen 1: Foundation,1000,0.0535,984,2000,0.6305,86115875,1.0014,854.9778
Custom,LowCardinality,ARS Gen 2: Grid Mapping,1000,0.0632,984,2000,0.6305,86115715,1.0014,724.7798
Custom,LowCardinality,ARS Gen 3: Apex Baseline,1000,0.0100,5628,0,0.6305,86113404,1.0014,4591.4110
Custom,LowCardinality,ARS Gen 4: Parallel Apex,1000,0.0101,5628,0,0.6305,86113407,1.0014,4539.9551
Custom,LowCardinality,ARS Gen 5: Optimized Apex (MAIN),1000,0.0104,5628,0,0.6305,86113406,1.0014,4386.8105
Custom,LowCardinality,ARS Gen 5: Optimized Apex (Stable),1000,0.0124,5482,0,0.6305,86113563,1.0014,3705.9883
Custom,LowCardinality,ARS Gen 6: Aero Architecture,1000,0.0100,5628,0,0.6305,86113413,1.0014,4556.6760
Custom,LowCardinality,ARS Gen 6: Aero (Stable),1000,0.0128,5482,0,0.6305,86113571,1.0014,3583.2773
Custom,LowCardinality,ARS Exp A: Recursive Parallel,1000,0.0100,5628,0,0.6305,86113409,1.0014,4572.6069
Custom,LowCardinality,ARS Exp B: Hierarchical Staging,1000,0.0101,5628,0,0.6305,86113413,1.0014,4532.7624
Custom,LowCardinality,ARS Exp C: Adaptive Hierarchical,1000,0.0102,5628,0,0.6305,86113404,1.0014,4509.5426
Custom,LowCardinality,ARS Exp D: Stream Micro-Batch,1000,0.1265,5628,2000,0.6305,86114183,1.0014,361.9172
Custom,LowCardinality,Quicksort,10000,0.0940,54006,0,0.6305,86115779,1.0014,4869.7745
Custom,LowCardinality,Timsort,10000,0.1345,53486,0,0.6305,86116083,1.0014,3403.9029
Custom,LowCardinality,ARS Gen 1: Foundation,10000,0.3184,9984,30000,0.6305,86135160,1.0014,1437.5645
Custom,LowCardinality,ARS Gen 2: Grid Mapping,10000,0.3797,9984,30000,0.6305,86135780,1.0014,1205.5708
Custom,LowCardinality,ARS Gen 3: Apex Baseline,10000,0.3223,122898,14351,0.6305,86118360,1.0014,1420.2898
Custom,LowCardinality,ARS Gen 4: Parallel Apex,10000,0.2109,9990,10000,0.6305,86121823,1.0014,2170.6071
Custom,LowCardinality,ARS Gen 5: Optimized Apex (MAIN),10000,0.1188,9990,0,0.6305,86120901,1.0014,3851.7381
Custom,LowCardinality,ARS Gen 5: Optimized Apex (Stable),10000,0.1265,9990,0,0.6305,86121439,1.0014,3618.3991
Custom,LowCardinality,ARS Gen 6: Aero Architecture,10000,0.2539,9990,0,0.6305,86123068,1.0014,1802.6876
Custom,LowCardinality,ARS Gen 6: Aero (Stable),10000,0.2692,9990,0,0.6305,86123436,1.0014,1700.3583
Custom,LowCardinality,ARS Exp A: Recursive Parallel,10000,0.1353,9990,0,0.6305,86121113,1.0014,3382.4985
Custom,LowCardinality,ARS Exp B: Hierarchical Staging,10000,0.1267,9990,0,0.6305,86121286,1.0014,3614.0569
Custom,LowCardinality,ARS Exp C: Adaptive Hierarchical,10000,0.1289,9990,0,0.6305,86121487,1.0014,3550.5373
Custom,LowCardinality,ARS Exp D: Stream Micro-Batch,10000,0.3113,9990,20000,0.6304,86123098,1.0013,1470.6463
Custom,LowCardinality,Quicksort,100000,0.9662,522721,0,0.6302,86131457,1.0016,4737.7735
Custom,LowCardinality,Timsort,100000,1.5264,535563,0,0.6297,86132099,1.0015,2999.0367
Custom,LowCardinality,ARS Gen 1: Foundation,100000,2.7704,99984,300000,0.6303,86318941,1.0011,1652.3080
Custom,LowCardinality,ARS Gen 2: Grid Mapping,100000,3.0150,99984,300000,0.6303,86331114,1.0012,1518.2789
Custom,LowCardinality,ARS Gen 3: Apex Baseline,100000,2.5168,1145301,108703,0.6302,86140732,1.0016,1818.8473
Custom,LowCardinality,ARS Gen 4: Parallel Apex,100000,1.0193,119528,100000,0.6302,86144145,1.0011,4490.9700
Custom,LowCardinality,ARS Gen 5: Optimized Apex (MAIN),100000,0.9292,119528,0,0.6302,86141036,1.0009,4926.2210
Custom,LowCardinality,ARS Gen 5: Optimized Apex (Stable),100000,0.9426,119779,0,0.6302,86141918,1.0009,4856.4658
Custom,LowCardinality,ARS Gen 6: Aero Architecture,100000,0.9396,99990,0,0.6302,86165281,1.0012,4871.9150
Custom,LowCardinality,ARS Gen 6: Aero (Stable),100000,0.9217,99990,0,0.6302,86165465,1.0012,4966.2508
Custom,LowCardinality,ARS Exp A: Recursive Parallel,100000,1.2336,199986,0,0.6302,86147010,1.0009,3710.9003
Custom,LowCardinality,ARS Exp B: Hierarchical Staging,100000,1.2348,199974,0,0.6302,86140718,1.0010,3707.0537
Custom,LowCardinality,ARS Exp C: Adaptive Hierarchical,100000,1.1793,100002,0,0.6303,86142181,1.0009,3881.7085
Custom,LowCardinality,ARS Exp D: Stream Micro-Batch,100000,1.4490,119528,200000,0.6302,86145672,1.0010,3159.0824
Custom,LowCardinality,Quicksort,1000000,13.4003,5200332,0,0.6287,86149414,1.0033,3416.0614
Custom,LowCardinality,Timsort,1000000,35.6724,6204510,0,0.6260,86151557,1.0018,1283.2442
Custom,LowCardinality,ARS Gen 3: Apex Baseline,1000000,27.0240,12086670,1017407,0.6302,86216629,1.0020,1693.9149
Custom,LowCardinality,ARS Gen 4: Parallel Apex,1000000,14.4515,999988,1000000,0.6311,86168270,0.9936,3167.5949
Custom,LowCardinality,ARS Gen 5: Optimized Apex (MAIN),1000000,14.7678,999988,0,0.6310,86166931,0.9951,3099.7420
Custom,LowCardinality,ARS Gen 5: Optimized Apex (Stable),1000000,14.8370,999988,0,0.6310,86163731,0.9946,3085.2902
Custom,LowCardinality,ARS Gen 6: Aero Architecture,1000000,12.8429,999988,0,0.6309,86419277,0.9967,3564.3365
Custom,LowCardinality,ARS Gen 6: Aero (Stable),1000000,12.8594,999988,0,0.6308,86418617,0.9958,3559.7694
Custom,LowCardinality,ARS Exp A: Recursive Parallel,1000000,17.0805,1999972,0,0.6309,86171737,0.9950,2680.0386
Custom,LowCardinality,ARS Exp B: Hierarchical Staging,1000000,17.0084,1999972,0,0.6310,86163168,0.9925,2691.3914
Custom,LowCardinality,ARS Exp C: Adaptive Hierarchical,1000000,17.5386,1999972,0,0.6309,86179490,0.9945,2610.0347
Custom,LowCardinality,ARS Exp D: Stream Micro-Batch,1000000,43.8660,5484640,2000000,0.6302,86242261,0.9933,1043.5498
Custom,PrefixCollision,Quicksort,1000,0.0268,10337,0,0.6305,86264090,0.9901,1705.5278
Custom,PrefixCollision,Timsort,1000,0.0360,10667,0,0.6305,86264980,0.9901,1273.0864
Custom,PrefixCollision,ARS Gen 1: Foundation,1000,0.2625,0,2000,0.6305,86271213,0.9901,174.3715
Custom,PrefixCollision,ARS Gen 2: Grid Mapping,1000,0.2795,0,2000,0.6305,86272030,0.9901,163.7590
Custom,PrefixCollision,ARS Gen 3: Apex Baseline,1000,0.0229,10337,0,0.6305,86264081,0.9901,2000.7153
Custom,PrefixCollision,ARS Gen 4: Parallel Apex,1000,0.0227,10337,0,0.6305,86264084,0.9901,2016.1360
Custom,PrefixCollision,ARS Gen 5: Optimized Apex (MAIN),1000,0.0212,10337,0,0.6305,86264074,0.9901,2162.2204
Custom,PrefixCollision,ARS Gen 5: Optimized Apex (Stable),1000,0.0299,10667,0,0.6305,86264960,0.9901,1530.4191
Custom,PrefixCollision,ARS Gen 6: Aero Architecture,1000,0.0214,10337,0,0.6305,86264097,0.9901,2139.2825
Custom,PrefixCollision,ARS Gen 6: Aero (Stable),1000,0.0291,10667,0,0.6305,86264986,0.9901,1572.6387
Custom,PrefixCollision,ARS Exp A: Recursive Parallel,1000,0.0207,10337,0,0.6305,86264073,0.9901,2213.6645
Custom,PrefixCollision,ARS Exp B: Hierarchical Staging,1000,0.0210,10337,0,0.6305,86264084,0.9901,2175.2693
Custom,PrefixCollision,ARS Exp C: Adaptive Hierarchical,1000,0.0207,10337,0,0.6305,86264062,0.9901,2208.8577
Custom,PrefixCollision,ARS Exp D: Stream Micro-Batch,1000,0.1188,10337,2000,0.6305,86264627,0.9901,385.2549
Custom,PrefixCollision,Quicksort,10000,0.2413,137946,0,0.6304,86274954,0.9901,1897.1908
Custom,PrefixCollision,Timsort,10000,0.3239,142499,0,0.6304,86283742,0.9901,1413.2958
Custom,PrefixCollision,ARS Gen 1: Foundation,10000,5.0385,0,30000,0.6302,86363271,0.9910,90.8539
Custom,PrefixCollision,ARS Gen 2: Grid Mapping,10000,5.4224,0,30000,0.6302,86367579,0.9911,84.4202
Custom,PrefixCollision,ARS Gen 3: Apex Baseline,10000,0.4102,194806,14351,0.6304,86289527,0.9901,1115.9225
Custom,PrefixCollision,ARS Gen 4: Parallel Apex,10000,0.2406,52643,10000,0.6304,86289580,0.9901,1902.5052
Custom,PrefixCollision,ARS Gen 5: Optimized Apex (MAIN),10000,0.1360,52643,0,0.6304,86281524,0.9901,3366.3054
Custom,PrefixCollision,ARS Gen 5: Optimized Apex (Stable),10000,0.1440,58028,0,0.6304,86288152,0.9901,3177.9213
Custom,PrefixCollision,ARS Gen 6: Aero Architecture,10000,0.2324,60571,0,0.6304,86284289,0.9901,1969.8164
Custom,PrefixCollision,ARS Gen 6: Aero (Stable),10000,0.1935,63560,0,0.6304,86288193,0.9901,2365.9972
Custom,PrefixCollision,ARS Exp A: Recursive Parallel,10000,0.1607,52643,0,0.6304,86281484,0.9901,2848.3301
Custom,PrefixCollision,ARS Exp B: Hierarchical Staging,10000,0.1528,52643,0,0.6304,86281868,0.9901,2996.2081
Custom,PrefixCollision,ARS Exp C: Adaptive Hierarchical,10000,0.1351,52643,0,0.6304,86281705,0.9901,3387.3794
Custom,PrefixCollision,ARS Exp D: Stream Micro-Batch,10000,0.2918,52643,20000,0.6304,86283626,0.9901,1568.8121
Custom,PrefixCollision,Quicksort,100000,3.2699,1718970,0,0.6301,86403675,0.9909,1399.9150
Custom,PrefixCollision,Timsort,100000,4.8701,1756228,0,0.6297,86487762,0.9907,939.9512
Custom,PrefixCollision,ARS Gen 1: Foundation,100000,38.2515,5,300000,0.6154,87296852,0.9897,119.6719
Custom,PrefixCollision,ARS Gen 2: Grid Mapping,100000,41.4124,5,300000,0.6144,87352844,0.9894,110.5377
Custom,PrefixCollision,ARS Gen 3: Apex Baseline,100000,2.7853,1893310,108703,0.6300,86484065,0.9904,1643.5187
Custom,PrefixCollision,ARS Gen 4: Parallel Apex,100000,1.6960,888976,100000,0.6302,86481919,0.9899,2699.0321
Custom,PrefixCollision,ARS Gen 5: Optimized Apex (MAIN),100000,1.3859,888976,0,0.6302,86419019,0.9898,3303.0399
Custom,PrefixCollision,ARS Gen 5: Optimized Apex (Stable),100000,1.5626,929234,0,0.6302,86504464,0.9896,2929.5038
Custom,PrefixCollision,ARS Gen 6: Aero Architecture,100000,1.4596,956140,0,0.6301,86427843,0.9897,3136.1366
Custom,PrefixCollision,ARS Gen 6: Aero (Stable),100000,1.7998,992831,0,0.6301,86512891,0.9897,2543.4212
Custom,PrefixCollision,ARS Exp A: Recursive Parallel,100000,1.4690,888976,0,0.6301,86418455,0.9896,3116.1308
Custom,PrefixCollision,ARS Exp B: Hierarchical Staging,100000,1.4579,780493,0,0.6301,86412187,0.9897,3139.8537
Custom,PrefixCollision,ARS Exp C: Adaptive Hierarchical,100000,1.5216,888976,0,0.6301,86418624,0.9897,3008.3691
Custom,PrefixCollision,ARS Exp D: Stream Micro-Batch,100000,1.8055,888976,200000,0.6302,86421663,0.9894,2535.3410
Custom,PrefixCollision,Quicksort,1000000,45.3346,20525437,0,0.6274,87462361,0.9991,1009.7445
Custom,PrefixCollision,Timsort,1000000,73.3452,20897754,0,0.6235,88300209,0.9956,624.1220
Custom,PrefixCollision,ARS Gen 3: Apex Baseline,1000000,36.7055,21586005,1017407,0.6280,88120810,0.9939,1247.1250
Custom,PrefixCollision,ARS Gen 4: Parallel Apex,1000000,18.5600,10308690,1000000,0.6303,88060706,0.9850,2466.4041
Custom,PrefixCollision,ARS Gen 5: Optimized Apex (MAIN),1000000,17.3007,10308690,0,0.6304,87482553,0.9859,2645.9256
Custom,PrefixCollision,ARS Gen 5: Optimized Apex (Stable),1000000,18.8433,10708698,0,0.6302,88348018,0.9856,2429.3124
Custom,PrefixCollision,ARS Gen 6: Aero Architecture,1000000,17.4925,13010120,0,0.6298,87599339,0.9878,2616.9193
Custom,PrefixCollision,ARS Gen 6: Aero (Stable),1000000,21.0630,13427133,0,0.6294,88466861,0.9878,2173.3020
Custom,PrefixCollision,ARS Exp A: Recursive Parallel,1000000,19.7766,10308690,0,0.6302,87472440,0.9866,2314.6738
Custom,PrefixCollision,ARS Exp B: Hierarchical Staging,1000000,20.2869,11360616,0,0.6305,87466151,0.9860,2256.4493
Custom,PrefixCollision,ARS Exp C: Adaptive Hierarchical,1000000,19.7291,12417054,0,0.6305,87474258,0.9861,2320.2499
Custom,PrefixCollision,ARS Exp D: Stream Micro-Batch,1000000,48.2886,13562578,2000000,0.6306,88485265,0.9846,947.9752
